# shape 4323 4323
# row_index	column_index	value
0	1	0.296066
0	70	7.831499
0	71	1.369305
0	72	0.621033
1	0	0.296066
1	2	0.377358
1	70	1.021314
1	71	6.666622
2	1	0.377358
2	3	0.333333
2	69	1.531970
2	70	0.670237
2	3351	20.975737
3	2	0.333333
3	4	0.456332
3	68	1.949779
3	69	0.691858
4	3	0.456332
4	5	0.250000
4	67	1.261623
4	68	0.348485
5	4	0.250000
5	6	0.258557
5	65	21.447151
5	66	1.340474
5	67	0.714920
6	5	0.258557
6	7	0.912007
6	48	0.374574
6	64	7.498092
6	65	1.748012
6	66	2.097613
7	6	0.912007
7	8	0.953462
7	12	0.666666
7	13	0.998865
7	14	2.383062
7	20	2.996588
7	45	7.149152
7	47	1.666664
7	48	2.857135
8	7	0.953462
8	9	0.775670
8	10	6.992010
8	11	10.487978
8	21	0.978018
8	22	1.833330
8	23	11.247095
8	44	0.524404
8	45	0.394639
9	8	0.775670
9	10	0.345929
9	23	22.999471
9	24	1.649813
9	25	0.424423
9	43	22.999471
9	44	2.144756
10	8	6.992010
10	9	0.345929
10	11	0.240964
10	22	20.975737
10	23	1.949779
10	24	1.428569
11	8	10.487978
11	10	0.240964
11	12	0.384615
11	22	1.613549
11	23	1.531970
12	7	0.666666
12	11	0.384615
12	13	0.582671
12	21	1.340474
12	22	0.806775
13	7	0.998865
13	12	0.582671
13	14	0.241876
13	20	5.499970
13	21	0.346068
14	7	2.383062
14	13	0.241876
14	15	0.765986
14	19	21.447151
14	47	4.289504
14	58	1.429839
15	14	0.765986
15	16	0.526316
15	17	1.021314
15	18	0.893650
16	15	0.526316
16	17	1.021314
16	3617	0.645161
16	3618	7.149152
17	15	1.021314
17	16	1.021314
17	18	0.999999
17	54	0.932504
17	56	0.676470
17	57	0.295979
17	59	7.149152
17	60	7.149152
18	15	0.893650
18	17	0.999999
18	19	1.072379
18	55	1.531970
18	56	0.479166
18	58	7.149152
18	59	4.289504
18	3578	0.333333
18	3606	7.666608
19	14	21.447151
19	18	1.072379
19	20	0.381385
19	21	1.949779
19	58	6.666622
20	7	2.996588
20	13	5.499970
20	19	0.381385
20	21	0.607958
20	45	0.351476
20	47	0.582671
21	8	0.978018
21	12	1.340474
21	13	0.346068
21	19	1.949779
21	20	0.607958
21	22	0.330801
21	45	2.555549
22	8	1.833330
22	10	20.975737
22	11	1.613549
22	12	0.806775
22	21	0.330801
22	23	0.231901
23	8	11.247095
23	9	22.999471
23	10	1.949779
23	11	1.531970
23	22	0.231901
23	24	0.240984
24	9	1.649813
24	10	1.428569
24	23	0.240984
24	25	0.368003
25	9	0.424423
25	24	0.368003
25	26	0.271017
25	43	1.606743
26	25	0.271017
26	27	0.242105
26	42	1.340474
26	43	1.769228
27	26	0.242105
27	28	0.333333
27	41	1.191533
27	42	0.893650
28	27	0.333333
28	29	0.237113
28	40	1.429839
28	41	0.510657
29	28	0.237113
29	30	0.252746
29	39	1.340474
29	40	0.794355
30	29	0.252746
30	31	0.327753
30	38	2.097613
30	39	0.723316
31	30	0.327753
31	32	0.625000
31	37	4.195218
31	38	2.222217
32	31	0.625000
32	33	1.072379
32	34	1.613549
32	35	6.992010
33	32	1.072379
33	34	0.199066
34	32	1.613549
34	33	0.199066
34	35	0.226804
34	773	10.487978
34	1322	7.333280
35	32	6.992010
35	34	0.226804
35	36	0.278481
36	35	0.278481
36	37	0.252873
36	677	22.493938
37	31	4.195218
37	36	0.252873
37	38	0.249716
37	678	10.999879
37	679	10.999879
38	30	2.097613
38	31	2.222217
38	37	0.249716
38	39	0.333333
39	29	1.340474
39	30	0.723316
39	38	0.333333
39	40	0.350877
40	28	1.429839
40	29	0.794355
40	39	0.350877
40	41	0.408163
41	27	1.191533
41	28	0.510657
41	40	0.408163
41	42	0.273973
42	26	1.340474
42	27	0.893650
42	41	0.273973
42	43	0.536190
43	9	22.999471
43	25	1.606743
43	26	1.769228
43	42	0.536190
43	44	0.320113
44	8	0.524404
44	9	2.144756
44	43	0.320113
44	45	0.714920
45	7	7.149152
45	8	0.394639
45	20	0.351476
45	21	2.555549
45	44	0.714920
45	46	0.794355
45	47	5.361874
46	45	0.794355
46	47	0.869564
46	49	6.666622
46	50	19.999600
47	7	1.666664
47	14	4.289504
47	20	0.582671
47	45	5.361874
47	46	0.869564
47	48	0.952380
47	49	19.999600
47	58	0.384615
48	6	0.374574
48	7	2.857135
48	47	0.952380
48	49	0.317460
48	63	20.975737
48	64	1.021314
48	65	3.999984
49	46	6.666622
49	47	19.999600
49	48	0.317460
49	50	0.338983
49	63	1.498296
49	64	1.191533
50	46	19.999600
50	49	0.338983
50	51	0.446825
50	62	1.191533
50	63	0.655505
51	50	0.446825
51	52	0.209091
51	61	2.144756
51	62	0.418182
52	51	0.209091
52	53	0.315406
52	60	5.361874
52	61	1.340474
53	52	0.315406
53	54	0.312500
53	57	1.398410
53	60	2.857135
54	17	0.932504
54	53	0.312500
54	55	0.666666
54	56	0.824907
54	57	2.996588
54	3606	21.447151
55	18	1.531970
55	54	0.666666
55	56	0.389956
55	3606	0.324964
56	17	0.676470
56	18	0.479166
56	54	0.824907
56	55	0.389956
56	57	0.978018
56	59	21.447151
57	17	0.295979
57	53	1.398410
57	54	2.996588
57	56	0.978018
57	58	1.165342
57	59	0.552004
57	60	0.322710
58	14	1.429839
58	18	7.149152
58	19	6.666622
58	47	0.384615
58	57	1.165342
58	59	0.277778
59	17	7.149152
59	18	4.289504
59	56	21.447151
59	57	0.552004
59	58	0.277778
59	60	0.555555
60	17	7.149152
60	52	5.361874
60	53	2.857135
60	57	0.322710
60	59	0.555555
60	61	0.322581
61	51	2.144756
61	52	1.340474
61	60	0.322581
61	62	0.420541
62	50	1.191533
62	51	0.418182
62	61	0.420541
62	63	0.284740
63	48	20.975737
63	49	1.498296
63	50	0.655505
63	62	0.284740
63	64	0.264640
64	6	7.498092
64	48	1.021314
64	49	1.191533
64	63	0.264640
64	65	0.271489
65	5	21.447151
65	6	1.748012
65	48	3.999984
65	64	0.271489
65	66	0.250000
66	5	1.340474
66	6	2.097613
66	65	0.250000
66	67	0.266667
67	4	1.261623
67	5	0.714920
67	66	0.266667
67	68	0.412454
68	3	1.949779
68	4	0.348485
68	67	0.412454
68	69	0.310811
69	2	1.531970
69	3	0.691858
69	68	0.310811
69	70	0.267442
70	0	7.831499
70	1	1.021314
70	2	0.670237
70	69	0.267442
70	71	0.297883
70	3326	1.649813
70	3327	10.723690
71	0	1.369305
71	1	6.666622
71	70	0.297883
71	72	0.287345
71	3326	1.428569
71	3327	3.333322
72	0	0.621033
72	71	0.287345
72	73	0.317821
73	72	0.317821
73	74	0.317460
74	73	0.317460
74	75	0.806775
74	3848	21.447151
75	74	0.806775
75	3820	10.999879
75	3821	1.048808
75	3822	0.912007
75	3848	0.316823
75	3849	0.333333
75	3859	3.142847
76	77	0.343283
76	88	2.383062
76	89	0.766666
77	76	0.343283
77	78	0.821428
77	87	4.289504
77	88	1.191533
78	77	0.821428
78	79	0.696969
78	87	1.429839
79	78	0.696969
79	80	0.691858
79	83	21.447151
79	84	11.247095
79	85	3.574589
80	79	0.691858
80	81	0.512820
80	82	0.909090
80	83	6.666622
80	84	4.195218
81	80	0.512820
81	82	0.799999
82	80	0.909090
82	81	0.799999
82	83	0.500000
83	79	21.447151
83	80	6.666622
83	82	0.500000
83	84	0.723316
84	79	11.247095
84	80	4.195218
84	83	0.723316
84	85	0.655505
84	86	4.195218
85	79	3.574589
85	84	0.655505
85	86	0.370370
86	84	4.195218
86	85	0.370370
86	87	0.526316
87	77	4.289504
87	78	1.429839
87	86	0.526316
87	88	0.487805
88	76	2.383062
88	77	1.191533
88	87	0.487805
88	89	0.412454
89	76	0.766666
89	88	0.412454
89	90	0.310835
90	89	0.310835
90	91	0.536190
91	90	0.536190
91	92	0.353846
92	91	0.353846
92	93	0.196767
93	92	0.196767
93	94	0.344827
94	93	0.344827
94	95	0.268925
95	94	0.268925
95	96	0.288390
95	147	10.999879
96	95	0.288390
96	97	0.230619
96	146	0.978018
96	147	2.811798
96	166	11.247095
97	96	0.230619
97	98	0.255329
97	146	5.244017
97	166	2.097613
97	167	1.906922
98	97	0.255329
98	99	0.298701
98	167	4.498869
98	168	21.447151
98	169	1.949779
99	98	0.298701
99	100	0.223413
99	169	7.149152
99	375	2.680944
99	376	5.749967
100	99	0.223413
100	101	0.320113
100	374	21.447151
100	375	1.428569
101	100	0.320113
101	102	0.287500
101	129	11.247095
101	321	4.498869
101	322	7.666608
101	374	1.916663
101	375	4.289504
102	101	0.287500
102	103	0.441067
102	104	7.149152
102	321	22.493938
102	322	1.533331
102	323	4.498869
103	102	0.441067
103	104	0.582671
103	105	11.247095
103	320	2.044945
103	322	0.281180
103	323	0.328358
103	327	22.493938
104	102	7.149152
104	103	0.582671
104	105	0.243723
104	327	21.447151
104	373	21.447151
105	103	11.247095
105	104	0.243723
105	106	0.425926
105	326	4.289504
105	327	2.090905
105	385	3.749060
106	105	0.425926
106	107	0.280488
106	311	1.606743
106	326	0.893650
106	349	22.493938
106	350	1.149999
106	385	1.405901
107	106	0.280488
107	108	0.249391
107	309	3.749060
107	310	1.261623
107	311	0.702951
107	349	0.937268
107	350	1.095237
107	351	5.361874
108	107	0.249391
108	109	0.289832
108	308	19.999600
108	309	1.165342
108	310	19.999600
108	349	1.748012
109	108	0.289832
109	110	0.478605
109	111	3.285703
109	285	0.410714
109	308	1.191533
109	309	0.702951
110	109	0.478605
110	111	0.199066
110	285	2.044945
110	309	1.692305
110	310	2.330681
111	109	3.285703
111	110	0.199066
111	112	0.264785
111	285	2.874992
111	309	2.044945
112	111	0.264785
112	113	0.839046
112	114	2.330681
112	284	0.411297
112	285	1.191533
113	112	0.839046
113	114	0.323529
113	236	0.349603
113	282	11.247095
113	283	1.311009
113	284	0.385965
114	112	2.330681
114	113	0.323529
114	115	0.749149
114	116	0.247192
114	284	10.999879
115	114	0.749149
115	116	0.974890
115	117	19.999600
115	118	7.149152
115	119	19.999600
115	231	0.799999
115	232	1.649813
115	233	3.999984
116	114	0.247192
116	115	0.974890
116	117	0.210271
116	234	7.666608
116	235	1.429839
116	285	22.999471
116	286	4.289504
116	308	2.144756
117	115	19.999600
117	116	0.210271
117	118	0.363519
117	234	1.021314
117	235	2.857135
117	285	7.149152
117	286	0.769230
117	287	9.999900
117	306	5.361874
117	307	1.111110
117	308	1.999996
118	115	7.149152
118	117	0.363519
118	119	0.206227
118	232	3.833319
118	233	1.261623
118	234	0.328571
118	287	1.649813
118	306	4.599979
118	307	3.063935
119	115	19.999600
119	118	0.206227
119	120	0.289832
119	232	1.128820
119	233	3.999984
119	617	3.063935
120	119	0.289832
120	121	0.267442
120	231	1.261623
120	232	0.511111
120	588	11.499868
120	589	3.063935
120	590	7.666608
120	617	3.833319
120	618	1.191533
120	619	3.285703
121	120	0.267442
121	122	0.298701
121	230	1.261623
121	231	0.691858
121	588	5.749967
121	619	4.599979
122	121	0.298701
122	123	0.249391
122	125	5.623579
122	228	7.666608
122	229	1.261623
122	230	0.595767
123	122	0.249391
123	124	0.794355
123	125	2.622015
123	126	1.249998
123	228	1.429839
123	229	9.999900
124	123	0.794355
124	125	1.071163
124	126	21.447151
124	188	1.787298
124	189	0.857904
124	190	0.412454
124	191	1.769228
124	192	0.359375
125	122	5.623579
125	123	2.622015
125	124	1.071163
125	126	0.874007
125	190	0.874007
125	191	1.730339
125	228	3.213482
125	229	0.953462
125	230	2.996588
125	259	1.157893
125	260	0.466137
126	123	1.249998
126	124	21.447151
126	125	0.874007
126	127	0.444444
126	191	3.063935
126	192	7.149152
126	227	1.072379
126	228	0.630812
126	258	1.104008
126	259	2.622015
127	126	0.444444
127	128	0.307692
127	226	1.191533
127	227	0.549938
127	258	1.748012
128	127	0.307692
128	129	0.676650
128	224	6.992010
128	225	1.538459
128	226	0.649927
128	321	6.992010
129	101	11.247095
129	128	0.676650
129	130	0.228002
129	321	0.385965
130	129	0.228002
130	131	0.500000
130	224	10.487978
131	130	0.500000
131	132	0.400000
131	223	1.072379
131	224	3.496017
132	131	0.400000
132	133	0.382993
132	222	1.072379
132	223	0.523112
133	132	0.382993
133	134	0.223301
133	221	1.261623
133	222	0.353846
134	133	0.223301
134	135	0.308143
134	220	1.191533
134	221	0.893650
135	134	0.308143
135	136	0.244444
135	177	4.195218
135	219	1.165342
135	220	1.165342
136	135	0.244444
136	137	0.288390
136	177	0.998865
136	218	1.233891
136	219	1.048808
137	136	0.288390
137	138	0.281180
137	202	7.498092
137	203	1.499627
137	217	1.261623
137	218	0.670237
138	137	0.281180
138	139	0.749814
138	203	0.956521
138	204	10.999879
138	216	1.499627
138	217	0.953462
139	138	0.749814
139	140	0.267442
139	173	1.340474
139	174	0.468634
139	203	22.493938
140	139	0.267442
140	141	0.283951
140	172	1.340474
140	173	0.714920
141	140	0.283951
141	142	0.232323
141	171	1.649813
141	172	0.691858
142	141	0.232323
142	143	0.310811
142	170	2.383062
142	171	0.691858
143	142	0.310811
143	144	0.321349
143	167	22.493938
143	169	1.429839
143	170	0.824907
144	143	0.321349
144	145	0.255807
144	167	2.444438
144	169	1.748012
145	144	0.255807
145	146	0.446301
145	165	0.666666
145	166	1.748012
146	96	0.978018
146	97	5.244017
146	145	0.446301
146	147	0.207547
146	165	1.233891
146	166	0.879999
147	95	10.999879
147	96	2.811798
147	146	0.207547
147	148	0.243909
147	164	2.097613
147	165	1.048808
148	147	0.243909
148	149	0.392157
148	162	21.447151
148	163	1.340474
148	164	0.952380
149	148	0.392157
149	150	0.357143
149	162	0.974890
149	163	0.714920
150	149	0.357143
150	151	0.289832
150	161	1.787298
150	162	0.691858
151	150	0.289832
151	152	0.310811
151	160	3.574589
151	161	0.479166
152	151	0.310811
152	153	0.353846
152	159	2.680944
152	160	0.739572
153	152	0.353846
153	154	0.328571
153	157	22.493938
153	158	3.063935
153	159	0.765986
154	153	0.328571
154	155	0.803372
154	156	0.591959
154	157	3.213482
154	158	0.691858
155	154	0.803372
155	156	0.255814
155	339	1.748012
155	340	0.758620
155	342	1.249690
155	343	1.874533
156	154	0.591959
156	155	0.255814
156	157	0.244444
156	343	3.213482
156	344	3.213482
157	153	22.493938
157	154	3.213482
157	156	0.244444
157	158	0.355528
157	344	2.499376
157	345	7.333280
158	153	3.063935
158	154	0.691858
158	157	0.355528
158	159	0.377358
159	152	2.680944
159	153	0.765986
159	158	0.377358
159	160	0.425532
160	151	3.574589
160	152	0.739572
160	159	0.425532
160	161	0.456332
161	150	1.787298
161	151	0.479166
161	160	0.456332
161	162	0.294872
162	148	21.447151
162	149	0.974890
162	150	0.691858
162	161	0.294872
162	163	0.255555
163	148	1.340474
163	149	0.714920
163	162	0.255555
163	164	0.297883
164	147	2.097613
164	148	0.952380
164	163	0.297883
164	165	0.333333
165	145	0.666666
165	146	1.233891
165	147	1.048808
165	164	0.333333
165	166	0.635641
166	96	11.247095
166	97	2.097613
166	145	1.748012
166	146	0.879999
166	165	0.635641
166	167	0.231579
167	97	1.906922
167	98	4.498869
167	143	22.493938
167	144	2.444438
167	166	0.231579
167	168	0.912007
167	169	0.476731
168	98	21.447151
168	167	0.912007
168	169	0.799999
168	204	0.241105
168	205	1.072379
168	206	4.289504
169	98	1.949779
169	99	7.149152
169	143	1.429839
169	144	1.748012
169	167	0.476731
169	168	0.799999
169	170	0.298507
169	204	10.487978
170	142	2.383062
170	143	0.824907
170	169	0.298507
170	171	0.350877
171	141	1.649813
171	142	0.691858
171	170	0.350877
171	172	0.338983
171	1432	20.975737
172	140	1.340474
172	141	0.691858
172	171	0.338983
172	173	0.298507
172	202	20.975737
173	139	1.340474
173	140	0.714920
173	172	0.298507
173	174	0.374574
173	203	20.975737
174	139	0.468634
174	173	0.374574
174	175	0.223151
174	203	1.466665
175	174	0.223151
175	176	0.437706
175	202	1.613549
175	203	5.244017
176	175	0.437706
176	177	0.932504
176	178	0.575000
176	201	0.382993
176	202	0.394639
176	219	7.149152
177	135	4.195218
177	136	0.998865
177	176	0.932504
177	178	0.310835
177	202	2.622015
177	219	2.857135
178	176	0.575000
178	177	0.310835
178	179	0.223301
178	201	1.261623
178	219	3.063935
178	220	2.144756
179	178	0.223301
179	180	0.288390
179	200	1.340474
179	201	0.739572
179	220	1.021314
179	221	4.289504
180	179	0.288390
180	181	0.276002
180	199	1.613549
180	200	0.874007
181	180	0.276002
181	182	0.377358
181	198	1.429839
181	199	4.999975
182	181	0.377358
182	183	0.281690
182	197	19.999600
182	198	1.191533
183	182	0.281690
183	184	0.382993
183	196	1.261623
183	197	6.666622
184	183	0.382993
184	185	0.268095
184	195	1.787298
184	196	0.460000
185	184	0.268095
185	186	0.327869
185	194	1.429839
185	195	2.222217
186	185	0.327869
186	187	0.444444
186	193	4.289504
186	194	0.893650
187	186	0.444444
187	188	0.384615
187	192	1.261623
187	193	0.794355
188	124	1.787298
188	187	0.384615
188	189	0.281690
188	192	0.670237
189	124	0.857904
189	188	0.281690
189	190	0.769230
189	191	21.447151
190	124	0.412454
190	125	0.874007
190	189	0.769230
190	191	0.857904
191	124	1.769228
191	125	1.730339
191	126	3.063935
191	189	21.447151
191	190	0.857904
191	192	0.919999
191	259	5.623579
191	260	2.680944
191	261	22.999471
192	124	0.359375
192	126	7.149152
192	187	1.261623
192	188	0.670237
192	191	0.919999
192	193	0.261364
193	186	4.289504
193	187	0.794355
193	192	0.261364
193	194	0.277108
194	185	1.429839
194	186	0.893650
194	193	0.277108
194	195	0.225764
195	184	1.787298
195	185	2.222217
195	194	0.225764
195	196	0.510657
196	183	1.261623
196	184	0.460000
196	195	0.510657
196	197	0.258405
197	182	19.999600
197	183	6.666622
197	196	0.258405
197	198	0.340438
198	181	1.429839
198	182	1.191533
198	197	0.340438
198	199	0.235688
199	180	1.613549
199	181	4.999975
199	198	0.235688
199	200	0.327869
200	179	1.340474
200	180	0.874007
200	199	0.327869
200	201	0.350877
201	176	0.382993
201	178	1.261623
201	179	0.739572
201	200	0.350877
201	202	0.676650
202	137	7.498092
202	172	20.975737
202	175	1.613549
202	176	0.394639
202	177	2.622015
202	201	0.676650
202	203	0.293333
202	218	1.233891
202	219	2.996588
203	137	1.499627
203	138	0.956521
203	139	22.493938
203	173	20.975737
203	174	1.466665
203	175	5.244017
203	202	0.293333
203	204	0.814814
203	217	2.622015
203	218	1.165342
204	138	10.999879
204	168	0.241105
204	169	10.487978
204	203	0.814814
204	205	0.408990
204	216	0.833127
204	217	0.582671
205	168	1.072379
205	204	0.408990
205	206	0.239583
205	215	1.261623
205	216	0.511111
206	168	4.289504
206	205	0.239583
206	207	0.283951
206	214	1.649813
206	215	0.824907
207	206	0.283951
207	208	0.329963
207	213	1.191533
207	214	0.670237
208	207	0.329963
208	209	0.714285
208	210	0.999999
208	212	2.383062
208	213	3.999984
209	208	0.714285
209	210	1.052630
209	212	21.447151
210	208	0.999999
210	209	1.052630
210	211	0.799999
210	212	0.549938
211	210	0.799999
211	212	0.932504
212	208	2.383062
212	209	21.447151
212	210	0.549938
212	211	0.932504
212	213	0.240984
213	207	1.191533
213	208	3.999984
213	212	0.240984
213	214	0.384615
213	456	19.999600
214	206	1.649813
214	207	0.670237
214	213	0.384615
214	215	0.357143
214	456	3.999984
215	205	1.261623
215	206	0.824907
215	214	0.357143
215	216	0.357460
215	377	9.999900
216	138	1.499627
216	204	0.833127
216	205	0.511111
216	215	0.357460
216	217	0.302079
217	137	1.261623
217	138	0.953462
217	203	2.622015
217	204	0.582671
217	216	0.302079
217	218	0.298507
218	136	1.233891
218	137	0.670237
218	202	1.233891
218	203	1.165342
218	217	0.298507
218	219	0.273973
219	135	1.165342
219	136	1.048808
219	176	7.149152
219	177	2.857135
219	178	3.063935
219	202	2.996588
219	218	0.273973
219	220	0.281690
220	134	1.191533
220	135	1.165342
220	178	2.144756
220	179	1.021314
220	219	0.281690
220	221	0.294118
221	133	1.261623
221	134	0.893650
221	179	4.289504
221	220	0.294118
221	222	0.382993
222	132	1.072379
222	133	0.353846
222	221	0.382993
222	223	0.273809
223	131	1.072379
223	132	0.523112
223	222	0.273809
223	224	0.210228
224	128	6.992010
224	130	10.487978
224	131	3.496017
224	223	0.210228
224	225	0.233069
225	128	1.538459
225	224	0.233069
225	226	0.324964
226	127	1.191533
226	128	0.649927
226	225	0.324964
226	227	0.287500
227	126	1.072379
227	127	0.549938
227	226	0.287500
227	228	0.287500
227	258	7.498092
228	122	7.666608
228	123	1.429839
228	125	3.213482
228	126	0.630812
228	227	0.287500
228	229	0.193222
228	258	1.499627
228	259	1.405901
228	308	21.447151
229	122	1.261623
229	123	9.999900
229	125	0.953462
229	228	0.193222
229	230	0.338983
229	259	2.622015
229	260	3.999984
230	121	1.261623
230	122	0.595767
230	125	2.996588
230	229	0.338983
230	231	0.312500
230	260	19.999600
231	115	0.799999
231	120	1.261623
231	121	0.691858
231	230	0.312500
231	232	0.466252
232	115	1.649813
232	118	3.833319
232	119	1.128820
232	120	0.511111
232	231	0.466252
232	233	0.210271
233	115	3.999984
233	118	1.261623
233	119	3.999984
233	232	0.210271
233	234	0.329963
234	116	7.666608
234	117	1.021314
234	118	0.328571
234	233	0.329963
234	235	0.271489
235	116	1.429839
235	117	2.857135
235	234	0.271489
235	236	0.769230
236	113	0.349603
236	235	0.769230
236	237	0.454545
236	282	1.340474
236	283	3.333322
237	236	0.454545
237	238	0.377358
237	281	1.261623
237	282	0.649927
238	237	0.377358
238	239	0.806775
238	241	1.052630
238	280	1.191533
238	281	0.649927
239	238	0.806775
239	240	0.699205
239	241	0.317821
239	242	0.666666
239	277	0.576780
239	278	1.374998
239	279	2.097613
240	239	0.699205
240	241	0.952380
240	242	20.975737
240	870	2.996588
240	871	1.176469
240	872	0.397178
240	883	2.499994
240	884	1.531970
241	238	1.052630
241	239	0.317821
241	240	0.952380
241	242	0.953462
241	278	20.975737
241	279	1.428569
241	280	0.389956
242	239	0.666666
242	240	20.975737
242	241	0.953462
242	243	0.441067
242	274	1.730339
242	275	0.309859
242	277	1.606743
242	278	0.407407
243	242	0.441067
243	244	0.306394
243	273	1.128820
243	274	0.370968
243	278	1.071163
244	243	0.306394
244	245	0.322581
244	272	1.261623
244	273	0.952380
244	278	3.496017
244	279	1.538459
245	244	0.322581
245	246	0.998865
245	248	1.818179
245	271	1.649813
245	272	0.739572
246	245	0.998865
246	247	0.642698
246	248	0.361658
246	270	2.199995
247	246	0.642698
247	248	0.412454
247	249	1.191533
247	250	1.642854
247	251	22.999471
247	262	0.294872
247	264	5.361874
247	267	21.447151
247	268	7.149152
248	245	1.818179
248	246	0.361658
248	247	0.412454
248	249	0.434782
248	269	20.975737
248	270	1.311009
248	271	2.680944
249	247	1.191533
249	248	0.434782
249	250	0.302079
249	269	1.613549
249	270	1.398410
249	271	0.714920
249	272	0.974890
250	247	1.642854
250	249	0.302079
250	251	0.280488
250	262	22.999471
250	268	1.429839
250	269	0.441067
251	247	22.999471
251	250	0.280488
251	252	0.271489
251	262	2.555549
251	266	5.623579
251	267	1.261623
251	268	0.579665
252	251	0.271489
252	253	0.306394
252	262	21.447151
252	266	1.613549
252	267	3.999984
253	252	0.306394
253	254	0.232323
253	265	1.191533
253	266	0.562361
254	253	0.232323
254	255	0.250000
254	262	22.999471
254	263	21.447151
254	264	1.261623
254	265	0.691858
255	254	0.250000
255	256	0.207207
255	263	1.191533
255	264	0.670237
256	255	0.207207
256	257	0.261556
256	260	3.574589
256	261	3.833319
256	263	7.149152
257	256	0.261556
257	258	0.749149
257	259	0.524404
257	260	2.499994
258	126	1.104008
258	127	1.748012
258	227	7.498092
258	228	1.499627
258	257	0.749149
258	259	0.236559
259	125	1.157893
259	126	2.622015
259	191	5.623579
259	228	1.405901
259	229	2.622015
259	257	0.524404
259	258	0.236559
259	260	0.676650
260	125	0.466137
260	191	2.680944
260	229	3.999984
260	230	19.999600
260	256	3.574589
260	257	2.499994
260	259	0.676650
260	261	0.218853
261	191	22.999471
261	256	3.833319
261	260	0.218853
261	262	1.095237
261	263	0.389956
262	247	0.294872
262	250	22.999471
262	251	2.555549
262	252	21.447151
262	254	22.999471
262	261	1.095237
262	263	0.549938
262	264	0.974890
262	265	1.949779
262	266	4.498869
262	267	5.361874
262	268	21.447151
263	254	21.447151
263	255	1.191533
263	256	7.149152
263	261	0.389956
263	262	0.549938
263	264	0.344827
264	247	5.361874
264	254	1.261623
264	255	0.670237
264	262	0.974890
264	263	0.344827
264	265	0.416666
265	253	1.191533
265	254	0.691858
265	262	1.949779
265	264	0.416666
265	266	0.338325
266	251	5.623579
266	252	1.613549
266	253	0.562361
266	262	4.498869
266	265	0.338325
266	267	0.228002
267	247	21.447151
267	251	1.261623
267	252	3.999984
267	262	5.361874
267	266	0.228002
267	268	0.294118
268	247	7.149152
268	250	1.429839
268	251	0.579665
268	262	21.447151
268	267	0.294118
268	269	0.456004
269	248	20.975737
269	249	1.613549
269	250	0.441067
269	268	0.456004
269	270	0.278481
270	246	2.199995
270	248	1.311009
270	249	1.398410
270	269	0.278481
270	271	0.394639
271	245	1.649813
271	248	2.680944
271	249	0.714920
271	270	0.394639
271	272	0.264368
272	244	1.261623
272	245	0.739572
272	249	0.974890
272	271	0.264368
272	273	0.252325
273	243	1.128820
273	244	0.952380
273	272	0.252325
273	274	0.428952
273	278	2.622015
274	242	1.730339
274	243	0.370968
274	273	0.428952
274	275	0.607958
274	276	21.447151
274	277	4.599979
274	278	1.071163
275	242	0.309859
275	274	0.607958
275	276	0.723316
275	277	0.408990
275	743	21.999516
276	274	21.447151
276	275	0.723316
276	277	0.857904
277	239	0.576780
277	242	1.606743
277	274	4.599979
277	275	0.408990
277	276	0.857904
277	278	0.803372
278	239	1.374998
278	241	20.975737
278	242	0.407407
278	243	1.071163
278	244	3.496017
278	273	2.622015
278	274	1.071163
278	277	0.803372
278	279	0.201694
278	280	22.493938
279	239	2.097613
279	241	1.428569
279	244	1.538459
279	278	0.201694
279	280	0.320113
280	238	1.191533
280	241	0.389956
280	278	22.493938
280	279	0.320113
280	281	0.277108
281	237	1.261623
281	238	0.649927
281	280	0.277108
281	282	0.234694
282	113	11.247095
282	236	1.340474
282	237	0.649927
282	281	0.234694
282	283	0.216642
283	113	1.311009
283	236	3.333322
283	282	0.216642
283	284	0.368003
284	112	0.411297
284	113	0.385965
284	114	10.999879
284	283	0.368003
284	285	0.749814
284	286	6.992010
285	109	0.410714
285	110	2.044945
285	111	2.874992
285	112	1.191533
285	116	22.999471
285	117	7.149152
285	284	0.749814
285	286	0.278540
285	307	1.261623
285	308	0.612788
286	116	4.289504
286	117	0.769230
286	284	6.992010
286	285	0.278540
286	287	0.350877
286	301	10.723690
286	306	1.261623
286	307	1.428569
287	117	9.999900
287	118	1.649813
287	286	0.350877
287	288	0.536190
287	301	0.670237
287	305	1.261623
287	306	0.612788
288	287	0.536190
288	289	0.353846
288	301	1.916663
288	303	21.447151
288	304	1.072379
288	305	0.343283
288	592	1.499627
288	593	2.249439
289	288	0.353846
289	290	0.206227
289	299	22.493938
289	300	1.649813
289	301	0.425926
289	303	21.447151
289	593	1.874533
289	594	3.833319
290	289	0.206227
290	291	0.289855
290	299	1.498296
290	300	2.857135
290	302	4.289504
290	594	2.383062
290	595	6.992010
291	290	0.289855
291	292	0.246914
291	298	1.531970
291	299	1.165342
291	539	19.999600
292	291	0.246914
292	293	0.320113
292	297	1.649813
292	298	1.128820
292	540	0.869564
292	541	5.361874
293	292	0.320113
293	294	0.803372
293	295	0.534883
293	296	1.874533
293	297	0.999999
293	540	21.447151
293	541	1.437498
294	293	0.803372
294	295	0.244505
294	544	6.992010
294	550	22.493938
295	293	0.534883
295	294	0.244505
295	296	0.210228
295	542	22.999471
295	549	2.144756
295	550	1.642854
296	293	1.874533
296	295	0.210228
296	297	0.277709
296	548	2.622015
296	549	0.998865
296	550	3.213482
297	292	1.649813
297	293	0.999999
297	296	0.277709
297	298	0.237113
297	540	3.574589
297	541	5.749967
297	548	7.149152
298	291	1.531970
298	292	1.128820
298	297	0.237113
298	299	0.244505
298	539	21.447151
298	540	0.794355
299	289	22.493938
299	290	1.498296
299	291	1.165342
299	298	0.244505
299	300	0.238366
299	539	1.613549
299	540	2.330681
300	289	1.649813
300	290	2.857135
300	299	0.238366
300	301	0.345929
301	286	10.723690
301	287	0.670237
301	288	1.916663
301	289	0.425926
301	300	0.345929
301	302	1.149999
302	290	4.289504
302	301	1.149999
302	303	0.310835
303	288	21.447151
303	289	21.447151
303	302	0.310835
303	304	0.338983
304	288	1.072379
304	303	0.338983
304	305	0.376274
305	287	1.261623
305	288	0.343283
305	304	0.376274
305	306	0.287500
305	591	2.044945
305	592	1.606743
306	117	5.361874
306	118	4.599979
306	286	1.261623
306	287	0.612788
306	305	0.287500
306	307	0.255329
306	591	4.498869
307	117	1.111110
307	118	3.063935
307	285	1.261623
307	286	1.428569
307	306	0.255329
307	308	0.357143
308	108	19.999600
308	109	1.191533
308	116	2.144756
308	117	1.999996
308	228	21.447151
308	285	0.612788
308	307	0.357143
308	309	0.265521
309	107	3.749060
309	108	1.165342
309	109	0.702951
309	110	1.692305
309	111	2.044945
309	308	0.265521
309	310	0.291336
310	107	1.261623
310	108	19.999600
310	110	2.330681
310	309	0.291336
310	311	0.395777
310	349	4.195218
311	106	1.606743
311	107	0.702951
311	310	0.395777
311	312	0.937268
311	313	2.249439
311	314	22.493938
311	326	0.343872
311	349	1.294116
311	350	7.498092
312	311	0.937268
312	313	0.287500
312	333	1.340474
312	334	0.511237
312	347	0.676470
312	348	7.149152
312	349	3.749060
313	311	2.249439
313	312	0.287500
313	314	0.252747
313	332	1.340474
313	333	0.691858
313	349	5.623579
314	311	22.493938
314	313	0.252747
314	315	0.270588
314	331	1.531970
314	332	0.739572
314	1416	11.247095
314	1446	2.249439
315	314	0.270588
315	316	0.246524
315	330	1.261623
315	331	0.857904
315	1416	11.247095
315	1417	1.874533
315	1445	22.999471
315	1446	1.730339
316	315	0.246524
316	317	0.388448
316	324	9.999900
316	325	20.975737
316	329	1.261623
316	330	2.222217
316	1417	2.622015
316	1418	3.574589
317	316	0.388448
317	318	0.243909
317	324	0.776895
317	325	7.333280
317	328	1.183917
317	329	0.548645
317	1418	4.498869
317	1419	1.613549
318	317	0.243909
318	319	0.294118
318	323	6.992010
318	324	1.666664
318	325	1.748012
318	328	2.383062
318	1419	9.999900
319	318	0.294118
319	320	0.274969
319	323	1.165342
319	324	19.999600
319	325	4.195218
320	103	2.044945
320	319	0.274969
320	321	1.071163
320	322	0.621621
320	323	0.899777
321	101	4.498869
321	102	22.493938
321	128	6.992010
321	129	0.385965
321	320	1.071163
321	322	0.200843
322	101	7.666608
322	102	1.533331
322	103	0.281180
322	320	0.621621
322	321	0.200843
322	323	0.978018
323	102	4.498869
323	103	0.328358
323	318	6.992010
323	319	1.165342
323	320	0.899777
323	322	0.978018
323	324	0.599319
323	325	0.213592
324	316	9.999900
324	317	0.776895
324	318	1.666664
324	319	19.999600
324	323	0.599319
324	325	0.566923
325	316	20.975737
325	317	7.333280
325	318	1.748012
325	319	4.195218
325	323	0.213592
325	324	0.566923
325	326	0.776895
325	327	11.247095
325	328	0.264640
325	329	22.493938
326	105	4.289504
326	106	0.893650
326	311	0.343872
326	325	0.776895
326	327	0.649927
326	348	19.999600
326	350	21.447151
327	103	22.493938
327	104	21.447151
327	105	2.090905
327	325	11.247095
327	326	0.649927
327	328	0.676470
328	317	1.183917
328	318	2.383062
328	325	0.264640
328	327	0.676470
328	329	0.277108
329	316	1.261623
329	317	0.548645
329	325	22.493938
329	328	0.277108
329	330	0.274969
330	315	1.261623
330	316	2.222217
330	329	0.274969
330	331	0.289855
330	1417	1.498296
331	314	1.531970
331	315	0.857904
331	330	0.289855
331	332	0.350877
331	1416	0.998865
331	1417	1.311009
332	313	1.340474
332	314	0.739572
332	331	0.350877
332	333	0.317460
332	1416	20.975737
332	1446	10.487978
332	1447	21.447151
333	312	1.340474
333	313	0.691858
333	332	0.317460
333	334	0.349603
334	312	0.511237
334	333	0.349603
334	335	0.216249
334	346	22.493938
334	347	1.606743
335	334	0.216249
335	336	0.285714
335	346	1.429839
335	347	3.063935
336	335	0.285714
336	337	0.317460
336	345	1.613549
336	346	1.021314
337	336	0.317460
337	338	0.400000
337	344	1.261623
337	345	0.749149
338	337	0.400000
338	339	0.270270
338	343	1.021314
338	344	0.765986
339	155	1.748012
339	338	0.270270
339	340	0.699205
339	341	0.625000
339	342	1.531970
339	343	0.974890
340	155	0.758620
340	339	0.699205
340	341	0.806775
340	342	1.874533
341	339	0.625000
341	340	0.806775
341	342	0.437706
342	155	1.249690
342	339	1.531970
342	340	1.874533
342	341	0.437706
342	343	0.605263
343	155	1.874533
343	156	3.213482
343	338	1.021314
343	339	0.974890
343	342	0.605263
343	344	0.209091
344	156	3.213482
344	157	2.499376
344	337	1.261623
344	338	0.765986
344	343	0.209091
344	345	0.292136
345	157	7.333280
345	336	1.613549
345	337	0.749149
345	344	0.292136
345	346	0.312423
346	334	22.493938
346	335	1.429839
346	336	1.021314
346	345	0.312423
346	347	0.277108
347	312	0.676470
347	334	1.606743
347	335	3.063935
347	346	0.277108
347	348	1.340474
348	312	7.149152
348	326	19.999600
348	347	1.340474
348	349	0.839046
348	350	1.649813
348	351	6.666622
348	352	2.097613
348	353	1.072379
349	106	22.493938
349	107	0.937268
349	108	1.748012
349	310	4.195218
349	311	1.294116
349	312	3.749060
349	313	5.623579
349	348	0.839046
349	350	1.022474
350	106	1.149999
350	107	1.095237
350	311	7.498092
350	326	21.447151
350	348	1.649813
350	349	1.022474
350	351	0.293803
350	384	2.874992
350	385	5.623579
351	107	5.361874
351	348	6.666622
351	350	0.293803
351	352	0.255807
351	384	0.510657
351	385	2.330681
352	348	2.097613
352	351	0.255807
352	353	0.224944
352	362	20.975737
352	363	1.398410
352	364	0.953462
352	384	4.498869
353	348	1.072379
353	352	0.224944
353	354	0.320113
353	362	2.680944
353	363	1.340474
353	364	2.680944
354	353	0.320113
354	355	0.266667
355	354	0.266667
355	356	0.355528
356	355	0.355528
356	357	0.220534
357	356	0.220534
357	358	0.294872
358	357	0.294872
358	359	0.978018
358	360	0.624845
358	361	2.680944
359	358	0.978018
359	360	0.239130
360	358	0.624845
360	359	0.239130
360	361	0.374574
361	358	2.680944
361	360	0.374574
361	362	0.666666
362	352	20.975737
362	353	2.680944
362	361	0.666666
362	363	0.555555
362	390	1.787298
362	391	2.222217
363	352	1.398410
363	353	1.340474
363	362	0.555555
363	364	0.714285
363	365	0.799999
363	389	1.233891
363	390	0.340438
363	391	2.857135
364	352	0.953462
364	353	2.680944
364	363	0.714285
364	365	0.952380
365	363	0.799999
365	364	0.952380
365	366	0.392157
365	384	2.680944
365	388	1.261623
365	389	0.912007
366	365	0.392157
366	367	0.329963
366	387	1.261623
366	388	0.564410
366	467	1.906922
367	366	0.329963
367	368	0.261556
367	369	1.730339
367	370	7.498092
367	384	11.499868
367	386	1.261623
367	387	0.433962
367	467	1.606743
368	367	0.261556
368	369	0.998865
368	370	5.244017
368	371	6.666622
368	372	21.447151
368	383	0.588235
368	384	5.361874
368	385	1.613549
368	386	2.499994
369	367	1.730339
369	368	0.998865
369	370	0.385965
369	387	1.606743
369	446	1.999996
369	447	21.999516
369	465	4.195218
369	466	0.591959
369	467	0.297297
370	367	7.498092
370	368	5.244017
370	369	0.385965
370	371	0.223151
370	385	10.999879
370	386	2.097613
370	387	1.249690
370	446	1.157893
370	447	2.749992
370	448	21.999516
370	465	20.975737
370	466	4.498869
371	368	6.666622
371	370	0.223151
371	372	0.285968
371	385	1.498296
371	386	6.666622
371	447	6.992010
372	368	21.447151
372	371	0.285968
372	373	0.264368
372	383	1.649813
372	385	0.459070
373	104	21.447151
373	372	0.264368
373	374	0.315068
373	382	1.340474
373	383	0.974890
374	100	21.447151
374	101	1.916663
374	373	0.315068
374	375	0.274969
374	381	1.531970
374	382	0.794355
375	99	2.680944
375	100	1.428569
375	101	4.289504
375	374	0.274969
375	376	0.397178
375	380	1.191533
375	381	3.999984
376	99	5.749967
376	375	0.397178
376	377	0.857904
376	378	0.548645
376	379	2.249439
376	380	0.500000
377	215	9.999900
377	376	0.857904
377	378	0.235687
378	376	0.548645
378	377	0.235687
378	379	0.224490
378	449	10.487978
378	450	6.992010
379	376	2.249439
379	378	0.224490
379	380	0.340825
379	449	2.622015
379	450	6.992010
380	375	1.191533
380	376	0.500000
380	379	0.340825
380	381	0.320113
380	449	21.447151
381	374	1.531970
381	375	3.999984
381	380	0.320113
381	382	0.416666
382	373	1.340474
382	374	0.794355
382	381	0.416666
382	383	0.377358
383	368	0.588235
383	372	1.649813
383	373	0.974890
383	382	0.377358
383	384	0.765986
383	385	2.996588
384	350	2.874992
384	351	0.510657
384	352	4.498869
384	365	2.680944
384	367	11.499868
384	368	5.361874
384	383	0.765986
384	385	1.071163
384	386	7.149152
385	105	3.749060
385	106	1.405901
385	350	5.623579
385	351	2.330681
385	368	1.613549
385	370	10.999879
385	371	1.498296
385	372	0.459070
385	383	2.996588
385	384	1.071163
385	386	0.235687
386	367	1.261623
386	368	2.499994
386	370	2.097613
386	371	6.666622
386	384	7.149152
386	385	0.235687
386	387	0.297883
387	366	1.261623
387	367	0.433962
387	369	1.606743
387	370	1.249690
387	386	0.297883
387	388	0.258427
387	467	4.498869
388	365	1.261623
388	366	0.564410
388	387	0.258427
388	389	0.218393
388	467	3.749060
388	468	2.383062
389	363	1.233891
389	365	0.912007
389	388	0.218393
389	390	0.335738
389	468	3.496017
390	362	1.787298
390	363	0.340438
390	389	0.335738
390	391	0.240984
391	362	2.222217
391	363	2.857135
391	390	0.240984
391	392	0.428952
392	391	0.428952
392	393	0.833127
392	394	0.404672
393	392	0.833127
393	394	0.635641
393	395	3.213482
393	531	1.999996
393	532	0.499876
394	392	0.404672
394	393	0.635641
394	395	0.523112
395	393	3.213482
395	394	0.523112
395	396	0.264785
396	395	0.264785
396	397	0.298507
396	606	2.622015
397	396	0.298507
397	398	0.335119
397	605	1.398410
397	606	1.233891
398	397	0.335119
398	399	0.246524
398	604	1.429839
398	605	2.811798
399	398	0.246524
399	400	0.384615
399	531	10.487978
399	532	21.447151
400	399	0.384615
400	401	0.317460
400	481	20.975737
400	482	1.666664
400	483	20.975737
400	531	10.487978
401	400	0.317460
401	402	0.437706
401	480	2.996588
401	481	2.996588
401	482	0.571428
401	483	1.311009
402	401	0.437706
402	403	0.270588
402	432	1.261623
402	433	0.932504
402	480	0.271017
403	402	0.270588
403	404	0.252746
403	430	21.447151
403	431	1.340474
403	432	0.612788
404	403	0.252746
404	405	0.229535
404	430	1.498296
404	431	1.748012
405	404	0.229535
405	406	0.244681
405	427	22.493938
405	429	1.072379
405	430	0.739572
406	405	0.244681
406	407	0.937268
406	425	0.404672
406	426	22.493938
406	427	1.730339
406	428	1.124721
406	429	3.574589
407	406	0.937268
407	408	0.709677
407	409	0.312423
407	424	2.249439
407	425	0.499433
407	426	2.199995
407	427	3.142847
408	407	0.709677
408	409	0.607958
409	407	0.312423
409	408	0.607958
409	410	1.022474
409	424	0.958332
409	425	2.680944
410	409	1.022474
410	411	0.209524
410	424	2.499376
410	426	2.199995
410	427	0.687500
411	410	0.209524
411	412	0.222717
411	423	20.975737
411	424	4.498869
411	426	10.999879
412	411	0.222717
412	413	0.214476
412	422	4.599979
412	423	1.649813
412	424	11.499868
413	412	0.214476
413	414	0.350877
413	422	1.261623
413	524	10.723690
414	413	0.350877
414	415	0.263158
414	421	1.191533
414	422	0.714920
414	523	10.487978
414	524	0.932504
415	414	0.263158
415	416	0.338983
415	420	1.261623
415	421	0.630812
415	496	9.999900
415	497	1.428569
416	415	0.338983
416	417	0.769230
416	418	0.588235
416	419	1.649813
416	420	0.739572
416	497	4.999975
417	416	0.769230
417	418	0.769230
417	419	4.289504
418	416	0.588235
418	417	0.769230
418	419	0.456332
419	416	1.649813
419	417	4.289504
419	418	0.456332
419	420	0.319444
420	415	1.261623
420	416	0.739572
420	419	0.319444
420	421	0.273809
421	414	1.191533
421	415	0.630812
421	420	0.273809
421	422	0.267442
422	412	4.599979
422	413	1.261623
422	414	0.714920
422	421	0.267442
422	423	0.228166
422	524	11.499868
422	525	7.666608
423	411	20.975737
423	412	1.649813
423	422	0.228166
423	424	0.306394
423	525	1.531970
423	526	2.383062
424	407	2.249439
424	409	0.958332
424	410	2.499376
424	411	4.498869
424	412	11.499868
424	423	0.306394
424	425	0.649927
424	426	0.267791
425	406	0.404672
425	407	0.499433
425	409	2.680944
425	424	0.649927
425	426	0.374574
425	427	1.498296
425	428	6.992010
426	406	22.493938
426	407	2.199995
426	410	2.199995
426	411	10.999879
426	424	0.267791
426	425	0.374574
426	427	0.318840
427	405	22.493938
427	406	1.730339
427	407	3.142847
427	410	0.687500
427	425	1.498296
427	426	0.318840
427	428	0.234042
428	406	1.124721
428	425	6.992010
428	427	0.234042
428	429	0.230507
429	405	1.072379
429	406	3.574589
429	428	0.230507
429	430	0.400000
430	403	21.447151
430	404	1.498296
430	405	0.739572
430	429	0.400000
430	431	0.246914
431	403	1.340474
431	404	1.748012
431	430	0.246914
431	432	0.416666
432	402	1.261623
432	403	0.612788
432	431	0.416666
432	433	0.259740
433	402	0.932504
433	432	0.259740
433	434	0.285968
433	480	1.498296
434	433	0.285968
434	435	0.749814
434	478	1.149999
434	479	0.376274
434	480	1.249690
434	481	1.323201
435	434	0.749814
435	436	0.301370
435	478	1.730339
435	479	1.398410
435	481	0.328358
436	435	0.301370
436	437	0.235687
436	477	22.493938
436	478	1.874533
436	479	0.456004
437	436	0.235687
437	438	0.384615
437	477	1.191533
437	478	2.144756
438	437	0.384615
438	439	0.333333
438	476	1.191533
438	477	0.765986
439	438	0.333333
439	440	0.389956
439	475	1.531970
439	476	0.714920
440	439	0.389956
440	441	0.242105
440	474	1.261623
440	475	0.359375
441	440	0.242105
441	442	0.261364
441	472	22.493938
441	473	1.787298
441	474	0.739572
442	441	0.261364
442	443	0.803372
442	470	0.418182
442	471	1.649813
442	472	2.249439
442	473	2.383062
443	442	0.803372
443	444	0.317821
443	469	2.811798
443	470	1.874533
443	471	2.097613
443	472	0.343750
444	443	0.317821
444	445	0.249391
444	466	21.447151
444	469	5.361874
445	444	0.249391
445	446	0.591959
445	447	3.749060
445	466	0.410714
445	467	3.213482
445	468	1.021314
445	469	1.533331
446	369	1.999996
446	370	1.157893
446	445	0.591959
446	447	0.360656
446	465	0.403388
446	466	0.255619
447	369	21.999516
447	370	2.749992
447	371	6.992010
447	445	3.749060
447	446	0.360656
447	448	0.192982
447	464	10.487978
447	465	1.311009
448	370	21.999516
448	447	0.192982
448	449	0.225550
448	464	1.906922
448	465	4.195218
449	378	10.487978
449	379	2.622015
449	380	21.447151
449	448	0.225550
449	450	0.454545
449	463	5.244017
449	464	3.333322
450	378	6.992010
450	379	6.992010
450	449	0.454545
450	451	0.434782
450	462	1.429839
450	463	0.998865
451	450	0.434782
451	452	0.526316
451	461	1.787298
451	462	0.612788
452	451	0.526316
452	453	0.408163
452	460	2.144756
452	461	0.739572
453	452	0.408163
453	454	0.274969
453	459	4.289504
453	460	0.857904
454	453	0.274969
454	455	0.642698
454	456	1.128820
454	457	1.533331
454	458	2.044945
454	459	1.642854
455	454	0.642698
455	456	1.165342
455	457	0.321349
456	213	19.999600
456	214	3.999984
456	454	1.128820
456	455	1.165342
456	457	0.932504
457	454	1.533331
457	455	0.321349
457	456	0.932504
457	458	0.284740
457	459	22.999471
458	454	2.044945
458	457	0.284740
458	459	0.357055
459	453	4.289504
459	454	1.642854
459	457	22.999471
459	458	0.357055
459	460	0.302631
460	452	2.144756
460	453	0.857904
460	459	0.302631
460	461	0.273809
461	451	1.787298
461	452	0.739572
461	460	0.273809
461	462	0.294872
462	450	1.429839
462	451	0.612788
462	461	0.294872
462	463	0.229535
463	449	5.244017
463	450	0.998865
463	462	0.229535
463	464	0.355528
464	447	10.487978
464	448	1.906922
464	449	3.333322
464	463	0.355528
464	465	0.303030
465	369	4.195218
465	370	20.975737
465	446	0.403388
465	447	1.311009
465	448	4.195218
465	464	0.303030
465	466	0.974890
466	369	0.591959
466	370	4.498869
466	444	21.447151
466	445	0.410714
466	446	0.255619
466	465	0.974890
466	467	0.661601
466	468	2.680944
467	366	1.906922
467	367	1.606743
467	369	0.297297
467	387	4.498869
467	388	3.749060
467	445	3.213482
467	466	0.661601
467	468	0.230507
468	388	2.383062
468	389	3.496017
468	445	1.021314
468	466	2.680944
468	467	0.230507
468	469	0.258405
468	470	21.447151
469	443	2.811798
469	444	5.361874
469	445	1.533331
469	468	0.258405
469	470	0.605263
469	471	0.310835
470	442	0.418182
470	443	1.874533
470	468	21.447151
470	469	0.605263
470	471	0.612788
471	442	1.649813
471	443	2.097613
471	469	0.310835
471	470	0.612788
471	472	0.676650
472	441	22.493938
472	442	2.249439
472	443	0.343750
472	471	0.676650
472	473	0.187287
473	441	1.787298
473	442	2.383062
473	472	0.187287
473	474	0.384615
474	440	1.261623
474	441	0.739572
474	473	0.384615
474	475	0.363519
475	439	1.531970
475	440	0.359375
475	474	0.363519
475	476	0.264368
476	438	1.191533
476	439	0.714920
476	475	0.264368
476	477	0.247312
477	436	22.493938
477	437	1.191533
477	438	0.765986
477	476	0.247312
477	478	0.223301
478	434	1.149999
478	435	1.730339
478	436	1.874533
478	437	2.144756
478	477	0.223301
478	479	0.612788
479	434	0.376274
479	435	1.398410
479	436	0.456004
479	478	0.612788
479	480	0.953462
479	481	1.748012
480	401	2.996588
480	402	0.271017
480	433	1.498296
480	434	1.249690
480	479	0.953462
480	481	0.241758
481	400	20.975737
481	401	2.996588
481	434	1.323201
481	435	0.328358
481	479	1.748012
481	480	0.241758
481	482	0.953462
482	400	1.666664
482	401	0.571428
482	481	0.953462
482	483	0.437003
482	531	1.311009
483	400	20.975737
483	401	1.311009
483	482	0.437003
483	484	0.374907
483	530	0.833127
483	531	0.268293
484	483	0.374907
484	485	0.268095
484	528	4.599979
484	529	1.261623
484	530	0.469388
484	531	1.874533
484	532	3.285703
484	533	7.149152
485	484	0.268095
485	486	0.324964
485	528	1.261623
485	529	9.999900
485	532	5.361874
485	533	0.740740
485	534	10.723690
486	485	0.324964
486	487	0.202336
486	493	11.247095
486	526	22.999471
486	527	1.340474
486	528	0.410714
486	533	3.574589
486	534	1.149999
487	486	0.202336
487	488	0.350877
487	494	1.748012
487	526	1.261623
487	527	2.222217
488	487	0.350877
488	489	0.974890
488	490	21.447151
488	494	0.411297
488	495	1.428569
488	525	1.261623
488	526	0.579665
489	488	0.974890
489	490	0.252747
489	509	21.447151
489	510	1.261623
489	511	7.666608
489	518	1.429839
489	519	0.292136
490	488	21.447151
490	489	0.252747
490	491	0.210271
490	508	2.555549
490	509	1.261623
490	510	1.128820
491	490	0.210271
491	492	0.259740
491	493	5.244017
491	508	1.072379
492	491	0.259740
492	493	0.616946
492	494	6.992010
492	508	4.289504
493	486	11.247095
493	491	5.244017
493	492	0.616946
493	494	0.244444
493	527	1.233891
493	528	3.749060
494	487	1.748012
494	488	0.411297
494	492	6.992010
494	493	0.244444
494	495	0.998865
494	525	11.247095
494	526	0.865170
494	527	0.998865
495	488	1.428569
495	494	0.998865
495	496	0.256410
495	518	3.333322
495	523	20.975737
495	524	1.261623
495	525	0.932504
496	415	9.999900
496	495	0.256410
496	497	0.344827
496	518	19.999600
496	523	1.498296
496	524	1.072379
497	415	1.428569
497	416	4.999975
497	496	0.344827
497	498	0.281690
497	521	21.447151
497	522	1.261623
497	523	0.839046
498	497	0.281690
498	499	0.376274
498	521	1.191533
498	522	0.794355
498	1190	19.999600
499	498	0.376274
499	500	0.228166
499	517	5.623579
499	520	1.128820
499	521	0.370968
500	499	0.228166
500	501	0.329963
500	503	1.999996
500	517	1.311009
500	520	6.666622
501	500	0.329963
501	502	1.072379
501	503	1.072379
501	513	22.999471
501	514	2.555549
501	515	0.315406
501	516	11.247095
501	517	2.249439
502	501	1.072379
502	503	0.606060
502	513	0.329963
502	514	0.297883
502	1470	4.195218
503	500	1.999996
503	501	1.072379
503	502	0.606060
503	504	0.223151
503	513	1.949779
503	517	10.487978
503	1470	6.992010
504	503	0.223151
504	505	0.271017
504	513	2.811798
504	517	3.142847
504	520	1.311009
505	504	0.271017
505	506	0.289832
505	512	1.191533
505	513	0.999999
505	519	22.493938
505	520	1.128820
505	521	11.499868
506	505	0.289832
506	507	0.228002
506	511	1.261623
506	512	1.052630
506	520	1.538459
506	521	10.723690
507	506	0.228002
507	508	1.124721
507	509	10.487978
507	511	1.405901
508	490	2.555549
508	491	1.072379
508	492	4.289504
508	507	1.124721
508	509	0.243723
509	489	21.447151
509	490	1.261623
509	507	10.487978
509	508	0.243723
509	510	0.294118
509	891	10.487978
510	489	1.261623
510	490	1.128820
510	509	0.294118
510	511	0.476613
510	519	10.487978
510	891	2.330681
510	892	20.975737
511	489	7.666608
511	506	1.261623
511	507	1.405901
511	510	0.476613
511	512	0.320113
511	519	1.606743
511	891	22.493938
511	892	22.493938
512	505	1.191533
512	506	1.052630
512	511	0.320113
512	513	0.345929
512	517	10.487978
512	519	0.599319
513	501	22.999471
513	502	0.329963
513	503	1.949779
513	504	2.811798
513	505	0.999999
513	512	0.345929
513	514	0.884615
513	517	1.071163
514	501	2.555549
514	502	0.297883
514	513	0.884615
514	515	0.974890
514	1470	1.730339
515	501	0.315406
515	514	0.974890
515	516	0.998865
516	501	11.247095
516	515	0.998865
516	517	1.099999
516	1038	5.499970
516	1188	1.874533
516	1189	1.606743
517	499	5.623579
517	500	1.311009
517	501	2.249439
517	503	10.487978
517	504	3.142847
517	512	10.487978
517	513	1.071163
517	516	1.099999
517	518	0.699205
517	519	1.692305
517	520	0.361658
518	489	1.429839
518	495	3.333322
518	496	19.999600
518	517	0.699205
518	519	0.806775
519	489	0.292136
519	505	22.493938
519	510	10.487978
519	511	1.606743
519	512	0.599319
519	517	1.692305
519	518	0.806775
519	520	0.635641
520	499	1.128820
520	500	6.666622
520	504	1.311009
520	505	1.128820
520	506	1.538459
520	517	0.361658
520	519	0.635641
520	521	0.382993
521	497	21.447151
521	498	1.191533
521	499	0.370968
521	505	11.499868
521	506	10.723690
521	520	0.382993
521	522	0.242105
522	497	1.261623
522	498	0.794355
522	521	0.242105
522	523	0.241876
523	414	10.487978
523	495	20.975737
523	496	1.498296
523	497	0.839046
523	522	0.241876
523	524	0.274322
524	413	10.723690
524	414	0.932504
524	422	11.499868
524	495	1.261623
524	496	1.072379
524	523	0.274322
524	525	0.219048
525	422	7.666608
525	423	1.531970
525	488	1.261623
525	494	11.247095
525	495	0.932504
525	524	0.219048
525	526	0.255555
526	423	2.383062
526	486	22.999471
526	487	1.261623
526	488	0.579665
526	494	0.865170
526	525	0.255555
526	527	0.233126
527	486	1.340474
527	487	2.222217
527	493	1.233891
527	494	0.998865
527	526	0.233126
527	528	0.306394
528	484	4.599979
528	485	1.261623
528	486	0.410714
528	493	3.749060
528	527	0.306394
528	529	0.225764
528	533	5.361874
528	534	11.499868
529	484	1.261623
529	485	9.999900
529	528	0.225764
529	530	0.329963
529	532	21.447151
529	533	1.666664
530	483	0.833127
530	484	0.469388
530	529	0.329963
530	531	0.899777
530	532	1.210525
530	533	3.574589
531	393	1.999996
531	399	10.487978
531	400	10.487978
531	482	1.311009
531	483	0.268293
531	484	1.874533
531	530	0.899777
531	532	0.511237
532	393	0.499876
532	399	21.447151
532	484	3.285703
532	485	5.361874
532	529	21.447151
532	530	1.210525
532	531	0.511237
532	533	0.225764
533	484	7.149152
533	485	0.740740
533	486	3.574589
533	528	5.361874
533	529	1.666664
533	530	3.574589
533	532	0.225764
533	534	0.357460
534	485	10.723690
534	486	1.149999
534	528	11.499868
534	533	0.357460
534	535	0.238307
535	534	0.238307
535	536	0.298507
536	535	0.298507
536	537	0.295439
537	536	0.295439
537	538	0.255807
538	537	0.255807
538	539	0.416666
539	291	19.999600
539	298	21.447151
539	299	1.613549
539	538	0.416666
539	540	0.370370
540	292	0.869564
540	293	21.447151
540	297	3.574589
540	298	0.794355
540	299	2.330681
540	539	0.370370
540	541	0.351600
541	292	5.361874
541	293	1.437498
541	297	5.749967
541	540	0.351600
541	542	0.223301
542	295	22.999471
542	541	0.223301
542	543	0.252746
542	544	2.680944
543	542	0.252746
543	544	0.699205
543	545	0.552004
544	294	6.992010
544	542	2.680944
544	543	0.699205
544	545	0.571428
544	547	6.992010
544	550	0.258405
545	543	0.552004
545	544	0.571428
545	546	0.869564
545	547	4.195218
546	545	0.869564
546	547	0.456004
546	550	21.447151
546	862	0.400000
547	544	6.992010
547	545	4.195218
547	546	0.456004
547	548	0.912007
547	549	2.996588
547	550	0.865170
547	551	0.239303
547	862	1.498296
548	296	2.622015
548	297	7.149152
548	547	0.912007
548	549	0.263158
548	550	21.447151
549	295	2.144756
549	296	0.998865
549	547	2.996588
549	548	0.263158
549	550	0.235688
549	551	4.289504
550	294	22.493938
550	295	1.642854
550	296	3.213482
550	544	0.258405
550	546	21.447151
550	547	0.865170
550	548	21.447151
550	549	0.235688
550	551	0.884615
551	547	0.239303
551	549	4.289504
551	550	0.884615
551	552	0.277108
551	557	11.247095
551	861	1.261623
551	862	3.574589
552	551	0.277108
552	553	0.293803
552	557	22.493938
552	558	1.071163
552	859	11.499868
552	860	1.021314
552	861	0.523112
553	552	0.293803
553	554	1.021314
553	555	9.999900
553	558	0.395777
553	559	3.063935
553	859	1.191533
553	860	2.499994
554	553	1.021314
554	555	0.289832
554	803	3.749060
554	804	0.510657
554	843	3.749060
554	844	1.261623
554	851	0.362813
555	553	9.999900
555	554	0.289832
555	556	0.912007
555	803	1.048808
555	842	2.330681
555	843	1.311009
555	844	9.999900
555	895	1.949779
555	896	2.330681
556	555	0.912007
556	557	0.550000
556	558	7.333280
556	803	7.333280
556	842	0.578947
556	894	1.606743
556	895	0.833127
557	551	11.247095
557	552	22.493938
557	556	0.550000
557	558	0.252873
557	861	1.104008
557	862	20.975737
557	864	22.493938
558	552	1.071163
558	553	0.395777
558	556	7.333280
558	557	0.252873
558	559	0.833127
558	859	22.493938
558	860	1.906922
558	861	0.776895
559	553	3.063935
559	558	0.833127
559	560	0.560975
559	804	7.149152
559	805	0.343283
559	858	1.261623
559	859	0.338235
560	559	0.560975
560	561	0.958332
560	562	3.574589
560	742	5.749967
560	743	3.213482
560	744	5.749967
560	804	21.447151
560	858	1.949779
560	859	0.676470
561	560	0.958332
561	562	0.238307
561	713	7.498092
561	747	7.666608
561	748	1.261623
561	749	0.851851
561	797	21.447151
561	800	0.330801
561	801	3.574589
562	560	3.574589
562	561	0.238307
562	563	0.404672
562	712	1.048808
562	713	1.048808
562	747	1.261623
562	748	4.999975
563	562	0.404672
563	564	0.221109
563	712	1.071163
563	745	3.833319
563	746	1.261623
563	747	0.315068
564	563	0.221109
564	565	0.249391
564	745	1.261623
564	746	19.999600
565	564	0.249391
565	566	0.437706
565	742	0.489361
565	743	3.749060
565	744	3.285703
565	745	1.277776
566	565	0.437706
566	567	0.272418
566	742	0.714920
566	743	1.165342
566	744	0.564410
567	566	0.272418
567	568	0.229535
567	742	1.124721
567	743	0.550000
568	567	0.229535
568	569	0.244681
568	740	21.447151
568	741	1.072379
568	742	3.285703
568	857	5.361874
569	568	0.244681
569	570	0.208229
569	739	5.749967
569	740	1.072379
569	741	1.340474
569	856	7.666608
569	857	1.021314
570	569	0.208229
570	571	0.466252
570	739	1.261623
570	740	2.499994
570	856	0.932504
570	857	2.499994
571	570	0.466252
571	572	1.045453
571	629	21.447151
571	737	5.623579
571	738	3.063935
571	739	0.359375
572	571	1.045453
572	573	0.233126
572	635	1.072379
572	636	1.949779
572	637	11.247095
572	737	0.234317
573	572	0.233126
573	574	0.357143
573	634	1.340474
573	635	1.666664
573	637	4.195218
574	573	0.357143
574	575	0.327869
574	633	1.340474
574	634	0.579665
575	574	0.327869
575	576	0.357460
575	632	1.613549
575	633	0.857904
576	575	0.357460
576	577	0.343283
576	630	21.447151
576	631	1.191533
576	632	0.468634
577	576	0.343283
577	578	0.270588
577	630	1.531970
577	631	0.765986
578	577	0.270588
578	579	0.283951
578	580	1.787298
578	629	1.261623
578	630	1.128820
579	578	0.283951
579	580	0.714920
579	581	22.999471
579	624	22.493938
579	625	0.357460
579	627	21.447151
579	628	11.499868
579	629	7.149152
580	578	1.787298
580	579	0.714920
580	581	0.510657
580	628	1.261623
580	629	1.428569
581	579	22.999471
581	580	0.510657
581	582	0.214476
581	625	21.447151
581	626	5.623579
581	627	1.261623
581	628	0.273809
582	581	0.214476
582	583	0.285714
582	624	1.498296
582	626	5.244017
583	582	0.285714
583	584	0.434782
583	623	1.429839
583	624	0.874007
584	583	0.434782
584	585	0.327869
584	622	1.261623
584	623	0.649927
585	584	0.327869
585	586	0.308473
585	621	1.261623
585	622	0.714920
586	585	0.308473
586	587	0.230507
586	619	11.247095
586	620	1.498296
586	621	0.468634
587	586	0.230507
587	588	0.579665
587	619	1.531970
587	620	2.857135
588	120	11.499868
588	121	5.749967
588	587	0.579665
588	589	0.214476
588	618	1.261623
588	619	0.319444
589	120	3.063935
589	588	0.214476
589	590	0.261556
589	617	1.649813
589	618	1.818179
590	120	7.666608
590	589	0.261556
590	591	0.865170
590	615	0.442307
590	616	2.044945
590	617	1.210525
591	305	2.044945
591	306	4.498869
591	590	0.865170
591	592	0.215686
591	615	2.811798
592	288	1.499627
592	305	1.606743
592	591	0.215686
592	593	0.217822
593	288	2.249439
593	289	1.874533
593	592	0.217822
593	594	0.267791
594	289	3.833319
594	290	2.383062
594	593	0.267791
594	595	0.229535
594	609	22.999471
595	290	6.992010
595	594	0.229535
595	596	0.349603
595	613	1.874533
595	614	11.247095
596	595	0.349603
596	597	0.500000
596	612	1.261623
596	613	1.261623
597	596	0.500000
597	598	0.419523
597	611	1.191533
597	612	0.765986
598	597	0.419523
598	599	0.205649
598	609	7.498092
598	610	1.398410
598	611	0.499876
599	598	0.205649
599	600	0.310835
599	609	1.261623
599	610	3.333322
600	599	0.310835
600	601	0.377049
600	608	2.144756
600	609	0.383333
601	600	0.377049
601	602	0.278540
601	605	11.247095
601	606	22.493938
601	607	1.128820
601	608	0.691858
602	601	0.278540
602	603	0.869564
602	604	1.249998
602	605	1.498296
602	606	2.097613
602	607	3.999984
603	602	0.869564
603	604	0.689655
604	398	1.429839
604	602	1.249998
604	603	0.689655
604	605	0.255807
605	397	1.398410
605	398	2.811798
605	601	11.247095
605	602	1.498296
605	604	0.255807
605	606	0.241758
606	396	2.622015
606	397	1.233891
606	601	22.493938
606	602	2.097613
606	605	0.241758
606	607	0.262202
607	601	1.128820
607	602	3.999984
607	606	0.262202
607	608	0.273973
608	600	2.144756
608	601	0.691858
608	607	0.273973
608	609	0.476613
609	594	22.999471
609	598	7.498092
609	599	1.261623
609	600	0.383333
609	608	0.476613
609	610	0.218853
610	598	1.398410
610	599	3.333322
610	609	0.218853
610	611	0.293803
611	597	1.191533
611	598	0.499876
611	610	0.293803
611	612	0.242105
612	596	1.261623
612	597	0.765986
612	611	0.242105
612	613	0.270588
613	595	1.874533
613	596	1.261623
613	612	0.270588
613	614	0.283951
614	595	11.247095
614	613	0.283951
614	615	0.365079
615	590	0.442307
615	591	2.811798
615	614	0.365079
615	616	0.489009
616	590	2.044945
616	615	0.489009
616	617	0.292136
617	119	3.063935
617	120	3.833319
617	589	1.649813
617	590	1.210525
617	616	0.292136
617	618	0.278540
618	120	1.191533
618	588	1.261623
618	589	1.818179
618	617	0.278540
618	619	0.579665
619	120	3.285703
619	121	4.599979
619	586	11.247095
619	587	1.531970
619	588	0.319444
619	618	0.579665
619	620	0.208229
620	586	1.498296
620	587	2.857135
620	619	0.208229
620	621	0.389956
621	585	1.261623
621	586	0.468634
621	620	0.389956
621	622	0.270588
622	584	1.261623
622	585	0.714920
622	621	0.270588
622	623	0.273809
623	583	1.429839
623	584	0.649927
623	622	0.273809
623	624	0.295979
624	579	22.493938
624	582	1.498296
624	583	0.874007
624	623	0.295979
624	625	0.304002
624	626	21.999516
625	579	0.357460
625	581	21.447151
625	624	0.304002
625	626	0.676650
625	627	6.666622
626	581	5.623579
626	582	5.244017
626	624	21.999516
626	625	0.676650
626	627	0.223151
627	579	21.447151
627	581	1.261623
627	625	6.666622
627	626	0.223151
627	628	0.466252
628	579	11.499868
628	580	1.261623
628	581	0.273809
628	627	0.466252
628	629	0.261556
629	571	21.447151
629	578	1.261623
629	579	7.149152
629	580	1.428569
629	628	0.261556
629	630	0.259740
630	576	21.447151
630	577	1.531970
630	578	1.128820
630	629	0.259740
630	631	0.289855
631	576	1.191533
631	577	0.765986
631	630	0.289855
631	632	0.317821
632	575	1.613549
632	576	0.468634
632	631	0.317821
632	633	0.267791
633	574	1.340474
633	575	0.857904
633	632	0.267791
633	634	0.267442
634	573	1.340474
634	574	0.579665
634	633	0.267442
634	635	0.289832
635	572	1.072379
635	573	1.666664
635	634	0.289832
635	636	0.270270
635	637	10.487978
635	736	5.361874
635	737	5.244017
636	572	1.949779
636	635	0.270270
636	637	0.476731
636	638	10.723690
636	736	0.306394
636	737	1.613549
637	572	11.247095
637	573	4.195218
637	635	10.487978
637	636	0.476731
637	638	0.899777
637	737	10.999879
638	636	10.723690
638	637	0.899777
638	639	0.227217
638	736	3.833319
638	737	0.255619
638	738	1.261623
638	739	3.833319
639	638	0.227217
639	640	0.249716
639	735	1.233891
639	736	2.499376
639	738	0.998865
639	739	4.498869
640	639	0.249716
640	641	0.487445
640	734	1.072379
640	735	2.857135
641	640	0.487445
641	642	0.370968
641	733	1.072379
641	734	0.348485
642	641	0.370968
642	643	0.238307
642	730	3.749060
642	731	1.072379
642	733	0.549938
643	642	0.238307
643	644	0.274969
643	730	1.398410
643	731	6.666622
644	643	0.274969
644	645	0.252747
644	729	1.191533
644	730	0.523126
645	644	0.252747
645	646	0.353846
645	728	1.072379
645	729	0.974890
646	645	0.353846
646	647	0.239303
646	726	22.999471
646	727	1.649813
646	728	0.595767
646	819	21.447151
646	820	2.555549
647	646	0.239303
647	648	0.231901
647	726	1.730339
647	727	3.496017
647	819	2.622015
647	820	5.623579
648	647	0.231901
648	649	0.833127
648	650	1.095237
648	709	2.555549
648	710	0.974890
648	711	22.999471
648	725	1.642854
648	726	1.095237
649	648	0.833127
649	650	1.071163
649	651	22.493938
649	708	2.044945
649	709	0.702951
649	716	0.381385
649	717	0.268293
650	648	1.095237
650	649	1.071163
650	651	0.310811
650	709	3.833319
650	710	0.857904
650	711	4.599979
650	715	7.666608
650	716	2.680944
650	724	1.649813
650	725	0.291139
651	649	22.493938
651	650	0.310811
651	652	0.242105
651	716	1.429839
651	723	1.021314
651	724	0.630812
652	651	0.242105
652	653	0.282205
652	722	1.340474
652	723	0.649927
653	652	0.282205
653	654	0.320113
653	721	1.498296
653	722	4.999975
653	791	20.975737
654	653	0.320113
654	655	0.247312
654	720	1.261623
654	721	0.576780
655	654	0.247312
655	656	0.238307
655	719	1.191533
655	720	0.691858
656	655	0.238307
656	657	0.510657
656	718	1.429839
656	719	2.499994
657	656	0.510657
657	658	0.223301
657	700	11.247095
657	701	1.261623
657	718	0.353846
658	657	0.223301
658	659	0.281180
658	699	22.493938
658	700	1.606743
658	701	1.787298
659	658	0.281180
659	660	0.236559
659	699	3.142847
659	700	1.999996
660	659	0.236559
660	661	0.268925
660	697	22.493938
660	698	1.499627
660	699	2.199995
661	660	0.268925
661	662	0.285714
661	696	20.975737
661	697	1.649813
661	698	1.340474
661	761	3.496017
661	762	3.574589
662	661	0.285714
662	663	0.277778
662	696	1.498296
662	697	1.649813
662	761	1.311009
662	762	1.261623
663	662	0.277778
663	664	0.377358
663	695	1.191533
663	696	1.104008
664	663	0.377358
664	665	0.392157
664	694	1.261623
664	695	0.739572
665	664	0.392157
665	666	0.369786
665	693	1.261623
665	694	0.824907
666	665	0.369786
666	667	0.273809
666	692	1.261623
666	693	0.383333
667	666	0.273809
667	668	0.184381
667	691	1.261623
667	692	0.691858
668	667	0.184381
668	669	0.218393
668	688	21.999516
668	690	5.499970
668	691	3.496017
669	668	0.218393
669	670	0.428952
669	687	7.666608
669	688	2.499376
669	689	7.149152
669	690	2.249439
670	669	0.428952
670	671	0.411297
670	687	0.857904
670	688	1.104008
670	689	9.999900
671	670	0.411297
671	672	0.401686
671	684	1.323201
671	685	0.953462
671	687	1.730339
671	688	0.478261
672	671	0.401686
672	673	0.243723
672	682	22.999471
672	683	1.261623
672	684	0.328571
672	688	1.405901
672	689	10.723690
673	672	0.243723
673	674	0.271489
673	682	1.429839
673	683	2.222217
673	688	3.496017
673	689	1.052630
674	673	0.271489
674	675	0.190083
674	680	5.623579
674	681	4.289504
674	682	0.999999
674	689	21.447151
675	674	0.190083
675	676	0.345929
675	679	5.623579
675	680	1.249690
675	781	1.340474
675	782	3.285703
676	675	0.345929
676	677	0.857904
676	678	0.655505
676	679	0.776895
676	780	6.666622
676	781	4.999975
677	36	22.493938
677	676	0.857904
677	678	0.214233
677	772	7.149152
678	37	10.999879
678	676	0.655505
678	677	0.214233
678	679	0.301370
678	771	3.142847
678	772	10.487978
679	37	10.999879
679	675	5.623579
679	676	0.776895
679	678	0.301370
679	680	0.215686
679	770	3.213482
679	771	1.999996
679	781	2.330681
680	674	5.623579
680	675	1.249690
680	679	0.215686
680	681	0.246778
680	770	1.323201
680	771	7.333280
680	781	2.097613
680	782	22.493938
681	674	4.289504
681	680	0.246778
681	682	0.285968
681	769	3.574589
681	770	1.191533
681	781	9.999900
681	782	1.128820
682	672	22.999471
682	673	1.429839
682	674	0.999999
682	681	0.285968
682	683	0.243723
682	782	5.749967
683	672	1.261623
683	673	2.222217
683	682	0.243723
683	684	0.389956
683	688	20.975737
684	671	1.323201
684	672	0.328571
684	683	0.389956
684	685	0.794355
684	687	11.499868
684	688	2.044945
685	671	0.953462
685	684	0.794355
685	686	0.676650
685	687	0.363519
686	685	0.676650
686	687	0.725627
686	3321	2.044945
686	3323	0.282051
686	3361	6.992010
687	669	7.666608
687	670	0.857904
687	671	1.730339
687	684	11.499868
687	685	0.363519
687	686	0.725627
687	688	0.978018
688	668	21.999516
688	669	2.499376
688	670	1.104008
688	671	0.478261
688	672	1.405901
688	673	3.496017
688	683	20.975737
688	684	2.044945
688	687	0.978018
688	689	0.243909
689	669	7.149152
689	670	9.999900
689	672	10.723690
689	673	1.052630
689	674	21.447151
689	688	0.243909
689	690	0.279682
690	668	5.499970
690	669	2.249439
690	689	0.279682
690	691	0.411297
691	667	1.261623
691	668	3.496017
691	690	0.411297
691	692	0.294118
692	666	1.261623
692	667	0.691858
692	691	0.294118
692	693	0.357460
693	665	1.261623
693	666	0.383333
693	692	0.357460
693	694	0.242105
694	664	1.261623
694	665	0.824907
694	693	0.242105
694	695	0.258427
695	663	1.191533
695	664	0.739572
695	694	0.258427
695	696	0.284740
696	661	20.975737
696	662	1.498296
696	663	1.104008
696	695	0.284740
696	697	0.236784
697	660	22.493938
697	661	1.649813
697	662	1.649813
697	696	0.236784
697	698	0.264368
697	760	7.666608
697	761	7.498092
698	660	1.499627
698	661	1.340474
698	697	0.264368
698	699	0.236784
698	759	11.499868
698	760	3.285703
698	761	0.661601
699	658	22.493938
699	659	3.142847
699	660	2.199995
699	698	0.236784
699	700	0.301370
699	761	1.047618
699	789	1.398410
700	657	11.247095
700	658	1.606743
700	659	1.999996
700	699	0.301370
700	701	0.249716
700	789	5.244017
701	657	1.261623
701	658	1.787298
701	700	0.249716
701	702	1.261623
701	717	6.992010
701	718	0.564410
702	701	1.261623
702	703	0.264785
702	704	5.361874
702	705	22.999471
703	702	0.264785
703	704	0.322581
703	705	21.447151
704	702	5.361874
704	703	0.322581
704	705	0.261556
704	706	10.487978
705	702	22.999471
705	703	21.447151
705	704	0.261556
705	706	0.292136
705	717	0.535582
706	704	10.487978
706	705	0.292136
706	707	0.374574
706	708	0.303979
706	717	3.142847
707	706	0.374574
707	708	0.974890
708	649	2.044945
708	706	0.303979
708	707	0.974890
708	709	0.280488
708	717	2.811798
708	818	5.361874
708	831	22.999471
708	832	11.499868
709	648	2.555549
709	649	0.702951
709	650	3.833319
709	708	0.280488
709	710	0.249391
709	716	1.261623
709	818	10.723690
709	831	5.749967
709	832	2.090905
710	648	0.974890
710	650	0.857904
710	709	0.249391
710	711	0.351600
710	715	1.261623
710	716	2.499994
710	725	21.447151
710	726	7.149152
710	831	21.447151
711	648	22.999471
711	650	4.599979
711	710	0.351600
711	712	0.865170
711	713	0.775670
711	714	1.769228
711	715	0.365079
711	725	11.499868
711	726	2.874992
711	727	10.723690
712	562	1.048808
712	563	1.071163
712	711	0.865170
712	713	0.244444
712	726	7.498092
712	747	11.247095
713	561	7.498092
713	562	1.048808
713	711	0.775670
713	712	0.244444
713	714	0.284740
713	748	2.622015
713	749	3.749060
713	800	21.999516
714	711	1.769228
714	713	0.284740
714	715	0.353846
714	749	1.277776
714	750	1.071163
714	798	5.623579
714	800	22.493938
715	650	7.666608
715	710	1.261623
715	711	0.365079
715	714	0.353846
715	716	0.271489
715	750	1.499627
715	1503	22.999471
715	1504	11.499868
716	649	0.381385
716	650	2.680944
716	651	1.429839
716	709	1.261623
716	710	2.499994
716	715	0.271489
716	717	0.953462
717	649	0.268293
717	701	6.992010
717	705	0.535582
717	706	3.142847
717	708	2.811798
717	716	0.953462
717	718	0.937268
718	656	1.429839
718	657	0.353846
718	701	0.564410
718	717	0.937268
718	719	0.235688
719	655	1.191533
719	656	2.499994
719	718	0.235688
719	720	0.294118
720	654	1.261623
720	655	0.691858
720	719	0.294118
720	721	0.299660
721	653	1.498296
721	654	0.576780
721	720	0.299660
721	722	0.235687
722	652	1.340474
722	653	4.999975
722	721	0.235687
722	723	0.338983
723	651	1.021314
723	652	0.649927
723	722	0.338983
723	724	0.285714
724	650	1.649813
724	651	0.630812
724	723	0.285714
724	725	0.649927
725	648	1.642854
725	650	0.291139
725	710	21.447151
725	711	11.499868
725	724	0.649927
725	726	0.221154
726	646	22.999471
726	647	1.730339
726	648	1.095237
726	710	7.149152
726	711	2.874992
726	712	7.498092
726	725	0.221154
726	727	0.225764
727	646	1.649813
727	647	3.496017
727	711	10.723690
727	726	0.225764
727	728	0.500000
728	645	1.072379
728	646	0.595767
728	727	0.500000
728	729	0.476190
728	829	10.723690
728	830	1.787298
729	644	1.191533
729	645	0.974890
729	728	0.476190
729	730	0.332955
729	820	1.191533
729	821	7.149152
729	829	1.787298
729	830	2.680944
730	642	3.749060
730	643	1.398410
730	644	0.523126
730	729	0.332955
730	731	0.241105
730	820	22.493938
730	821	11.247095
730	829	22.493938
731	642	1.072379
731	643	6.666622
731	730	0.241105
731	732	0.799999
731	733	6.666622
732	731	0.799999
732	733	0.465116
733	641	1.072379
733	642	0.549938
733	731	6.666622
733	732	0.465116
733	734	0.649927
734	640	1.072379
734	641	0.348485
734	733	0.649927
734	735	0.258405
735	639	1.233891
735	640	2.857135
735	734	0.258405
735	736	0.271489
735	738	3.333322
736	635	5.361874
736	636	0.306394
736	638	3.833319
736	639	2.499376
736	735	0.271489
736	737	1.124721
736	738	1.072379
737	571	5.623579
737	572	0.234317
737	635	5.244017
737	636	1.613549
737	637	10.999879
737	638	0.255619
737	736	1.124721
737	738	0.446301
738	571	3.063935
738	638	1.261623
738	639	0.998865
738	735	3.333322
738	736	1.072379
738	737	0.446301
738	739	0.649927
739	569	5.749967
739	570	1.261623
739	571	0.359375
739	638	3.833319
739	639	4.498869
739	738	0.649927
739	740	0.255329
740	568	21.447151
740	569	1.072379
740	570	2.499994
740	739	0.255329
740	741	0.256410
740	806	19.999600
740	807	1.021314
740	856	5.361874
741	568	1.072379
741	569	1.340474
741	740	0.256410
741	742	0.282205
741	805	5.361874
741	806	1.428569
741	807	1.949779
741	856	7.149152
741	857	0.869564
741	858	19.999600
742	560	5.749967
742	565	0.489361
742	566	0.714920
742	567	1.124721
742	568	3.285703
742	741	0.282205
742	743	0.833127
742	805	3.833319
742	857	21.447151
742	858	1.191533
743	275	21.999516
743	560	3.213482
743	565	3.749060
743	566	1.165342
743	567	0.550000
743	742	0.833127
743	744	0.330801
743	858	2.996588
743	859	4.498869
744	560	5.749967
744	565	3.285703
744	566	0.564410
744	743	0.330801
744	745	0.291139
745	563	3.833319
745	564	1.261623
745	565	1.277776
745	744	0.291139
745	746	0.212353
746	563	1.261623
746	564	19.999600
746	745	0.212353
746	747	0.382993
747	561	7.666608
747	562	1.261623
747	563	0.315068
747	712	11.247095
747	746	0.382993
747	748	0.230619
748	561	1.261623
748	562	4.999975
748	713	2.622015
748	747	0.230619
748	749	0.228166
749	561	0.851851
749	713	3.749060
749	714	1.277776
749	748	0.228166
749	750	0.978018
749	796	0.382993
749	797	2.144756
749	798	22.493938
749	800	2.249439
750	714	1.071163
750	715	1.499627
750	749	0.978018
750	751	0.222222
750	797	1.398410
750	798	0.385965
750	1489	2.811798
750	1503	1.071163
750	1504	7.498092
751	750	0.222222
751	752	0.220000
751	797	2.097613
751	1489	1.874533
751	1490	2.996588
751	1502	1.498296
751	1503	1.183917
752	751	0.220000
752	753	0.288390
752	787	22.493938
752	788	2.622015
752	795	4.195218
752	1489	11.247095
752	1490	0.776895
752	1491	3.666653
752	1501	2.811798
752	1502	2.097613
753	752	0.288390
753	754	0.252325
753	786	22.493938
753	787	2.874992
753	794	1.261623
753	795	0.932504
753	877	21.447151
753	878	2.811798
753	879	22.493938
753	1490	21.447151
753	1491	2.249439
754	753	0.252325
754	755	0.476613
754	787	21.447151
754	793	1.261623
754	794	0.999999
754	877	1.666664
754	878	2.330681
755	754	0.476613
755	756	0.282205
755	791	7.498092
755	792	1.261623
755	793	0.353846
755	877	21.447151
756	755	0.282205
756	757	0.285968
756	791	1.311009
756	792	9.999900
757	756	0.285968
757	758	0.273809
757	790	1.261623
757	791	0.459070
758	757	0.273809
758	759	0.242105
758	789	1.072379
758	790	0.595767
759	698	11.499868
759	758	0.242105
759	760	0.225490
759	787	22.999471
759	788	4.289504
759	789	1.021314
760	697	7.666608
760	698	3.285703
760	759	0.225490
760	761	0.865170
760	762	22.999471
760	786	2.811798
760	787	3.833319
760	788	5.361874
761	661	3.496017
761	662	1.311009
761	697	7.498092
761	698	0.661601
761	699	1.047618
761	760	0.865170
761	762	0.204495
762	661	3.574589
762	662	1.261623
762	760	22.999471
762	761	0.204495
762	763	0.216642
762	787	5.749967
762	788	1.649813
763	762	0.216642
763	764	0.279682
763	787	1.261623
763	788	6.666622
763	1502	19.999600
764	763	0.279682
764	765	0.956521
764	784	0.937268
764	785	0.699205
764	786	1.833330
764	787	0.937268
764	1501	1.499627
764	1502	10.487978
765	764	0.956521
765	766	0.314286
765	783	22.493938
765	784	2.044945
765	785	1.233891
765	786	0.511628
765	1491	4.399981
765	1492	2.996588
765	1499	11.247095
765	1500	1.048808
765	1501	0.978018
766	765	0.314286
766	767	0.246778
766	778	21.999516
766	784	1.124721
766	785	0.446301
766	1492	2.330681
766	1493	1.311009
766	1499	4.498869
766	1500	6.992010
767	766	0.246778
767	768	0.350877
767	778	20.975737
767	783	1.261623
767	784	1.649813
767	1493	2.499994
767	3311	3.333322
767	3312	19.999600
768	767	0.350877
768	769	0.329963
768	782	1.261623
768	783	0.649927
768	3311	3.999984
768	3312	3.333322
769	681	3.574589
769	768	0.329963
769	770	0.306667
769	781	1.261623
769	782	0.377049
770	679	3.213482
770	680	1.323201
770	681	1.191533
770	769	0.306667
770	771	0.204495
770	780	1.261623
770	781	0.564410
771	678	3.142847
771	679	1.999996
771	680	7.333280
771	770	0.204495
771	772	0.252725
771	776	10.999879
771	777	6.992010
771	779	4.195218
771	780	1.233891
772	677	7.149152
772	678	10.487978
772	771	0.252725
772	773	0.285714
772	776	1.748012
772	778	6.992010
772	779	4.999975
773	34	10.487978
773	772	0.285714
773	774	0.749149
773	775	0.536190
773	776	1.233891
774	773	0.749149
774	775	0.222717
774	1475	3.749060
774	1476	2.330681
774	3388	22.493938
775	773	0.536190
775	774	0.222717
775	776	0.326006
775	1475	3.285703
775	1476	2.680944
776	771	10.999879
776	772	1.748012
776	773	1.233891
776	775	0.326006
776	777	0.912007
776	778	0.314286
776	779	20.975737
776	1476	10.487978
777	771	6.992010
777	776	0.912007
777	778	0.723316
777	1493	19.999600
777	1494	0.630812
777	1495	1.128820
777	3386	19.999600
778	766	21.999516
778	767	20.975737
778	772	6.992010
778	776	0.314286
778	777	0.723316
778	779	0.241105
778	1484	2.097613
778	1498	22.493938
778	1499	1.730339
778	1500	5.244017
779	771	4.195218
779	772	4.999975
779	776	20.975737
779	778	0.241105
779	780	0.540540
779	1484	0.571428
779	1500	2.499994
780	676	6.666622
780	770	1.261623
780	771	1.233891
780	779	0.540540
780	781	0.476190
781	675	1.340474
781	676	4.999975
781	679	2.330681
781	680	2.097613
781	681	9.999900
781	769	1.261623
781	770	0.564410
781	780	0.476190
781	782	0.510657
782	675	3.285703
782	680	22.493938
782	681	1.128820
782	682	5.749967
782	768	1.261623
782	769	0.377049
782	781	0.510657
782	783	0.283951
783	765	22.493938
783	767	1.261623
783	768	0.649927
783	782	0.283951
783	784	0.223301
784	764	0.937268
784	765	2.044945
784	766	1.124721
784	767	1.649813
784	783	0.223301
784	785	0.446825
785	764	0.699205
785	765	1.233891
785	766	0.446301
785	784	0.446825
785	786	0.283462
786	753	22.493938
786	760	2.811798
786	764	1.833330
786	765	0.511628
786	785	0.283462
786	787	0.267791
787	752	22.493938
787	753	2.874992
787	754	21.447151
787	759	22.999471
787	760	3.833319
787	762	5.749967
787	763	1.261623
787	764	0.937268
787	786	0.267791
787	788	0.228166
788	752	2.622015
788	759	4.289504
788	760	5.361874
788	762	1.649813
788	763	6.666622
788	787	0.228166
788	789	0.606060
789	699	1.398410
789	700	5.244017
789	758	1.072379
789	759	1.021314
789	788	0.606060
789	790	0.327869
790	757	1.261623
790	758	0.595767
790	789	0.327869
790	791	0.381385
791	653	20.975737
791	755	7.498092
791	756	1.311009
791	757	0.459070
791	790	0.381385
791	792	0.211881
792	755	1.261623
792	756	9.999900
792	791	0.211881
792	793	0.357460
793	754	1.261623
793	755	0.353846
793	792	0.357460
793	794	0.285968
793	877	21.447151
794	753	1.261623
794	754	0.999999
794	793	0.285968
794	795	0.256410
794	876	10.723690
794	877	1.999996
794	878	5.244017
795	752	4.195218
795	753	0.932504
795	794	0.256410
795	796	0.465116
795	875	19.999600
795	876	3.063935
795	878	2.330681
795	879	0.953462
795	880	21.447151
796	749	0.382993
796	795	0.465116
796	797	0.500000
796	800	20.975737
796	879	10.487978
796	880	4.289504
796	881	2.144756
797	561	21.447151
797	749	2.144756
797	750	1.398410
797	751	2.097613
797	796	0.500000
797	798	0.338325
797	800	0.998865
797	881	2.144756
797	882	3.333322
797	1489	1.949779
798	714	5.623579
798	749	22.493938
798	750	0.385965
798	797	0.338325
798	799	0.846153
798	800	0.282051
798	882	20.975737
798	1488	20.975737
798	1489	1.405901
799	798	0.846153
799	800	0.733333
799	801	0.998865
799	1486	2.499376
799	1487	1.048808
799	1488	6.992010
799	1504	3.213482
799	1505	0.537850
799	1506	4.195218
799	1507	0.303979
800	561	0.330801
800	713	21.999516
800	714	22.493938
800	749	2.249439
800	796	20.975737
800	797	0.998865
800	798	0.282051
800	799	0.733333
800	801	0.874007
800	1504	4.498869
800	1505	2.622015
801	561	3.574589
801	799	0.998865
801	800	0.874007
801	802	0.824907
801	803	0.355528
801	804	3.333322
801	1505	2.222217
801	1507	1.072379
802	801	0.824907
802	803	0.749814
802	804	0.397178
802	851	7.498092
803	554	3.749060
803	555	1.048808
803	556	7.333280
803	801	0.355528
803	802	0.749814
803	804	0.912007
803	1507	0.387835
804	554	0.510657
804	559	7.149152
804	560	21.447151
804	801	3.333322
804	802	0.397178
804	803	0.912007
804	805	0.893650
804	851	1.233891
805	559	0.343283
805	741	5.361874
805	742	3.833319
805	804	0.893650
805	806	0.235688
805	856	11.499868
805	857	1.261623
805	858	0.487445
806	740	19.999600
806	741	1.428569
806	805	0.235688
806	807	0.324964
806	856	1.261623
806	857	2.857135
807	740	1.021314
807	741	1.949779
807	806	0.324964
807	808	0.289832
807	854	11.499868
807	855	1.261623
807	856	0.469388
808	807	0.289832
808	809	0.437706
808	854	1.261623
808	855	4.999975
809	808	0.437706
809	810	0.214476
809	852	3.833319
809	853	1.128820
809	854	0.403509
810	809	0.214476
810	811	0.289855
810	852	1.072379
810	853	2.222217
811	810	0.289855
811	812	0.839046
811	837	1.398410
811	838	6.992010
811	848	0.425532
811	850	1.498296
811	852	0.857904
812	811	0.839046
812	813	0.288390
812	836	1.499627
812	837	0.285714
812	848	5.244017
813	812	0.288390
813	814	0.250000
813	835	1.128820
813	836	1.149999
814	813	0.250000
814	815	0.249391
814	834	1.072379
814	835	0.691858
815	814	0.249391
815	816	0.408163
815	833	1.649813
815	834	1.818179
816	815	0.408163
816	817	0.232558
816	832	1.261623
816	833	0.536190
817	816	0.232558
817	818	0.357143
817	831	1.429839
817	832	0.932504
818	708	5.361874
818	709	10.723690
818	817	0.357143
818	819	0.253164
818	830	1.340474
818	831	0.579665
819	646	21.447151
819	647	2.622015
819	818	0.253164
819	820	0.595767
819	829	1.531970
819	830	0.794355
820	646	2.555549
820	647	5.623579
820	729	1.191533
820	730	22.493938
820	819	0.595767
820	821	0.291139
820	828	1.649813
820	829	0.306667
821	729	7.149152
821	730	11.247095
821	820	0.291139
821	822	0.306667
821	827	1.191533
821	828	0.893650
822	821	0.306667
822	823	0.857904
822	824	0.376274
822	826	1.261623
822	827	0.612788
823	822	0.857904
823	824	0.833333
824	822	0.376274
824	823	0.833333
824	825	1.111110
824	826	1.052630
825	824	1.111110
825	826	0.425532
826	822	1.261623
826	824	1.052630
826	825	0.425532
826	827	0.370370
827	821	1.191533
827	822	0.612788
827	826	0.370370
827	828	0.317460
828	820	1.649813
828	821	0.893650
828	827	0.317460
828	829	0.670237
829	728	10.723690
829	729	1.787298
829	730	22.493938
829	819	1.531970
829	820	0.306667
829	828	0.670237
829	830	0.261364
830	728	1.787298
830	729	2.680944
830	818	1.340474
830	819	0.794355
830	829	0.261364
830	831	0.323944
831	708	22.999471
831	709	5.749967
831	710	21.447151
831	817	1.429839
831	818	0.579665
831	830	0.323944
831	832	0.252747
832	708	11.499868
832	709	2.090905
832	816	1.261623
832	817	0.932504
832	831	0.252747
832	833	0.287500
832	849	0.487445
833	815	1.649813
833	816	0.536190
833	832	0.287500
833	834	0.249391
833	849	1.191533
834	814	1.072379
834	815	1.818179
834	833	0.249391
834	835	0.392157
835	813	1.128820
835	814	0.691858
835	834	0.392157
835	836	0.252325
835	848	19.999600
836	812	1.499627
836	813	1.149999
836	835	0.252325
836	837	0.937268
836	847	0.294872
836	848	1.649813
837	811	1.398410
837	812	0.285714
837	836	0.937268
837	838	0.229167
837	847	2.249439
837	848	4.195218
837	850	21.999516
838	811	6.992010
838	837	0.229167
838	839	0.200843
838	847	1.874533
838	850	2.749992
838	852	5.623579
839	838	0.200843
839	840	0.268095
839	846	1.340474
839	847	2.090905
839	850	11.247095
839	852	1.533331
839	853	21.447151
840	839	0.268095
840	841	0.322581
840	845	1.261623
840	846	4.999975
840	852	1.261623
840	853	3.333322
841	840	0.322581
841	842	0.676650
841	843	0.912007
841	844	2.499994
841	845	1.128820
842	555	2.330681
842	556	0.578947
842	841	0.676650
842	843	0.211538
842	895	1.124721
842	896	4.399981
842	1061	2.330681
843	554	3.749060
843	555	1.311009
843	841	0.912007
843	842	0.211538
843	844	0.235687
843	896	0.999999
843	897	2.749992
843	1061	1.165342
843	1062	11.247095
844	554	1.261623
844	555	9.999900
844	841	2.499994
844	843	0.235687
844	845	0.357460
844	851	6.992010
844	896	3.496017
844	897	1.048808
845	840	1.261623
845	841	1.128820
845	844	0.357460
845	846	0.261556
845	851	1.606743
846	839	1.340474
846	840	4.999975
846	845	0.261556
846	847	0.235688
846	850	4.195218
846	851	0.655505
847	836	0.294872
847	837	2.249439
847	838	1.874533
847	839	2.090905
847	846	0.235688
847	848	1.072379
847	849	21.447151
847	850	0.576780
848	811	0.425532
848	812	5.244017
848	835	19.999600
848	836	1.649813
848	837	4.195218
848	847	1.072379
848	849	0.869564
848	850	2.622015
849	832	0.487445
849	833	1.191533
849	847	21.447151
849	848	0.869564
849	850	0.998865
850	811	1.498296
850	837	21.999516
850	838	2.749992
850	839	11.247095
850	846	4.195218
850	847	0.576780
850	848	2.622015
850	849	0.998865
850	851	0.628571
850	852	0.292136
851	554	0.362813
851	802	7.498092
851	804	1.233891
851	844	6.992010
851	845	1.606743
851	846	0.655505
851	850	0.628571
851	852	0.978018
852	809	3.833319
852	810	1.072379
852	811	0.857904
852	838	5.623579
852	839	1.533331
852	840	1.261623
852	850	0.292136
852	851	0.978018
852	853	0.233126
853	809	1.128820
853	810	2.222217
853	839	21.447151
853	840	3.333322
853	852	0.233126
853	854	0.428952
854	807	11.499868
854	808	1.261623
854	809	0.403509
854	853	0.428952
854	855	0.274969
855	807	1.261623
855	808	4.999975
855	854	0.274969
855	856	0.476613
856	569	7.666608
856	570	0.932504
856	740	5.361874
856	741	7.149152
856	805	11.499868
856	806	1.261623
856	807	0.469388
856	855	0.476613
856	857	0.249391
857	568	5.361874
857	569	1.021314
857	570	2.499994
857	741	0.869564
857	742	21.447151
857	805	1.261623
857	806	2.857135
857	856	0.249391
857	858	0.400000
858	559	1.261623
858	560	1.949779
858	741	19.999600
858	742	1.191533
858	743	2.996588
858	805	0.487445
858	857	0.400000
858	859	0.345929
859	552	11.499868
859	553	1.191533
859	558	22.493938
859	559	0.338235
859	560	0.676470
859	743	4.498869
859	858	0.345929
859	860	0.198589
860	552	1.021314
860	553	2.499994
860	558	1.906922
860	859	0.198589
860	861	0.540540
861	551	1.261623
861	552	0.523112
861	557	1.104008
861	558	0.776895
861	860	0.540540
861	862	0.317460
862	546	0.400000
862	547	1.498296
862	551	3.574589
862	557	20.975737
862	861	0.317460
862	863	0.974890
863	862	0.974890
863	864	0.298701
863	890	1.261623
863	891	0.624845
863	892	0.833127
863	893	4.498869
864	557	22.493938
864	863	0.298701
864	865	0.267442
864	889	1.429839
864	890	0.714920
864	892	3.749060
864	893	1.874533
865	864	0.267442
865	866	0.258427
865	888	1.261623
865	889	0.794355
865	1467	3.285703
866	865	0.258427
866	867	0.244505
866	868	5.749967
866	886	1.499627
866	887	1.249690
866	888	1.949779
866	1466	1.277776
866	1467	3.833319
867	866	0.244505
867	868	0.775670
867	869	0.268925
867	885	2.444438
867	886	1.294116
867	1465	22.493938
867	1466	5.623579
868	866	5.749967
868	867	0.775670
868	869	0.612788
868	884	0.450980
868	885	3.749060
869	867	0.268925
869	868	0.612788
869	870	0.466137
869	884	0.974890
869	885	1.165342
869	886	20.975737
870	240	2.996588
870	869	0.466137
870	871	0.201694
870	884	1.405901
870	885	0.328358
870	1398	1.730339
871	240	1.176469
871	870	0.201694
871	872	0.293803
871	883	9.999900
871	884	10.723690
871	1398	4.289504
871	1399	2.680944
872	240	0.397178
872	871	0.293803
872	873	0.221154
872	883	1.429839
873	872	0.221154
873	874	0.228166
873	881	5.749967
873	882	1.261623
873	883	1.531970
874	873	0.228166
874	875	0.317460
874	881	1.072379
874	882	3.333322
875	795	19.999600
875	874	0.317460
875	876	0.369786
875	880	1.261623
875	881	0.612788
876	794	10.723690
876	795	3.063935
876	875	0.369786
876	877	0.714920
876	878	0.642698
876	879	2.044945
876	880	0.433962
877	753	21.447151
877	754	1.666664
877	755	21.447151
877	793	21.447151
877	794	1.999996
877	876	0.714920
877	878	0.265521
877	3306	10.723690
877	3307	2.857135
878	753	2.811798
878	754	2.330681
878	794	5.244017
878	795	2.330681
878	876	0.642698
878	877	0.265521
878	879	0.217822
878	3307	5.244017
879	753	22.493938
879	795	0.953462
879	796	10.487978
879	876	2.044945
879	878	0.217822
879	880	0.424423
879	1491	3.666653
880	795	21.447151
880	796	4.289504
880	875	1.261623
880	876	0.433962
880	879	0.424423
880	881	0.280488
881	796	2.144756
881	797	2.144756
881	873	5.749967
881	874	1.072379
881	875	0.612788
881	880	0.280488
881	882	0.228166
881	1490	21.447151
882	797	3.333322
882	798	20.975737
882	873	1.261623
882	874	3.333322
882	881	0.228166
882	883	0.333333
883	240	2.499994
883	871	9.999900
883	872	1.429839
883	873	1.531970
883	882	0.333333
883	884	0.302079
884	240	1.531970
884	868	0.450980
884	869	0.974890
884	870	1.405901
884	871	10.723690
884	883	0.302079
884	885	0.749814
885	867	2.444438
885	868	3.749060
885	869	1.165342
885	870	0.328358
885	884	0.749814
885	886	0.234042
886	866	1.499627
886	867	1.294116
886	869	20.975737
886	885	0.234042
886	887	0.252873
887	866	1.249690
887	886	0.252873
887	888	0.209762
887	1396	1.047618
887	1397	6.992010
888	865	1.261623
888	866	1.949779
888	887	0.209762
888	889	0.317460
888	1396	5.244017
889	864	1.429839
889	865	0.794355
889	888	0.317460
889	890	0.384615
889	1467	5.361874
889	1468	9.999900
890	863	1.261623
890	864	0.714920
890	889	0.384615
890	891	0.411297
891	509	10.487978
891	510	2.330681
891	511	22.493938
891	863	0.624845
891	890	0.411297
891	892	0.343750
892	510	20.975737
892	511	22.493938
892	863	0.833127
892	864	3.749060
892	891	0.343750
892	893	0.226804
893	863	4.498869
893	864	1.874533
893	892	0.226804
893	894	0.316823
894	556	1.606743
894	893	0.316823
894	895	0.333333
895	555	1.949779
895	556	0.833127
895	842	1.124721
895	894	0.333333
895	896	0.214233
896	555	2.330681
896	842	4.399981
896	843	0.999999
896	844	3.496017
896	895	0.214233
896	897	0.200000
896	1062	22.493938
897	843	2.749992
897	844	1.048808
897	896	0.200000
897	898	0.343872
897	1062	11.247095
897	1063	1.833330
898	897	0.343872
898	899	0.273973
898	1063	1.104008
898	1064	1.949779
898	1379	20.975737
899	898	0.273973
899	900	0.289832
899	1064	2.680944
899	1065	2.144756
899	1379	1.498296
900	899	0.289832
900	901	0.200843
900	1376	2.680944
900	1378	1.072379
900	1379	0.624845
900	1381	1.323201
901	900	0.200843
901	902	0.233069
901	1375	2.499376
901	1376	1.311009
901	1378	2.996588
901	1381	0.916666
901	1382	4.195218
902	901	0.233069
902	903	0.357460
902	1374	9.999900
902	1375	1.072379
902	1382	1.052630
902	1480	2.622015
903	902	0.357460
903	904	0.958332
903	905	0.511111
903	1374	1.128820
903	1375	0.511111
903	1382	21.447151
903	1480	0.489009
903	1481	11.247095
903	1483	7.666608
904	903	0.958332
904	905	0.919999
904	1481	11.247095
904	1483	0.239583
905	903	0.511111
905	904	0.919999
905	906	0.283951
905	1373	1.261623
905	1374	0.466252
905	1480	22.493938
905	1481	7.498092
905	1483	5.749967
906	905	0.283951
906	907	0.247312
906	1372	1.261623
906	1373	0.670237
907	906	0.247312
907	908	0.240984
907	1370	22.999471
907	1371	1.072379
907	1372	0.649927
908	907	0.240984
908	909	0.333333
908	1370	1.191533
908	1371	1.818179
909	908	0.333333
909	910	0.434782
909	1369	1.429839
909	1370	0.714920
910	909	0.434782
910	911	0.412454
910	1368	1.128820
910	1369	0.612788
911	910	0.412454
911	912	0.670237
911	913	0.295979
911	1367	1.261623
911	1368	0.433962
912	911	0.670237
912	913	1.104008
912	915	5.244017
912	916	1.613549
912	917	2.383062
912	1326	0.454545
912	1327	0.555555
912	1358	20.975737
913	911	0.295979
913	912	1.104008
913	914	0.225550
913	1363	1.498296
913	1365	20.975737
913	1366	1.398410
913	1367	1.104008
914	913	0.225550
914	915	0.241105
914	1362	1.261623
914	1363	2.222217
914	1364	19.999600
914	1365	1.333332
914	1366	1.333332
915	912	5.244017
915	914	0.241105
915	916	0.305555
915	1327	2.996588
915	1360	3.666653
915	1361	2.996588
915	1362	0.937268
916	912	1.613549
916	915	0.305555
916	917	0.227217
916	1326	20.975737
916	1327	1.748012
916	1358	5.499970
916	1359	0.839046
916	1360	5.499970
917	912	2.383062
917	916	0.227217
917	918	0.225764
917	1325	2.874992
917	1326	1.191533
917	1358	1.071163
917	1359	1.949779
918	917	0.225764
918	919	0.302079
918	1325	1.261623
918	1326	9.999900
918	1331	20.975737
918	1357	5.244017
918	1358	10.487978
919	918	0.302079
919	920	0.359375
919	1324	1.261623
919	1325	0.479166
919	1332	3.749060
920	919	0.359375
920	921	0.228166
920	1323	1.787298
920	1324	0.428952
921	920	0.228166
921	922	0.340438
921	923	10.723690
921	1214	19.999600
921	1217	19.999600
921	1218	6.992010
921	1319	21.447151
921	1322	1.613549
921	1323	2.499994
922	921	0.340438
922	923	0.621621
922	924	11.247095
922	1215	22.999471
922	1319	1.769228
922	1320	1.095237
922	1321	1.183917
922	1322	0.449889
923	921	10.723690
923	922	0.621621
923	924	0.316823
923	1218	1.405901
923	1316	3.833319
923	1319	0.267442
923	1320	22.999471
924	922	11.247095
924	923	0.316823
924	925	0.252746
924	1216	5.244017
924	1217	1.398410
924	1218	0.709677
924	1315	1.157893
924	1316	11.247095
925	924	0.252746
925	926	0.202336
925	1215	5.749967
925	1216	1.021314
925	1217	0.932504
925	1288	2.044945
925	1314	4.498869
925	1315	5.623579
926	925	0.202336
926	927	0.582671
926	1215	1.021314
926	1216	2.222217
926	1288	1.613549
926	1289	6.666622
926	1347	19.999600
927	926	0.582671
927	928	0.228002
927	949	1.183917
927	1213	7.498092
927	1214	1.498296
927	1215	0.432585
927	1345	10.487978
927	1346	21.999516
927	1347	1.398410
928	927	0.228002
928	929	0.404672
928	949	0.487445
928	1213	1.340474
928	1214	4.999975
928	1345	6.666622
928	1346	10.487978
929	928	0.404672
929	930	0.246524
929	948	0.893650
929	949	4.599979
929	950	5.361874
929	1212	1.261623
929	1213	0.328571
930	929	0.246524
930	931	0.498781
930	941	7.149152
930	942	1.906922
930	943	2.622015
930	947	10.487978
930	948	4.999975
930	950	9.999900
930	1206	21.447151
930	1211	1.498296
930	1212	1.818179
931	930	0.498781
931	932	0.212963
931	942	11.247095
931	943	2.811798
931	1210	1.261623
931	1211	0.381262
932	931	0.212963
932	933	0.198589
932	1207	2.811798
932	1208	1.191533
932	1209	3.213482
932	1210	1.649813
933	932	0.198589
933	934	0.246914
933	1207	1.311009
933	1209	6.992010
934	933	0.246914
934	935	0.266667
934	938	1.176469
934	1207	0.699205
935	934	0.266667
935	936	0.874007
935	937	0.699205
935	938	0.454545
936	935	0.874007
936	937	0.198198
936	963	1.048808
936	964	21.999516
936	1202	11.247095
936	1203	2.499376
937	935	0.699205
937	936	0.198198
937	938	0.537850
937	939	6.992010
937	962	1.906922
937	963	1.748012
937	1203	1.606743
937	1204	1.124721
938	934	1.176469
938	935	0.454545
938	937	0.537850
938	939	0.833333
938	940	19.999600
938	1204	3.063935
938	1205	1.428569
938	1207	0.327753
939	937	6.992010
939	938	0.833333
939	940	0.322581
939	952	6.992010
939	961	0.381385
939	962	0.999999
939	1183	2.330681
939	1204	21.447151
939	1205	1.176469
940	938	19.999600
940	939	0.322581
940	941	0.340438
940	951	1.261623
940	952	4.195218
940	1183	1.233891
941	930	7.149152
941	940	0.340438
941	942	0.241876
941	950	1.128820
941	951	0.560975
941	1181	7.149152
942	930	1.906922
942	931	11.247095
942	941	0.241876
942	943	0.523809
942	947	0.956521
942	948	6.992010
942	950	4.195218
942	1180	7.498092
942	1181	2.622015
943	930	2.622015
943	931	2.811798
943	942	0.523809
943	944	0.978018
943	947	0.360656
943	1179	22.493938
943	1180	3.749060
944	943	0.978018
944	945	0.206227
944	947	11.247095
944	1383	10.723690
945	944	0.206227
945	946	0.233069
945	947	2.097613
946	945	0.233069
946	947	0.956521
946	1044	7.498092
946	1045	0.616946
946	1046	6.992010
947	930	10.487978
947	942	0.956521
947	943	0.360656
947	944	11.247095
947	945	2.097613
947	946	0.956521
947	948	0.252725
947	950	6.992010
947	1044	22.493938
948	929	0.893650
948	930	4.999975
948	942	6.992010
948	947	0.252725
948	949	0.857904
948	950	1.111110
948	1212	19.999600
948	1213	1.429839
949	927	1.183917
949	928	0.487445
949	929	4.599979
949	948	0.857904
949	950	0.691858
949	1213	3.833319
949	1214	4.289504
949	1215	5.749967
949	1346	2.249439
949	1347	3.063935
949	1348	0.718749
949	1349	7.149152
950	929	5.361874
950	930	9.999900
950	941	1.128820
950	942	4.195218
950	947	6.992010
950	948	1.111110
950	949	0.691858
950	951	0.714920
950	1348	7.149152
950	1349	4.999975
951	940	1.261623
951	941	0.560975
951	950	0.714920
951	952	0.252746
951	953	11.247095
951	1183	11.247095
952	939	6.992010
952	940	4.195218
952	951	0.252746
952	953	1.222221
952	954	11.247095
953	951	11.247095
953	952	1.222221
953	954	0.803372
953	1339	0.999999
953	1340	0.998865
953	1346	2.749992
953	1348	4.498869
953	1349	2.330681
953	1350	3.496017
954	952	11.247095
954	953	0.803372
954	955	1.183917
954	1340	0.376274
954	1341	3.574589
954	1343	22.999471
954	1344	0.324964
954	1345	3.574589
954	1346	0.523126
955	954	1.183917
955	956	0.846153
955	957	4.195218
955	958	2.330681
955	959	1.748012
955	960	2.622015
955	1205	1.104008
955	1206	0.548645
955	1345	6.992010
956	955	0.846153
956	957	0.776895
956	958	10.487978
956	1206	5.623579
956	1298	1.874533
956	1300	0.349206
956	1301	0.323529
956	1303	20.975737
956	1304	0.998865
956	1342	3.142847
956	1343	1.323201
956	1344	20.975737
956	1345	4.195218
957	955	4.195218
957	956	0.776895
957	958	0.289855
957	959	1.818179
957	1201	9.999900
957	1202	21.447151
957	1204	3.574589
957	1205	4.999975
957	1299	3.999984
957	1300	0.776895
957	1342	20.975737
958	955	2.330681
958	956	10.487978
958	957	0.289855
958	959	0.229885
958	960	19.999600
958	1203	21.447151
958	1204	21.447151
959	955	1.748012
959	957	1.818179
959	958	0.229885
959	960	0.246914
959	1204	4.289504
959	1205	3.999984
960	955	2.622015
960	958	19.999600
960	959	0.246914
960	961	0.291336
960	1204	2.680944
960	1205	1.818179
961	939	0.381385
961	960	0.291336
961	962	0.699205
961	1032	1.398410
961	1033	2.499376
961	1183	1.571426
961	1204	3.749060
961	1205	20.975737
962	937	1.906922
962	939	0.999999
962	961	0.699205
962	963	0.333333
962	1033	10.723690
962	1203	0.974890
962	1204	0.739572
963	936	1.048808
963	937	1.748012
963	962	0.333333
963	964	0.343872
963	1202	1.261623
963	1203	0.536190
964	936	21.999516
964	963	0.343872
964	965	0.212212
964	1200	20.975737
964	1201	1.748012
964	1202	0.478605
965	964	0.212212
965	966	0.323944
965	993	11.247095
965	994	22.493938
965	1200	1.261623
965	1201	1.072379
966	965	0.323944
966	967	0.246524
966	993	5.623579
966	994	2.499376
966	995	1.874533
966	1199	1.261623
966	1200	0.765986
967	966	0.246524
967	968	0.465116
967	995	4.195218
967	996	2.680944
967	1198	1.072379
967	1199	0.952380
968	967	0.465116
968	969	0.312500
968	996	7.149152
968	1197	1.261623
968	1198	0.510657
969	968	0.312500
969	970	0.740740
969	971	1.649813
969	1194	0.799999
969	1195	1.613549
969	1197	1.128820
970	969	0.740740
970	971	0.345929
970	974	20.975737
970	1025	21.447151
970	1027	1.104008
970	1028	0.588235
970	1194	19.999600
971	969	1.649813
971	970	0.345929
971	972	0.749814
971	973	1.949779
971	974	22.493938
971	1028	1.261623
971	1029	0.330801
971	1195	11.247095
972	971	0.749814
972	973	0.299660
972	1029	7.333280
972	1030	2.249439
972	1197	11.247095
972	1198	1.124721
973	971	1.949779
973	972	0.299660
973	974	0.874007
973	1029	1.748012
973	1030	5.361874
974	970	20.975737
974	971	22.493938
974	973	0.874007
974	975	0.279682
974	1027	4.399981
974	1028	2.330681
974	1029	0.916666
975	974	0.279682
975	976	0.340438
975	1027	1.233891
975	1028	19.999600
976	975	0.340438
976	977	0.246524
976	1026	1.949779
976	1027	0.499876
977	976	0.246524
977	978	0.322581
977	1025	3.063935
977	1026	3.333322
978	977	0.322581
978	979	0.437003
978	1024	1.613549
978	1025	0.974890
979	978	0.437003
979	980	0.499876
979	981	2.811798
979	1023	2.330681
979	1024	1.466665
980	979	0.499876
980	981	0.433962
980	1023	4.289504
981	979	2.811798
981	980	0.433962
981	982	0.244681
981	1022	1.340474
981	1023	2.680944
982	981	0.244681
982	983	0.227217
982	1021	1.787298
982	1022	0.974890
983	982	0.227217
983	984	0.956521
983	1003	7.498092
983	1004	1.398410
983	1019	1.405901
983	1020	1.498296
983	1021	1.498296
984	983	0.956521
984	985	0.388448
984	1004	1.165342
984	1005	3.213482
984	1020	5.244017
984	1021	10.487978
985	984	0.388448
985	986	0.338983
985	1002	1.531970
985	1003	5.361874
985	1021	9.999900
986	985	0.338983
986	987	0.476190
986	1001	1.531970
986	1002	1.429839
986	1003	21.447151
987	986	0.476190
987	988	0.595767
987	1000	2.383062
987	1001	0.691858
988	987	0.595767
988	989	0.261364
988	999	1.649813
988	1000	0.425926
989	988	0.261364
989	990	0.291139
989	998	1.787298
989	999	1.340474
990	989	0.291139
990	991	0.240984
990	996	7.666608
990	997	1.191533
990	998	0.739572
991	990	0.240984
991	992	0.271489
991	996	1.649813
991	997	9.999900
992	991	0.271489
992	993	0.702951
992	994	0.642698
992	995	1.606743
992	996	1.149999
993	965	11.247095
993	966	5.623579
993	992	0.702951
993	994	0.278481
993	1201	1.165342
994	965	22.493938
994	966	2.499376
994	992	0.642698
994	993	0.278481
994	995	0.213592
994	1200	1.048808
994	1201	1.498296
995	966	1.874533
995	967	4.195218
995	992	1.606743
995	994	0.213592
995	996	0.271017
995	1199	1.498296
995	1200	0.953462
996	967	2.680944
996	968	7.149152
996	990	7.666608
996	991	1.649813
996	992	1.149999
996	995	0.271017
996	997	0.223413
997	990	1.191533
997	991	9.999900
997	996	0.223413
997	998	0.363636
998	989	1.787298
998	990	0.739572
998	997	0.363636
998	999	0.434782
999	988	1.649813
999	989	1.340474
999	998	0.434782
999	1000	0.536190
1000	987	2.383062
1000	988	0.425926
1000	999	0.536190
1000	1001	0.365079
1001	986	1.531970
1001	987	0.691858
1001	1000	0.365079
1001	1002	0.718749
1001	1003	22.999471
1002	985	1.531970
1002	986	1.429839
1002	1001	0.718749
1002	1003	0.522727
1003	983	7.498092
1003	985	5.361874
1003	986	21.447151
1003	1001	22.999471
1003	1002	0.522727
1003	1004	0.649927
1004	983	1.398410
1004	984	1.165342
1004	1003	0.649927
1004	1005	0.739572
1005	984	3.213482
1005	1004	0.739572
1005	1006	0.824907
1005	1019	22.999471
1006	1005	0.824907
1006	1007	0.408163
1006	1017	2.144756
1006	1018	1.613549
1007	1006	0.408163
1007	1008	0.350877
1007	1016	1.649813
1007	1017	0.974890
1008	1007	0.350877
1008	1009	0.408163
1008	1015	2.680944
1008	1016	1.429839
1009	1008	0.408163
1009	1010	0.310835
1009	1014	2.680944
1009	1015	0.857904
1010	1009	0.310835
1010	1011	1.021314
1010	1012	0.999999
1010	1013	11.247095
1010	1014	0.919999
1011	1010	1.021314
1011	1012	0.340438
1012	1010	0.999999
1012	1011	0.340438
1012	1013	0.229535
1013	1010	11.247095
1013	1012	0.229535
1013	1014	0.340825
1014	1009	2.680944
1014	1010	0.919999
1014	1013	0.340825
1014	1015	0.315068
1015	1008	2.680944
1015	1009	0.857904
1015	1014	0.315068
1015	1016	0.306667
1016	1007	1.649813
1016	1008	1.429839
1016	1015	0.306667
1016	1017	0.511111
1017	1006	2.144756
1017	1007	0.974890
1017	1016	0.511111
1017	1018	0.449889
1018	1006	1.613549
1018	1017	0.449889
1018	1019	0.775670
1019	983	1.405901
1019	1005	22.999471
1019	1018	0.775670
1019	1020	0.252325
1020	983	1.498296
1020	984	5.244017
1020	1019	0.252325
1020	1021	0.289855
1021	982	1.787298
1021	983	1.498296
1021	984	10.487978
1021	985	9.999900
1021	1020	0.289855
1021	1022	0.338983
1022	981	1.340474
1022	982	0.974890
1022	1021	0.338983
1022	1023	0.370370
1023	979	2.330681
1023	980	4.289504
1023	981	2.680944
1023	1022	0.370370
1023	1024	0.338325
1024	978	1.613549
1024	979	1.466665
1024	1023	0.338325
1024	1025	0.220534
1025	970	21.447151
1025	977	3.063935
1025	978	0.974890
1025	1024	0.220534
1025	1026	0.255329
1026	976	1.949779
1026	977	3.333322
1026	1025	0.255329
1026	1027	0.456004
1027	970	1.104008
1027	974	4.399981
1027	975	1.233891
1027	976	0.499876
1027	1026	0.456004
1027	1028	0.374574
1028	970	0.588235
1028	971	1.261623
1028	974	2.330681
1028	975	19.999600
1028	1027	0.374574
1028	1029	0.456004
1029	971	0.330801
1029	972	7.333280
1029	973	1.748012
1029	974	0.916666
1029	1028	0.456004
1029	1030	0.264640
1029	1193	6.992010
1029	1195	2.749992
1029	1197	11.247095
1030	972	2.249439
1030	973	5.361874
1030	1029	0.264640
1030	1031	0.370968
1030	1192	1.261623
1030	1193	1.649813
1030	1195	4.498869
1030	1197	1.352939
1030	1198	11.499868
1031	1030	0.370968
1031	1032	0.649927
1031	1033	0.621621
1031	1191	1.340474
1031	1192	0.670237
1031	1196	4.289504
1031	1197	1.916663
1031	1198	11.499868
1032	961	1.398410
1032	1031	0.649927
1032	1033	0.765986
1032	1183	0.327753
1032	1184	3.574589
1032	1185	3.333322
1033	961	2.499376
1033	962	10.723690
1033	1031	0.621621
1033	1032	0.765986
1033	1034	0.289832
1033	1183	22.493938
1033	1190	1.128820
1033	1191	0.595767
1033	1196	7.149152
1033	1197	22.999471
1034	1033	0.289832
1034	1035	0.266667
1034	1183	20.975737
1034	1189	1.261623
1034	1190	1.428569
1035	1034	0.266667
1035	1036	0.893650
1035	1037	9.999900
1035	1038	1.311009
1035	1182	0.434782
1035	1188	1.649813
1035	1189	0.932504
1036	1035	0.893650
1036	1037	0.579665
1036	1038	2.811798
1036	1039	1.072379
1036	1040	1.916663
1036	1041	1.916663
1036	1179	22.999471
1036	1180	22.999471
1036	1181	0.233126
1036	1182	0.649927
1036	1185	7.149152
1036	1186	7.498092
1037	1035	9.999900
1037	1036	0.579665
1037	1038	0.839046
1037	1039	9.999900
1037	1178	0.625000
1037	1179	1.649813
1037	1180	5.361874
1038	516	5.499970
1038	1035	1.311009
1038	1036	2.811798
1038	1037	0.839046
1038	1039	0.295439
1038	1182	1.498296
1038	1187	3.496017
1038	1188	0.321349
1039	1036	1.072379
1039	1037	9.999900
1039	1038	0.295439
1039	1040	0.579665
1039	1182	0.833333
1039	1186	1.311009
1039	1187	1.818179
1040	1036	1.916663
1040	1039	0.579665
1040	1041	0.209091
1040	1185	1.261623
1040	1186	0.346068
1041	1036	1.916663
1041	1040	0.209091
1041	1042	0.212353
1041	1180	3.285703
1041	1181	1.340474
1041	1184	3.833319
1041	1185	3.063935
1042	1041	0.212353
1042	1043	0.363636
1042	1180	1.261623
1042	1181	19.999600
1043	1042	0.363636
1043	1044	0.446825
1043	1179	1.429839
1043	1180	0.765986
1044	946	7.498092
1044	947	22.493938
1044	1043	0.446825
1044	1045	0.297883
1044	1176	7.149152
1044	1177	1.261623
1044	1179	0.389830
1045	946	0.616946
1045	1044	0.297883
1045	1046	0.312500
1045	1175	21.447151
1045	1176	1.249998
1046	946	6.992010
1046	1045	0.312500
1046	1047	0.278540
1046	1048	19.999600
1046	1175	1.340474
1046	1176	4.999975
1046	1369	21.447151
1047	1046	0.278540
1047	1048	0.630812
1047	1049	0.278540
1047	1172	0.999999
1047	1173	1.730339
1047	1174	10.723690
1047	1175	2.874992
1047	1368	22.999471
1047	1369	1.642854
1048	1046	19.999600
1048	1047	0.630812
1048	1049	0.465116
1048	1050	5.244017
1048	1092	2.857135
1048	1171	0.952380
1048	1172	0.579665
1049	1047	0.278540
1049	1048	0.465116
1049	1050	0.428085
1049	1172	21.447151
1049	1173	1.613549
1049	1369	21.447151
1050	1048	5.244017
1050	1049	0.428085
1050	1051	0.316823
1050	1075	10.999879
1050	1076	0.999999
1050	1077	1.606743
1050	1078	20.975737
1050	1091	1.405901
1050	1092	5.244017
1050	1173	1.466665
1050	1370	7.498092
1051	1050	0.316823
1051	1052	0.278540
1051	1076	22.493938
1051	1077	0.589743
1051	1090	1.340474
1051	1091	0.621621
1051	1173	0.681649
1051	1370	22.999471
1051	1371	2.680944
1052	1051	0.278540
1052	1053	0.307692
1052	1077	1.072379
1052	1089	1.261623
1052	1090	9.999900
1052	1173	3.496017
1052	1174	1.538459
1053	1052	0.307692
1053	1054	0.327869
1053	1068	1.428569
1053	1077	4.289504
1053	1088	1.498296
1053	1089	0.824907
1054	1053	0.327869
1054	1055	0.456332
1054	1067	1.787298
1054	1068	3.999984
1054	1087	1.429839
1054	1088	0.723316
1055	1054	0.456332
1055	1056	0.200445
1055	1067	4.599979
1055	1085	4.498869
1055	1086	1.261623
1055	1087	0.460000
1056	1055	0.200445
1056	1057	0.320113
1056	1067	5.361874
1056	1085	1.233891
1057	1056	0.320113
1057	1058	0.206227
1057	1065	22.999471
1057	1066	1.649813
1057	1084	1.022474
1057	1085	0.394639
1058	1057	0.206227
1058	1059	0.434782
1058	1065	1.261623
1058	1066	3.333322
1058	1084	0.874007
1059	1058	0.434782
1059	1060	0.351600
1059	1064	1.072379
1059	1065	0.549938
1060	1059	0.351600
1060	1061	0.893650
1060	1062	0.621621
1060	1063	2.044945
1060	1064	0.403509
1061	842	2.330681
1061	843	1.165342
1061	1060	0.893650
1061	1062	0.235688
1062	843	11.247095
1062	896	22.493938
1062	897	11.247095
1062	1060	0.621621
1062	1061	0.235688
1062	1063	0.241876
1063	897	1.833330
1063	898	1.104008
1063	1060	2.044945
1063	1062	0.241876
1063	1064	0.548645
1064	898	1.949779
1064	899	2.680944
1064	1059	1.072379
1064	1060	0.403509
1064	1063	0.548645
1064	1065	0.264368
1065	899	2.144756
1065	1057	22.999471
1065	1058	1.261623
1065	1059	0.549938
1065	1064	0.264368
1065	1066	0.261556
1066	1057	1.649813
1066	1058	3.333322
1066	1065	0.261556
1066	1067	0.329963
1066	1069	9.999900
1066	1084	10.487978
1066	1085	3.496017
1067	1054	1.787298
1067	1055	4.599979
1067	1056	5.361874
1067	1066	0.329963
1067	1068	0.252325
1067	1069	1.787298
1067	1085	1.405901
1067	1086	3.574589
1067	1087	11.499868
1068	1053	1.428569
1068	1054	3.999984
1068	1067	0.252325
1068	1069	0.952380
1068	1077	0.466252
1068	1082	21.447151
1068	1088	20.975737
1069	1066	9.999900
1069	1067	1.787298
1069	1068	0.952380
1069	1070	0.595767
1069	1082	7.149152
1069	1083	9.999900
1069	1085	6.992010
1069	1372	6.666622
1070	1069	0.595767
1070	1071	0.298701
1070	1081	1.787298
1070	1082	0.450980
1070	1372	5.361874
1071	1070	0.298701
1071	1072	0.247312
1071	1080	1.261623
1071	1081	0.857904
1071	1151	11.247095
1072	1071	0.247312
1072	1073	0.240984
1072	1079	1.072379
1072	1080	1.072379
1072	1151	4.498869
1072	1152	2.499376
1073	1072	0.240984
1073	1074	0.281690
1073	1078	1.538459
1073	1079	1.818179
1073	1152	6.992010
1073	1153	10.723690
1073	1154	9.999900
1074	1073	0.281690
1074	1075	0.776895
1074	1076	0.537850
1074	1077	3.063935
1074	1078	0.526316
1074	1154	4.999975
1075	1050	10.999879
1075	1074	0.776895
1075	1076	0.318840
1075	1093	7.333280
1075	1165	0.523809
1076	1050	0.999999
1076	1051	22.493938
1076	1074	0.537850
1076	1075	0.318840
1076	1077	0.749814
1076	1078	0.456004
1076	1091	22.493938
1076	1092	1.906922
1076	1093	4.399981
1077	1050	1.606743
1077	1051	0.589743
1077	1052	1.072379
1077	1053	4.289504
1077	1068	0.466252
1077	1074	3.063935
1077	1076	0.749814
1077	1078	0.765986
1077	1079	21.447151
1077	1091	3.285703
1078	1050	20.975737
1078	1073	1.538459
1078	1074	0.526316
1078	1076	0.456004
1078	1077	0.765986
1078	1079	0.227273
1078	1091	1.649813
1078	1092	1.818179
1079	1072	1.072379
1079	1073	1.818179
1079	1077	21.447151
1079	1078	0.227273
1079	1080	0.350877
1079	1152	1.906922
1080	1071	1.261623
1080	1072	1.072379
1080	1079	0.350877
1080	1081	0.246914
1080	1151	1.398410
1080	1152	1.498296
1081	1070	1.787298
1081	1071	0.857904
1081	1080	0.246914
1081	1082	0.357460
1081	1150	5.244017
1082	1068	21.447151
1082	1069	7.149152
1082	1070	0.450980
1082	1081	0.357460
1082	1083	0.218853
1083	1069	9.999900
1083	1082	0.218853
1083	1084	0.776895
1083	1085	0.998865
1083	1086	3.999984
1084	1057	1.022474
1084	1058	0.874007
1084	1066	10.487978
1084	1083	0.776895
1084	1085	0.458333
1085	1055	4.498869
1085	1056	1.233891
1085	1057	0.394639
1085	1066	3.496017
1085	1067	1.405901
1085	1069	6.992010
1085	1083	0.998865
1085	1084	0.458333
1085	1086	0.252725
1086	1055	1.261623
1086	1067	3.574589
1086	1083	3.999984
1086	1085	0.252725
1086	1087	0.285968
1087	1054	1.429839
1087	1055	0.460000
1087	1067	11.499868
1087	1086	0.285968
1087	1088	0.244505
1088	1053	1.498296
1088	1054	0.723316
1088	1068	20.975737
1088	1087	0.244505
1088	1089	0.326006
1089	1052	1.261623
1089	1053	0.824907
1089	1088	0.326006
1089	1090	0.235688
1090	1051	1.340474
1090	1052	9.999900
1090	1089	0.235688
1090	1091	0.363519
1090	1173	2.097613
1091	1050	1.405901
1091	1051	0.621621
1091	1076	22.493938
1091	1077	3.285703
1091	1078	1.649813
1091	1090	0.363519
1091	1092	0.282205
1091	1173	2.044945
1092	1048	2.857135
1092	1050	5.244017
1092	1076	1.906922
1092	1078	1.818179
1092	1091	0.282205
1092	1093	0.276002
1093	1075	7.333280
1093	1076	4.399981
1093	1092	0.276002
1093	1094	0.250000
1094	1093	0.250000
1094	1095	0.299660
1094	1165	21.999516
1095	1094	0.299660
1095	1096	0.666666
1096	1095	0.666666
1096	1097	0.312500
1096	1169	1.128820
1096	1170	2.330681
1097	1096	0.312500
1097	1098	0.434782
1097	1168	1.340474
1097	1169	0.612788
1098	1097	0.434782
1098	1099	0.344827
1098	1166	21.447151
1098	1167	1.261623
1098	1168	0.630812
1099	1098	0.344827
1099	1100	0.329963
1099	1166	1.340474
1099	1167	1.128820
1100	1099	0.329963
1100	1101	0.824907
1100	1139	2.874992
1100	1161	3.213482
1100	1162	2.811798
1100	1166	0.511111
1101	1100	0.824907
1101	1102	0.270270
1101	1138	1.072379
1101	1139	1.649813
1101	1161	0.317821
1102	1101	0.270270
1102	1103	0.564410
1102	1137	1.531970
1102	1138	0.893650
1103	1102	0.564410
1103	1104	0.310835
1103	1135	7.498092
1103	1136	1.340474
1103	1137	0.410714
1104	1103	0.310835
1104	1105	0.266667
1104	1134	20.975737
1104	1135	1.748012
1104	1136	9.999900
1105	1104	0.266667
1105	1106	0.299660
1105	1134	1.498296
1105	1135	2.996588
1106	1105	0.299660
1106	1107	0.548645
1106	1132	10.487978
1106	1133	1.748012
1106	1134	0.916666
1107	1106	0.548645
1107	1108	0.974890
1107	1109	1.429839
1107	1110	3.833319
1107	1128	1.949779
1107	1131	3.063935
1107	1132	1.531970
1107	1133	7.149152
1107	1262	22.493938
1108	1107	0.974890
1108	1109	0.689655
1108	1110	10.723690
1108	1128	19.999600
1108	1263	9.999900
1109	1107	1.429839
1109	1108	0.689655
1109	1110	0.249391
1109	1131	2.499994
1109	1132	1.999996
1109	1262	0.552004
1109	1263	3.333322
1110	1107	3.833319
1110	1108	10.723690
1110	1109	0.249391
1110	1111	0.579665
1110	1122	22.999471
1110	1127	1.277776
1110	1128	1.072379
1110	1130	1.021314
1110	1131	1.072379
1111	1110	0.579665
1111	1112	0.869564
1111	1113	0.676650
1111	1122	0.376274
1111	1126	5.361874
1111	1127	1.429839
1111	1129	1.398410
1111	1130	19.999600
1112	1111	0.869564
1112	1113	0.499433
1112	1114	2.383062
1112	1115	4.999975
1112	1116	1.649813
1112	1117	10.723690
1112	1118	4.999975
1112	1122	21.447151
1113	1111	0.676650
1113	1112	0.499433
1113	1114	0.416564
1113	1122	7.498092
1113	1126	22.493938
1113	1127	2.044945
1113	1129	0.407407
1114	1112	2.383062
1114	1113	0.416564
1114	1115	0.329963
1114	1116	1.642854
1114	1122	22.999471
1114	1126	22.999471
1114	1127	3.833319
1115	1112	4.999975
1115	1114	0.329963
1115	1116	0.302079
1116	1112	1.649813
1116	1114	1.642854
1116	1115	0.302079
1116	1117	0.442307
1116	1122	22.999471
1116	1125	0.657142
1116	1126	5.749967
1117	1112	10.723690
1117	1116	0.442307
1117	1118	0.315406
1117	1124	0.714920
1117	1125	0.418182
1118	1112	4.999975
1118	1117	0.315406
1118	1119	0.526316
1118	1121	10.723690
1118	1123	2.857135
1118	1124	1.666664
1119	1118	0.526316
1119	1120	0.799999
1119	1124	19.999600
1120	1119	0.799999
1120	1121	0.389956
1121	1118	10.723690
1121	1120	0.389956
1121	1122	0.919999
1121	1123	0.369786
1122	1110	22.999471
1122	1111	0.376274
1122	1112	21.447151
1122	1113	7.498092
1122	1114	22.999471
1122	1116	22.999471
1122	1121	0.919999
1122	1123	0.714920
1122	1124	21.447151
1122	1125	3.285703
1122	1126	1.149999
1123	1118	2.857135
1123	1121	0.369786
1123	1122	0.714920
1123	1124	0.416666
1124	1117	0.714920
1124	1118	1.666664
1124	1119	19.999600
1124	1122	21.447151
1124	1123	0.416666
1124	1125	0.404672
1125	1116	0.657142
1125	1117	0.418182
1125	1122	3.285703
1125	1124	0.404672
1125	1126	0.353846
1126	1111	5.361874
1126	1113	22.493938
1126	1114	22.999471
1126	1116	5.749967
1126	1122	1.149999
1126	1125	0.353846
1126	1127	0.294872
1127	1110	1.277776
1127	1111	1.429839
1127	1113	2.044945
1127	1114	3.833319
1127	1126	0.294872
1127	1128	0.412454
1127	1129	5.623579
1127	1130	21.447151
1128	1107	1.949779
1128	1108	19.999600
1128	1110	1.072379
1128	1127	0.412454
1128	1129	0.616946
1129	1111	1.398410
1129	1113	0.407407
1129	1127	5.623579
1129	1128	0.616946
1129	1130	0.272418
1130	1110	1.021314
1130	1111	19.999600
1130	1127	21.447151
1130	1129	0.272418
1130	1131	0.273973
1131	1107	3.063935
1131	1109	2.499994
1131	1110	1.072379
1131	1130	0.273973
1131	1132	0.240964
1132	1106	10.487978
1132	1107	1.531970
1132	1109	1.999996
1132	1131	0.240964
1132	1133	0.270270
1132	1262	1.498296
1133	1106	1.748012
1133	1107	7.149152
1133	1132	0.270270
1133	1134	0.419523
1133	1262	0.998865
1134	1104	20.975737
1134	1105	1.498296
1134	1106	0.916666
1134	1133	0.419523
1134	1135	0.231579
1135	1103	7.498092
1135	1104	1.748012
1135	1105	2.996588
1135	1134	0.231579
1135	1136	0.258965
1136	1103	1.340474
1136	1104	9.999900
1136	1135	0.258965
1136	1137	0.437706
1137	1102	1.531970
1137	1103	0.410714
1137	1136	0.437706
1137	1138	0.273809
1138	1101	1.072379
1138	1102	0.893650
1138	1137	0.273809
1138	1139	0.223301
1138	1161	22.493938
1139	1100	2.874992
1139	1101	1.649813
1139	1138	0.223301
1139	1140	0.576780
1139	1161	3.213482
1139	1162	4.498869
1140	1139	0.576780
1140	1141	0.313077
1140	1160	1.874533
1140	1162	0.415094
1140	1163	0.681649
1141	1140	0.313077
1141	1142	0.769230
1141	1143	0.498781
1141	1163	1.429839
1142	1141	0.769230
1142	1143	1.072379
1142	1164	0.310835
1143	1141	0.498781
1143	1142	1.072379
1143	1144	0.536190
1143	1159	22.999471
1143	1163	2.299995
1143	1164	5.749967
1144	1143	0.536190
1144	1145	0.357143
1144	1157	1.649813
1144	1158	1.104008
1144	1163	21.447151
1144	1164	7.149152
1145	1144	0.357143
1145	1146	0.281690
1145	1156	2.383062
1145	1157	0.932504
1146	1145	0.281690
1146	1147	0.404672
1146	1155	7.149152
1146	1156	0.824907
1147	1146	0.404672
1147	1148	0.285968
1147	1154	1.340474
1147	1155	0.450980
1148	1147	0.285968
1148	1149	0.382993
1148	1153	1.531970
1148	1154	1.999996
1149	1148	0.382993
1149	1150	0.725627
1149	1151	0.607958
1149	1152	2.499376
1149	1153	0.560975
1150	1081	5.244017
1150	1149	0.725627
1150	1151	0.222222
1151	1071	11.247095
1151	1072	4.498869
1151	1080	1.398410
1151	1149	0.607958
1151	1150	0.222222
1151	1152	0.189655
1152	1072	2.499376
1152	1073	6.992010
1152	1079	1.906922
1152	1080	1.498296
1152	1149	2.499376
1152	1151	0.189655
1152	1153	0.288390
1152	1154	20.975737
1153	1073	10.723690
1153	1148	1.531970
1153	1149	0.560975
1153	1152	0.288390
1153	1154	0.340438
1154	1073	9.999900
1154	1074	4.999975
1154	1147	1.340474
1154	1148	1.999996
1154	1152	20.975737
1154	1153	0.340438
1154	1155	0.456332
1155	1146	7.149152
1155	1147	0.450980
1155	1154	0.456332
1155	1156	0.283951
1156	1145	2.383062
1156	1146	0.824907
1156	1155	0.283951
1156	1157	0.258427
1157	1144	1.649813
1157	1145	0.932504
1157	1156	0.258427
1157	1158	0.326006
1157	1164	5.749967
1158	1144	1.104008
1158	1157	0.326006
1158	1159	0.229535
1158	1163	5.623579
1158	1164	22.493938
1159	1143	22.999471
1159	1158	0.229535
1159	1160	0.403509
1159	1163	2.874992
1160	1140	1.874533
1160	1159	0.403509
1160	1161	0.702951
1160	1162	0.441067
1160	1163	2.090905
1161	1100	3.213482
1161	1101	0.317821
1161	1138	22.493938
1161	1139	3.213482
1161	1160	0.702951
1161	1162	0.215686
1162	1100	2.811798
1162	1139	4.498869
1162	1140	0.415094
1162	1160	0.441067
1162	1161	0.215686
1162	1163	0.978018
1162	1166	5.623579
1163	1140	0.681649
1163	1141	1.429839
1163	1143	2.299995
1163	1144	21.447151
1163	1158	5.623579
1163	1159	2.874992
1163	1160	2.090905
1163	1162	0.978018
1163	1164	0.264368
1163	1166	2.874992
1164	1142	0.310835
1164	1143	5.749967
1164	1144	7.149152
1164	1157	5.749967
1164	1158	22.493938
1164	1163	0.264368
1164	1165	1.124721
1164	1166	5.749967
1165	1075	0.523809
1165	1094	21.999516
1165	1164	1.124721
1165	1166	0.937268
1165	1167	22.493938
1166	1098	21.447151
1166	1099	1.340474
1166	1100	0.511111
1166	1162	5.623579
1166	1163	2.874992
1166	1164	5.749967
1166	1165	0.937268
1166	1167	0.242105
1167	1098	1.261623
1167	1099	1.128820
1167	1165	22.493938
1167	1166	0.242105
1167	1168	0.323944
1168	1097	1.340474
1168	1098	0.630812
1168	1167	0.323944
1168	1169	0.328571
1169	1096	1.128820
1169	1097	0.612788
1169	1168	0.328571
1169	1170	0.229535
1170	1096	2.330681
1170	1169	0.229535
1170	1171	0.268925
1171	1048	0.952380
1171	1170	0.268925
1171	1172	1.128820
1172	1047	0.999999
1172	1048	0.579665
1172	1049	21.447151
1172	1171	1.128820
1172	1173	1.022474
1173	1047	1.730339
1173	1049	1.613549
1173	1050	1.466665
1173	1051	0.681649
1173	1052	3.496017
1173	1090	2.097613
1173	1091	2.044945
1173	1172	1.022474
1173	1174	0.322710
1173	1175	22.493938
1174	1047	10.723690
1174	1052	1.538459
1174	1173	0.322710
1174	1175	0.255329
1175	1045	21.447151
1175	1046	1.340474
1175	1047	2.874992
1175	1173	22.493938
1175	1174	0.255329
1175	1176	0.329963
1176	1044	7.149152
1176	1045	1.249998
1176	1046	4.999975
1176	1175	0.329963
1176	1177	0.250000
1177	1044	1.261623
1177	1176	0.250000
1177	1178	0.869564
1177	1179	0.564410
1178	1037	0.625000
1178	1177	0.869564
1178	1179	0.857904
1179	943	22.493938
1179	1036	22.999471
1179	1037	1.649813
1179	1043	1.429839
1179	1044	0.389830
1179	1177	0.564410
1179	1178	0.857904
1179	1180	0.270588
1180	942	7.498092
1180	943	3.749060
1180	1036	22.999471
1180	1037	5.361874
1180	1041	3.285703
1180	1042	1.261623
1180	1043	0.765986
1180	1179	0.270588
1180	1181	0.210271
1181	941	7.149152
1181	942	2.622015
1181	1036	0.233126
1181	1041	1.340474
1181	1042	19.999600
1181	1180	0.210271
1181	1182	0.869564
1181	1183	5.244017
1181	1184	7.149152
1181	1185	19.999600
1182	1035	0.434782
1182	1036	0.649927
1182	1038	1.498296
1182	1039	0.833333
1182	1181	0.869564
1182	1183	0.552004
1182	1186	6.992010
1182	1187	2.499994
1182	1188	2.680944
1183	939	2.330681
1183	940	1.233891
1183	951	11.247095
1183	961	1.571426
1183	1032	0.327753
1183	1033	22.493938
1183	1034	20.975737
1183	1181	5.244017
1183	1182	0.552004
1183	1184	0.775670
1183	1185	4.195218
1184	1032	3.574589
1184	1041	3.833319
1184	1181	7.149152
1184	1183	0.775670
1184	1185	0.210271
1185	1032	3.333322
1185	1036	7.149152
1185	1040	1.261623
1185	1041	3.063935
1185	1181	19.999600
1185	1183	4.195218
1185	1184	0.210271
1185	1186	0.355528
1186	1036	7.498092
1186	1039	1.311009
1186	1040	0.346068
1186	1182	6.992010
1186	1185	0.355528
1186	1187	0.205649
1187	1038	3.496017
1187	1039	1.818179
1187	1182	2.499994
1187	1186	0.205649
1187	1188	0.579665
1188	516	1.874533
1188	1035	1.649813
1188	1038	0.321349
1188	1182	2.680944
1188	1187	0.579665
1188	1189	0.211009
1189	516	1.606743
1189	1034	1.261623
1189	1035	0.932504
1189	1188	0.211009
1189	1190	0.221109
1190	498	19.999600
1190	1033	1.128820
1190	1034	1.428569
1190	1189	0.221109
1190	1191	0.281690
1191	1031	1.340474
1191	1033	0.595767
1191	1190	0.281690
1191	1192	0.555555
1191	1196	6.666622
1192	1030	1.261623
1192	1031	0.670237
1192	1191	0.555555
1192	1193	0.370370
1192	1195	6.992010
1192	1196	0.799999
1193	1029	6.992010
1193	1030	1.649813
1193	1192	0.370370
1193	1194	0.952380
1193	1195	0.953462
1194	969	0.799999
1194	970	19.999600
1194	1193	0.952380
1194	1195	0.998865
1195	969	1.613549
1195	971	11.247095
1195	1029	2.749992
1195	1030	4.498869
1195	1192	6.992010
1195	1193	0.953462
1195	1194	0.998865
1195	1196	0.874007
1195	1197	0.264640
1196	1031	4.289504
1196	1033	7.149152
1196	1191	6.666622
1196	1192	0.799999
1196	1195	0.874007
1196	1197	0.893650
1197	968	1.261623
1197	969	1.128820
1197	972	11.247095
1197	1029	11.247095
1197	1030	1.352939
1197	1031	1.916663
1197	1033	22.999471
1197	1195	0.264640
1197	1196	0.893650
1197	1198	0.250000
1198	967	1.072379
1198	968	0.510657
1198	972	1.124721
1198	1030	11.499868
1198	1031	11.499868
1198	1197	0.250000
1198	1199	0.306394
1199	966	1.261623
1199	967	0.952380
1199	995	1.498296
1199	1198	0.306394
1199	1200	0.273973
1200	964	20.975737
1200	965	1.261623
1200	966	0.765986
1200	994	1.048808
1200	995	0.953462
1200	1199	0.273973
1200	1201	0.289855
1201	957	9.999900
1201	964	1.748012
1201	965	1.072379
1201	993	1.165342
1201	994	1.498296
1201	1200	0.289855
1201	1202	0.376274
1202	936	11.247095
1202	957	21.447151
1202	963	1.261623
1202	964	0.478605
1202	1201	0.376274
1202	1203	0.247312
1202	1302	21.447151
1203	936	2.499376
1203	937	1.606743
1203	958	21.447151
1203	962	0.974890
1203	963	0.536190
1203	1202	0.247312
1203	1204	0.242105
1203	1302	3.574589
1203	1303	2.383062
1203	1304	21.447151
1204	937	1.124721
1204	938	3.063935
1204	939	21.447151
1204	957	3.574589
1204	958	21.447151
1204	959	4.289504
1204	960	2.680944
1204	961	3.749060
1204	962	0.739572
1204	1203	0.242105
1204	1205	0.233126
1204	1303	1.949779
1204	1304	4.289504
1205	938	1.428569
1205	939	1.176469
1205	955	1.104008
1205	957	4.999975
1205	959	3.999984
1205	960	1.818179
1205	961	20.975737
1205	1204	0.233126
1205	1206	0.549938
1205	1207	2.622015
1206	930	21.447151
1206	955	0.548645
1206	956	5.623579
1206	1205	0.549938
1206	1207	0.899777
1206	1304	0.428952
1206	1305	5.749967
1206	1345	1.649813
1207	932	2.811798
1207	933	1.311009
1207	934	0.699205
1207	938	0.327753
1207	1205	2.622015
1207	1206	0.899777
1207	1208	0.283462
1207	1304	20.975737
1208	932	1.191533
1208	1207	0.283462
1208	1209	0.953462
1208	1210	2.499994
1209	932	3.213482
1209	933	6.992010
1209	1208	0.953462
1209	1210	0.368003
1210	931	1.261623
1210	932	1.649813
1210	1208	2.499994
1210	1209	0.368003
1210	1211	0.437003
1211	930	1.498296
1211	931	0.381262
1211	1210	0.437003
1211	1212	0.265521
1212	929	1.261623
1212	930	1.818179
1212	948	19.999600
1212	1211	0.265521
1212	1213	0.564410
1213	927	7.498092
1213	928	1.340474
1213	929	0.328571
1213	948	1.429839
1213	949	3.833319
1213	1212	0.564410
1213	1214	0.233126
1214	921	19.999600
1214	927	1.498296
1214	928	4.999975
1214	949	4.289504
1214	1213	0.233126
1214	1215	0.315406
1215	922	22.999471
1215	925	5.749967
1215	926	1.021314
1215	927	0.432585
1215	949	5.749967
1215	1214	0.315406
1215	1216	0.246524
1215	1347	2.144756
1215	1348	2.555549
1216	924	5.244017
1216	925	1.021314
1216	926	2.222217
1216	1215	0.246524
1216	1217	0.317460
1216	1347	0.666666
1216	1348	3.574589
1217	921	19.999600
1217	924	1.398410
1217	925	0.932504
1217	1216	0.317460
1217	1218	0.295439
1217	1286	21.447151
1217	1287	2.680944
1218	921	6.992010
1218	923	1.405901
1218	924	0.709677
1218	1217	0.295439
1218	1219	0.265521
1218	1286	0.749814
1218	1287	3.749060
1218	1316	7.498092
1218	1319	3.213482
1219	1218	0.265521
1219	1220	0.537850
1219	1282	1.191533
1219	1283	19.999600
1219	1285	1.666664
1219	1286	2.680944
1219	1316	1.021314
1219	1317	1.666664
1219	1318	0.344827
1219	1319	1.191533
1220	1219	0.537850
1220	1221	0.594594
1220	1223	0.865170
1220	1224	3.496017
1220	1281	3.142847
1220	1282	7.498092
1220	1283	1.311009
1220	1284	20.975737
1220	1285	0.446301
1220	1317	1.233891
1220	1318	1.748012
1221	1220	0.594594
1221	1222	1.048808
1221	1223	0.312423
1221	1278	1.165342
1221	1279	1.398410
1221	1280	0.616946
1221	1281	3.142847
1222	1221	1.048808
1222	1223	0.932504
1223	1220	0.865170
1223	1221	0.312423
1223	1222	0.932504
1223	1224	0.233126
1223	1277	4.599979
1223	1278	1.072379
1224	1220	3.496017
1224	1223	0.233126
1224	1225	0.338983
1224	1277	1.261623
1224	1278	9.999900
1224	1284	19.999600
1224	1285	4.999975
1224	1286	3.574589
1225	1224	0.338983
1225	1226	0.327869
1225	1276	0.974890
1225	1277	0.974890
1226	1225	0.327869
1226	1227	0.332955
1226	1275	1.261623
1226	1276	1.128820
1227	1226	0.332955
1227	1228	0.243909
1227	1273	22.493938
1227	1274	1.498296
1227	1275	0.535582
1228	1227	0.243909
1228	1229	0.266667
1228	1273	1.340474
1228	1274	2.222217
1229	1228	0.266667
1229	1230	0.537850
1229	1272	1.949779
1229	1273	0.974890
1230	1229	0.537850
1230	1231	0.295439
1230	1270	10.999879
1230	1271	1.833330
1230	1272	0.340825
1231	1230	0.295439
1231	1232	0.776895
1231	1269	1.748012
1231	1270	1.906922
1231	1271	5.244017
1231	1354	21.447151
1232	1231	0.776895
1232	1233	0.231579
1232	1269	0.301370
1232	1335	3.749060
1232	1336	2.097613
1232	1352	10.487978
1232	1353	1.124721
1232	1354	22.493938
1233	1232	0.231579
1233	1234	0.198198
1233	1267	21.999516
1233	1336	2.330681
1233	1351	22.493938
1233	1352	1.104008
1233	1353	0.978018
1234	1233	0.198198
1234	1235	0.261563
1234	1267	2.199995
1234	1336	10.487978
1234	1337	1.874533
1234	1352	1.311009
1235	1234	0.261563
1235	1236	0.223413
1235	1266	1.261623
1235	1267	2.811798
1235	1337	1.095237
1235	1338	2.299995
1236	1235	0.223413
1236	1237	0.389956
1236	1265	1.340474
1236	1266	2.222217
1236	1338	1.787298
1236	1339	20.975737
1237	1236	0.389956
1237	1238	1.071163
1237	1240	1.769228
1237	1241	2.144756
1237	1259	21.447151
1237	1261	0.299926
1237	1264	2.144756
1237	1265	0.575000
1238	1237	1.071163
1238	1239	0.723316
1238	1240	0.833127
1238	1260	0.912007
1239	1238	0.723316
1239	1240	0.893650
1240	1237	1.769228
1240	1238	0.833127
1240	1239	0.893650
1240	1241	0.282205
1240	1259	1.340474
1240	1261	22.493938
1241	1237	2.144756
1241	1240	0.282205
1241	1242	0.476190
1241	1258	1.787298
1241	1259	3.999984
1241	1265	1.429839
1241	1266	1.333332
1242	1241	0.476190
1242	1243	0.655505
1242	1256	1.429839
1242	1257	3.496017
1242	1265	1.787298
1242	1266	0.799999
1243	1242	0.655505
1243	1244	0.184002
1243	1255	22.493938
1243	1256	2.499376
1243	1257	0.297297
1243	1265	2.249439
1243	1266	3.496017
1244	1243	0.184002
1244	1245	0.338983
1244	1255	1.261623
1244	1256	10.723690
1245	1244	0.338983
1245	1246	0.281690
1245	1253	10.723690
1245	1254	1.340474
1245	1255	0.670237
1246	1245	0.281690
1246	1247	0.404672
1246	1253	0.974890
1246	1254	1.191533
1247	1246	0.404672
1247	1248	0.267442
1247	1252	1.531970
1247	1253	0.377049
1248	1247	0.267442
1248	1249	0.824907
1248	1250	0.499876
1248	1251	2.811798
1248	1252	1.021314
1249	1248	0.824907
1249	1250	0.355528
1249	1309	1.428569
1250	1248	0.499876
1250	1249	0.355528
1250	1251	0.271605
1250	1294	22.493938
1250	1308	1.498296
1250	1309	6.992010
1251	1248	2.811798
1251	1250	0.271605
1251	1252	0.332955
1251	1294	1.606743
1251	1295	1.104008
1251	1307	2.097613
1251	1308	1.498296
1252	1247	1.531970
1252	1248	1.021314
1252	1251	0.332955
1252	1253	0.612788
1252	1295	1.666664
1252	1296	1.666664
1253	1245	10.723690
1253	1246	0.974890
1253	1247	0.377049
1253	1252	0.612788
1253	1254	0.277108
1253	1295	21.447151
1253	1296	2.144756
1253	1297	21.447151
1254	1245	1.340474
1254	1246	1.191533
1254	1253	0.277108
1254	1255	0.306667
1255	1243	22.493938
1255	1244	1.261623
1255	1245	0.670237
1255	1254	0.306667
1255	1256	0.230000
1256	1242	1.429839
1256	1243	2.499376
1256	1244	10.723690
1256	1255	0.230000
1256	1257	0.661601
1257	1242	3.496017
1257	1243	0.297297
1257	1256	0.661601
1257	1258	0.227217
1257	1264	10.487978
1258	1241	1.787298
1258	1257	0.227217
1258	1259	0.428952
1258	1264	1.128820
1258	1265	11.499868
1259	1237	21.447151
1259	1240	1.340474
1259	1241	3.999984
1259	1258	0.428952
1259	1260	0.799999
1259	1261	1.398410
1259	1264	0.999999
1260	1238	0.912007
1260	1259	0.799999
1260	1261	0.446301
1261	1237	0.299926
1261	1240	22.493938
1261	1259	1.398410
1261	1260	0.446301
1261	1262	1.099999
1261	1263	2.996588
1261	1264	1.906922
1262	1107	22.493938
1262	1109	0.552004
1262	1132	1.498296
1262	1133	0.998865
1262	1261	1.099999
1262	1263	0.839046
1263	1108	9.999900
1263	1109	3.333322
1263	1261	2.996588
1263	1262	0.839046
1263	1264	0.571428
1264	1237	2.144756
1264	1257	10.487978
1264	1258	1.128820
1264	1259	0.999999
1264	1261	1.906922
1264	1263	0.571428
1264	1265	0.412454
1265	1236	1.340474
1265	1237	0.575000
1265	1241	1.429839
1265	1242	1.787298
1265	1243	2.249439
1265	1258	11.499868
1265	1264	0.412454
1265	1266	0.404672
1266	1235	1.261623
1266	1236	2.222217
1266	1241	1.333332
1266	1242	0.799999
1266	1243	3.496017
1266	1265	0.404672
1266	1267	0.230507
1266	1338	21.447151
1267	1233	21.999516
1267	1234	2.199995
1267	1235	2.811798
1267	1266	0.230507
1267	1268	0.338461
1267	1337	11.247095
1268	1267	0.338461
1268	1269	0.687500
1268	1270	4.399981
1268	1336	1.748012
1268	1337	3.749060
1269	1231	1.748012
1269	1232	0.301370
1269	1268	0.687500
1269	1270	0.271605
1269	1335	1.022474
1269	1336	10.487978
1269	1353	3.213482
1269	1354	2.249439
1270	1230	10.999879
1270	1231	1.906922
1270	1268	4.399981
1270	1269	0.271605
1270	1271	0.200000
1270	1334	0.953462
1270	1335	0.725627
1270	1353	11.247095
1270	1354	1.124721
1271	1230	1.833330
1271	1231	5.244017
1271	1270	0.200000
1271	1272	0.478605
1271	1334	2.622015
1271	1354	1.730339
1271	1355	2.622015
1272	1229	1.949779
1272	1230	0.340825
1272	1271	0.478605
1272	1273	0.267442
1273	1227	22.493938
1273	1228	1.340474
1273	1229	0.974890
1273	1272	0.267442
1273	1274	0.261556
1274	1227	1.498296
1274	1228	2.222217
1274	1273	0.261556
1274	1275	0.324964
1275	1226	1.261623
1275	1227	0.535582
1275	1274	0.324964
1275	1276	0.239583
1276	1225	0.974890
1276	1226	1.128820
1276	1275	0.239583
1276	1277	0.291139
1277	1223	4.599979
1277	1224	1.261623
1277	1225	0.974890
1277	1276	0.291139
1277	1278	0.271489
1277	1284	3.574589
1278	1221	1.165342
1278	1223	1.072379
1278	1224	9.999900
1278	1277	0.271489
1278	1279	0.416666
1278	1284	0.666666
1279	1221	1.398410
1279	1278	0.416666
1279	1280	0.606060
1280	1221	0.616946
1280	1279	0.606060
1280	1281	0.279682
1281	1220	3.142847
1281	1221	3.142847
1281	1280	0.279682
1281	1282	1.071163
1281	1283	0.355528
1282	1219	1.191533
1282	1220	7.498092
1282	1281	1.071163
1282	1283	0.487445
1282	1285	1.340474
1282	1316	0.348485
1282	1317	0.335119
1283	1219	19.999600
1283	1220	1.311009
1283	1281	0.355528
1283	1282	0.487445
1283	1284	0.689655
1283	1285	0.416666
1283	1317	19.999600
1284	1220	20.975737
1284	1224	19.999600
1284	1277	3.574589
1284	1278	0.666666
1284	1283	0.689655
1284	1285	0.952380
1285	1219	1.666664
1285	1220	0.446301
1285	1224	4.999975
1285	1282	1.340474
1285	1283	0.416666
1285	1284	0.952380
1285	1286	0.240984
1285	1287	21.447151
1285	1316	1.261623
1286	1217	21.447151
1286	1218	0.749814
1286	1219	2.680944
1286	1224	3.574589
1286	1285	0.240984
1286	1287	0.287500
1286	1313	3.285703
1286	1314	2.044945
1286	1315	1.730339
1286	1316	1.149999
1287	1217	2.680944
1287	1218	3.749060
1287	1285	21.447151
1287	1286	0.287500
1287	1288	0.523126
1287	1313	0.306667
1287	1314	1.249690
1288	925	2.044945
1288	926	1.613549
1288	1287	0.523126
1288	1289	0.214043
1288	1312	20.975737
1288	1313	1.323201
1288	1314	0.282051
1289	926	6.666622
1289	1288	0.214043
1289	1290	0.229885
1289	1312	1.538459
1289	1313	5.361874
1290	1289	0.229885
1290	1291	0.404672
1290	1311	1.498296
1290	1312	1.428569
1291	1290	0.404672
1291	1292	0.234694
1291	1310	1.261623
1291	1311	0.449889
1292	1291	0.234694
1292	1293	0.283951
1292	1309	1.191533
1292	1310	0.691858
1293	1292	0.283951
1293	1294	0.280488
1293	1308	1.072379
1293	1309	0.691858
1294	1250	22.493938
1294	1251	1.606743
1294	1293	0.280488
1294	1295	0.264785
1294	1306	22.493938
1294	1307	1.072379
1294	1308	0.595767
1295	1251	1.104008
1295	1252	1.666664
1295	1253	21.447151
1295	1294	0.264785
1295	1296	0.317460
1295	1305	21.447151
1295	1306	1.748012
1295	1307	6.666622
1296	1252	1.666664
1296	1253	2.144756
1296	1295	0.317460
1296	1297	0.444444
1296	1305	1.429839
1296	1306	2.330681
1297	1253	21.447151
1297	1296	0.444444
1297	1298	0.282205
1297	1301	1.748012
1297	1305	1.949779
1297	1342	0.749149
1297	1343	1.261623
1298	956	1.874533
1298	1297	0.282205
1298	1299	0.893650
1298	1300	0.449889
1298	1301	0.978018
1298	1342	1.730339
1299	957	3.999984
1299	1298	0.893650
1299	1300	0.487818
1300	956	0.349206
1300	957	0.776895
1300	1298	0.449889
1300	1299	0.487818
1300	1301	1.157893
1300	1342	7.333280
1301	956	0.323529
1301	1297	1.748012
1301	1298	0.978018
1301	1300	1.157893
1301	1302	1.104008
1301	1304	20.975737
1301	1305	0.252746
1301	1342	10.999879
1301	1343	1.606743
1302	1202	21.447151
1302	1203	3.574589
1302	1301	1.104008
1302	1303	0.238095
1303	956	20.975737
1303	1203	2.383062
1303	1204	1.949779
1303	1302	0.238095
1303	1304	0.232558
1303	1305	7.149152
1304	956	0.998865
1304	1203	21.447151
1304	1204	4.289504
1304	1206	0.428952
1304	1207	20.975737
1304	1301	20.975737
1304	1303	0.232558
1304	1305	0.974890
1305	1206	5.749967
1305	1295	21.447151
1305	1296	1.429839
1305	1297	1.949779
1305	1301	0.252746
1305	1303	7.149152
1305	1304	0.974890
1305	1306	0.220534
1305	1343	5.749967
1305	1344	3.574589
1305	1345	0.794355
1306	1294	22.493938
1306	1295	1.748012
1306	1296	2.330681
1306	1305	0.220534
1306	1307	0.291336
1306	1344	1.048808
1306	1345	1.104008
1307	1251	2.097613
1307	1294	1.072379
1307	1295	6.666622
1307	1306	0.291336
1307	1308	0.350877
1307	1345	19.999600
1308	1250	1.498296
1308	1251	1.498296
1308	1293	1.072379
1308	1294	0.595767
1308	1307	0.350877
1308	1309	0.289855
1309	1249	1.428569
1309	1250	6.992010
1309	1292	1.191533
1309	1293	0.691858
1309	1308	0.289855
1309	1310	0.363636
1310	1291	1.261623
1310	1292	0.691858
1310	1309	0.363636
1310	1311	0.291336
1311	1290	1.498296
1311	1291	0.449889
1311	1310	0.291336
1311	1312	0.258965
1312	1288	20.975737
1312	1289	1.538459
1312	1290	1.428569
1312	1311	0.258965
1312	1313	0.335119
1313	1286	3.285703
1313	1287	0.306667
1313	1288	1.323201
1313	1289	5.361874
1313	1312	0.335119
1313	1314	0.978018
1314	925	4.498869
1314	1286	2.044945
1314	1287	1.249690
1314	1288	0.282051
1314	1313	0.978018
1314	1315	0.247191
1315	924	1.157893
1315	925	5.623579
1315	1286	1.730339
1315	1314	0.247191
1315	1316	0.231901
1316	923	3.833319
1316	924	11.247095
1316	1218	7.498092
1316	1219	1.021314
1316	1282	0.348485
1316	1285	1.261623
1316	1286	1.149999
1316	1315	0.231901
1316	1317	0.932504
1316	1319	4.599979
1317	1219	1.666664
1317	1220	1.233891
1317	1282	0.335119
1317	1283	19.999600
1317	1316	0.932504
1317	1318	0.666666
1317	1319	2.680944
1318	1219	0.344827
1318	1220	1.748012
1318	1317	0.666666
1318	1319	0.324964
1319	921	21.447151
1319	922	1.769228
1319	923	0.267442
1319	1218	3.213482
1319	1219	1.191533
1319	1316	4.599979
1319	1317	2.680944
1319	1318	0.324964
1319	1320	0.999999
1320	922	1.095237
1320	923	22.999471
1320	1319	0.999999
1320	1321	0.214233
1321	922	1.183917
1321	1320	0.214233
1321	1322	0.333333
1322	34	7.333280
1322	921	1.613549
1322	922	0.449889
1322	1321	0.333333
1322	1323	0.338325
1323	920	1.787298
1323	921	2.499994
1323	1322	0.338325
1323	1324	0.666666
1324	919	1.261623
1324	920	0.428952
1324	1323	0.666666
1324	1325	0.369786
1325	917	2.874992
1325	918	1.261623
1325	919	0.479166
1325	1324	0.369786
1325	1326	0.230619
1325	1331	22.493938
1326	912	0.454545
1326	916	20.975737
1326	917	1.191533
1326	918	9.999900
1326	1325	0.230619
1326	1327	0.909090
1326	1330	3.999984
1326	1331	1.498296
1327	912	0.555555
1327	915	2.996588
1327	916	1.748012
1327	1326	0.909090
1327	1328	0.953462
1327	1330	6.666622
1327	1358	2.996588
1327	1359	1.538459
1327	1360	0.361658
1328	1327	0.953462
1328	1329	0.749814
1328	1330	0.308473
1328	1357	0.814814
1328	1358	1.374998
1328	1359	2.996588
1329	1328	0.749814
1329	1330	0.579665
1329	1356	0.298701
1329	1357	2.044945
1330	1326	3.999984
1330	1327	6.666622
1330	1328	0.308473
1330	1329	0.579665
1330	1331	0.332955
1330	1332	20.975737
1330	1355	19.999600
1330	1356	1.531970
1330	1357	1.165342
1330	1358	20.975737
1331	918	20.975737
1331	1325	22.493938
1331	1326	1.498296
1331	1330	0.332955
1331	1332	0.220000
1331	1356	1.606743
1331	1357	0.360656
1332	919	3.749060
1332	1330	20.975737
1332	1331	0.220000
1332	1333	0.216249
1332	1354	4.498869
1332	1355	1.613549
1332	1356	2.044945
1333	1332	0.216249
1333	1334	0.344827
1333	1354	1.531970
1334	1270	0.953462
1334	1271	2.622015
1334	1333	0.344827
1334	1335	0.282205
1334	1353	1.191533
1334	1354	0.579665
1335	1232	3.749060
1335	1269	1.022474
1335	1270	0.725627
1335	1334	0.282205
1335	1336	0.282205
1335	1352	1.128820
1335	1353	0.500000
1336	1232	2.097613
1336	1233	2.330681
1336	1234	10.487978
1336	1268	1.748012
1336	1269	10.487978
1336	1335	0.282205
1336	1337	0.630812
1336	1351	1.072379
1336	1352	1.052630
1337	1234	1.874533
1337	1235	1.095237
1337	1267	11.247095
1337	1268	3.749060
1337	1336	0.630812
1337	1338	0.225490
1337	1349	21.447151
1337	1350	1.072379
1337	1351	0.306667
1338	1235	2.299995
1338	1236	1.787298
1338	1266	21.447151
1338	1337	0.225490
1338	1339	0.252746
1338	1348	5.749967
1338	1349	1.261623
1338	1350	1.072379
1339	953	0.999999
1339	1236	20.975737
1339	1338	0.252746
1339	1340	0.230507
1339	1341	2.330681
1339	1346	1.999996
1339	1348	1.606743
1339	1349	6.992010
1340	953	0.998865
1340	954	0.376274
1340	1339	0.230507
1340	1341	0.270270
1340	1346	1.311009
1341	954	3.574589
1341	1339	2.330681
1341	1340	0.270270
1341	1342	0.953462
1341	1343	3.063935
1341	1344	2.857135
1342	956	3.142847
1342	957	20.975737
1342	1297	0.749149
1342	1298	1.730339
1342	1300	7.333280
1342	1301	10.999879
1342	1341	0.953462
1342	1343	0.224944
1343	954	22.999471
1343	956	1.323201
1343	1297	1.261623
1343	1301	1.606743
1343	1305	5.749967
1343	1341	3.063935
1343	1342	0.224944
1343	1344	0.302079
1344	954	0.324964
1344	956	20.975737
1344	1305	3.574589
1344	1306	1.048808
1344	1341	2.857135
1344	1343	0.302079
1344	1345	0.512820
1345	927	10.487978
1345	928	6.666622
1345	954	3.574589
1345	955	6.992010
1345	956	4.195218
1345	1206	1.649813
1345	1305	0.794355
1345	1306	1.104008
1345	1307	19.999600
1345	1344	0.512820
1345	1346	0.676650
1346	927	21.999516
1346	928	10.487978
1346	949	2.249439
1346	953	2.749992
1346	954	0.523126
1346	1339	1.999996
1346	1340	1.311009
1346	1345	0.676650
1346	1347	0.839046
1346	1348	0.312423
1347	926	19.999600
1347	927	1.398410
1347	949	3.063935
1347	1215	2.144756
1347	1216	0.666666
1347	1346	0.839046
1347	1348	0.893650
1348	949	0.718749
1348	950	7.149152
1348	953	4.498869
1348	1215	2.555549
1348	1216	3.574589
1348	1338	5.749967
1348	1339	1.606743
1348	1346	0.312423
1348	1347	0.893650
1348	1349	0.191496
1349	949	7.149152
1349	950	4.999975
1349	953	2.330681
1349	1337	21.447151
1349	1338	1.261623
1349	1339	6.992010
1349	1348	0.191496
1349	1350	0.259740
1350	953	3.496017
1350	1337	1.072379
1350	1338	1.072379
1350	1349	0.259740
1350	1351	0.335119
1351	1233	22.493938
1351	1336	1.072379
1351	1337	0.306667
1351	1350	0.335119
1351	1352	0.278540
1352	1232	10.487978
1352	1233	1.104008
1352	1234	1.311009
1352	1335	1.128820
1352	1336	1.052630
1352	1351	0.278540
1352	1353	0.289832
1353	1232	1.124721
1353	1233	0.978018
1353	1269	3.213482
1353	1270	11.247095
1353	1334	1.191533
1353	1335	0.500000
1353	1352	0.289832
1353	1354	0.328571
1354	1231	21.447151
1354	1232	22.493938
1354	1269	2.249439
1354	1270	1.124721
1354	1271	1.730339
1354	1332	4.498869
1354	1333	1.531970
1354	1334	0.579665
1354	1353	0.328571
1354	1355	0.249391
1355	1271	2.622015
1355	1330	19.999600
1355	1332	1.613549
1355	1354	0.249391
1355	1356	0.212353
1356	1329	0.298701
1356	1330	1.531970
1356	1331	1.606743
1356	1332	2.044945
1356	1355	0.212353
1356	1357	0.775670
1357	918	5.244017
1357	1328	0.814814
1357	1329	2.044945
1357	1330	1.165342
1357	1331	0.360656
1357	1356	0.775670
1357	1358	0.285714
1358	912	20.975737
1358	916	5.499970
1358	917	1.071163
1358	918	10.487978
1358	1327	2.996588
1358	1328	1.374998
1358	1330	20.975737
1358	1357	0.285714
1358	1359	0.209762
1359	916	0.839046
1359	917	1.949779
1359	1327	1.538459
1359	1328	2.996588
1359	1358	0.209762
1359	1360	0.368003
1360	915	3.666653
1360	916	5.499970
1360	1327	0.361658
1360	1359	0.368003
1360	1361	0.953462
1360	1362	3.749060
1361	915	2.996588
1361	1360	0.953462
1361	1362	0.258405
1362	914	1.261623
1362	915	0.937268
1362	1360	3.749060
1362	1361	0.258405
1362	1363	0.293803
1362	1364	5.361874
1362	1365	21.447151
1363	913	1.498296
1363	914	2.222217
1363	1362	0.293803
1363	1364	0.740740
1363	1365	4.999975
1364	914	19.999600
1364	1362	5.361874
1364	1363	0.740740
1364	1365	0.312500
1365	913	20.975737
1365	914	1.333332
1365	1362	21.447151
1365	1363	4.999975
1365	1364	0.312500
1365	1366	0.555555
1366	913	1.398410
1366	914	1.333332
1366	1365	0.555555
1366	1367	0.333333
1367	911	1.261623
1367	913	1.104008
1367	1366	0.333333
1367	1368	0.297883
1368	910	1.128820
1368	911	0.433962
1368	1047	22.999471
1368	1367	0.297883
1368	1369	0.291139
1369	909	1.429839
1369	910	0.612788
1369	1046	21.447151
1369	1047	1.642854
1369	1049	21.447151
1369	1368	0.291139
1369	1370	0.323944
1370	907	22.999471
1370	908	1.191533
1370	909	0.714920
1370	1050	7.498092
1370	1051	22.999471
1370	1369	0.323944
1370	1371	0.285968
1371	907	1.072379
1371	908	1.818179
1371	1051	2.680944
1371	1370	0.285968
1371	1372	0.266667
1372	906	1.261623
1372	907	0.649927
1372	1069	6.666622
1372	1070	5.361874
1372	1371	0.266667
1372	1373	0.307692
1373	905	1.261623
1373	906	0.670237
1373	1372	0.307692
1373	1374	0.350877
1374	902	9.999900
1374	903	1.128820
1374	905	0.466252
1374	1373	0.350877
1374	1375	0.289832
1375	901	2.499376
1375	902	1.072379
1375	903	0.511111
1375	1374	0.289832
1375	1376	0.268095
1375	1480	1.071163
1375	1481	5.623579
1375	1509	22.493938
1376	900	2.680944
1376	901	1.311009
1376	1375	0.268095
1376	1377	0.912007
1376	1378	1.111110
1376	1479	1.999996
1376	1480	2.622015
1376	1508	21.447151
1377	1376	0.912007
1377	1378	0.699205
1377	1384	22.493938
1377	1478	1.374998
1377	1479	0.419523
1378	900	1.072379
1378	901	2.996588
1378	1376	1.111110
1378	1377	0.699205
1378	1379	0.428085
1378	1381	4.195218
1378	1382	9.999900
1378	1384	1.128820
1378	1385	1.538459
1379	898	20.975737
1379	899	1.498296
1379	900	0.624845
1379	1378	0.428085
1379	1380	0.998865
1379	1381	1.099999
1379	1384	4.498869
1379	1385	6.992010
1380	1379	0.998865
1380	1381	1.048808
1381	900	1.323201
1381	901	0.916666
1381	1378	4.195218
1381	1379	1.099999
1381	1380	1.048808
1381	1382	0.874007
1381	1384	3.749060
1382	901	4.195218
1382	902	1.052630
1382	903	21.447151
1382	1378	9.999900
1382	1381	0.874007
1382	1383	0.799999
1382	1384	0.315406
1382	1480	0.806775
1382	1482	1.261623
1383	944	10.723690
1383	1382	0.799999
1383	1384	0.794355
1384	1377	22.493938
1384	1378	1.128820
1384	1379	4.498869
1384	1381	3.749060
1384	1382	0.315406
1384	1383	0.794355
1384	1385	0.252325
1384	1478	22.493938
1384	1479	1.128820
1384	1482	2.299995
1385	1378	1.538459
1385	1379	6.992010
1385	1384	0.252325
1385	1386	0.238095
1385	1478	1.748012
1385	1479	3.999984
1386	1385	0.238095
1386	1387	0.571428
1386	1476	19.999600
1386	1477	2.097613
1386	1478	1.104008
1387	1386	0.571428
1387	1388	0.320113
1387	1475	1.261623
1387	1476	9.999900
1387	1477	0.524404
1387	1497	1.613549
1387	1498	21.447151
1388	1387	0.320113
1388	1389	0.302079
1388	1474	1.191533
1388	1475	0.657142
1388	1495	11.499868
1388	1496	0.833127
1388	1497	0.775670
1389	1388	0.302079
1389	1390	0.256410
1389	1466	21.447151
1389	1473	2.222217
1389	1474	1.999996
1389	1495	3.574589
1389	1496	1.398410
1389	3385	6.992010
1390	1389	0.256410
1390	1391	0.403388
1390	1472	1.191533
1390	1473	1.249998
1390	3378	1.498296
1390	3385	1.748012
1391	1390	0.403388
1391	1392	0.265521
1391	1469	22.493938
1391	1472	0.499876
1391	3378	0.846153
1391	3382	1.571426
1391	3383	6.992010
1392	1391	0.265521
1392	1393	0.369786
1392	1469	1.072379
1392	3380	2.857135
1392	3381	2.499994
1392	3382	1.613549
1393	1392	0.369786
1393	1394	0.268095
1393	1467	11.499868
1393	1468	1.429839
1393	1469	0.365079
1393	3380	10.723690
1394	1393	0.268095
1394	1395	0.377358
1394	1467	1.021314
1394	1468	6.666622
1395	1394	0.377358
1395	1396	0.291336
1395	1466	1.261623
1395	1467	0.765986
1396	887	1.047618
1396	888	5.244017
1396	1395	0.291336
1396	1397	0.225550
1396	1464	22.493938
1396	1465	1.874533
1396	1466	0.642698
1397	887	6.992010
1397	1396	0.225550
1397	1398	0.564410
1397	1464	1.649813
1397	1465	1.949779
1398	870	1.730339
1398	871	4.289504
1398	1397	0.564410
1398	1399	0.242105
1398	1463	1.649813
1398	1464	0.273809
1399	871	2.680944
1399	1398	0.242105
1399	1400	0.212963
1399	1462	1.128820
1399	1463	0.824907
1400	1399	0.212963
1400	1401	0.937268
1400	1460	0.310811
1400	1461	1.730339
1400	1462	1.429839
1401	1400	0.937268
1401	1402	0.459070
1401	1460	1.874533
1401	1461	0.488889
1401	3414	1.323201
1401	3415	7.498092
1401	3424	10.487978
1401	3425	0.775670
1402	1401	0.459070
1402	1403	0.235688
1402	1458	7.666608
1402	1459	1.531970
1402	1460	0.403509
1402	3415	7.666608
1403	1402	0.235688
1403	1404	0.376274
1403	1458	1.191533
1403	1459	4.999975
1403	3415	21.447151
1403	3416	4.289504
1404	1403	0.376274
1404	1405	0.273809
1404	1457	1.340474
1404	1458	0.370968
1405	1404	0.273809
1405	1406	0.306667
1405	1456	1.261623
1405	1457	0.714920
1406	1405	0.306667
1406	1407	0.228166
1406	1455	1.261623
1406	1456	0.765986
1407	1406	0.228166
1407	1408	0.273973
1407	1454	1.072379
1407	1455	2.222217
1408	1407	0.273973
1408	1409	0.357143
1408	1453	1.128820
1408	1454	0.630812
1409	1408	0.357143
1409	1410	0.370370
1409	1452	1.340474
1409	1453	0.649927
1410	1409	0.370370
1410	1411	0.343872
1410	1451	1.398410
1410	1452	0.893650
1411	1410	0.343872
1411	1412	0.249716
1411	1449	7.498092
1411	1450	1.498296
1411	1451	0.758620
1412	1411	0.249716
1412	1413	0.344827
1412	1449	1.261623
1412	1450	9.999900
1412	3194	1.340474
1412	3195	1.531970
1413	1412	0.344827
1413	1414	0.370370
1413	1448	1.072379
1413	1449	0.612788
1413	3195	2.144756
1414	1413	0.370370
1414	1415	0.235688
1414	1447	1.261623
1414	1448	0.714920
1415	1414	0.235688
1415	1416	0.833127
1415	1445	0.605263
1415	1446	1.606743
1415	1447	1.149999
1416	314	11.247095
1416	315	11.247095
1416	331	0.998865
1416	332	20.975737
1416	1415	0.833127
1416	1417	0.226804
1416	1445	1.730339
1416	1446	0.318840
1417	315	1.874533
1417	316	2.622015
1417	330	1.498296
1417	331	1.311009
1417	1416	0.226804
1417	1418	0.247192
1417	1445	1.874533
1418	316	3.574589
1418	317	4.498869
1418	1417	0.247192
1418	1419	0.268095
1418	1443	7.149152
1418	1444	1.021314
1418	1445	2.299995
1419	317	1.613549
1419	318	9.999900
1419	1418	0.268095
1419	1420	0.243902
1419	1442	21.447151
1419	1443	3.333322
1419	1444	4.999975
1420	1419	0.243902
1420	1421	0.340438
1420	1442	1.261623
1420	1443	19.999600
1421	1420	0.340438
1421	1422	0.230619
1421	1440	22.999471
1421	1441	1.261623
1421	1442	0.370968
1422	1421	0.230619
1422	1423	0.377358
1422	1440	1.191533
1422	1441	4.999975
1423	1422	0.377358
1423	1424	0.216642
1423	1425	7.149152
1423	1439	1.021314
1423	1440	0.487445
1424	1423	0.216642
1424	1425	0.676470
1424	1437	2.680944
1424	1438	1.499627
1424	1439	1.352939
1425	1423	7.149152
1425	1424	0.676470
1425	1426	0.919999
1425	1427	0.591959
1425	1439	4.599979
1425	1440	11.499868
1425	1644	1.060397
1426	1425	0.919999
1426	1427	0.833127
1426	1644	0.441832
1426	1645	2.055352
1426	1648	6.782284
1426	4288	1.949779
1426	4289	3.833319
1427	1425	0.591959
1427	1426	0.833127
1427	1428	0.775670
1427	1644	1.296361
1427	1648	1.105540
1428	1427	0.775670
1428	1429	0.302079
1428	1436	22.999471
1428	1437	1.191533
1428	1438	0.387835
1429	1428	0.302079
1429	1430	0.465116
1429	1436	1.531970
1429	1437	1.538459
1430	1429	0.465116
1430	1431	0.317460
1430	1435	1.261623
1430	1436	0.765986
1431	1430	0.317460
1431	1432	0.655505
1431	1433	0.999999
1431	1434	1.531970
1431	1435	0.794355
1432	171	20.975737
1432	1431	0.655505
1432	1433	0.599319
1433	1431	0.999999
1433	1432	0.599319
1433	1434	0.230619
1434	1431	1.531970
1434	1433	0.230619
1434	1435	0.273809
1435	1430	1.261623
1435	1431	0.794355
1435	1434	0.273809
1435	1436	0.294872
1436	1428	22.999471
1436	1429	1.531970
1436	1430	0.765986
1436	1435	0.294872
1436	1437	0.214476
1437	1424	2.680944
1437	1428	1.191533
1437	1429	1.538459
1437	1436	0.214476
1437	1438	0.381385
1438	1424	1.499627
1438	1428	0.387835
1438	1437	0.381385
1438	1439	0.214233
1439	1423	1.021314
1439	1424	1.352939
1439	1425	4.599979
1439	1438	0.214233
1439	1440	0.298701
1440	1421	22.999471
1440	1422	1.191533
1440	1423	0.487445
1440	1425	11.499868
1440	1439	0.298701
1440	1441	0.235688
1440	1641	1.988243
1441	1421	1.261623
1441	1422	4.999975
1441	1440	0.235688
1441	1442	0.340438
1441	1637	1.348398
1441	1641	2.472060
1442	1419	21.447151
1442	1420	1.261623
1442	1421	0.370968
1442	1441	0.340438
1442	1443	0.306394
1442	1637	15.905721
1443	1418	7.149152
1443	1419	3.333322
1443	1420	19.999600
1443	1442	0.306394
1443	1444	0.317460
1444	1418	1.021314
1444	1419	4.999975
1444	1443	0.317460
1444	1445	0.315406
1445	315	22.999471
1445	1415	0.605263
1445	1416	1.730339
1445	1417	1.874533
1445	1418	2.299995
1445	1444	0.315406
1445	1446	0.725627
1446	314	2.249439
1446	315	1.730339
1446	332	10.487978
1446	1415	1.606743
1446	1416	0.318840
1446	1445	0.725627
1446	1447	0.239303
1447	332	21.447151
1447	1414	1.261623
1447	1415	1.149999
1447	1446	0.239303
1447	1448	0.280488
1448	1413	1.072379
1448	1414	0.714920
1448	1447	0.280488
1448	1449	0.234694
1449	1411	7.498092
1449	1412	1.261623
1449	1413	0.612788
1449	1448	0.234694
1449	1450	0.252325
1450	1411	1.498296
1450	1412	9.999900
1450	1449	0.252325
1450	1451	0.332955
1450	3194	21.447151
1451	1410	1.398410
1451	1411	0.758620
1451	1450	0.332955
1451	1452	0.288390
1451	3192	21.999516
1451	3193	3.213482
1452	1409	1.340474
1452	1410	0.893650
1452	1451	0.288390
1452	1453	0.302631
1452	3179	21.447151
1452	3180	22.493938
1452	3191	4.498869
1452	3192	1.730339
1453	1408	1.128820
1453	1409	0.649927
1453	1452	0.302631
1453	1454	0.264368
1453	3180	1.124721
1453	3191	7.498092
1454	1407	1.072379
1454	1408	0.630812
1454	1453	0.264368
1454	1455	0.285968
1454	3180	22.493938
1455	1406	1.261623
1455	1407	2.222217
1455	1454	0.285968
1455	1456	0.277778
1456	1405	1.261623
1456	1406	0.765986
1456	1455	0.277778
1456	1457	0.344827
1457	1404	1.340474
1457	1405	0.714920
1457	1456	0.344827
1457	1458	0.351600
1458	1402	7.666608
1458	1403	1.191533
1458	1404	0.370968
1458	1457	0.351600
1458	1459	0.212353
1459	1402	1.531970
1459	1403	4.999975
1459	1458	0.212353
1459	1460	0.345929
1460	1400	0.310811
1460	1401	1.874533
1460	1402	0.403509
1460	1459	0.345929
1460	1461	0.775670
1460	3414	22.999471
1461	1400	1.730339
1461	1401	0.488889
1461	1460	0.775670
1461	1462	0.308473
1461	3413	1.613549
1461	3414	1.730339
1461	3425	1.124721
1461	3426	3.142847
1462	1399	1.128820
1462	1400	1.429839
1462	1461	0.308473
1462	1463	0.285714
1462	3426	1.906922
1462	3427	2.222217
1463	1398	1.649813
1463	1399	0.824907
1463	1462	0.285714
1463	1464	0.670237
1463	3427	3.333322
1464	1396	22.493938
1464	1397	1.649813
1464	1398	0.273809
1464	1463	0.670237
1464	1465	0.219048
1465	867	22.493938
1465	1396	1.874533
1465	1397	1.949779
1465	1464	0.219048
1465	1466	0.287500
1466	866	1.277776
1466	867	5.623579
1466	1389	21.447151
1466	1395	1.261623
1466	1396	0.642698
1466	1465	0.287500
1466	1467	0.255555
1467	865	3.285703
1467	866	3.833319
1467	889	5.361874
1467	1393	11.499868
1467	1394	1.021314
1467	1395	0.765986
1467	1466	0.255555
1467	1468	0.221109
1468	889	9.999900
1468	1393	1.429839
1468	1394	6.666622
1468	1467	0.221109
1468	1469	0.363519
1469	1391	22.493938
1469	1392	1.072379
1469	1393	0.365079
1469	1468	0.363519
1469	1470	0.899777
1470	502	4.195218
1470	503	6.992010
1470	514	1.730339
1470	1469	0.899777
1470	1471	0.236559
1471	1470	0.236559
1471	1472	0.865170
1471	3379	1.999996
1472	1390	1.191533
1472	1391	0.499876
1472	1471	0.865170
1472	1473	0.289832
1472	3378	1.124721
1472	3379	0.775670
1473	1389	2.222217
1473	1390	1.249998
1473	1472	0.289832
1473	1474	0.317460
1473	3378	1.398410
1473	3385	1.498296
1474	1388	1.191533
1474	1389	1.999996
1474	1473	0.317460
1474	1475	0.258405
1474	1495	1.261623
1474	1496	10.487978
1474	3385	3.496017
1474	3386	1.111110
1475	774	3.749060
1475	775	3.285703
1475	1387	1.261623
1475	1388	0.657142
1475	1474	0.258405
1475	1476	0.376274
1475	1477	22.493938
1475	1495	7.666608
1475	1496	1.874533
1475	1497	1.606743
1476	774	2.330681
1476	775	2.680944
1476	776	10.487978
1476	1386	19.999600
1476	1387	9.999900
1476	1475	0.376274
1476	1477	0.487818
1476	1497	2.996588
1477	1386	2.097613
1477	1387	0.524404
1477	1475	22.493938
1477	1476	0.487818
1477	1478	0.372881
1477	1483	5.623579
1477	1497	1.999996
1477	1498	1.730339
1477	1499	11.247095
1478	1377	1.374998
1478	1384	22.493938
1478	1385	1.748012
1478	1386	1.104008
1478	1477	0.372881
1478	1479	0.279682
1478	1482	2.249439
1478	1483	2.811798
1478	1486	2.811798
1478	1487	4.195218
1479	1376	1.999996
1479	1377	0.419523
1479	1384	1.128820
1479	1385	3.999984
1479	1478	0.279682
1479	1480	0.776895
1479	1482	0.271489
1479	1485	20.975737
1479	1486	4.289504
1480	902	2.622015
1480	903	0.489009
1480	905	22.493938
1480	1375	1.071163
1480	1376	2.622015
1480	1382	0.806775
1480	1479	0.776895
1480	1481	0.916666
1480	1482	0.288390
1480	1483	1.405901
1481	903	11.247095
1481	904	11.247095
1481	905	7.498092
1481	1375	5.623579
1481	1480	0.916666
1481	1482	0.833127
1481	1483	3.749060
1481	1485	2.444438
1482	1382	1.261623
1482	1384	2.299995
1482	1478	2.249439
1482	1479	0.271489
1482	1480	0.288390
1482	1481	0.833127
1482	1483	0.433962
1482	1485	1.499627
1482	1486	7.666608
1483	903	7.666608
1483	904	0.239583
1483	905	5.749967
1483	1477	5.623579
1483	1478	2.811798
1483	1480	1.405901
1483	1481	3.749060
1483	1482	0.433962
1483	1484	0.893650
1484	778	2.097613
1484	779	0.571428
1484	1483	0.893650
1484	1485	0.953462
1484	1486	21.447151
1484	1499	4.289504
1484	1500	1.999996
1485	1479	20.975737
1485	1481	2.444438
1485	1482	1.499627
1485	1484	0.953462
1485	1486	0.299926
1485	1506	1.311009
1485	1508	0.303979
1486	799	2.499376
1486	1478	2.811798
1486	1479	4.289504
1486	1482	7.666608
1486	1484	21.447151
1486	1485	0.299926
1486	1487	0.202336
1486	1504	4.599979
1486	1505	1.072379
1486	1506	1.072379
1487	799	1.048808
1487	1478	4.195218
1487	1486	0.202336
1487	1488	0.294118
1487	1504	1.261623
1487	1505	4.999975
1488	798	20.975737
1488	799	6.992010
1488	1487	0.294118
1488	1489	0.404672
1488	1502	19.999600
1488	1503	1.429839
1488	1504	0.739572
1489	750	2.811798
1489	751	1.874533
1489	752	11.247095
1489	797	1.949779
1489	798	1.405901
1489	1488	0.404672
1489	1490	0.230619
1489	1501	7.666608
1489	1502	1.072379
1489	1503	0.560975
1490	751	2.996588
1490	752	0.776895
1490	753	21.447151
1490	881	21.447151
1490	1489	0.230619
1490	1491	0.327753
1490	1501	1.429839
1490	1502	6.666622
1491	752	3.666653
1491	753	2.249439
1491	765	4.399981
1491	879	3.666653
1491	1490	0.327753
1491	1492	0.228002
1491	1499	1.874533
1491	1500	1.233891
1491	1501	0.441067
1492	765	2.996588
1492	766	2.330681
1492	1491	0.228002
1492	1493	0.277778
1492	1498	21.447151
1492	1499	1.261623
1492	1500	19.999600
1493	766	1.311009
1493	767	2.499994
1493	777	19.999600
1493	1492	0.277778
1493	1494	0.324964
1493	1498	1.072379
1493	1499	1.072379
1494	777	0.630812
1494	1493	0.324964
1494	1495	1.045453
1494	1496	1.183917
1494	1497	2.044945
1494	1498	0.396552
1495	777	1.128820
1495	1388	11.499868
1495	1389	3.574589
1495	1474	1.261623
1495	1475	7.666608
1495	1494	1.045453
1495	1496	0.234317
1495	3385	1.124721
1495	3386	0.824907
1496	1388	0.833127
1496	1389	1.398410
1496	1474	10.487978
1496	1475	1.874533
1496	1494	1.183917
1496	1495	0.234317
1496	1497	0.241758
1497	1387	1.613549
1497	1388	0.775670
1497	1475	1.606743
1497	1476	2.996588
1497	1477	1.999996
1497	1494	2.044945
1497	1496	0.241758
1497	1498	0.441067
1498	778	22.493938
1498	1387	21.447151
1498	1477	1.730339
1498	1492	21.447151
1498	1493	1.072379
1498	1494	0.396552
1498	1497	0.441067
1498	1499	0.273809
1499	765	11.247095
1499	766	4.498869
1499	778	1.730339
1499	1477	11.247095
1499	1484	4.289504
1499	1491	1.874533
1499	1492	1.261623
1499	1493	1.072379
1499	1498	0.273809
1499	1500	0.221109
1500	765	1.048808
1500	766	6.992010
1500	778	5.244017
1500	779	2.499994
1500	1484	1.999996
1500	1491	1.233891
1500	1492	19.999600
1500	1499	0.221109
1500	1501	0.382993
1501	752	2.811798
1501	764	1.499627
1501	765	0.978018
1501	1489	7.666608
1501	1490	1.429839
1501	1491	0.441067
1501	1500	0.382993
1501	1502	0.264785
1502	751	1.498296
1502	752	2.097613
1502	763	19.999600
1502	764	10.487978
1502	1488	19.999600
1502	1489	1.072379
1502	1490	6.666622
1502	1501	0.264785
1502	1503	0.306394
1503	715	22.999471
1503	750	1.071163
1503	751	1.183917
1503	1488	1.429839
1503	1489	0.560975
1503	1502	0.306394
1503	1504	0.280488
1504	715	11.499868
1504	750	7.498092
1504	799	3.213482
1504	800	4.498869
1504	1486	4.599979
1504	1487	1.261623
1504	1488	0.739572
1504	1503	0.280488
1504	1505	0.258405
1505	799	0.537850
1505	800	2.622015
1505	801	2.222217
1505	1486	1.072379
1505	1487	4.999975
1505	1504	0.258405
1505	1506	0.322581
1505	1507	7.149152
1506	799	4.195218
1506	1485	1.311009
1506	1486	1.072379
1506	1505	0.322581
1506	1507	0.549938
1506	1508	0.612788
1507	799	0.303979
1507	801	1.072379
1507	803	0.387835
1507	1505	7.149152
1507	1506	0.549938
1507	1508	0.919999
1508	1376	21.447151
1508	1485	0.303979
1508	1506	0.612788
1508	1507	0.919999
1508	1509	0.255619
1509	1375	22.493938
1509	1508	0.255619
1510	1511	0.372678
1510	1512	0.927024
1511	1510	0.372678
1511	1512	0.585286
1512	1510	0.927024
1512	1511	0.585286
1513	1514	0.404061
1514	1513	0.404061
1515	1516	0.258064
1515	1517	6.324515
1515	1521	1.999996
1516	1515	0.258064
1516	1517	0.372033
1516	1518	1.999996
1516	1521	1.599997
1517	1515	6.324515
1517	1516	0.372033
1517	1518	0.395285
1517	1519	0.704178
1517	1520	1.095444
1517	1521	0.790569
1518	1516	1.999996
1518	1517	0.395285
1518	1519	0.544331
1518	1520	1.154699
1518	1521	0.500000
1518	1522	2.121316
1519	1517	0.704178
1519	1518	0.544331
1519	1520	0.471404
1519	1521	1.959588
1519	1522	2.078457
1519	1523	3.265976
1520	1517	1.095444
1520	1518	1.154699
1520	1519	0.471404
1520	1521	0.364642
1520	1522	1.224743
1520	1523	1.154699
1520	1524	1.154699
1521	1515	1.999996
1521	1516	1.599997
1521	1517	0.790569
1521	1518	0.500000
1521	1519	1.959588
1521	1520	0.364642
1521	1522	0.446594
1521	1523	1.333332
1521	1524	1.599997
1521	1525	1.142856
1522	1518	2.121316
1522	1519	2.078457
1522	1520	1.224743
1522	1521	0.446594
1522	1523	0.404061
1522	1524	2.121316
1522	1525	1.212182
1523	1519	3.265976
1523	1520	1.154699
1523	1521	1.333332
1523	1522	0.404061
1523	1524	0.320000
1523	1525	0.999999
1524	1520	1.154699
1524	1521	1.599997
1524	1522	2.121316
1524	1523	0.320000
1524	1525	0.470588
1525	1521	1.142856
1525	1522	1.212182
1525	1523	0.999999
1525	1524	0.470588
1527	1528	0.621867
1527	1529	1.105540
1527	3723	13.416228
1527	3746	4.795809
1528	1527	0.621867
1528	1529	0.611111
1528	1530	1.462492
1529	1527	1.105540
1529	1528	0.611111
1529	1530	0.516174
1529	1531	0.846153
1529	3723	0.570476
1529	3761	1.988243
1530	1528	1.462492
1530	1529	0.516174
1530	1531	0.365623
1530	1532	0.575639
1530	1606	1.058299
1530	1607	1.166665
1531	1529	0.846153
1531	1530	0.365623
1531	1532	0.586302
1531	1533	0.687500
1531	1534	1.563469
1531	3761	0.691564
1532	1530	0.575639
1532	1531	0.586302
1532	1533	0.469041
1532	1534	3.999984
1532	1535	1.414212
1532	1536	1.042314
1532	1606	0.942808
1532	1608	0.979795
1532	3720	12.648951
1532	3721	1.581136
1533	1531	0.687500
1533	1532	0.469041
1533	1534	0.375233
1533	1535	0.994986
1533	1536	0.647058
1533	1541	1.374998
1533	1604	4.690394
1533	1605	0.611111
1533	1606	6.633206
1534	1531	1.563469
1534	1532	3.999984
1534	1533	0.375233
1534	1535	0.424264
1534	1536	0.852802
1534	3761	2.712925
1535	1532	1.414212
1535	1533	0.994986
1535	1534	0.424264
1535	1536	0.320964
1535	1537	3.968611
1535	3719	2.236063
1535	3720	13.416228
1535	3805	3.517799
1536	1532	1.042314
1536	1533	0.647058
1536	1534	0.852802
1536	1535	0.320964
1536	1537	0.548435
1536	1538	6.633206
1536	1541	5.499970
1536	1604	9.380744
1536	3804	7.778114
1536	3805	3.111260
1537	1535	3.968611
1537	1536	0.548435
1537	1538	0.407038
1537	1539	2.193736
1538	1536	6.633206
1538	1537	0.407038
1538	1539	0.349118
1538	1540	2.828419
1539	1537	2.193736
1539	1538	0.349118
1539	1540	0.407862
1539	1541	5.499970
1539	1559	3.316614
1540	1538	2.828419
1540	1539	0.407862
1540	1541	0.721602
1540	1542	3.999984
1540	1555	7.999936
1540	1556	1.999996
1540	1558	7.999936
1540	1601	0.831479
1540	1602	1.264909
1541	1533	1.374998
1541	1536	5.499970
1541	1539	5.499970
1541	1540	0.721602
1541	1542	0.670059
1541	1543	0.507752
1541	1554	3.316614
1541	1555	1.172603
1541	1556	0.521157
1541	1558	1.563469
1541	1602	3.708085
1541	1603	3.666653
1541	1604	0.721602
1541	1605	1.833330
1542	1540	3.999984
1542	1541	0.670059
1542	1543	0.329914
1542	1544	1.069044
1542	1553	3.162268
1542	1554	1.060659
1542	1555	1.599997
1542	1589	2.666660
1542	1602	2.108181
1542	1603	0.551813
1542	1604	0.666666
1542	1605	9.380744
1542	1622	9.380744
1543	1541	0.507752
1543	1542	0.329914
1543	1544	0.341091
1543	1545	8.123972
1543	1552	8.485209
1543	1553	0.912870
1543	1554	0.565267
1543	1556	2.309396
1543	1604	0.629836
1543	1605	0.427581
1544	1542	1.069044
1544	1543	0.341091
1544	1545	0.417855
1544	1551	3.741643
1544	1552	1.018349
1544	1553	5.916045
1544	1603	2.193736
1544	1604	7.483259
1544	1605	0.337499
1544	1613	0.584997
1544	1615	7.937191
1545	1543	8.123972
1545	1544	0.417855
1545	1546	0.500000
1545	1547	4.062003
1545	1550	10.487978
1545	1551	1.340117
1545	1552	0.638284
1545	1605	2.749992
1545	1613	10.999879
1546	1545	0.500000
1546	1547	0.290144
1546	1548	9.380744
1546	1549	9.949775
1546	1550	2.622015
1546	1551	1.876163
1546	1578	0.904533
1547	1545	4.062003
1547	1546	0.290144
1547	1548	0.314918
1547	1549	1.469692
1547	1550	0.704178
1547	1552	8.485209
1548	1546	9.380744
1548	1547	0.314918
1548	1549	0.530330
1548	1550	4.472116
1548	1578	2.828419
1549	1546	9.949775
1549	1547	1.469692
1549	1548	0.530330
1549	1550	0.306027
1549	1551	4.242623
1549	1569	7.348415
1549	1576	2.999991
1549	1578	0.749999
1550	1545	10.487978
1550	1546	2.622015
1550	1547	0.704178
1550	1548	4.472116
1550	1549	0.306027
1550	1551	0.638876
1550	1552	0.912870
1550	1569	0.704178
1550	1570	0.388881
1550	1571	7.071018
1551	1544	3.741643
1551	1545	1.340117
1551	1546	1.876163
1551	1549	4.242623
1551	1550	0.638876
1551	1552	0.349927
1551	1553	3.162268
1551	1567	6.324515
1551	1568	1.732048
1551	1569	0.494871
1551	1581	7.483259
1551	1582	6.324515
1551	1585	1.870825
1551	1613	9.380744
1551	1615	4.242623
1552	1543	8.485209
1552	1544	1.018349
1552	1545	0.638284
1552	1547	8.485209
1552	1550	0.912870
1552	1551	0.349927
1552	1553	0.553283
1552	1554	10.392197
1552	1567	3.872968
1552	1568	1.697053
1552	1569	8.485209
1553	1542	3.162268
1553	1543	0.912870
1553	1544	5.916045
1553	1551	3.162268
1553	1552	0.553283
1553	1554	0.419263
1553	1566	1.825739
1553	1567	0.500000
1553	1589	2.108181
1553	1615	1.677048
1554	1541	3.316614
1554	1542	1.060659
1554	1543	0.565267
1554	1552	10.392197
1554	1553	0.419263
1554	1555	0.404061
1554	1556	0.771389
1554	1563	0.881916
1554	1565	1.984310
1555	1540	7.999936
1555	1541	1.172603
1555	1542	1.599997
1555	1554	0.404061
1555	1556	0.470588
1555	1563	1.069044
1555	1564	1.333332
1555	1565	0.467707
1556	1540	1.999996
1556	1541	0.521157
1556	1543	2.309396
1556	1554	0.771389
1556	1555	0.470588
1556	1557	0.444444
1556	1558	1.999996
1556	1562	1.496661
1556	1563	0.935413
1557	1556	0.444444
1557	1558	0.258064
1557	1559	4.242623
1557	1560	0.606091
1557	1561	1.885615
1557	1562	0.748331
1557	1564	3.999984
1558	1540	7.999936
1558	1541	1.563469
1558	1556	1.999996
1558	1557	0.258064
1558	1559	0.385694
1558	1560	0.942808
1558	1561	5.656822
1559	1539	3.316614
1559	1557	4.242623
1559	1558	0.385694
1559	1560	0.562500
1559	1561	1.999996
1560	1557	0.606091
1560	1558	0.942808
1560	1559	0.562500
1560	1561	0.461538
1560	1562	1.322874
1561	1557	1.885615
1561	1558	5.656822
1561	1559	1.999996
1561	1560	0.461538
1561	1562	0.352767
1562	1556	1.496661
1562	1557	0.748331
1562	1560	1.322874
1562	1561	0.352767
1562	1563	0.304348
1562	1564	1.870825
1563	1554	0.881916
1563	1555	1.069044
1563	1556	0.935413
1563	1562	0.304348
1563	1564	0.311805
1563	1565	3.499988
1564	1555	1.333332
1564	1557	3.999984
1564	1562	1.870825
1564	1563	0.311805
1564	1565	0.374166
1564	1566	3.464090
1565	1554	1.984310
1565	1555	0.467707
1565	1563	3.499988
1565	1564	0.374166
1565	1566	0.360041
1565	1589	1.069044
1565	1592	3.968611
1565	1593	0.739509
1565	1596	3.741643
1566	1553	1.825739
1566	1564	3.464090
1566	1565	0.360041
1566	1567	0.421325
1566	1568	5.999964
1566	1589	1.732048
1566	1592	3.674221
1567	1551	6.324515
1567	1552	3.872968
1567	1553	0.500000
1567	1566	0.421325
1567	1568	0.322190
1567	1569	2.738605
1567	1585	1.183215
1567	1588	2.499994
1567	1589	0.790569
1568	1551	1.732048
1568	1552	1.697053
1568	1566	5.999964
1568	1567	0.322190
1568	1569	0.315789
1568	1570	2.309396
1568	1571	0.547722
1568	1572	0.866025
1568	1585	2.160242
1569	1549	7.348415
1569	1550	0.704178
1569	1551	0.494871
1569	1552	8.485209
1569	1567	2.738605
1569	1568	0.315789
1569	1570	0.314918
1569	1571	1.369305
1569	1572	0.769800
1569	1573	1.469692
1569	1581	3.240360
1569	1585	3.240360
1570	1550	0.388881
1570	1568	2.309396
1570	1569	0.314918
1570	1571	0.395285
1570	1572	0.799999
1570	1573	0.424264
1570	1574	1.999996
1570	1575	2.121316
1571	1550	7.071018
1571	1568	0.547722
1571	1569	1.369305
1571	1570	0.395285
1571	1572	0.372033
1571	1573	3.354091
1572	1568	0.866025
1572	1569	0.769800
1572	1570	0.799999
1572	1571	0.372033
1572	1573	0.353553
1572	1574	2.666660
1572	1588	6.324515
1573	1569	1.469692
1573	1570	0.424264
1573	1571	3.354091
1573	1572	0.353553
1573	1574	0.471404
1573	1575	2.999991
1574	1570	1.999996
1574	1572	2.666660
1574	1573	0.471404
1574	1575	0.326357
1574	1576	2.828419
1574	1581	0.935413
1574	1584	0.771389
1575	1570	2.121316
1575	1573	2.999991
1575	1574	0.326357
1575	1576	0.500000
1575	1577	4.242623
1575	1580	2.999991
1575	1581	2.645744
1575	1584	1.124999
1576	1549	2.999991
1576	1574	2.828419
1576	1575	0.500000
1576	1577	0.435142
1576	1578	2.999991
1576	1581	5.291475
1577	1575	4.242623
1577	1576	0.435142
1577	1578	0.353553
1577	1579	0.623609
1577	1580	0.314270
1577	1581	0.748331
1577	1582	6.324515
1578	1546	0.904533
1578	1548	2.828419
1578	1549	0.749999
1578	1576	2.999991
1578	1577	0.353553
1578	1579	0.417750
1578	1580	1.499998
1578	1581	0.793725
1578	1582	0.958314
1579	1577	0.623609
1579	1578	0.417750
1579	1580	0.293972
1579	1581	0.777777
1579	1582	0.369755
1579	1583	2.924980
1580	1575	2.999991
1580	1577	0.314270
1580	1578	1.499998
1580	1579	0.293972
1580	1581	0.417750
1580	1582	0.670820
1580	1583	2.487462
1580	1584	0.999999
1581	1551	7.483259
1581	1569	3.240360
1581	1574	0.935413
1581	1575	2.645744
1581	1576	5.291475
1581	1577	0.748331
1581	1578	0.793725
1581	1579	0.777777
1581	1580	0.417750
1581	1582	0.281718
1581	1583	0.877496
1581	1584	0.793725
1581	1585	0.777777
1582	1551	6.324515
1582	1577	6.324515
1582	1578	0.958314
1582	1579	0.369755
1582	1580	0.670820
1582	1581	0.281718
1582	1583	0.436247
1582	1584	3.354091
1582	1585	1.479018
1582	1614	1.183215
1583	1579	2.924980
1583	1580	2.487462
1583	1581	0.877496
1583	1582	0.436247
1583	1584	0.473803
1583	1585	0.584997
1583	1586	0.737027
1583	1587	1.833330
1583	1614	2.924980
1583	1616	7.416143
1584	1574	0.771389
1584	1575	1.124999
1584	1580	0.999999
1584	1581	0.793725
1584	1582	3.354091
1584	1583	0.473803
1584	1585	0.417750
1584	1586	1.499998
1584	1587	0.829156
1584	1588	1.677048
1585	1551	1.870825
1585	1567	1.183215
1585	1568	2.160242
1585	1569	3.240360
1585	1581	0.777777
1585	1582	1.479018
1585	1583	0.584997
1585	1584	0.417750
1585	1586	0.311265
1585	1587	2.193736
1585	1588	0.739509
1585	1589	3.741643
1585	1615	7.937191
1586	1583	0.737027
1586	1584	1.499998
1586	1585	0.311265
1586	1587	0.390191
1586	1588	0.496904
1586	1589	0.628539
1586	1590	1.118033
1586	1615	1.999996
1587	1583	1.833330
1587	1584	0.829156
1587	1585	2.193736
1587	1586	0.390191
1587	1588	0.412011
1587	1589	1.172603
1587	1590	0.824021
1587	1591	1.989971
1587	1617	0.852802
1588	1567	2.499994
1588	1572	6.324515
1588	1584	1.677048
1588	1585	0.739509
1588	1586	0.496904
1588	1587	0.412011
1588	1589	0.351364
1588	1590	0.714285
1588	1591	1.341639
1588	1592	0.958314
1589	1542	2.666660
1589	1553	2.108181
1589	1565	1.069044
1589	1566	1.732048
1589	1567	0.790569
1589	1585	3.741643
1589	1586	0.628539
1589	1587	1.172603
1589	1588	0.351364
1589	1590	0.372033
1589	1591	1.414212
1589	1592	0.942808
1589	1593	0.903507
1589	1594	7.999936
1589	1615	8.485209
1590	1586	1.118033
1590	1587	0.824021
1590	1588	0.714285
1590	1589	0.372033
1590	1591	0.372678
1590	1592	1.118033
1590	1593	0.714285
1590	1594	0.702728
1590	1617	6.324515
1590	1619	1.341639
1591	1587	1.989971
1591	1588	1.341639
1591	1589	1.414212
1591	1590	0.372678
1591	1592	0.500000
1591	1593	0.670820
1591	1594	1.697053
1591	1595	1.341639
1592	1565	3.968611
1592	1566	3.674221
1592	1588	0.958314
1592	1589	0.942808
1592	1590	1.118033
1592	1591	0.500000
1592	1593	0.372678
1592	1594	4.242623
1592	1595	0.958314
1592	1596	2.828419
1593	1565	0.739509
1593	1589	0.903507
1593	1590	0.714285
1593	1591	0.670820
1593	1592	0.372678
1593	1594	0.351364
1593	1595	0.454545
1593	1596	0.632455
1593	1597	4.472116
1593	1598	0.702728
1594	1589	7.999936
1594	1590	0.702728
1594	1591	1.697053
1594	1592	4.242623
1594	1593	0.351364
1594	1595	0.372033
1594	1596	1.142856
1594	1597	1.131370
1594	1598	0.888888
1594	1599	8.485209
1594	1619	0.848527
1594	1620	5.656822
1595	1591	1.341639
1595	1592	0.958314
1595	1593	0.454545
1595	1594	0.372033
1595	1596	0.421637
1595	1597	1.118033
1596	1565	3.741643
1596	1592	2.828419
1596	1593	0.632455
1596	1594	1.142856
1596	1595	0.421637
1596	1597	0.404061
1596	1598	0.999999
1597	1593	4.472116
1597	1594	1.131370
1597	1595	1.118033
1597	1596	0.404061
1597	1598	0.314270
1597	1599	2.999991
1598	1593	0.702728
1598	1594	0.888888
1598	1596	0.999999
1598	1597	0.314270
1598	1599	0.424264
1598	1601	7.483259
1599	1594	8.485209
1599	1597	2.999991
1599	1598	0.424264
1599	1600	0.409091
1599	1601	1.133892
1599	1619	8.999919
1599	1620	2.999991
1599	1621	0.516015
1599	1622	9.949775
1600	1599	0.409091
1600	1601	0.417750
1600	1621	0.372678
1601	1540	0.831479
1601	1598	7.483259
1601	1599	1.133892
1601	1600	0.417750
1601	1602	0.328671
1601	1603	8.774887
1601	1621	1.479018
1601	1622	0.438748
1601	3805	6.204798
1602	1540	1.264909
1602	1541	3.708085
1602	1542	2.108181
1602	1601	0.328671
1602	1603	0.436247
1602	1604	3.162268
1602	1622	1.236032
1602	3805	2.097613
1603	1541	3.666653
1603	1542	0.551813
1603	1544	2.193736
1603	1601	8.774887
1603	1602	0.436247
1603	1604	0.284268
1603	1608	11.488993
1603	1610	5.744530
1603	1613	1.374998
1603	1615	9.949775
1603	1622	0.611111
1603	3803	1.944540
1604	1533	4.690394
1604	1536	9.380744
1604	1541	0.721602
1604	1542	0.666666
1604	1543	0.629836
1604	1544	7.483259
1604	1602	3.162268
1604	1603	0.284268
1604	1605	0.234521
1604	1606	1.885615
1604	1608	1.959588
1604	1613	3.126934
1605	1533	0.611111
1605	1541	1.833330
1605	1542	9.380744
1605	1543	0.427581
1605	1544	0.337499
1605	1545	2.749992
1605	1604	0.234521
1605	1606	0.442216
1605	1607	2.924980
1605	1608	0.638284
1605	1613	0.999999
1606	1530	1.058299
1606	1532	0.942808
1606	1533	6.633206
1606	1604	1.885615
1606	1605	0.442216
1606	1607	0.230065
1606	1608	0.314918
1606	1609	5.999964
1606	3721	8.944192
1607	1530	1.166665
1607	1605	2.924980
1607	1606	0.230065
1607	1608	0.398485
1607	1609	1.322874
1608	1532	0.979795
1608	1603	11.488993
1608	1604	1.959588
1608	1605	0.638284
1608	1606	0.314918
1608	1607	0.398485
1608	1609	0.324759
1608	1610	0.999999
1608	1613	1.148911
1608	3720	3.872968
1608	3721	7.745907
1608	3803	4.062003
1609	1606	5.999964
1609	1607	1.322874
1609	1608	0.324759
1609	1610	0.494871
1609	1611	1.185853
1609	3720	4.472116
1609	3721	13.416228
1610	1603	5.744530
1610	1608	0.999999
1610	1609	0.494871
1610	1611	0.547722
1610	1624	2.309396
1610	3803	0.312463
1611	1609	1.185853
1611	1610	0.547722
1611	1612	0.301169
1611	1613	1.048808
1611	1614	2.788859
1612	1611	0.301169
1612	1613	0.368514
1612	1614	0.881916
1613	1544	0.584997
1613	1545	10.999879
1613	1551	9.380744
1613	1603	1.374998
1613	1604	3.126934
1613	1605	0.999999
1613	1608	1.148911
1613	1611	1.048808
1613	1612	0.368514
1613	1614	0.461840
1614	1582	1.183215
1614	1583	2.924980
1614	1611	2.788859
1614	1612	0.881916
1614	1613	0.461840
1614	1615	0.345098
1614	1616	0.657342
1615	1544	7.937191
1615	1551	4.242623
1615	1553	1.677048
1615	1585	7.937191
1615	1586	1.999996
1615	1589	8.485209
1615	1603	9.949775
1615	1614	0.345098
1615	1616	0.419263
1615	1617	0.942808
1615	1622	2.487462
1616	1583	7.416143
1616	1614	0.657342
1616	1615	0.419263
1616	1617	0.395285
1616	1624	4.472116
1617	1587	0.852802
1617	1590	6.324515
1617	1615	0.942808
1617	1616	0.395285
1617	1618	0.210818
1617	1619	1.697053
1618	1617	0.210818
1618	1619	0.258008
1618	1620	1.118033
1619	1590	1.341639
1619	1594	0.848527
1619	1599	8.999919
1619	1617	1.697053
1619	1618	0.258008
1619	1620	0.400000
1619	1621	2.236063
1620	1594	5.656822
1620	1599	2.999991
1620	1618	1.118033
1620	1619	0.400000
1620	1621	0.372678
1620	1622	1.326648
1620	1623	5.999964
1621	1599	0.516015
1621	1600	0.372678
1621	1601	1.479018
1621	1619	2.236063
1621	1620	0.372678
1621	1622	0.463512
1621	1623	1.118033
1622	1542	9.380744
1622	1599	9.949775
1622	1601	0.438748
1622	1602	1.236032
1622	1603	0.611111
1622	1615	2.487462
1622	1620	1.326648
1622	1621	0.463512
1622	1623	0.292643
1622	1624	0.829156
1622	3803	5.185423
1622	3804	3.889072
1623	1620	5.999964
1623	1621	1.118033
1623	1622	0.292643
1623	1624	0.428571
1623	1625	2.999991
1623	3803	7.035574
1623	3804	0.740591
1623	3805	14.071049
1624	1610	2.309396
1624	1616	4.472116
1624	1622	0.829156
1624	1623	0.428571
1624	1625	0.999999
1624	3803	0.852802
1624	3804	2.345202
1625	1623	2.999991
1625	1624	0.999999
1626	1627	0.347826
1626	1628	1.042314
1626	1629	1.885615
1626	1632	1.999996
1626	4301	6.782284
1627	1626	0.347826
1627	1628	0.446706
1627	1629	2.828419
1627	4301	0.904310
1627	4302	4.521533
1628	1626	1.042314
1628	1627	0.446706
1628	1629	0.473803
1628	1630	0.674199
1628	1631	0.586302
1628	1632	1.172603
1628	4300	3.708085
1628	4301	0.441832
1628	4302	1.590595
1629	1626	1.885615
1629	1627	2.828419
1629	1628	0.473803
1629	1630	0.298142
1629	1631	2.828419
1629	1632	0.565685
1629	1633	1.499998
1629	4300	1.788851
1629	4301	1.918329
1630	1628	0.674199
1630	1629	0.298142
1630	1631	0.372033
1630	1632	0.632455
1630	1633	0.838525
1630	1634	0.632455
1630	4300	0.769230
1631	1628	0.586302
1631	1629	2.828419
1631	1630	0.372033
1631	1632	0.347826
1631	1633	2.121316
1631	1634	0.500000
1631	1635	1.069044
1631	4300	12.648951
1632	1626	1.999996
1632	1628	1.172603
1632	1629	0.565685
1632	1630	0.632455
1632	1631	0.347826
1632	1633	0.446594
1632	1634	0.799999
1632	1635	0.680301
1633	1629	1.499998
1633	1630	0.838525
1633	1631	2.121316
1633	1632	0.446594
1633	1634	0.446594
1633	1635	0.992156
1634	1630	0.632455
1634	1631	0.500000
1634	1632	0.799999
1634	1633	0.446594
1634	1635	0.393859
1635	1631	1.069044
1635	1632	0.680301
1635	1633	0.992156
1635	1634	0.393859
1636	1637	0.521157
1636	1638	1.340117
1636	1639	0.638876
1636	1640	0.666666
1637	1441	1.348398
1637	1442	15.905721
1637	1636	0.521157
1637	1638	0.611111
1637	1639	2.622015
1637	1640	1.042314
1637	1641	2.199995
1638	1636	1.340117
1638	1637	0.611111
1638	1639	0.456004
1638	1640	2.345202
1639	1636	0.638876
1639	1637	2.622015
1639	1638	0.456004
1639	1640	0.406558
1639	1641	5.244017
1640	1636	0.666666
1640	1637	1.042314
1640	1638	2.345202
1640	1639	0.406558
1640	1641	0.551813
1640	1642	3.162268
1641	1440	1.988243
1641	1441	2.472060
1641	1637	2.199995
1641	1639	5.244017
1641	1640	0.551813
1641	1642	0.436247
1642	1640	3.162268
1642	1641	0.436247
1642	1643	0.421637
1642	1644	1.854046
1643	1642	0.421637
1643	1644	0.426401
1643	1645	0.606091
1643	1646	0.375233
1643	1647	1.142856
1644	1425	1.060397
1644	1426	0.441832
1644	1427	1.296361
1644	1642	1.854046
1644	1643	0.426401
1644	1645	0.552770
1644	1646	1.222221
1644	1647	0.721602
1644	1648	0.852802
1645	1426	2.055352
1645	1643	0.606091
1645	1644	0.552770
1645	1646	0.552770
1645	1647	2.121316
1645	1648	1.414212
1645	1649	0.899999
1645	4289	1.106729
1645	4290	1.916626
1645	4291	6.708159
1645	4292	2.877491
1646	1643	0.375233
1646	1644	1.222221
1646	1645	0.552770
1646	1647	0.586302
1646	1648	1.340117
1646	1649	0.382687
1646	1650	1.172603
1647	1643	1.142856
1647	1644	0.721602
1647	1645	2.121316
1647	1646	0.586302
1647	1648	0.320000
1647	1649	4.242623
1647	1650	1.142856
1647	1651	1.042314
1648	1426	6.782284
1648	1427	1.105540
1648	1644	0.852802
1648	1645	1.414212
1648	1646	1.340117
1648	1647	0.320000
1648	1649	0.471404
1648	1650	0.888888
1648	1651	0.852802
1648	1652	1.264909
1649	1645	0.899999
1649	1646	0.382687
1649	1647	4.242623
1649	1648	0.471404
1649	1650	0.314270
1649	1651	2.487462
1649	1652	0.670820
1649	1653	1.341639
1650	1646	1.172603
1650	1647	1.142856
1650	1648	0.888888
1650	1649	0.314270
1650	1651	0.426401
1650	1652	0.790569
1650	1653	0.574959
1650	1654	8.485209
1651	1647	1.042314
1651	1648	0.852802
1651	1649	2.487462
1651	1650	0.426401
1651	1652	0.436247
1651	1653	1.236032
1651	1654	1.658310
1652	1648	1.264909
1652	1649	0.670820
1652	1650	0.790569
1652	1651	0.436247
1652	1653	0.333333
1652	1654	0.516015
1653	1649	1.341639
1653	1650	0.574959
1653	1651	1.236032
1653	1652	0.333333
1653	1654	0.372678
1653	1655	1.483237
1654	1650	8.485209
1654	1651	1.658310
1654	1652	0.516015
1654	1653	0.372678
1654	1655	0.473803
1654	1656	0.838525
1654	1657	6.708159
1655	1653	1.483237
1655	1654	0.473803
1655	1656	0.412011
1655	1657	0.494413
1656	1654	0.838525
1656	1655	0.412011
1656	1657	0.333333
1656	1658	2.236063
1657	1654	6.708159
1657	1655	0.494413
1657	1656	0.333333
1657	1658	0.479157
1657	1659	1.677048
1658	1656	2.236063
1658	1657	0.479157
1658	1659	0.562500
1658	1660	0.899999
1659	1657	1.677048
1659	1658	0.562500
1659	1660	0.500000
1659	1661	3.354091
1659	1662	1.499998
1659	1663	0.692307
1660	1658	0.899999
1660	1659	0.500000
1660	1661	0.319438
1660	1662	1.124999
1660	1663	4.499980
1661	1659	3.354091
1661	1660	0.319438
1661	1662	0.447213
1661	1663	1.677048
1662	1659	1.499998
1662	1660	1.124999
1662	1661	0.447213
1662	1663	0.529411
1662	1664	2.999991
1663	1659	0.692307
1663	1660	4.499980
1663	1661	1.677048
1663	1662	0.529411
1663	1664	0.600000
1664	1662	2.999991
1664	1663	0.600000
1665	1666	0.440195
1665	1667	1.749997
1666	1665	0.440195
1666	1667	0.498887
1666	1668	6.928155
1666	1680	1.999996
1667	1665	1.749997
1667	1666	0.498887
1667	1668	0.360041
1667	1669	5.291475
1667	1670	7.483259
1667	1676	1.870825
1668	1666	6.928155
1668	1667	0.360041
1668	1669	0.408248
1668	1670	2.309396
1669	1667	5.291475
1669	1668	0.408248
1669	1670	0.269374
1669	1671	5.999964
1670	1667	7.483259
1670	1668	2.309396
1670	1669	0.269374
1670	1671	0.530330
1670	1674	1.599997
1671	1669	5.999964
1671	1670	0.530330
1671	1672	0.249567
1671	1673	0.666666
1671	1674	2.121316
1671	1700	1.322874
1672	1671	0.249567
1672	1673	0.353553
1672	1674	1.999996
1672	1700	0.575639
1672	1701	1.496661
1672	1702	3.741643
1673	1671	0.666666
1673	1672	0.353553
1673	1674	0.377123
1673	2433	9.591571
1673	2447	4.690394
1674	1670	1.599997
1674	1671	2.121316
1674	1672	1.999996
1674	1673	0.377123
1674	1675	0.314918
1674	1700	7.483259
1675	1674	0.314918
1675	1676	0.329914
1675	1677	3.872968
1675	1698	0.912870
1675	1699	0.782460
1675	1700	6.480699
1675	2433	3.915765
1676	1667	1.870825
1676	1675	0.329914
1676	1677	0.406558
1676	1680	1.333332
1676	1696	3.741643
1676	1697	0.533333
1676	1698	0.574959
1677	1675	3.872968
1677	1676	0.406558
1677	1678	0.392837
1677	1679	3.872968
1677	1680	0.688020
1677	1694	0.499307
1677	1695	1.185853
1677	1696	0.522912
1677	1697	0.688020
1677	2433	3.033141
1677	2434	14.141936
1678	1677	0.392837
1678	1679	0.342326
1678	1680	0.527046
1678	1681	1.581136
1678	1693	0.739509
1678	1694	1.677048
1678	1695	6.708159
1678	1697	2.108181
1679	1677	3.872968
1679	1678	0.342326
1679	1680	0.346410
1679	1681	2.309396
1679	1693	6.480699
1680	1666	1.999996
1680	1676	1.333332
1680	1677	0.688020
1680	1678	0.527046
1680	1679	0.346410
1680	1681	0.380952
1680	1697	7.999936
1681	1678	1.581136
1681	1679	2.309396
1681	1680	0.380952
1681	1682	0.606091
1681	1683	1.142856
1682	1681	0.606091
1682	1683	0.471404
1682	1684	1.587448
1683	1681	1.142856
1683	1682	0.471404
1683	1684	0.325361
1683	1685	1.870825
1683	1687	1.870825
1683	1688	4.242623
1683	1689	1.599997
1684	1682	1.587448
1684	1683	0.325361
1684	1685	0.291667
1684	1686	1.322874
1684	1687	0.636363
1685	1683	1.870825
1685	1684	0.291667
1685	1686	0.407038
1685	1687	1.166665
1686	1684	1.322874
1686	1685	0.407038
1686	1687	0.330719
1686	1688	5.999964
1687	1683	1.870825
1687	1684	0.636363
1687	1685	1.166665
1687	1686	0.330719
1687	1688	0.496078
1687	1689	3.741643
1688	1683	4.242623
1688	1686	5.999964
1688	1687	0.496078
1688	1689	0.424264
1688	1690	3.354091
1689	1683	1.599997
1689	1687	3.741643
1689	1688	0.424264
1689	1690	0.395285
1689	1691	1.870825
1689	1693	1.870825
1690	1688	3.354091
1690	1689	0.395285
1690	1691	0.328671
1691	1689	1.870825
1691	1690	0.328671
1691	1692	0.294579
1691	1693	0.999999
1691	1695	1.322874
1692	1691	0.294579
1692	1693	0.209056
1692	1694	0.668042
1692	1695	2.449484
1693	1678	0.739509
1693	1679	6.480699
1693	1689	1.870825
1693	1691	0.999999
1693	1692	0.209056
1693	1694	0.417750
1693	1695	7.937191
1694	1677	0.499307
1694	1678	1.677048
1694	1692	0.668042
1694	1693	0.417750
1694	1695	0.529411
1694	1696	2.645744
1694	2433	14.387288
1695	1677	1.185853
1695	1678	6.708159
1695	1691	1.322874
1695	1692	2.449484
1695	1693	7.937191
1695	1694	0.529411
1695	1696	0.330719
1695	1697	1.697053
1695	2455	3.354091
1695	2456	13.416228
1696	1676	3.741643
1696	1677	0.522912
1696	1694	2.645744
1696	1695	0.330719
1696	1697	0.415740
1696	1698	1.972023
1696	2432	4.229508
1696	2433	1.409840
1697	1676	0.533333
1697	1677	0.688020
1697	1678	2.108181
1697	1680	7.999936
1697	1695	1.697053
1697	1696	0.415740
1697	1698	0.372033
1698	1675	0.912870
1698	1676	0.574959
1698	1696	1.972023
1698	1697	0.372033
1698	1699	0.357143
1699	1675	0.782460
1699	1698	0.357143
1699	1700	0.369755
1699	1701	5.916045
1699	2432	5.361874
1700	1671	1.322874
1700	1672	0.575639
1700	1674	7.483259
1700	1675	6.480699
1700	1699	0.369755
1700	1701	0.350000
1701	1672	1.496661
1701	1699	5.916045
1701	1700	0.350000
1701	1702	0.250000
1701	1703	3.499988
1701	2432	6.344249
1701	2448	11.832020
1702	1672	3.741643
1702	1701	0.250000
1702	1703	0.333333
1702	1704	7.937191
1702	2448	5.916045
1703	1701	3.499988
1703	1702	0.333333
1703	1704	0.317490
1703	1705	1.322874
1704	1702	7.937191
1704	1703	0.317490
1704	1705	0.600000
1705	1703	1.322874
1705	1704	0.600000
1707	3086	22.493938
1708	3086	5.244017
1708	3087	2.622015
1708	3088	4.999975
1711	1712	0.803372
1711	1713	22.493938
1711	1744	22.493938
1711	1745	1.149999
1711	1746	3.833319
1712	1711	0.803372
1712	1713	0.205607
1712	1746	7.498092
1712	1998	10.487978
1712	1999	2.097613
1712	2000	0.374574
1713	1711	22.493938
1713	1712	0.205607
1713	1714	0.199773
1713	1745	3.749060
1713	1746	1.606743
1713	1998	0.912007
1713	1999	5.244017
1714	1713	0.199773
1714	1715	0.645161
1714	1744	6.992010
1714	1745	1.261623
1714	1746	7.149152
1714	1747	2.996588
1714	1997	0.998865
1714	1998	0.909090
1715	1714	0.645161
1715	1716	0.327869
1715	1742	20.975737
1715	1743	1.261623
1715	1744	0.874007
1715	1747	2.330681
1715	1748	0.714920
1715	1749	20.975737
1716	1715	0.327869
1716	1717	0.306394
1716	1742	1.498296
1716	1743	0.857904
1716	1748	3.574589
1716	1749	1.613549
1717	1716	0.306394
1717	1718	0.267442
1717	1740	21.447151
1717	1741	1.261623
1717	1742	0.449889
1718	1717	0.267442
1718	1719	0.261364
1718	1740	1.261623
1718	1741	0.691858
1718	2864	1.606743
1719	1718	0.261364
1719	1720	0.225490
1719	1738	22.493938
1719	1739	1.072379
1719	1740	0.691858
1719	2864	0.937268
1720	1719	0.225490
1720	1721	0.833127
1720	1736	0.306667
1720	1737	1.128820
1720	1738	1.249690
1720	1739	2.680944
1721	1720	0.833127
1721	1722	0.226804
1721	1735	4.399981
1721	1736	1.874533
1721	1737	1.311009
1721	1738	0.423077
1721	2237	1.104008
1721	2238	4.498869
1721	2356	11.247095
1721	2357	1.730339
1722	1721	0.226804
1722	1723	0.246778
1722	1734	6.992010
1722	1735	1.571426
1722	1737	20.975737
1722	2236	1.398410
1722	2237	1.048808
1722	2357	1.499627
1723	1722	0.246778
1723	1724	0.277778
1723	1734	1.999996
1723	2235	6.992010
1723	2236	1.428569
1723	2357	10.723690
1723	2358	3.496017
1723	2360	1.165342
1723	3669	21.447151
1723	3670	6.666622
1724	1723	0.277778
1724	1725	0.363519
1724	1733	1.538459
1724	1734	1.333332
1724	2360	3.496017
1724	2361	1.111110
1725	1724	0.363519
1725	1726	0.208282
1725	1730	22.493938
1725	1732	1.261623
1725	1733	0.612788
1725	1781	5.749967
1725	1782	3.213482
1725	2361	3.574589
1726	1725	0.208282
1726	1727	0.511628
1726	1728	1.571426
1726	1729	0.374574
1726	1730	5.499970
1726	1731	3.496017
1726	1732	1.906922
1726	1779	2.811798
1726	1781	2.044945
1726	1782	1.466665
1727	1726	0.511628
1727	1728	1.047618
1727	2363	0.308143
1727	2386	2.996588
1727	2389	1.606743
1727	2390	22.493938
1727	3534	4.195218
1728	1726	1.571426
1728	1727	1.047618
1728	1729	0.211881
1728	3534	0.699205
1728	3535	4.498869
1728	3671	2.330681
1728	3857	0.305555
1728	3858	2.622015
1728	3861	10.999879
1729	1726	0.374574
1729	1728	0.211881
1729	1730	0.635641
1729	1779	1.261623
1729	3670	1.176469
1729	3671	1.818179
1729	3858	19.999600
1729	3861	3.496017
1730	1725	22.493938
1730	1726	5.499970
1730	1729	0.635641
1730	1731	0.676650
1730	1732	20.975737
1730	1779	11.247095
1730	3544	1.748012
1730	3545	3.496017
1730	3669	2.811798
1730	3670	6.992010
1730	3858	2.622015
1730	3860	0.297297
1730	3861	0.400000
1731	1726	3.496017
1731	1730	0.676650
1731	1732	0.246914
1731	1779	0.498781
1731	1781	1.949779
1731	1951	2.680944
1731	3859	20.975737
1732	1725	1.261623
1732	1726	1.906922
1732	1730	20.975737
1732	1731	0.246914
1732	1733	0.333333
1732	1781	1.261623
1732	1782	1.748012
1732	1951	0.714920
1733	1724	1.538459
1733	1725	0.612788
1733	1732	0.333333
1733	1734	0.270270
1733	1782	2.996588
1733	1783	10.723690
1734	1722	6.992010
1734	1723	1.999996
1734	1724	1.333332
1734	1733	0.270270
1734	1735	0.243909
1734	1784	9.999900
1735	1721	4.399981
1735	1722	1.571426
1735	1734	0.243909
1735	1736	0.702951
1735	1737	0.368003
1736	1720	0.306667
1736	1721	1.874533
1736	1735	0.702951
1736	1737	0.612788
1736	1947	22.999471
1737	1720	1.128820
1737	1721	1.311009
1737	1722	20.975737
1737	1735	0.368003
1737	1736	0.612788
1737	1738	0.437003
1738	1719	22.493938
1738	1720	1.249690
1738	1721	0.423077
1738	1737	0.437003
1738	1739	0.196039
1738	2238	3.749060
1738	2356	22.493938
1738	2357	1.730339
1739	1719	1.072379
1739	1720	2.680944
1739	1738	0.196039
1739	1740	0.384615
1739	2238	5.361874
1739	2239	5.361874
1739	2356	21.447151
1740	1717	21.447151
1740	1718	1.261623
1740	1719	0.691858
1740	1739	0.384615
1740	1741	0.294118
1740	2239	2.680944
1741	1717	1.261623
1741	1718	0.691858
1741	1740	0.294118
1741	1742	0.327753
1741	2865	1.398410
1741	2866	2.622015
1742	1715	20.975737
1742	1716	1.498296
1742	1717	0.449889
1742	1741	0.327753
1742	1743	0.234317
1742	2865	7.333280
1742	2866	10.999879
1743	1715	1.261623
1743	1716	0.857904
1743	1742	0.234317
1743	1744	0.321349
1743	1748	22.999471
1744	1711	22.493938
1744	1714	6.992010
1744	1715	0.874007
1744	1743	0.321349
1744	1745	0.340825
1744	1748	2.249439
1745	1711	1.149999
1745	1713	3.749060
1745	1714	1.261623
1745	1744	0.340825
1745	1746	0.323944
1745	1747	0.803372
1745	1748	2.874992
1745	1997	11.247095
1746	1711	3.833319
1746	1712	7.498092
1746	1713	1.606743
1746	1714	7.149152
1746	1745	0.323944
1746	1747	0.535582
1746	1997	2.811798
1746	1998	5.361874
1747	1714	2.996588
1747	1715	2.330681
1747	1745	0.803372
1747	1746	0.535582
1747	1748	0.224944
1747	1994	21.999516
1747	1996	1.165342
1747	1997	0.278481
1748	1715	0.714920
1748	1716	3.574589
1748	1743	22.999471
1748	1744	2.249439
1748	1745	2.874992
1748	1747	0.224944
1748	1749	0.216293
1748	1996	4.289504
1749	1715	20.975737
1749	1716	1.613549
1749	1748	0.216293
1749	1750	0.224944
1749	1766	2.996588
1749	1995	22.493938
1750	1749	0.224944
1750	1751	0.252747
1750	1765	1.021314
1750	1766	3.063935
1750	1993	5.623579
1750	1994	11.247095
1750	1995	4.599979
1751	1750	0.252747
1751	1752	0.702951
1751	1764	0.865170
1751	1765	1.191533
1751	1992	0.329963
1751	1993	1.499627
1751	1994	3.749060
1752	1751	0.702951
1752	1753	0.733333
1752	1764	0.385965
1752	1796	1.571426
1752	1797	0.424423
1752	1798	20.975737
1752	1991	6.992010
1752	1992	1.104008
1752	1993	10.999879
1753	1752	0.733333
1753	1754	0.846153
1753	1755	0.271017
1753	1762	6.992010
1753	1763	1.499627
1753	1764	3.142847
1753	1765	10.487978
1753	1985	2.330681
1753	1986	1.498296
1754	1753	0.846153
1754	1755	1.071163
1754	1939	3.142847
1754	1972	1.405901
1754	1973	0.624845
1754	1985	1.398410
1754	1986	3.496017
1754	1987	0.305555
1755	1753	0.271017
1755	1754	1.071163
1755	1756	0.224944
1755	1762	1.261623
1755	1763	2.555549
1755	1973	5.749967
1755	1974	10.723690
1755	1984	2.680944
1755	1985	1.261623
1756	1755	0.224944
1756	1757	0.295979
1756	1759	1.999996
1756	1761	1.398410
1756	1762	1.165342
1756	1787	21.999516
1756	1788	2.199995
1756	1974	20.975737
1756	1984	2.622015
1757	1756	0.295979
1757	1758	0.284740
1757	1759	1.071163
1757	1761	7.149152
1757	1787	7.498092
1757	1788	1.606743
1757	1974	21.447151
1757	1975	1.769228
1757	1983	11.499868
1757	1984	5.361874
1757	3834	22.999471
1758	1757	0.284740
1758	1759	0.407407
1758	1975	1.249690
1758	3834	0.499876
1759	1756	1.999996
1759	1757	1.071163
1759	1758	0.407407
1759	1760	1.047618
1759	1761	0.349603
1760	1759	1.047618
1760	1761	0.723316
1761	1756	1.398410
1761	1757	7.149152
1761	1759	0.349603
1761	1760	0.723316
1761	1762	0.416666
1761	1984	9.999900
1762	1753	6.992010
1762	1755	1.261623
1762	1756	1.165342
1762	1761	0.416666
1762	1763	0.258405
1762	1789	21.447151
1762	1984	19.999600
1762	1985	19.999600
1763	1753	1.499627
1763	1755	2.555549
1763	1762	0.258405
1763	1764	1.124721
1763	1984	10.723690
1763	1985	2.383062
1764	1751	0.865170
1764	1752	0.385965
1764	1753	3.142847
1764	1763	1.124721
1764	1765	0.225550
1764	1796	7.333280
1764	1993	3.666653
1764	1994	1.999996
1765	1750	1.021314
1765	1751	1.191533
1765	1753	10.487978
1765	1764	0.225550
1765	1766	0.270270
1765	1994	3.496017
1765	1995	1.787298
1766	1749	2.996588
1766	1750	3.063935
1766	1765	0.270270
1766	1767	0.312500
1766	1793	1.498296
1766	1995	0.857904
1767	1766	0.312500
1767	1768	0.357143
1767	1792	1.191533
1767	1793	1.311009
1767	1996	0.999999
1768	1767	0.357143
1768	1769	0.363636
1768	1791	1.261623
1768	1792	0.564410
1768	2168	1.748012
1769	1768	0.363636
1769	1770	0.289855
1769	1790	1.072379
1769	1791	0.549938
1769	2167	1.104008
1769	2168	1.165342
1769	2182	5.244017
1770	1769	0.289855
1770	1771	0.238307
1770	1789	1.531970
1770	1790	0.824907
1770	2167	6.992010
1770	2182	5.244017
1770	2183	1.531970
1771	1770	0.238307
1771	1772	0.267791
1771	1773	11.499868
1771	1787	2.499376
1771	1788	1.124721
1771	1789	1.352939
1771	2183	2.874992
1771	2184	2.299995
1772	1771	0.267791
1772	1773	0.937268
1772	1774	0.327753
1772	1786	1.294116
1772	1787	1.374998
1773	1771	11.499868
1773	1772	0.937268
1773	1774	0.630812
1773	1785	0.333333
1773	1786	2.044945
1774	1772	0.327753
1774	1773	0.630812
1774	1775	0.466137
1774	1785	1.340474
1774	1786	1.233891
1774	1787	20.975737
1775	1774	0.466137
1775	1776	0.292136
1775	1785	1.405901
1775	1786	0.323529
1775	1949	0.723316
1776	1775	0.292136
1776	1777	0.261556
1776	1784	1.261623
1776	1785	0.793103
1776	1949	1.128820
1777	1776	0.261556
1777	1778	0.302079
1777	1780	3.333322
1777	1783	1.261623
1777	1784	3.999984
1777	1949	2.499994
1777	1950	0.833333
1777	1951	10.723690
1777	1953	21.447151
1777	1954	21.447151
1777	1955	20.975737
1778	1777	0.302079
1778	1779	1.095237
1778	1780	0.363519
1778	1781	1.769228
1778	1782	2.249439
1778	1783	0.696969
1778	1950	21.447151
1778	1951	0.377049
1778	1953	5.749967
1779	1726	2.811798
1779	1729	1.261623
1779	1730	11.247095
1779	1731	0.498781
1779	1778	1.095237
1779	1780	0.739572
1779	1781	0.793103
1779	1951	2.299995
1779	3858	0.714920
1779	3859	3.749060
1779	3860	22.493938
1780	1777	3.333322
1780	1778	0.363519
1780	1779	0.739572
1780	1781	0.932504
1780	3821	1.999996
1780	3822	3.333322
1780	3859	20.975737
1781	1725	5.749967
1781	1726	2.044945
1781	1731	1.949779
1781	1732	1.261623
1781	1778	1.769228
1781	1779	0.793103
1781	1780	0.932504
1781	1782	0.195604
1781	1951	3.285703
1781	3821	5.361874
1782	1725	3.213482
1782	1726	1.466665
1782	1732	1.748012
1782	1733	2.996588
1782	1778	2.249439
1782	1781	0.195604
1782	1783	0.303979
1782	1951	3.749060
1783	1733	10.723690
1783	1777	1.261623
1783	1778	0.696969
1783	1782	0.303979
1783	1784	0.282205
1783	1951	22.999471
1784	1734	9.999900
1784	1776	1.261623
1784	1777	3.999984
1784	1783	0.282205
1784	1785	0.278540
1785	1773	0.333333
1785	1774	1.340474
1785	1775	1.405901
1785	1776	0.793103
1785	1784	0.278540
1785	1786	0.725627
1785	1949	1.261623
1786	1772	1.294116
1786	1773	2.044945
1786	1774	1.233891
1786	1775	0.323529
1786	1785	0.725627
1786	1787	0.229167
1786	1948	10.487978
1786	1949	1.398410
1787	1756	21.999516
1787	1757	7.498092
1787	1771	2.499376
1787	1772	1.374998
1787	1774	20.975737
1787	1786	0.229167
1787	1788	0.250000
1788	1756	2.199995
1788	1757	1.606743
1788	1771	1.124721
1788	1787	0.250000
1788	1789	0.224944
1789	1762	21.447151
1789	1770	1.531970
1789	1771	1.352939
1789	1788	0.224944
1789	1790	0.277108
1790	1769	1.072379
1790	1770	0.824907
1790	1789	0.277108
1790	1791	0.258427
1790	2182	0.978018
1791	1768	1.261623
1791	1769	0.549938
1791	1790	0.258427
1791	1792	0.270588
1791	2167	2.249439
1791	2168	1.730339
1791	2182	1.499627
1792	1767	1.191533
1792	1768	0.564410
1792	1791	0.270588
1792	1793	0.277709
1792	2168	2.499376
1792	2169	2.090905
1793	1766	1.498296
1793	1767	1.311009
1793	1792	0.277709
1793	1794	0.220802
1793	1995	0.865170
1793	2169	2.499376
1793	2170	2.996588
1794	1793	0.220802
1794	1795	0.246914
1794	1994	1.311009
1794	1995	0.670237
1795	1794	0.246914
1795	1796	0.776895
1795	1993	1.613549
1795	1994	2.622015
1796	1752	1.571426
1796	1764	7.333280
1796	1795	0.776895
1796	1797	0.468634
1796	1845	0.500000
1796	1992	2.097613
1796	1993	0.278481
1797	1752	0.424423
1797	1796	0.468634
1797	1798	0.233126
1797	1845	1.405901
1797	1991	1.261623
1797	1992	0.824907
1798	1752	20.975737
1798	1797	0.233126
1798	1799	0.416666
1798	1845	20.975737
1798	1990	1.261623
1798	1991	1.428569
1799	1798	0.416666
1799	1800	0.338983
1799	1827	9.999900
1799	1922	21.447151
1799	1923	21.447151
1799	1989	1.261623
1799	1990	0.564410
1800	1799	0.338983
1800	1801	0.599319
1800	1826	2.680944
1800	1827	0.400000
1800	1828	19.999600
1800	1935	1.649813
1800	1989	0.564410
1801	1800	0.599319
1801	1802	0.297297
1801	1825	11.247095
1801	1826	2.249439
1801	1827	1.165342
1801	1828	20.975737
1801	1934	1.613549
1801	1935	0.308143
1802	1801	0.297297
1802	1803	0.468085
1802	1825	22.493938
1802	1826	1.323201
1802	1827	4.195218
1802	1831	11.247095
1802	1933	1.048808
1802	1934	2.622015
1803	1802	0.468085
1803	1804	0.419523
1803	1825	1.874533
1803	1826	1.874533
1803	1832	1.249690
1803	1833	0.833127
1803	1932	1.748012
1803	1933	0.874007
1804	1803	0.419523
1804	1805	0.408163
1804	1824	1.021314
1804	1825	1.429839
1804	1833	1.649813
1804	1834	3.999984
1804	1932	19.999600
1805	1804	0.408163
1805	1806	0.345929
1805	1823	1.128820
1805	1824	0.612788
1806	1805	0.345929
1806	1807	0.223413
1806	1822	1.531970
1806	1823	0.425926
1807	1806	0.223413
1807	1808	0.298507
1807	1821	1.949779
1807	1822	1.666664
1808	1807	0.298507
1808	1809	0.277778
1808	1820	1.787298
1808	1821	0.739572
1809	1808	0.277778
1809	1810	0.412454
1809	1819	3.574589
1809	1820	0.824907
1810	1809	0.412454
1810	1811	0.302631
1810	1818	2.680944
1810	1819	0.605263
1811	1810	0.302631
1811	1812	0.293803
1811	1815	22.999471
1811	1817	1.531970
1811	1818	0.893650
1812	1811	0.293803
1812	1813	0.606060
1812	1815	1.429839
1812	1817	9.999900
1813	1812	0.606060
1813	1814	0.909090
1813	1815	2.383062
1814	1813	0.909090
1814	1815	0.382993
1815	1811	22.999471
1815	1812	1.429839
1815	1813	2.383062
1815	1814	0.382993
1815	1816	0.824907
1815	1817	0.649927
1816	1815	0.824907
1816	1817	0.833333
1817	1811	1.531970
1817	1812	9.999900
1817	1815	0.649927
1817	1816	0.833333
1817	1818	0.333333
1818	1810	2.680944
1818	1811	0.893650
1818	1817	0.333333
1818	1819	0.329963
1819	1809	3.574589
1819	1810	0.605263
1819	1818	0.329963
1819	1820	0.294872
1820	1808	1.787298
1820	1809	0.824907
1820	1819	0.294872
1820	1821	0.283951
1821	1807	1.949779
1821	1808	0.739572
1821	1820	0.283951
1821	1822	0.243723
1822	1806	1.531970
1822	1807	1.666664
1822	1821	0.243723
1822	1823	0.523112
1823	1805	1.128820
1823	1806	0.425926
1823	1822	0.523112
1823	1824	0.255555
1824	1804	1.021314
1824	1805	0.612788
1824	1823	0.255555
1824	1825	0.207207
1825	1801	11.247095
1825	1802	22.493938
1825	1803	1.874533
1825	1804	1.429839
1825	1824	0.207207
1825	1826	0.234694
1825	1833	22.999471
1825	1834	21.447151
1826	1800	2.680944
1826	1801	2.249439
1826	1802	1.323201
1826	1803	1.874533
1826	1825	0.234694
1826	1827	0.324964
1826	1832	1.045453
1826	1833	3.833319
1827	1799	9.999900
1827	1800	0.400000
1827	1801	1.165342
1827	1802	4.195218
1827	1826	0.324964
1827	1828	0.689655
1827	1831	21.447151
1827	1832	3.574589
1828	1800	19.999600
1828	1801	20.975737
1828	1827	0.689655
1828	1829	0.630812
1828	1830	2.144756
1828	1831	1.531970
1828	1934	9.999900
1828	1935	21.447151
1828	1987	10.487978
1829	1828	0.630812
1829	1830	0.252747
1829	1969	1.261623
1829	1971	11.499868
1829	1986	0.297883
1830	1828	2.144756
1830	1829	0.252747
1830	1831	0.244681
1830	1934	1.429839
1830	1969	0.549938
1831	1802	11.247095
1831	1827	21.447151
1831	1828	1.531970
1831	1830	0.244681
1831	1832	0.247312
1831	1933	1.261623
1831	1934	0.739572
1832	1803	1.249690
1832	1826	1.045453
1832	1827	3.574589
1832	1831	0.247312
1832	1833	0.315068
1832	1932	1.128820
1832	1933	0.510657
1833	1803	0.833127
1833	1804	1.649813
1833	1825	22.999471
1833	1826	3.833319
1833	1832	0.315068
1833	1834	0.193222
1833	1929	22.999471
1833	1930	1.429839
1833	1932	0.428952
1834	1804	3.999984
1834	1825	21.447151
1834	1833	0.193222
1834	1835	0.454545
1834	1929	1.649813
1834	1930	2.499994
1835	1834	0.454545
1835	1836	0.363636
1835	1928	1.128820
1835	1929	0.536190
1836	1835	0.363636
1836	1837	0.400000
1836	1927	1.787298
1836	1928	0.893650
1837	1836	0.400000
1837	1838	0.434782
1837	1926	1.498296
1837	1927	0.691858
1838	1837	0.434782
1838	1839	0.691858
1838	1925	0.824907
1838	1926	0.699205
1839	1838	0.691858
1839	1840	0.919999
1839	1925	0.547619
1840	1839	0.919999
1840	1841	1.261623
1840	1924	1.429839
1840	1925	1.533331
1841	1840	1.261623
1841	1842	0.476190
1841	1923	0.857904
1841	1924	1.428569
1842	1841	0.476190
1842	1843	0.243723
1842	1922	1.072379
1842	1923	0.670237
1843	1842	0.243723
1843	1844	0.803372
1843	1920	4.289504
1843	1921	1.183917
1843	1922	0.793103
1844	1843	0.803372
1844	1845	0.814814
1844	1846	0.322710
1844	1914	3.749060
1844	1919	21.999516
1844	1920	2.996588
1844	1921	0.366667
1845	1796	0.500000
1845	1797	1.405901
1845	1798	20.975737
1845	1844	0.814814
1845	1846	0.599319
1845	1914	5.623579
1845	1992	2.097613
1846	1844	0.322710
1846	1845	0.599319
1846	1847	0.377358
1846	1919	6.992010
1846	1920	9.999900
1847	1846	0.377358
1847	1848	0.333333
1847	1918	1.429839
1847	1919	1.311009
1848	1847	0.333333
1848	1849	0.363636
1848	1917	1.787298
1848	1918	0.595767
1849	1848	0.363636
1849	1850	0.298507
1849	1916	1.531970
1849	1917	0.857904
1850	1849	0.298507
1850	1851	0.349603
1850	1913	4.289504
1850	1915	3.063935
1850	1916	1.649813
1851	1850	0.349603
1851	1852	0.258557
1851	1913	1.249690
1851	1915	0.607958
1852	1851	0.258557
1852	1853	0.204263
1852	1911	22.999471
1852	1912	1.340474
1852	1913	1.095237
1853	1852	0.204263
1853	1854	0.465116
1853	1911	1.261623
1853	1912	3.333322
1854	1853	0.465116
1854	1855	0.281690
1854	1909	20.975737
1854	1910	0.932504
1854	1911	0.476613
1855	1854	0.281690
1855	1856	0.874007
1855	1907	0.912007
1855	1909	1.165342
1855	1910	1.021314
1856	1855	0.874007
1856	1857	0.607958
1856	1906	3.749060
1856	1907	0.415094
1856	1908	10.999879
1857	1856	0.607958
1857	1858	0.297883
1857	1905	1.021314
1857	1906	0.370968
1858	1857	0.297883
1858	1859	0.350877
1858	1904	1.261623
1858	1905	1.176469
1859	1858	0.350877
1859	1860	0.255329
1859	1903	1.261623
1859	1904	0.739572
1860	1859	0.255329
1860	1861	0.833127
1860	1884	2.044945
1860	1900	7.666608
1860	1901	0.714920
1860	1902	1.071163
1860	1903	1.210525
1861	1860	0.833127
1861	1862	0.231579
1861	1881	0.953462
1861	1882	3.666653
1861	1884	0.265060
1861	1885	11.247095
1861	1895	22.493938
1861	1900	4.498869
1861	1901	6.992010
1862	1861	0.231579
1862	1863	0.937268
1862	1879	22.493938
1862	1880	1.613549
1862	1881	0.839046
1862	1885	22.493938
1862	1895	1.124721
1862	1896	0.388448
1862	1900	22.493938
1863	1862	0.937268
1863	1864	0.238307
1863	1877	3.833319
1863	1878	1.072379
1863	1879	0.287500
1863	1896	1.649813
1863	1897	5.361874
1864	1863	0.238307
1864	1865	0.303030
1864	1877	1.261623
1864	1878	9.999900
1864	1897	19.999600
1865	1864	0.303030
1865	1866	0.297883
1865	1876	1.498296
1865	1877	0.765986
1866	1865	0.297883
1866	1867	0.240984
1866	1874	5.749967
1866	1875	1.340474
1866	1876	0.523126
1867	1866	0.240984
1867	1868	0.338983
1867	1874	1.649813
1867	1875	3.333322
1868	1867	0.338983
1868	1869	0.268095
1868	1872	1.398410
1868	1874	1.261623
1868	2709	19.999600
1869	1868	0.268095
1869	1870	0.919999
1869	1871	0.479166
1869	1872	0.725627
1869	1892	3.213482
1869	2709	7.149152
1870	1869	0.919999
1870	1871	0.227723
1870	1891	1.210525
1870	2041	7.498092
1870	2064	0.277709
1870	2708	22.493938
1871	1869	0.479166
1871	1870	0.227723
1871	1872	1.071163
1871	1891	0.389830
1871	1892	0.346068
1871	2708	3.213482
1872	1868	1.398410
1872	1869	0.725627
1872	1871	1.071163
1872	1873	0.758620
1872	1874	0.249938
1872	1892	0.415094
1873	1872	0.758620
1873	1874	1.022474
1873	1890	0.456004
1873	1891	11.247095
1873	1892	2.749992
1873	1893	2.199995
1873	1894	0.338461
1874	1866	5.749967
1874	1867	1.649813
1874	1868	1.261623
1874	1872	0.249938
1874	1873	1.022474
1874	1875	0.184893
1874	1893	1.323201
1874	1894	5.623579
1875	1866	1.340474
1875	1867	3.333322
1875	1874	0.184893
1875	1876	0.332955
1876	1865	1.498296
1876	1866	0.523126
1876	1875	0.332955
1876	1877	0.326006
1877	1863	3.833319
1877	1864	1.261623
1877	1865	0.765986
1877	1876	0.326006
1877	1878	0.243723
1878	1863	1.072379
1878	1864	9.999900
1878	1877	0.243723
1878	1879	0.498781
1879	1862	22.493938
1879	1863	0.287500
1879	1878	0.498781
1879	1880	0.191496
1879	1895	11.499868
1879	1896	1.261623
1880	1862	1.613549
1880	1879	0.191496
1880	1881	0.444444
1880	1895	1.261623
1880	1896	2.499994
1881	1861	0.953462
1881	1862	0.839046
1881	1880	0.444444
1881	1882	0.265521
1881	1885	1.261623
1881	1895	0.670237
1882	1861	3.666653
1882	1881	0.265521
1882	1883	0.725627
1882	1884	1.099999
1882	1885	0.803372
1883	1882	0.725627
1883	1884	0.978018
1883	1902	1.499627
1883	1903	0.718749
1883	1904	11.499868
1884	1860	2.044945
1884	1861	0.265060
1884	1882	1.099999
1884	1883	0.978018
1884	1885	0.865170
1884	1901	0.912007
1884	1902	0.309859
1885	1861	11.247095
1885	1862	22.493938
1885	1881	1.261623
1885	1882	0.803372
1885	1884	0.865170
1885	1886	0.749814
1885	1895	0.383333
1885	1900	5.749967
1885	1901	2.680944
1885	2703	1.021314
1886	1885	0.749814
1886	1887	0.229535
1886	1900	1.183917
1886	1901	0.839046
1886	2703	2.330681
1887	1886	0.229535
1887	1888	0.244681
1887	1899	1.128820
1887	1900	1.095237
1888	1887	0.244681
1888	1889	0.227723
1888	1898	1.261623
1888	1899	0.649927
1889	1888	0.227723
1889	1890	0.264785
1889	1894	5.623579
1889	1897	1.261623
1889	1898	0.714920
1890	1873	0.456004
1890	1889	0.264785
1890	1891	1.021314
1890	1894	1.311009
1890	1897	4.999975
1891	1870	1.210525
1891	1871	0.389830
1891	1873	11.247095
1891	1890	1.021314
1891	1892	0.937268
1891	2041	0.381262
1891	2064	5.623579
1892	1869	3.213482
1892	1871	0.346068
1892	1872	0.415094
1892	1873	2.749992
1892	1891	0.937268
1892	1893	0.758620
1892	2041	10.999879
1892	2707	22.493938
1892	2708	1.222221
1892	2736	21.999516
1893	1873	2.199995
1893	1874	1.323201
1893	1892	0.758620
1893	1894	0.733333
1893	2707	0.303979
1893	2708	3.666653
1893	2736	10.999879
1893	2737	22.493938
1894	1873	0.338461
1894	1874	5.623579
1894	1889	5.623579
1894	1890	1.311009
1894	1893	0.733333
1894	1895	0.681649
1894	1896	2.097613
1894	1897	0.361658
1895	1861	22.493938
1895	1862	1.124721
1895	1879	11.499868
1895	1880	1.261623
1895	1881	0.670237
1895	1885	0.383333
1895	1894	0.681649
1895	1896	0.233126
1896	1862	0.388448
1896	1863	1.649813
1896	1879	1.261623
1896	1880	2.499994
1896	1894	2.097613
1896	1895	0.233126
1896	1897	0.740740
1896	1898	4.999975
1897	1863	5.361874
1897	1864	19.999600
1897	1889	1.261623
1897	1890	4.999975
1897	1894	0.361658
1897	1896	0.740740
1897	1898	0.312500
1898	1888	1.261623
1898	1889	0.714920
1898	1896	4.999975
1898	1897	0.312500
1898	1899	0.327869
1899	1887	1.128820
1899	1888	0.649927
1899	1898	0.327869
1899	1900	0.302079
1900	1860	7.666608
1900	1861	4.498869
1900	1862	22.493938
1900	1885	5.749967
1900	1886	1.183917
1900	1887	1.095237
1900	1899	0.302079
1900	1901	0.235688
1901	1860	0.714920
1901	1861	6.992010
1901	1884	0.912007
1901	1885	2.680944
1901	1886	0.839046
1901	1900	0.235688
1901	1902	0.524404
1902	1860	1.071163
1902	1883	1.499627
1902	1884	0.309859
1902	1901	0.524404
1902	1903	0.227217
1903	1859	1.261623
1903	1860	1.210525
1903	1883	0.718749
1903	1902	0.227217
1903	1904	0.250000
1904	1858	1.261623
1904	1859	0.739572
1904	1883	11.499868
1904	1903	0.250000
1904	1905	0.274969
1905	1857	1.021314
1905	1858	1.176469
1905	1904	0.274969
1905	1906	0.412454
1906	1856	3.749060
1906	1857	0.370968
1906	1905	0.412454
1906	1907	0.681649
1907	1855	0.912007
1907	1856	0.415094
1907	1906	0.681649
1907	1908	0.594594
1907	1909	0.758620
1908	1856	10.999879
1908	1907	0.594594
1908	1909	0.271605
1909	1854	20.975737
1909	1855	1.165342
1909	1907	0.758620
1909	1908	0.271605
1909	1910	0.261563
1910	1854	0.932504
1910	1855	1.021314
1910	1909	0.261563
1910	1911	0.273809
1911	1852	22.999471
1911	1853	1.261623
1911	1854	0.476613
1911	1910	0.273809
1911	1912	0.230619
1912	1852	1.340474
1912	1853	3.333322
1912	1911	0.230619
1912	1913	0.264785
1913	1850	4.289504
1913	1851	1.249690
1913	1852	1.095237
1913	1912	0.264785
1913	1914	1.095237
1913	1915	4.599979
1914	1844	3.749060
1914	1845	5.623579
1914	1913	1.095237
1914	1915	0.547619
1914	1916	1.277776
1914	1917	2.874992
1915	1850	3.063935
1915	1851	0.607958
1915	1913	4.599979
1915	1914	0.547619
1915	1916	0.280488
1916	1849	1.531970
1916	1850	1.649813
1916	1914	1.277776
1916	1915	0.280488
1916	1917	0.223301
1917	1848	1.787298
1917	1849	0.857904
1917	1914	2.874992
1917	1916	0.223301
1917	1918	0.359375
1918	1847	1.429839
1918	1848	0.595767
1918	1917	0.359375
1918	1919	0.277709
1919	1844	21.999516
1919	1846	6.992010
1919	1847	1.311009
1919	1918	0.277709
1919	1920	0.388448
1920	1843	4.289504
1920	1844	2.996588
1920	1846	9.999900
1920	1919	0.388448
1920	1921	0.524404
1921	1843	1.183917
1921	1844	0.366667
1921	1920	0.524404
1921	1922	0.274322
1922	1799	21.447151
1922	1842	1.072379
1922	1843	0.793103
1922	1921	0.274322
1922	1923	0.242105
1923	1799	21.447151
1923	1841	0.857904
1923	1842	0.670237
1923	1922	0.242105
1923	1924	0.595767
1924	1840	1.429839
1924	1841	1.428569
1924	1923	0.595767
1924	1925	0.932504
1925	1838	0.824907
1925	1839	0.547619
1925	1840	1.533331
1925	1924	0.932504
1925	1926	0.432585
1926	1837	1.498296
1926	1838	0.699205
1926	1925	0.432585
1926	1927	0.416564
1927	1836	1.787298
1927	1837	0.691858
1927	1926	0.416564
1927	1928	0.242105
1928	1835	1.128820
1928	1836	0.893650
1928	1927	0.242105
1928	1929	0.306667
1929	1833	22.999471
1929	1834	1.649813
1929	1835	0.536190
1929	1928	0.306667
1929	1930	0.324964
1930	1833	1.429839
1930	1834	2.499994
1930	1929	0.324964
1930	1931	0.499433
1931	1930	0.499433
1931	1932	0.776895
1932	1803	1.748012
1932	1804	19.999600
1932	1832	1.128820
1932	1833	0.428952
1932	1931	0.776895
1932	1933	0.555555
1933	1802	1.048808
1933	1803	0.874007
1933	1831	1.261623
1933	1832	0.510657
1933	1932	0.555555
1933	1934	0.294118
1933	1969	6.666622
1934	1801	1.613549
1934	1802	2.622015
1934	1828	9.999900
1934	1830	1.429839
1934	1831	0.739572
1934	1933	0.294118
1934	1935	0.824907
1934	1968	0.799999
1934	1969	0.999999
1935	1800	1.649813
1935	1801	0.308143
1935	1828	21.447151
1935	1934	0.824907
1935	1936	0.937268
1935	1968	2.383062
1935	1987	22.493938
1935	1988	0.803372
1935	1989	0.500000
1936	1935	0.937268
1936	1937	0.978018
1936	1938	0.287345
1936	1966	1.466665
1936	1967	1.466665
1936	1968	20.975737
1936	1988	1.374998
1936	1989	22.493938
1937	1936	0.978018
1937	1938	0.612788
1937	1965	0.319444
1937	1966	3.749060
1938	1936	0.287345
1938	1937	0.612788
1938	1939	0.313077
1938	1964	21.447151
1938	1965	0.794355
1938	1966	1.165342
1938	1967	20.975737
1938	1987	5.244017
1938	1988	0.998865
1939	1754	3.142847
1939	1938	0.313077
1939	1940	0.170538
1939	1964	22.493938
1939	1965	1.183917
1939	1966	0.318840
1939	1972	11.247095
1939	1973	11.247095
1939	1987	2.444438
1940	1939	0.170538
1940	1941	0.298507
1940	1964	1.261623
1940	1965	3.063935
1940	1973	3.063935
1940	1974	9.999900
1941	1940	0.298507
1941	1942	0.266667
1941	1963	1.261623
1941	1964	0.794355
1942	1941	0.266667
1942	1943	0.377358
1942	1962	1.261623
1942	1963	0.630812
1942	3347	19.999600
1943	1942	0.377358
1943	1944	0.412454
1943	1961	1.261623
1943	1962	0.536190
1943	3658	19.999600
1943	3659	3.999984
1944	1943	0.412454
1944	1945	0.268095
1944	1959	22.493938
1944	1960	1.531970
1944	1961	0.403509
1944	3659	1.429839
1944	3660	21.447151
1945	1944	0.268095
1945	1946	0.446825
1945	1959	1.498296
1945	1960	2.499994
1946	1945	0.446825
1946	1947	0.267442
1946	1957	21.447151
1946	1958	1.261623
1946	1959	0.387835
1947	1736	22.999471
1947	1946	0.267442
1947	1948	0.293803
1947	1957	1.340474
1947	1958	0.765986
1948	1786	10.487978
1948	1947	0.293803
1948	1949	0.769230
1948	1950	0.327869
1948	1951	21.447151
1948	1956	2.383062
1948	1957	2.499994
1949	1775	0.723316
1949	1776	1.128820
1949	1777	2.499994
1949	1785	1.261623
1949	1786	1.398410
1949	1948	0.769230
1949	1950	0.370370
1949	1976	10.723690
1950	1777	0.833333
1950	1778	21.447151
1950	1948	0.327869
1950	1949	0.370370
1950	1951	1.021314
1950	1953	2.383062
1950	1955	1.906922
1950	1956	1.949779
1950	1976	1.261623
1951	1731	2.680944
1951	1732	0.714920
1951	1777	10.723690
1951	1778	0.377049
1951	1779	2.299995
1951	1781	3.285703
1951	1782	3.749060
1951	1783	22.999471
1951	1948	21.447151
1951	1950	1.021314
1951	1952	0.857904
1951	1953	1.437498
1952	1951	0.857904
1952	1953	0.258405
1952	1955	20.975737
1953	1777	21.447151
1953	1778	5.749967
1953	1950	2.383062
1953	1951	1.437498
1953	1952	0.258405
1953	1954	0.718749
1953	1955	0.264640
1954	1777	21.447151
1954	1953	0.718749
1954	1955	0.424423
1954	1976	22.999471
1954	1977	4.498869
1954	3839	1.606743
1954	3840	0.958332
1955	1777	20.975737
1955	1950	1.906922
1955	1952	20.975737
1955	1953	0.264640
1955	1954	0.424423
1955	1956	0.624845
1955	1976	4.498869
1955	1977	3.666653
1956	1948	2.383062
1956	1950	1.949779
1956	1955	0.624845
1956	1957	0.196767
1956	1974	21.447151
1956	1975	5.749967
1956	1976	0.315068
1956	1977	2.499376
1957	1946	21.447151
1957	1947	1.340474
1957	1948	2.499994
1957	1956	0.196767
1957	1958	0.350877
1957	1974	1.333332
1957	1975	3.574589
1958	1946	1.261623
1958	1947	0.765986
1958	1957	0.350877
1958	1959	0.313077
1958	1973	21.447151
1958	1974	9.999900
1959	1944	22.493938
1959	1945	1.498296
1959	1946	0.387835
1959	1958	0.313077
1959	1960	0.262202
1960	1944	1.531970
1960	1945	2.499994
1960	1959	0.262202
1960	1961	0.487445
1961	1943	1.261623
1961	1944	0.403509
1961	1960	0.487445
1961	1962	0.287500
1961	3657	22.999471
1961	3658	5.361874
1962	1942	1.261623
1962	1943	0.536190
1962	1961	0.287500
1962	1963	0.277108
1962	3657	3.285703
1962	3658	0.932504
1963	1941	1.261623
1963	1942	0.630812
1963	1962	0.277108
1963	1964	0.242105
1963	3555	4.289504
1963	3556	1.533331
1963	3657	22.999471
1964	1938	21.447151
1964	1939	22.493938
1964	1940	1.261623
1964	1941	0.794355
1964	1963	0.242105
1964	1965	0.234694
1964	3556	4.599979
1965	1937	0.319444
1965	1938	0.794355
1965	1939	1.183917
1965	1940	3.063935
1965	1964	0.234694
1965	1966	0.899777
1966	1936	1.466665
1966	1937	3.749060
1966	1938	1.165342
1966	1939	0.318840
1966	1965	0.899777
1966	1967	0.226804
1966	1972	5.623579
1966	1987	7.333280
1966	1988	10.999879
1967	1936	1.466665
1967	1938	20.975737
1967	1966	0.226804
1967	1968	0.456004
1967	1971	1.874533
1967	1987	3.666653
1967	1988	2.199995
1968	1934	0.799999
1968	1935	2.383062
1968	1936	20.975737
1968	1967	0.456004
1968	1969	0.833333
1968	1971	1.531970
1968	1988	20.975737
1969	1829	1.261623
1969	1830	0.549938
1969	1933	6.666622
1969	1934	0.999999
1969	1968	0.833333
1969	1970	0.869564
1969	1971	0.282205
1969	1986	19.999600
1970	1969	0.869564
1970	1971	0.794355
1971	1829	11.499868
1971	1967	1.874533
1971	1968	1.531970
1971	1969	0.282205
1971	1970	0.794355
1971	1972	0.287500
1971	1986	1.649813
1972	1754	1.405901
1972	1939	11.247095
1972	1966	5.623579
1972	1971	0.287500
1972	1973	0.319444
1972	1985	1.531970
1972	1986	1.191533
1973	1754	0.624845
1973	1755	5.749967
1973	1939	11.247095
1973	1940	3.063935
1973	1958	21.447151
1973	1972	0.319444
1973	1974	0.249391
1973	1984	1.261623
1973	1985	0.649927
1974	1755	10.723690
1974	1756	20.975737
1974	1757	21.447151
1974	1940	9.999900
1974	1956	21.447151
1974	1957	1.333332
1974	1958	9.999900
1974	1973	0.249391
1974	1975	0.523112
1974	1983	1.261623
1974	1984	1.428569
1975	1757	1.769228
1975	1758	1.249690
1975	1956	5.749967
1975	1957	3.574589
1975	1974	0.523112
1975	1976	0.958332
1975	1981	7.149152
1975	1982	1.128820
1975	1983	0.433962
1975	3834	0.479166
1976	1949	10.723690
1976	1950	1.261623
1976	1954	22.999471
1976	1955	4.498869
1976	1956	0.315068
1976	1975	0.958332
1976	1977	0.937268
1976	3833	1.949779
1976	3834	2.555549
1977	1954	4.498869
1977	1955	3.666653
1977	1956	2.499376
1977	1976	0.937268
1977	1978	0.214043
1977	3837	22.493938
1977	3838	1.374998
1977	3839	1.294116
1978	1977	0.214043
1978	1979	0.370370
1978	3338	10.723690
1978	3346	1.538459
1978	3837	1.021314
1978	3838	2.996588
1979	1978	0.370370
1979	1980	0.343872
1979	3338	7.149152
1979	3339	0.999999
1979	3344	2.680944
1979	3345	1.999996
1979	3346	19.999600
1979	3836	1.072379
1979	3837	0.794355
1980	1979	0.343872
1980	1981	0.246778
1980	3339	20.975737
1980	3340	11.247095
1980	3344	5.623579
1980	3834	22.493938
1980	3835	1.498296
1980	3836	0.535582
1981	1975	7.149152
1981	1980	0.246778
1981	1982	0.273973
1981	3834	1.261623
1981	3835	1.666664
1982	1975	1.128820
1982	1981	0.273973
1982	1983	0.302079
1982	3834	0.824907
1983	1757	11.499868
1983	1974	1.261623
1983	1975	0.433962
1983	1982	0.302079
1983	1984	0.252325
1984	1755	2.680944
1984	1756	2.622015
1984	1757	5.361874
1984	1761	9.999900
1984	1762	19.999600
1984	1763	10.723690
1984	1973	1.261623
1984	1974	1.428569
1984	1983	0.252325
1984	1985	0.266667
1985	1753	2.330681
1985	1754	1.398410
1985	1755	1.261623
1985	1762	19.999600
1985	1763	2.383062
1985	1972	1.531970
1985	1973	0.649927
1985	1984	0.266667
1985	1986	0.327869
1986	1753	1.498296
1986	1754	3.496017
1986	1829	0.297883
1986	1969	19.999600
1986	1971	1.649813
1986	1972	1.191533
1986	1985	0.327869
1986	1987	0.912007
1987	1754	0.305555
1987	1828	10.487978
1987	1935	22.493938
1987	1938	5.244017
1987	1939	2.444438
1987	1966	7.333280
1987	1967	3.666653
1987	1986	0.912007
1987	1988	0.203704
1988	1935	0.803372
1988	1936	1.374998
1988	1938	0.998865
1988	1966	10.999879
1988	1967	2.199995
1988	1968	20.975737
1988	1987	0.203704
1988	1989	0.937268
1989	1799	1.261623
1989	1800	0.564410
1989	1935	0.500000
1989	1936	22.493938
1989	1988	0.937268
1989	1990	0.287500
1990	1798	1.261623
1990	1799	0.564410
1990	1989	0.287500
1990	1991	0.302079
1991	1752	6.992010
1991	1797	1.261623
1991	1798	1.428569
1991	1990	0.302079
1991	1992	0.266667
1992	1751	0.329963
1992	1752	1.104008
1992	1796	2.097613
1992	1797	0.824907
1992	1845	2.097613
1992	1991	0.266667
1992	1993	0.676650
1993	1750	5.623579
1993	1751	1.499627
1993	1752	10.999879
1993	1764	3.666653
1993	1795	1.613549
1993	1796	0.278481
1993	1992	0.676650
1993	1994	0.213592
1994	1747	21.999516
1994	1750	11.247095
1994	1751	3.749060
1994	1764	1.999996
1994	1765	3.496017
1994	1794	1.311009
1994	1795	2.622015
1994	1993	0.213592
1994	1995	0.224944
1995	1749	22.493938
1995	1750	4.599979
1995	1765	1.787298
1995	1766	0.857904
1995	1793	0.865170
1995	1794	0.670237
1995	1994	0.224944
1995	1996	0.739572
1996	1747	1.165342
1996	1748	4.289504
1996	1767	0.999999
1996	1995	0.739572
1996	1997	0.437003
1997	1714	0.998865
1997	1745	11.247095
1997	1746	2.811798
1997	1747	0.278481
1997	1996	0.437003
1997	1998	0.220802
1998	1712	10.487978
1998	1713	0.912007
1998	1714	0.909090
1998	1746	5.361874
1998	1997	0.220802
1998	1999	0.327869
1999	1712	2.097613
1999	1713	5.244017
1999	1998	0.327869
1999	2000	0.625000
1999	2001	1.428569
2000	1712	0.374574
2000	1999	0.625000
2000	2001	0.322581
2001	1999	1.428569
2001	2000	0.322581
2001	2002	0.487445
2002	2001	0.487445
2002	2003	0.244681
2003	2002	0.244681
2003	2004	0.294872
2004	2003	0.294872
2004	2005	0.218853
2005	2004	0.218853
2005	2006	0.340438
2006	2005	0.340438
2006	2007	1.022474
2006	2008	0.320113
2007	2006	1.022474
2007	2008	0.839046
2007	2175	2.499376
2007	2698	2.097613
2007	2699	0.776895
2007	2744	1.124721
2007	2745	2.444438
2008	2006	0.320113
2008	2007	0.839046
2008	2009	0.408163
2008	2747	21.447151
2009	2008	0.408163
2009	2010	0.271489
2009	2013	0.998865
2009	2014	1.429839
2009	2747	3.063935
2010	2009	0.271489
2010	2011	0.937268
2010	2013	2.044945
2010	2018	2.044945
2011	2010	0.937268
2011	2012	0.998865
2011	2013	0.709677
2011	2018	0.354839
2011	2019	5.244017
2011	2037	0.255619
2012	2011	0.998865
2012	2013	0.723316
2012	2036	20.975737
2012	2141	4.289504
2012	2142	0.612788
2012	2143	2.857135
2012	2757	19.999600
2013	2009	0.998865
2013	2010	2.044945
2013	2011	0.709677
2013	2012	0.723316
2013	2014	0.222717
2013	2018	1.571426
2013	2747	3.749060
2014	2009	1.429839
2014	2013	0.222717
2014	2015	0.498781
2014	2017	1.531970
2014	2018	1.124721
2014	2747	1.533331
2015	2014	0.498781
2015	2016	0.857904
2015	2017	0.363636
2015	2018	2.622015
2016	2015	0.857904
2016	2017	0.302079
2016	2021	1.183917
2016	2022	0.328571
2016	2034	1.606743
2016	2035	22.493938
2017	2014	1.531970
2017	2015	0.363636
2017	2016	0.302079
2017	2018	0.912007
2017	2019	19.999600
2017	2021	0.676650
2017	2022	21.447151
2017	2036	2.996588
2018	2010	2.044945
2018	2011	0.354839
2018	2013	1.571426
2018	2014	1.124721
2018	2015	2.622015
2018	2017	0.912007
2018	2019	0.616946
2018	2036	21.999516
2019	2011	5.244017
2019	2017	19.999600
2019	2018	0.616946
2019	2020	0.799999
2019	2021	20.975737
2019	2036	0.317821
2019	2037	1.429839
2020	2019	0.799999
2020	2021	0.998865
2021	2016	1.183917
2021	2017	0.676650
2021	2019	20.975737
2021	2020	0.998865
2021	2022	0.833127
2021	2023	0.287345
2021	2034	1.833330
2021	2035	1.571426
2021	2036	2.749992
2022	2016	0.328571
2022	2017	21.447151
2022	2021	0.833127
2022	2023	0.549938
2022	2033	0.442307
2022	2034	3.749060
2023	2021	0.287345
2023	2022	0.549938
2023	2024	0.395777
2023	2032	21.447151
2023	2033	0.857904
2023	2034	1.398410
2024	2023	0.395777
2024	2025	0.197888
2024	2032	7.498092
2024	2033	1.405901
2024	2034	0.366667
2025	2024	0.197888
2025	2026	0.370370
2025	2032	1.072379
2025	2033	3.574589
2026	2025	0.370370
2026	2027	0.302079
2026	2031	1.128820
2026	2032	0.564410
2027	2026	0.302079
2027	2028	0.974890
2027	2029	0.547619
2027	2030	2.249439
2027	2031	0.403509
2028	2027	0.974890
2028	2029	0.218853
2028	2242	1.949779
2028	2244	1.787298
2028	2346	0.322710
2029	2027	0.547619
2029	2028	0.218853
2029	2030	0.247192
2029	2241	0.974890
2029	2242	2.555549
2029	2352	22.999471
2029	2353	5.361874
2030	2027	2.249439
2030	2029	0.247192
2030	2031	0.432585
2030	2240	5.623579
2030	2241	0.655505
2030	2353	1.748012
2030	2354	0.953462
2031	2026	1.128820
2031	2027	0.403509
2031	2030	0.432585
2031	2032	0.264368
2031	2354	1.649813
2031	2355	2.680944
2032	2023	21.447151
2032	2024	7.498092
2032	2025	1.072379
2032	2026	0.564410
2032	2031	0.264368
2032	2033	0.207207
2032	2355	2.680944
2033	2022	0.442307
2033	2023	0.857904
2033	2024	1.405901
2033	2025	3.574589
2033	2032	0.207207
2033	2034	0.681649
2034	2016	1.606743
2034	2021	1.833330
2034	2022	3.749060
2034	2023	1.398410
2034	2024	0.366667
2034	2033	0.681649
2034	2035	0.226804
2035	2016	22.493938
2035	2021	1.571426
2035	2034	0.226804
2035	2036	0.211538
2036	2012	20.975737
2036	2017	2.996588
2036	2018	21.999516
2036	2019	0.317821
2036	2021	2.749992
2036	2035	0.211538
2036	2037	1.022474
2036	2071	1.606743
2037	2011	0.255619
2037	2019	1.429839
2037	2036	1.022474
2037	2038	0.343283
2037	2071	2.299995
2038	2037	0.343283
2038	2039	0.714920
2038	2040	22.999471
2038	2071	11.499868
2038	2073	1.340474
2039	2038	0.714920
2039	2040	0.282205
2039	2043	1.398410
2039	2045	0.595767
2039	2068	2.330681
2039	2072	0.454545
2039	2073	6.666622
2040	2038	22.999471
2040	2039	0.282205
2040	2041	0.775670
2040	2042	0.441067
2040	2043	0.642698
2040	2044	2.044945
2040	2064	3.749060
2040	2065	1.499627
2040	2068	2.249439
2040	2073	4.289504
2041	1870	7.498092
2041	1891	0.381262
2041	1892	10.999879
2041	2040	0.775670
2041	2042	0.217822
2041	2063	3.749060
2041	2064	1.157893
2042	2040	0.441067
2042	2041	0.217822
2042	2043	1.157893
2042	2044	0.431372
2042	2063	1.499627
2042	2064	10.999879
2042	2065	7.333280
2042	2068	21.999516
2043	2039	1.398410
2043	2040	0.642698
2043	2042	1.157893
2043	2044	0.282051
2043	2045	0.277709
2043	2066	1.999996
2043	2068	7.333280
2043	2069	3.749060
2044	2040	2.044945
2044	2042	0.431372
2044	2043	0.282051
2044	2045	0.937268
2044	2062	1.165342
2044	2063	3.213482
2044	2065	21.999516
2044	2066	10.999879
2044	2068	2.199995
2045	2039	0.595767
2045	2043	0.277709
2045	2044	0.937268
2045	2046	0.803372
2045	2069	1.045453
2045	2070	0.321349
2045	2072	1.261623
2046	2045	0.803372
2046	2047	0.879999
2046	2048	20.975737
2046	2060	1.999996
2046	2061	1.874533
2046	2069	0.312423
2046	2070	3.666653
2047	2046	0.879999
2047	2048	0.194224
2047	2060	1.294116
2047	2061	7.498092
2048	2046	20.975737
2048	2047	0.194224
2048	2049	0.338983
2048	2059	1.261623
2048	2060	2.622015
2049	2048	0.338983
2049	2050	0.317460
2049	2058	1.261623
2049	2059	0.670237
2050	2049	0.317460
2050	2051	0.408163
2050	2057	1.261623
2050	2058	0.579665
2051	2050	0.408163
2051	2052	0.329963
2051	2056	1.072379
2051	2057	0.714920
2052	2051	0.329963
2052	2053	0.851851
2052	2054	0.657142
2052	2055	1.183917
2052	2056	1.277776
2053	2052	0.851851
2053	2054	0.230000
2053	2783	0.308143
2053	2820	4.498869
2054	2052	0.657142
2054	2053	0.230000
2054	2055	0.181407
2055	2052	1.183917
2055	2054	0.181407
2055	2056	0.249938
2056	2051	1.072379
2056	2052	1.277776
2056	2055	0.249938
2056	2057	0.247312
2057	2050	1.261623
2057	2051	0.714920
2057	2056	0.247312
2057	2058	0.277108
2058	2049	1.261623
2058	2050	0.579665
2058	2057	0.277108
2058	2059	0.250000
2059	2048	1.261623
2059	2049	0.670237
2059	2058	0.250000
2059	2060	0.239303
2060	2046	1.999996
2060	2047	1.294116
2060	2048	2.622015
2060	2059	0.239303
2060	2061	0.224944
2061	2046	1.874533
2061	2047	7.498092
2061	2060	0.224944
2061	2062	0.285968
2061	2066	22.493938
2061	2069	2.555549
2062	2044	1.165342
2062	2061	0.285968
2062	2063	0.261556
2062	2066	1.498296
2062	2069	3.574589
2063	2041	3.749060
2063	2042	1.499627
2063	2044	3.213482
2063	2062	0.261556
2063	2064	0.803372
2063	2065	0.381262
2063	2066	1.183917
2063	2068	1.730339
2064	1870	0.277709
2064	1891	5.623579
2064	2040	3.749060
2064	2041	1.157893
2064	2042	10.999879
2064	2063	0.803372
2064	2065	0.239130
2065	2040	1.499627
2065	2042	7.333280
2065	2044	21.999516
2065	2063	0.381262
2065	2064	0.239130
2065	2066	0.956521
2065	2068	0.385965
2066	2043	1.999996
2066	2044	10.999879
2066	2061	22.493938
2066	2062	1.498296
2066	2063	1.183917
2066	2065	0.956521
2066	2067	0.912007
2066	2068	0.293333
2066	2069	0.274322
2067	2066	0.912007
2067	2068	0.912007
2067	2069	21.447151
2067	2074	19.999600
2068	2039	2.330681
2068	2040	2.249439
2068	2042	21.999516
2068	2043	7.333280
2068	2044	2.199995
2068	2063	1.730339
2068	2065	0.385965
2068	2066	0.293333
2068	2067	0.912007
2068	2069	1.071163
2068	2072	4.195218
2068	2073	20.975737
2068	2074	6.992010
2068	2734	7.498092
2068	2735	22.493938
2069	2043	3.749060
2069	2045	1.045453
2069	2046	0.312423
2069	2061	2.555549
2069	2062	3.574589
2069	2066	0.274322
2069	2067	21.447151
2069	2068	1.071163
2069	2070	0.548645
2069	2072	1.649813
2070	2045	0.321349
2070	2046	3.666653
2070	2069	0.548645
2070	2071	0.978018
2070	2072	0.466137
2071	2036	1.606743
2071	2037	2.299995
2071	2038	11.499868
2071	2070	0.978018
2071	2072	0.974890
2072	2039	0.454545
2072	2045	1.261623
2072	2068	4.195218
2072	2069	1.649813
2072	2070	0.466137
2072	2071	0.974890
2072	2073	0.869564
2073	2038	1.340474
2073	2039	6.666622
2073	2040	4.289504
2073	2068	20.975737
2073	2072	0.869564
2073	2074	0.222222
2073	2075	3.574589
2073	2735	4.289504
2074	2067	19.999600
2074	2068	6.992010
2074	2073	0.222222
2074	2075	0.320113
2074	2712	20.975737
2074	2713	3.063935
2074	2734	1.649813
2074	2735	4.289504
2075	2073	3.574589
2075	2074	0.320113
2075	2076	0.702951
2075	2713	5.749967
2075	2733	3.574589
2075	2734	2.874992
2076	2075	0.702951
2076	2077	0.275000
2076	2141	4.498869
2076	2714	3.749060
2076	2715	1.906922
2077	2076	0.275000
2077	2078	0.255814
2077	2140	1.104008
2077	2141	3.749060
2077	2758	11.247095
2078	2077	0.255814
2078	2079	0.287345
2078	2139	2.097613
2078	2140	1.398410
2078	2759	1.071163
2078	2760	1.748012
2079	2078	0.287345
2079	2080	0.454545
2079	2760	2.857135
2079	2761	2.622015
2080	2079	0.454545
2080	2081	0.412454
2081	2080	0.412454
2081	2082	0.282205
2082	2081	0.282205
2082	2083	0.324964
2083	2082	0.324964
2083	2084	0.230000
2084	2083	0.230000
2084	2085	0.267442
2085	2084	0.267442
2085	2086	0.230619
2085	2104	4.289504
2085	2112	22.999471
2085	2113	7.149152
2086	2085	0.230619
2086	2087	0.312500
2086	2102	3.063935
2086	2103	1.249998
2086	2104	4.999975
2086	2112	5.361874
2086	2113	1.052630
2087	2086	0.312500
2087	2088	0.338983
2087	2102	3.574589
2087	2103	6.666622
2087	2113	6.666622
2087	2114	1.666664
2087	2115	3.063935
2088	2087	0.338983
2088	2089	0.912007
2088	2115	1.531970
2089	2088	0.912007
2089	2090	0.839046
2089	3509	1.311009
2089	3510	1.233891
2089	4052	1.022474
2089	4053	0.839046
2090	2089	0.839046
2090	2091	0.299660
2090	3509	0.952380
2090	4205	4.289504
2090	4207	0.645161
2091	2090	0.299660
2091	2092	1.047618
2091	2116	20.975737
2091	3508	0.261905
2091	3509	0.776895
2091	3510	6.992010
2092	2091	1.047618
2092	2093	0.576780
2092	3489	0.387835
2092	3507	1.165342
2092	3508	0.500000
2093	2092	0.576780
2093	2094	1.072379
2093	2095	2.249439
2093	3487	1.072379
2093	3488	0.824907
2093	3489	2.874992
2094	2093	1.072379
2094	2095	0.355528
2094	2120	1.787298
2094	2121	19.999600
2094	2122	0.714920
2094	2131	10.487978
2094	3484	1.261623
2094	3485	2.622015
2094	3501	0.523112
2094	3502	19.999600
2095	2093	2.249439
2095	2094	0.355528
2095	2096	0.489009
2095	2120	4.498869
2095	3485	3.666653
2095	3486	1.047618
2095	3487	0.466137
2095	3501	3.213482
2096	2095	0.489009
2096	2097	0.212353
2096	2118	3.833319
2096	2119	1.072379
2096	2120	0.575000
2096	3487	21.447151
2097	2096	0.212353
2097	2098	0.392157
2097	2117	21.447151
2097	2118	1.128820
2097	2119	4.999975
2098	2097	0.392157
2098	2099	0.299660
2098	2117	1.072379
2098	2118	0.765986
2099	2098	0.299660
2099	2100	0.246778
2099	2115	2.811798
2099	2116	1.233891
2099	2117	0.449889
2099	2546	10.487978
2100	2099	0.246778
2100	2101	0.340438
2100	2115	1.261623
2100	2546	2.499994
2101	2100	0.340438
2101	2102	0.294872
2101	2114	1.649813
2101	2115	0.460000
2102	2086	3.063935
2102	2087	3.574589
2102	2101	0.294872
2102	2103	0.221109
2102	2112	4.599979
2102	2113	1.649813
2102	2114	1.949779
2103	2086	1.249998
2103	2087	6.666622
2103	2102	0.221109
2103	2104	0.338983
2103	2111	21.447151
2103	2112	1.261623
2104	2085	4.289504
2104	2086	4.999975
2104	2103	0.338983
2104	2105	0.317460
2104	2111	1.021314
2104	2112	0.739572
2105	2104	0.317460
2105	2106	0.444444
2105	2110	1.429839
2105	2111	0.932504
2106	2105	0.444444
2106	2107	0.343872
2106	2109	1.261623
2106	2110	0.691858
2107	2106	0.343872
2107	2108	0.956521
2107	2109	0.899777
2108	2107	0.956521
2108	2109	0.899777
2109	2106	1.261623
2109	2107	0.899777
2109	2108	0.899777
2109	2110	0.261364
2110	2105	1.429839
2110	2106	0.691858
2110	2109	0.261364
2110	2111	0.247312
2110	2718	1.071163
2111	2103	21.447151
2111	2104	1.021314
2111	2105	0.932504
2111	2110	0.247312
2111	2112	0.244681
2111	2718	0.749814
2112	2085	22.999471
2112	2086	5.361874
2112	2102	4.599979
2112	2103	1.261623
2112	2104	0.739572
2112	2111	0.244681
2112	2113	0.216642
2113	2085	7.149152
2113	2086	1.052630
2113	2087	6.666622
2113	2102	1.649813
2113	2112	0.216642
2113	2114	0.289855
2114	2087	1.666664
2114	2101	1.649813
2114	2102	1.949779
2114	2113	0.289855
2114	2115	0.536190
2115	2087	3.063935
2115	2088	1.531970
2115	2099	2.811798
2115	2100	1.261623
2115	2101	0.460000
2115	2114	0.536190
2115	2116	0.225764
2116	2091	20.975737
2116	2099	1.233891
2116	2115	0.225764
2116	2117	0.320113
2117	2097	21.447151
2117	2098	1.072379
2117	2099	0.449889
2117	2116	0.320113
2117	2118	0.234694
2118	2096	3.833319
2118	2097	1.128820
2118	2098	0.765986
2118	2117	0.234694
2118	2119	0.243723
2118	2559	21.447151
2119	2096	1.072379
2119	2097	4.999975
2119	2118	0.243723
2119	2120	0.264785
2120	2094	1.787298
2120	2095	4.498869
2120	2096	0.575000
2120	2119	0.264785
2120	2121	0.932504
2121	2094	19.999600
2121	2120	0.932504
2121	2122	0.974890
2121	2131	0.332955
2121	2533	9.999900
2121	3499	1.498296
2121	3501	4.289504
2121	3502	0.625000
2122	2094	0.714920
2122	2121	0.974890
2122	2123	0.233126
2122	2131	1.730339
2122	2132	22.999471
2122	2136	22.999471
2122	2137	1.606743
2122	3484	0.291139
2123	2122	0.233126
2123	2124	0.285714
2123	2131	20.975737
2123	2132	3.574589
2123	2135	19.999600
2123	2136	1.072379
2123	2137	2.996588
2123	2751	5.361874
2123	2752	1.498296
2124	2123	0.285714
2124	2125	0.289855
2124	2132	7.149152
2124	2134	10.487978
2124	2135	1.538459
2124	2136	0.739572
2124	2367	21.447151
2124	2752	0.776895
2125	2124	0.289855
2125	2126	0.279682
2125	2134	1.398410
2125	2135	1.999996
2125	2366	7.149152
2125	2367	1.191533
2126	2125	0.279682
2126	2127	0.272418
2126	2130	3.142847
2126	2134	1.692305
2126	2366	2.811798
2126	3496	7.333280
2126	3874	22.493938
2127	2126	0.272418
2127	2128	0.869564
2127	2129	0.456332
2127	2130	2.330681
2127	2495	1.233891
2127	2523	6.992010
2127	3496	5.244017
2127	3875	20.975737
2128	2127	0.869564
2128	2129	0.255329
2128	2379	4.195218
2128	2495	1.048808
2128	2496	0.932504
2128	2497	0.893650
2128	2522	21.447151
2128	2534	1.748012
2128	3925	3.999984
2128	3926	9.999900
2129	2127	0.456332
2129	2128	0.255329
2129	2130	0.865170
2129	2522	3.285703
2129	2523	7.498092
2129	2525	3.063935
2129	2534	0.803372
2129	3496	0.274322
2129	3497	22.493938
2129	3875	22.493938
2129	3925	1.531970
2129	3926	1.649813
2130	2126	3.142847
2130	2127	2.330681
2130	2129	0.865170
2130	2131	0.999999
2130	2132	0.562361
2130	2134	0.366667
2130	2525	2.622015
2130	3496	0.318840
2130	3926	3.496017
2130	3927	5.244017
2131	2094	10.487978
2131	2121	0.332955
2131	2122	1.730339
2131	2123	20.975737
2131	2130	0.999999
2131	2132	0.216293
2131	2525	10.487978
2131	3495	1.606743
2131	3499	0.733333
2132	2122	22.999471
2132	2123	3.574589
2132	2124	7.149152
2132	2130	0.562361
2132	2131	0.216293
2132	2133	0.670237
2132	2134	2.811798
2132	2135	21.447151
2132	3495	0.884615
2132	3496	1.606743
2132	3497	2.044945
2133	2132	0.670237
2133	2134	0.998865
2133	3498	7.149152
2133	3499	3.496017
2133	3500	3.999984
2133	3519	21.447151
2133	3520	2.330681
2133	3521	0.408163
2134	2124	10.487978
2134	2125	1.398410
2134	2126	1.692305
2134	2130	0.366667
2134	2132	2.811798
2134	2133	0.998865
2134	2135	0.317821
2134	3521	2.622015
2134	3926	5.244017
2134	3927	1.398410
2134	3928	6.992010
2134	3930	21.999516
2135	2123	19.999600
2135	2124	1.538459
2135	2125	1.999996
2135	2132	21.447151
2135	2134	0.317821
2135	2136	0.363519
2135	3929	0.691858
2135	3930	5.244017
2136	2122	22.999471
2136	2123	1.072379
2136	2124	0.739572
2136	2135	0.363519
2136	2137	0.224944
2136	2752	3.213482
2136	2753	3.749060
2136	2754	5.361874
2136	3929	1.437498
2137	2122	1.606743
2137	2123	2.996588
2137	2136	0.224944
2137	2138	0.725627
2137	2139	2.996588
2137	2752	21.999516
2137	2753	4.399981
2137	2754	2.330681
2137	3484	0.576780
2138	2137	0.725627
2138	2139	0.252325
2138	2759	7.666608
2138	2760	1.261623
2138	2761	0.330801
2138	3483	0.893650
2138	3484	1.642854
2138	3485	2.249439
2139	2078	2.097613
2139	2137	2.996588
2139	2138	0.252325
2139	2140	0.289855
2139	2758	21.447151
2139	2759	1.261623
2139	2760	2.499994
2139	3484	3.063935
2140	2077	1.104008
2140	2078	1.398410
2140	2139	0.289855
2140	2141	0.320113
2140	2758	1.261623
2140	2759	0.893650
2141	2012	4.289504
2141	2076	4.498869
2141	2077	3.749060
2141	2140	0.320113
2141	2142	0.242105
2141	2756	21.447151
2141	2757	1.261623
2141	2758	0.442307
2142	2012	0.612788
2142	2141	0.242105
2142	2143	0.285968
2142	2755	22.999471
2142	2756	1.261623
2142	2757	0.714920
2143	2012	2.857135
2143	2142	0.285968
2143	2144	0.255329
2143	2755	1.072379
2143	2756	2.222217
2144	2143	0.255329
2144	2145	0.511237
2144	2750	0.278540
2144	2752	2.044945
2144	2753	1.405901
2144	2755	0.884615
2145	2144	0.511237
2145	2146	0.806775
2145	2229	1.906922
2145	2230	2.622015
2145	2367	1.249690
2145	2368	1.311009
2145	2369	2.622015
2145	2748	20.975737
2145	2750	1.613549
2145	2753	0.785714
2146	2145	0.806775
2146	2147	0.540540
2146	2229	0.344827
2146	2368	3.999984
2146	2369	9.999900
2147	2146	0.540540
2147	2148	0.253164
2147	2226	7.149152
2147	2228	0.998865
2147	2229	19.999600
2148	2147	0.253164
2148	2149	0.368003
2148	2226	1.261623
2148	2228	2.622015
2149	2148	0.368003
2149	2150	0.220802
2149	2224	2.811798
2149	2225	1.498296
2149	2226	0.576780
2150	2149	0.220802
2150	2151	0.329963
2150	2224	1.261623
2151	2150	0.329963
2151	2152	0.277108
2151	2223	1.072379
2151	2224	0.377049
2152	2151	0.277108
2152	2153	0.233126
2152	2221	3.833319
2152	2222	1.261623
2152	2223	0.579665
2153	2152	0.233126
2153	2154	0.273973
2153	2220	21.447151
2153	2221	1.128820
2153	2222	6.666622
2154	2153	0.273973
2154	2155	0.324964
2154	2220	1.261623
2154	2221	0.824907
2154	2488	10.723690
2154	2489	3.063935
2155	2154	0.324964
2155	2156	0.206227
2155	2218	5.749967
2155	2219	1.072379
2155	2220	0.377049
2156	2155	0.206227
2156	2157	0.456332
2156	2218	1.261623
2156	2219	2.857135
2157	2156	0.456332
2157	2158	0.258427
2157	2216	21.447151
2157	2217	0.932504
2157	2218	0.353846
2158	2157	0.258427
2158	2159	0.302631
2158	2215	21.447151
2158	2216	1.261623
2158	2217	0.670237
2159	2158	0.302631
2159	2160	0.208229
2159	2164	3.063935
2159	2165	5.361874
2159	2214	22.999471
2159	2215	1.340474
2159	2216	0.630812
2160	2159	0.208229
2160	2161	0.302079
2160	2163	10.723690
2160	2164	1.538459
2160	2214	1.429839
2160	2215	9.999900
2161	2160	0.302079
2161	2162	0.865170
2161	2163	1.210525
2161	2164	10.723690
2161	2214	0.560975
2162	2161	0.865170
2162	2163	0.416564
2162	2186	11.247095
2162	2187	4.195218
2162	2214	5.623579
2163	2160	10.723690
2163	2161	1.210525
2163	2162	0.416564
2163	2164	0.233126
2163	2184	22.999471
2163	2185	1.072379
2163	2186	0.442307
2163	2214	11.499868
2163	2215	7.149152
2164	2159	3.063935
2164	2160	1.538459
2164	2161	10.723690
2164	2163	0.233126
2164	2165	0.322581
2164	2184	1.261623
2164	2185	2.499994
2164	2214	10.723690
2164	2215	1.249998
2164	2216	6.666622
2165	2159	5.361874
2165	2164	0.322581
2165	2166	0.465116
2165	2181	3.574589
2165	2183	1.531970
2165	2184	0.974890
2165	2215	19.999600
2165	2216	1.111110
2166	2165	0.465116
2166	2167	0.437003
2166	2180	0.691858
2166	2181	0.351600
2166	2182	1.398410
2166	2183	1.787298
2167	1769	1.104008
2167	1770	6.992010
2167	1791	2.249439
2167	2166	0.437003
2167	2168	0.207547
2167	2180	1.730339
2167	2182	0.407407
2168	1768	1.748012
2168	1769	1.165342
2168	1791	1.730339
2168	1792	2.499376
2168	2167	0.207547
2168	2169	0.264640
2168	2180	1.249690
2169	1792	2.090905
2169	1793	2.499376
2169	2168	0.264640
2169	2170	0.282205
2169	2178	7.666608
2169	2179	1.261623
2169	2180	0.958332
2170	1793	2.996588
2170	2169	0.282205
2170	2171	0.344827
2170	2178	1.261623
2170	2179	2.857135
2171	2170	0.344827
2171	2172	0.382993
2171	2177	1.072379
2171	2178	0.670237
2172	2171	0.382993
2172	2173	0.208229
2172	2176	0.749814
2172	2177	0.348485
2173	2172	0.208229
2173	2174	0.333333
2173	2176	0.487818
2174	2173	0.333333
2174	2175	0.857904
2174	2176	6.992010
2175	2007	2.499376
2175	2174	0.857904
2175	2176	0.865170
2175	2700	21.447151
2176	2172	0.749814
2176	2173	0.487818
2176	2174	6.992010
2176	2175	0.865170
2176	2177	0.394639
2177	2171	1.072379
2177	2172	0.348485
2177	2176	0.394639
2177	2178	0.250000
2178	2169	7.666608
2178	2170	1.261623
2178	2171	0.670237
2178	2177	0.250000
2178	2179	0.221109
2179	2169	1.261623
2179	2170	2.857135
2179	2178	0.221109
2179	2180	0.252325
2180	2166	0.691858
2180	2167	1.730339
2180	2168	1.249690
2180	2169	0.958332
2180	2179	0.252325
2180	2181	0.522727
2181	2165	3.574589
2181	2166	0.351600
2181	2180	0.522727
2181	2182	0.833127
2181	2183	5.749967
2182	1769	5.244017
2182	1770	5.244017
2182	1790	0.978018
2182	1791	1.499627
2182	2166	1.398410
2182	2167	0.407407
2182	2181	0.833127
2182	2183	0.267791
2183	1770	1.531970
2183	1771	2.874992
2183	2165	1.531970
2183	2166	1.787298
2183	2181	5.749967
2183	2182	0.267791
2183	2184	0.250000
2184	1771	2.299995
2184	2163	22.999471
2184	2164	1.261623
2184	2165	0.974890
2184	2183	0.250000
2184	2185	0.271489
2184	2215	10.723690
2184	2216	7.149152
2185	2163	1.072379
2185	2164	2.499994
2185	2184	0.271489
2185	2186	0.320113
2185	2215	0.999999
2186	2162	11.247095
2186	2163	0.442307
2186	2185	0.320113
2186	2187	0.255329
2186	2214	1.437498
2186	2215	2.680944
2187	2162	4.195218
2187	2186	0.255329
2187	2188	0.874007
2187	2213	19.999600
2187	2214	21.447151
2188	2187	0.874007
2188	2189	0.374907
2188	2197	0.624845
2188	2198	0.261905
2188	2199	11.247095
2188	2213	20.975737
2189	2188	0.374907
2189	2190	0.273809
2189	2196	1.128820
2189	2197	0.500000
2189	2198	2.249439
2189	2199	4.599979
2189	2200	7.149152
2189	2212	3.285703
2190	2189	0.273809
2190	2191	0.247312
2190	2195	1.261623
2190	2196	1.340474
2190	2199	3.833319
2190	2200	0.670237
2190	2201	2.144756
2190	2210	2.874992
2190	2211	1.191533
2190	2212	5.749967
2191	2190	0.247312
2191	2192	0.899777
2191	2193	0.562361
2191	2194	2.044945
2191	2195	1.072379
2191	2200	21.447151
2191	2201	1.128820
2191	2210	7.666608
2191	2211	21.447151
2192	2191	0.899777
2192	2193	0.234042
2192	3829	6.992010
2192	3830	2.622015
2192	3842	0.978018
2192	3843	0.874007
2193	2191	0.562361
2193	2192	0.234042
2193	2194	0.265060
2193	2201	20.975737
2193	2202	6.992010
2193	3830	0.953462
2193	3831	4.195218
2194	2191	2.044945
2194	2193	0.265060
2194	2195	0.338325
2194	2201	10.487978
2194	3830	1.165342
2194	3831	1.233891
2195	2190	1.261623
2195	2191	1.072379
2195	2194	0.338325
2195	2196	0.285714
2195	2201	19.999600
2196	2189	1.128820
2196	2190	1.340474
2196	2195	0.285714
2196	2197	0.252325
2196	2199	21.447151
2196	2200	1.818179
2197	2188	0.624845
2197	2189	0.500000
2197	2196	0.252325
2197	2198	0.833127
2197	2199	0.884615
2197	2200	3.063935
2198	2188	0.261905
2198	2189	2.249439
2198	2197	0.833127
2198	2199	0.523126
2198	2212	4.498869
2199	2188	11.247095
2199	2189	4.599979
2199	2190	3.833319
2199	2196	21.447151
2199	2197	0.884615
2199	2198	0.523126
2199	2200	0.221109
2199	2210	22.999471
2199	2211	1.261623
2199	2212	0.821428
2200	2189	7.149152
2200	2190	0.670237
2200	2191	21.447151
2200	2196	1.818179
2200	2197	3.063935
2200	2199	0.221109
2200	2201	0.277778
2200	2209	21.447151
2200	2210	1.649813
2200	2211	3.333322
2201	2190	2.144756
2201	2191	1.128820
2201	2193	20.975737
2201	2194	10.487978
2201	2195	19.999600
2201	2200	0.277778
2201	2202	0.377358
2201	2208	21.447151
2201	2209	1.191533
2201	2210	0.649927
2202	2193	6.992010
2202	2201	0.377358
2202	2203	0.293803
2202	2208	1.261623
2202	2209	1.429839
2202	3776	21.447151
2202	3777	4.999975
2203	2202	0.293803
2203	2204	0.978018
2203	2205	0.681649
2203	2206	5.361874
2203	2207	2.249439
2203	2208	7.666608
2203	3776	3.285703
2203	3777	21.447151
2204	2203	0.978018
2204	2205	0.226804
2204	3796	1.692305
2204	3797	3.213482
2205	2203	0.681649
2205	2204	0.226804
2205	2206	0.599319
2205	2207	0.323529
2205	3776	1.730339
2205	3796	3.142847
2206	2203	5.361874
2206	2205	0.599319
2206	2207	0.839046
2207	2203	2.249439
2207	2205	0.323529
2207	2206	0.839046
2207	2208	0.189029
2207	3776	7.498092
2207	3777	20.975737
2207	3795	2.996588
2208	2201	21.447151
2208	2202	1.261623
2208	2203	7.666608
2208	2207	0.189029
2208	2209	0.244681
2208	3777	2.383062
2208	3778	4.599979
2208	3794	22.999471
2209	2200	21.447151
2209	2201	1.191533
2209	2202	1.429839
2209	2208	0.244681
2209	2210	0.343283
2209	3778	1.437498
2209	3779	3.749060
2210	2190	2.874992
2210	2191	7.666608
2210	2199	22.999471
2210	2200	1.649813
2210	2201	0.649927
2210	2209	0.343283
2210	2211	0.208229
2211	2190	1.191533
2211	2191	21.447151
2211	2199	1.261623
2211	2200	3.333322
2211	2210	0.208229
2211	2212	0.456332
2212	2189	3.285703
2212	2190	5.749967
2212	2198	4.498869
2212	2199	0.821428
2212	2211	0.456332
2212	2213	1.261623
2213	2187	19.999600
2213	2188	20.975737
2213	2212	1.261623
2213	2214	1.340474
2214	2159	22.999471
2214	2160	1.429839
2214	2161	0.560975
2214	2162	5.623579
2214	2163	11.499868
2214	2164	10.723690
2214	2186	1.437498
2214	2187	21.447151
2214	2213	1.340474
2214	2215	0.306394
2215	2158	21.447151
2215	2159	1.340474
2215	2160	9.999900
2215	2163	7.149152
2215	2164	1.249998
2215	2165	19.999600
2215	2184	10.723690
2215	2185	0.999999
2215	2186	2.680944
2215	2214	0.306394
2215	2216	0.285714
2216	2157	21.447151
2216	2158	1.261623
2216	2159	0.630812
2216	2164	6.666622
2216	2165	1.111110
2216	2184	7.149152
2216	2215	0.285714
2216	2217	0.344827
2217	2157	0.932504
2217	2158	0.670237
2217	2216	0.344827
2217	2218	0.369786
2218	2155	5.749967
2218	2156	1.261623
2218	2157	0.353846
2218	2217	0.369786
2218	2219	0.230619
2219	2155	1.072379
2219	2156	2.857135
2219	2218	0.230619
2219	2220	0.363519
2219	2745	20.975737
2220	2153	21.447151
2220	2154	1.261623
2220	2155	0.377049
2220	2219	0.363519
2220	2221	0.280488
2221	2152	3.833319
2221	2153	1.128820
2221	2154	0.824907
2221	2220	0.280488
2221	2222	0.198589
2221	2489	4.599979
2221	2490	4.599979
2222	2152	1.261623
2222	2153	6.666622
2222	2221	0.198589
2222	2223	0.416666
2222	2490	1.429839
2222	2491	1.906922
2223	2151	1.072379
2223	2152	0.579665
2223	2222	0.416666
2223	2224	0.466252
2223	2491	10.487978
2224	2149	2.811798
2224	2150	1.261623
2224	2151	0.377049
2224	2223	0.466252
2224	2225	0.285968
2225	2149	1.498296
2225	2224	0.285968
2225	2226	0.302079
2226	2147	7.149152
2226	2148	1.261623
2226	2149	0.576780
2226	2225	0.302079
2226	2227	1.095237
2226	2228	0.271017
2227	2226	1.095237
2227	2228	0.387835
2227	2359	0.287500
2227	2361	10.723690
2228	2147	0.998865
2228	2148	2.622015
2228	2226	0.271017
2228	2227	0.387835
2228	2229	0.699205
2228	2362	21.999516
2229	2145	1.906922
2229	2146	0.344827
2229	2147	19.999600
2229	2228	0.699205
2229	2230	0.363636
2229	2367	1.261623
2229	2368	4.999975
2230	2145	2.622015
2230	2229	0.363636
2230	2231	0.317460
2230	2359	3.574589
2230	2366	1.261623
2230	2367	0.670237
2230	2753	6.992010
2231	2230	0.317460
2231	2232	0.536190
2231	2359	3.063935
2231	2365	4.999975
2231	2366	0.893650
2232	2231	0.536190
2232	2233	0.681649
2232	2362	0.489009
2232	2364	1.261623
2232	2365	0.857904
2232	3871	5.749967
2232	3872	7.666608
2233	2232	0.681649
2233	2234	0.255814
2233	2360	4.399981
2233	2361	1.398410
2233	2362	0.392857
2233	3533	11.247095
2233	3535	7.498092
2233	3870	1.104008
2233	3871	2.499376
2234	2233	0.255814
2234	2235	0.423077
2234	2360	2.199995
2234	2361	10.487978
2234	3535	1.249690
2234	3536	1.874533
2234	3869	1.906922
2234	3870	0.749149
2235	1723	6.992010
2235	2234	0.423077
2235	2236	0.313077
2235	2357	22.493938
2235	2358	2.199995
2235	2360	0.478261
2235	3536	1.874533
2235	3537	2.199995
2236	1722	1.398410
2236	1723	1.428569
2236	2235	0.313077
2236	2237	0.289855
2236	2334	21.447151
2236	2356	21.447151
2236	2357	1.191533
2236	2358	5.244017
2236	3537	2.996588
2236	3538	21.447151
2237	1721	1.104008
2237	1722	1.048808
2237	2236	0.289855
2237	2238	0.428952
2237	2356	1.261623
2237	2357	0.739572
2237	3669	21.447151
2238	1721	4.498869
2238	1738	3.749060
2238	1739	5.361874
2238	2237	0.428952
2238	2239	0.239583
2238	2354	21.447151
2238	2355	1.261623
2238	2356	0.403509
2239	1739	5.361874
2239	1740	2.680944
2239	2238	0.239583
2239	2240	0.242105
2239	2353	21.447151
2239	2354	1.261623
2239	2355	1.429839
2240	2030	5.623579
2240	2239	0.242105
2240	2241	0.249391
2240	2352	3.833319
2240	2353	1.261623
2240	2354	0.932504
2241	2029	0.974890
2241	2030	0.655505
2241	2240	0.249391
2241	2242	0.324964
2241	2352	1.261623
2241	2353	3.333322
2242	2028	1.949779
2242	2029	2.555549
2242	2241	0.324964
2242	2243	1.071163
2242	2244	22.999471
2242	2332	0.357055
2242	2333	1.642854
2242	2345	4.289504
2242	2346	1.606743
2242	2352	0.511111
2243	2242	1.071163
2243	2244	0.803372
2243	2245	1.906922
2243	2246	0.874007
2243	2247	0.488889
2243	2330	10.487978
2243	2331	0.749149
2243	2332	0.440000
2243	2336	1.405901
2243	2345	0.998865
2243	2346	5.499970
2244	2028	1.787298
2244	2242	22.999471
2244	2243	0.803372
2244	2245	0.893650
2244	2346	1.071163
2245	2243	1.906922
2245	2244	0.893650
2245	2246	0.250000
2245	2345	1.249998
2245	2346	0.806775
2245	3255	2.330681
2246	2243	0.874007
2246	2245	0.250000
2246	2247	0.374574
2246	2344	1.666664
2246	2345	2.857135
2246	3255	1.104008
2247	2243	0.488889
2247	2246	0.374574
2247	2248	0.271017
2247	2331	1.498296
2247	2336	11.247095
2247	2337	1.398410
2247	2338	7.498092
2247	2343	5.623579
2248	2247	0.271017
2248	2249	0.235688
2248	2329	22.999471
2248	2330	1.261623
2248	2331	0.739572
2248	2337	1.261623
2248	2338	1.277776
2248	2339	11.247095
2249	2248	0.235688
2249	2250	0.384615
2249	2329	1.261623
2249	2330	6.666622
2250	2249	0.384615
2250	2251	0.363636
2250	2328	1.261623
2250	2329	0.498781
2250	2853	1.748012
2251	2250	0.363636
2251	2252	0.259740
2251	2327	1.261623
2251	2328	0.579665
2251	2852	0.998865
2251	2853	1.233891
2252	2251	0.259740
2252	2253	0.456332
2252	2326	1.649813
2252	2327	1.021314
2252	2877	2.622015
2252	2879	1.949779
2252	3060	1.748012
2253	2252	0.456332
2253	2254	0.280488
2253	2325	1.649813
2253	2326	0.315068
2253	2878	22.493938
2253	2879	1.210525
2253	3060	22.493938
2254	2253	0.280488
2254	2255	0.230619
2254	2323	5.749967
2254	2324	1.021314
2254	2325	0.670237
2254	3113	7.666608
2255	2254	0.230619
2255	2256	0.333333
2255	2293	20.975737
2255	2323	1.261623
2255	2324	3.999984
2255	3114	7.149152
2256	2255	0.333333
2256	2257	0.998865
2256	2292	2.097613
2256	2293	1.498296
2256	2319	20.975737
2256	2320	0.769230
2256	2321	1.021314
2256	2323	1.128820
2256	2930	19.999600
2256	3045	10.487978
2256	3125	3.496017
2257	2256	0.998865
2257	2258	0.330801
2257	2291	1.874533
2257	2292	0.289474
2257	3045	2.199995
2257	3124	0.865170
2257	3125	0.758620
2257	3126	5.623579
2258	2257	0.330801
2258	2259	0.252747
2258	2290	1.261623
2258	2291	1.352939
2258	3045	22.493938
2258	3123	1.183917
2258	3124	1.437498
2259	2258	0.252747
2259	2260	0.315068
2259	2289	1.261623
2259	2290	0.498781
2259	3122	7.498092
2259	3123	4.498869
2260	2259	0.315068
2260	2261	0.240984
2260	2286	3.833319
2260	2288	1.191533
2260	2289	0.487445
2261	2260	0.240984
2261	2262	0.240984
2261	2285	2.996588
2261	2286	1.429839
2261	2288	19.999600
2261	3187	21.447151
2262	2261	0.240984
2262	2263	0.937268
2262	2283	4.599979
2262	2284	0.287500
2262	2285	1.249690
2262	2286	22.999471
2263	2262	0.937268
2263	2264	0.261905
2263	2283	2.044945
2263	2284	1.022474
2263	2285	0.282051
2264	2263	0.261905
2264	2265	0.220534
2264	2283	1.183917
2265	2264	0.220534
2265	2266	0.225764
2265	2281	4.599979
2265	2282	1.429839
2265	2283	1.149999
2266	2265	0.225764
2266	2267	0.338983
2266	2280	20.975737
2266	2281	1.021314
2266	2282	3.999984
2267	2266	0.338983
2267	2268	0.302079
2267	2279	19.999600
2267	2280	1.233891
2267	2281	0.857904
2268	2267	0.302079
2268	2269	0.227723
2268	2278	21.447151
2268	2279	0.974890
2268	2280	0.535582
2269	2268	0.227723
2269	2270	0.239583
2269	2278	1.261623
2269	2279	0.714920
2270	2269	0.239583
2270	2271	0.239583
2270	2277	1.261623
2270	2278	0.739572
2271	2270	0.239583
2271	2272	0.324964
2271	2275	3.833319
2271	2276	1.874533
2271	2277	1.429839
2272	2271	0.324964
2272	2273	0.794355
2272	2274	0.437003
2272	2275	0.974890
2273	2272	0.794355
2273	2274	0.199066
2274	2272	0.437003
2274	2273	0.199066
2274	2275	0.292136
2275	2271	3.833319
2275	2272	0.974890
2275	2274	0.292136
2275	2276	0.216293
2276	2271	1.874533
2276	2275	0.216293
2276	2277	0.235687
2277	2270	1.261623
2277	2271	1.429839
2277	2276	0.235687
2277	2278	0.377358
2278	2268	21.447151
2278	2269	1.261623
2278	2270	0.739572
2278	2277	0.377358
2278	2279	0.281690
2279	2267	19.999600
2279	2268	0.974890
2279	2269	0.714920
2279	2278	0.281690
2279	2280	0.327753
2280	2266	20.975737
2280	2267	1.233891
2280	2268	0.535582
2280	2279	0.327753
2280	2281	0.274322
2281	2265	4.599979
2281	2266	1.021314
2281	2267	0.857904
2281	2280	0.274322
2281	2282	0.204263
2282	2265	1.429839
2282	2266	3.999984
2282	2281	0.204263
2282	2283	0.221109
2283	2262	4.599979
2283	2263	2.044945
2283	2264	1.183917
2283	2265	1.149999
2283	2282	0.221109
2283	2284	0.261364
2284	2262	0.287500
2284	2263	1.022474
2284	2283	0.261364
2284	2285	0.803372
2284	2931	5.361874
2285	2261	2.996588
2285	2262	1.249690
2285	2263	0.282051
2285	2284	0.803372
2285	2286	0.284740
2285	2930	2.996588
2285	2931	2.330681
2286	2260	3.833319
2286	2261	1.429839
2286	2262	22.999471
2286	2285	0.284740
2286	2287	0.958332
2286	2288	0.264785
2286	2321	3.285703
2287	2286	0.958332
2287	2288	1.072379
2287	2321	0.919999
2287	2322	1.606743
2287	3249	1.128820
2287	3250	0.285968
2287	3265	21.447151
2288	2260	1.191533
2288	2261	19.999600
2288	2286	0.264785
2288	2287	1.072379
2288	2289	0.370370
2288	2319	6.992010
2288	2321	5.361874
2288	3250	2.857135
2289	2259	1.261623
2289	2260	0.487445
2289	2288	0.370370
2289	2290	0.425532
2289	2319	3.496017
2290	2258	1.261623
2290	2259	0.498781
2290	2289	0.425532
2290	2291	0.258405
2290	2319	20.975737
2291	2257	1.874533
2291	2258	1.352939
2291	2290	0.258405
2291	2292	0.749814
2291	2319	0.424423
2292	2256	2.097613
2292	2257	0.289474
2292	2291	0.749814
2292	2293	0.244444
2292	2319	1.692305
2292	3125	2.199995
2292	3126	5.623579
2293	2255	20.975737
2293	2256	1.498296
2293	2292	0.244444
2293	2294	0.218502
2293	2318	11.247095
2293	2319	1.466665
2293	3125	21.999516
2294	2293	0.218502
2294	2295	0.317460
2294	2318	1.072379
2294	2319	2.996588
2294	2324	19.999600
2295	2294	0.317460
2295	2296	0.382993
2295	2317	1.261623
2295	2318	0.670237
2295	2324	1.999996
2295	2325	19.999600
2295	3111	19.999600
2295	3112	21.447151
2296	2295	0.382993
2296	2297	0.205357
2296	2298	21.447151
2296	2316	1.261623
2296	2317	0.410714
2296	3447	4.498869
2297	2296	0.205357
2297	2298	0.691858
2297	2315	5.361874
2297	2316	3.574589
2297	3259	7.498092
2297	3447	11.247095
2298	2296	21.447151
2298	2297	0.691858
2298	2299	0.320113
2298	2315	1.538459
2298	2316	0.540540
2298	3258	20.975737
2298	3259	1.498296
2298	3260	6.992010
2298	3447	0.446301
2299	2298	0.320113
2299	2300	0.225490
2299	2314	1.261623
2299	2315	0.765986
2299	3166	10.723690
2299	3167	4.498869
2299	3259	7.498092
2299	4035	22.999471
2300	2299	0.225490
2300	2301	0.247312
2300	2313	1.261623
2300	2314	0.794355
2300	3166	1.949779
2300	3167	2.249439
2301	2300	0.247312
2301	2302	0.247312
2301	2312	1.261623
2301	2313	0.714920
2301	3149	21.447151
2301	3150	3.574589
2302	2301	0.247312
2302	2303	0.219048
2302	2307	21.447151
2302	2311	1.261623
2302	2312	0.612788
2302	3149	3.063935
2302	3150	4.289504
2303	2302	0.219048
2303	2304	0.387835
2303	2306	1.769228
2303	2307	21.447151
2303	2308	1.405901
2303	2311	1.649813
2304	2303	0.387835
2304	2305	0.953462
2304	2306	1.183917
2304	4037	5.244017
2304	4038	0.749149
2304	4039	0.487818
2305	2304	0.953462
2305	2306	1.021314
2305	3479	4.195218
2305	3480	0.806775
2305	3481	6.992010
2305	4038	6.666622
2305	4039	2.857135
2305	4040	0.512820
2306	2303	1.769228
2306	2304	1.183917
2306	2305	1.021314
2306	2307	0.691858
2306	2308	0.206371
2306	2309	1.874533
2306	4039	3.063935
2306	4040	21.447151
2307	2302	21.447151
2307	2303	21.447151
2307	2306	0.691858
2307	2308	0.349603
2307	2311	1.818179
2307	2769	19.999600
2307	2770	1.021314
2307	3105	19.999600
2307	3107	2.499994
2307	3108	0.265521
2308	2303	1.405901
2308	2306	0.206371
2308	2307	0.349603
2308	2309	0.709677
2308	2310	1.999996
2308	2311	0.499433
2308	2770	11.247095
2308	3105	3.496017
2308	3107	4.195218
2309	2306	1.874533
2309	2308	0.709677
2309	2310	0.879999
2309	2347	0.293333
2309	3104	10.999879
2310	2308	1.999996
2310	2309	0.879999
2310	2311	0.599319
2310	2347	5.499970
2310	3256	0.368003
2310	3257	6.992010
2310	4036	1.498296
2311	2302	1.261623
2311	2303	1.649813
2311	2307	1.818179
2311	2308	0.499433
2311	2310	0.599319
2311	2312	0.350877
2311	3108	10.487978
2311	3109	4.289504
2312	2301	1.261623
2312	2302	0.612788
2312	2311	0.350877
2312	2313	0.298507
2312	2771	1.398410
2312	3108	1.748012
2312	3109	3.063935
2313	2300	1.261623
2313	2301	0.714920
2313	2312	0.298507
2313	2314	0.281690
2313	2771	10.487978
2314	2299	1.261623
2314	2300	0.794355
2314	2313	0.281690
2314	2315	0.281690
2315	2297	5.361874
2315	2298	1.538459
2315	2299	0.765986
2315	2314	0.281690
2315	2316	0.277778
2316	2296	1.261623
2316	2297	3.574589
2316	2298	0.540540
2316	2315	0.277778
2316	2317	0.649927
2316	3447	1.498296
2317	2295	1.261623
2317	2296	0.410714
2317	2316	0.649927
2317	2318	0.277108
2317	3251	22.999471
2317	3447	0.803372
2318	2293	11.247095
2318	2294	1.072379
2318	2295	0.670237
2318	2317	0.277108
2318	2319	0.227217
2318	3251	3.285703
2319	2256	20.975737
2319	2288	6.992010
2319	2289	3.496017
2319	2290	20.975737
2319	2291	0.424423
2319	2292	1.692305
2319	2293	1.466665
2319	2294	2.996588
2319	2318	0.227217
2319	2320	0.953462
2319	2321	11.247095
2320	2256	0.769230
2320	2319	0.953462
2320	2321	0.268095
2320	2929	9.999900
2320	2930	1.666664
2321	2256	1.021314
2321	2286	3.285703
2321	2287	0.919999
2321	2288	5.361874
2321	2319	11.247095
2321	2320	0.268095
2321	2322	0.803372
2321	2323	0.255555
2322	2287	1.606743
2322	2321	0.803372
2322	2323	0.978018
2322	2339	0.500000
2322	3057	21.999516
2322	3250	1.498296
2322	3251	2.249439
2322	3264	2.444438
2322	3265	4.195218
2323	2254	5.749967
2323	2255	1.261623
2323	2256	1.128820
2323	2321	0.255555
2323	2322	0.978018
2323	2324	0.228166
2324	2254	1.021314
2324	2255	3.999984
2324	2294	19.999600
2324	2295	1.999996
2324	2323	0.228166
2324	2325	0.246914
2325	2253	1.649813
2325	2254	0.670237
2325	2295	19.999600
2325	2324	0.246914
2325	2326	0.691858
2325	3112	5.361874
2326	2252	1.649813
2326	2253	0.315068
2326	2325	0.691858
2326	2327	0.211009
2326	2878	1.730339
2326	3112	1.642854
2327	2251	1.261623
2327	2252	1.021314
2327	2326	0.211009
2327	2328	0.244681
2327	2852	11.247095
2327	2878	1.022474
2328	2250	1.261623
2328	2251	0.579665
2328	2327	0.244681
2328	2329	0.310811
2328	2852	5.623579
2328	2853	1.124721
2328	2876	22.999471
2329	2248	22.999471
2329	2249	1.261623
2329	2250	0.498781
2329	2328	0.310811
2329	2330	0.268095
2329	2853	3.749060
2329	2854	1.916663
2330	2243	10.487978
2330	2248	1.261623
2330	2249	6.666622
2330	2329	0.268095
2330	2331	0.344827
2330	2854	3.574589
2330	2855	3.063935
2331	2243	0.749149
2331	2247	1.498296
2331	2248	0.739572
2331	2330	0.344827
2331	2332	0.839046
2331	2336	1.261623
2331	2337	3.333322
2332	2242	0.357055
2332	2243	0.440000
2332	2331	0.839046
2332	2333	0.702951
2332	2335	1.294116
2332	2336	1.499627
2332	2345	2.097613
2333	2242	1.642854
2333	2332	0.702951
2333	2334	1.095237
2333	2335	0.381262
2333	2345	0.595767
2333	2349	1.128820
2333	2351	3.749060
2333	2352	0.298701
2333	2353	21.447151
2334	2236	21.447151
2334	2333	1.095237
2334	2335	0.642698
2334	2351	0.227217
2334	3538	1.916663
2334	3539	7.149152
2334	3667	21.447151
2334	3668	2.811798
2335	2332	1.294116
2335	2333	0.381262
2335	2334	0.642698
2335	2336	0.299926
2335	2345	1.498296
2335	2351	4.399981
2336	2243	1.405901
2336	2247	11.247095
2336	2331	1.261623
2336	2332	1.499627
2336	2335	0.299926
2336	2337	0.198589
2336	2343	7.666608
2336	2344	1.128820
2336	2345	0.649927
2337	2247	1.398410
2337	2248	1.261623
2337	2331	3.333322
2337	2336	0.198589
2337	2338	0.282205
2337	2343	1.429839
2337	2344	6.666622
2338	2247	7.498092
2338	2248	1.277776
2338	2337	0.282205
2338	2339	0.899777
2338	2340	0.340825
2338	2341	1.606743
2338	2343	0.851851
2339	2248	11.247095
2339	2322	0.500000
2339	2338	0.899777
2339	2340	0.879999
2339	3251	1.124721
2339	3252	0.806775
2339	3263	1.613549
2339	3264	1.466665
2340	2338	0.340825
2340	2339	0.879999
2340	2341	0.385965
2340	3252	4.195218
2340	3253	5.244017
2340	3263	1.613549
2341	2338	1.606743
2341	2340	0.385965
2341	2342	0.550000
2341	2343	0.312423
2341	3253	6.992010
2341	3254	1.233891
2341	3258	21.999516
2341	3260	21.999516
2341	3262	4.399981
2341	3263	6.992010
2341	4015	1.323201
2341	4016	2.199995
2342	2341	0.550000
2342	2343	0.725627
2342	2350	0.340825
2342	2351	5.499970
2342	3538	2.811798
2342	3539	20.975737
2342	4015	2.811798
2342	4016	2.444438
2343	2247	5.623579
2343	2336	7.666608
2343	2337	1.429839
2343	2338	0.851851
2343	2341	0.312423
2343	2342	0.725627
2343	2344	0.218853
2343	3254	4.289504
2343	4014	22.493938
2344	2246	1.666664
2344	2336	1.128820
2344	2337	6.666622
2344	2343	0.218853
2344	2345	0.344827
2344	2349	4.999975
2344	3255	1.906922
2345	2242	4.289504
2345	2243	0.998865
2345	2245	1.249998
2345	2246	2.857135
2345	2332	2.097613
2345	2333	0.595767
2345	2335	1.498296
2345	2336	0.649927
2345	2344	0.344827
2345	2346	0.776895
2345	2348	19.999600
2345	2349	0.588235
2345	3255	3.496017
2346	2028	0.322710
2346	2242	1.606743
2346	2243	5.499970
2346	2244	1.071163
2346	2245	0.806775
2346	2345	0.776895
2346	2347	1.099999
2346	2349	4.195218
2346	2352	22.493938
2347	2309	0.293333
2347	2310	5.499970
2347	2346	1.099999
2347	2348	0.998865
2347	3103	11.247095
2347	3104	5.499970
2347	3256	2.097613
2348	2345	19.999600
2348	2347	0.998865
2348	2349	0.625000
2348	3256	3.999984
2349	2333	1.128820
2349	2344	4.999975
2349	2345	0.588235
2349	2346	4.195218
2349	2348	0.625000
2349	2350	1.021314
2349	2351	6.992010
2349	2352	0.932504
2350	2342	0.340825
2350	2349	1.021314
2350	2351	0.833127
2350	3537	22.493938
2350	3538	0.793103
2350	3539	5.361874
2350	3867	0.289832
2351	2333	3.749060
2351	2334	0.227217
2351	2335	4.399981
2351	2342	5.499970
2351	2349	6.992010
2351	2350	0.833127
2351	2352	1.071163
2351	3537	3.666653
2351	3538	1.874533
2351	3539	6.992010
2352	2029	22.999471
2352	2240	3.833319
2352	2241	1.261623
2352	2242	0.511111
2352	2333	0.298701
2352	2346	22.493938
2352	2349	0.932504
2352	2351	1.071163
2352	2353	0.216642
2353	2029	5.361874
2353	2030	1.748012
2353	2239	21.447151
2353	2240	1.261623
2353	2241	3.333322
2353	2333	21.447151
2353	2352	0.216642
2353	2354	0.298507
2354	2030	0.953462
2354	2031	1.649813
2354	2238	21.447151
2354	2239	1.261623
2354	2240	0.932504
2354	2353	0.298507
2354	2355	0.250000
2355	2031	2.680944
2355	2032	2.680944
2355	2238	1.261623
2355	2239	1.429839
2355	2354	0.250000
2355	2356	0.293803
2356	1721	11.247095
2356	1738	22.493938
2356	1739	21.447151
2356	2236	21.447151
2356	2237	1.261623
2356	2238	0.403509
2356	2355	0.293803
2356	2357	0.261364
2357	1721	1.730339
2357	1722	1.499627
2357	1723	10.723690
2357	1738	1.730339
2357	2235	22.493938
2357	2236	1.191533
2357	2237	0.739572
2357	2356	0.261364
2357	2358	0.227217
2358	1723	3.496017
2358	2235	2.199995
2358	2236	5.244017
2358	2357	0.227217
2358	2359	0.591959
2358	2360	0.458333
2359	2227	0.287500
2359	2230	3.574589
2359	2231	3.063935
2359	2358	0.591959
2359	2360	0.865170
2359	2361	10.723690
2360	1723	1.165342
2360	1724	3.496017
2360	2233	4.399981
2360	2234	2.199995
2360	2235	0.478261
2360	2358	0.458333
2360	2359	0.865170
2360	2361	0.209762
2361	1724	1.111110
2361	1725	3.574589
2361	2227	10.723690
2361	2233	1.398410
2361	2234	10.487978
2361	2359	10.723690
2361	2360	0.209762
2361	2362	0.349603
2362	2228	21.999516
2362	2232	0.489009
2362	2233	0.392857
2362	2361	0.349603
2362	2363	0.937268
2362	2364	1.048808
2362	3871	22.493938
2363	1727	0.308143
2363	2362	0.937268
2363	2364	0.765986
2363	2386	1.787298
2363	2387	4.498869
2363	2389	1.916663
2363	3533	22.999471
2363	3534	0.549938
2364	2232	1.261623
2364	2362	1.048808
2364	2363	0.765986
2364	2365	0.357143
2364	2388	3.063935
2364	2389	4.289504
2364	3871	2.383062
2364	3872	1.340474
2365	2231	4.999975
2365	2232	0.857904
2365	2364	0.357143
2365	2366	0.282205
2365	2388	3.574589
2365	3526	1.613549
2365	3872	0.932504
2365	3873	3.574589
2365	3875	20.975737
2365	3929	10.723690
2366	2125	7.149152
2366	2126	2.811798
2366	2230	1.261623
2366	2231	0.893650
2366	2365	0.282205
2366	2367	0.270588
2366	2753	1.323201
2366	3526	7.498092
2366	3929	4.599979
2367	2124	21.447151
2367	2125	1.191533
2367	2145	1.249690
2367	2229	1.261623
2367	2230	0.670237
2367	2366	0.270588
2367	2368	0.264785
2367	2752	7.498092
2367	2753	0.607958
2368	2145	1.311009
2368	2146	3.999984
2368	2229	4.999975
2368	2367	0.264785
2368	2369	0.769230
2368	2750	19.999600
2368	2751	21.447151
2368	2752	6.992010
2369	2145	2.622015
2369	2146	9.999900
2369	2368	0.769230
2369	2370	0.833333
2369	2749	1.261623
2369	2750	0.303030
2370	2369	0.833333
2370	2371	0.400000
2370	2693	1.261623
2370	2694	1.176469
2370	2725	1.748012
2370	2749	0.382993
2370	2750	4.999975
2370	2751	21.447151
2371	2370	0.400000
2371	2372	0.298507
2371	2692	1.398410
2371	2693	0.536190
2371	2724	1.072379
2371	2725	0.874007
2372	2371	0.298507
2372	2373	0.344827
2372	2691	1.128820
2372	2692	0.806775
2372	2723	1.249998
2372	2724	1.531970
2373	2372	0.344827
2373	2374	0.338983
2373	2664	19.999600
2373	2665	9.999900
2373	2690	1.021314
2373	2691	0.476613
2374	2373	0.338983
2374	2375	0.312500
2374	2482	3.574589
2374	2682	21.447151
2374	2683	3.333322
2374	2689	1.261623
2374	2690	0.630812
2375	2374	0.312500
2375	2376	0.258405
2375	2397	1.052630
2375	2482	0.739572
2375	2682	21.447151
2375	2683	3.999984
2375	2688	1.261623
2375	2689	0.691858
2376	2375	0.258405
2376	2377	0.803372
2376	2396	1.340474
2376	2397	2.680944
2376	2482	7.666608
2376	2685	0.377049
2376	2686	1.429839
2376	2687	1.405901
2376	2688	0.621621
2377	2376	0.803372
2377	2378	0.226804
2377	2395	2.330681
2377	2396	5.244017
2377	2492	1.606743
2377	2493	2.097613
2377	2523	1.692305
2377	2685	3.749060
2377	2686	1.165342
2377	2687	0.338461
2378	2377	0.226804
2378	2379	0.236559
2378	2394	3.749060
2378	2395	2.996588
2378	2492	7.498092
2378	2493	0.723316
2378	2494	22.493938
2378	2522	5.623579
2378	2523	1.833330
2379	2128	4.195218
2379	2378	0.236559
2379	2380	0.616946
2379	2493	10.487978
2379	2494	2.044945
2379	2495	5.499970
2379	2496	0.303979
2379	2522	1.405901
2380	2379	0.616946
2380	2381	0.498781
2380	2393	1.398410
2380	2394	1.072379
2380	2493	19.999600
2380	2494	2.680944
2380	2496	3.063935
2381	2380	0.498781
2381	2382	0.241876
2381	2392	1.261623
2381	2393	0.408990
2381	3785	2.874992
2382	2381	0.241876
2382	2383	0.258965
2382	2390	7.498092
2382	2391	1.398410
2382	2392	0.998865
2382	3785	0.978018
2382	3786	20.975737
2382	3855	22.493938
2383	2382	0.258965
2383	2384	0.281690
2383	2390	1.021314
2383	2391	6.666622
2383	3785	7.149152
2383	3855	0.857904
2384	2383	0.281690
2384	2385	0.909090
2384	2386	0.512820
2384	2387	10.487978
2384	2389	1.649813
2384	2390	0.794355
2384	3854	19.999600
2384	3855	1.021314
2384	3856	1.787298
2385	2384	0.909090
2385	2386	0.338983
2385	3534	0.714285
2385	3672	6.666622
2385	3673	1.649813
2385	3853	3.496017
2385	3856	7.149152
2385	3857	0.388448
2386	1727	2.996588
2386	2363	1.787298
2386	2384	0.512820
2386	2385	0.338983
2386	2387	0.317821
2386	2389	0.794355
2386	3534	1.538459
2386	3673	21.447151
2386	3674	2.097613
2387	2363	4.498869
2387	2384	10.487978
2387	2386	0.317821
2387	2388	1.022474
2387	2389	1.022474
2387	3674	1.999996
2387	3675	1.165342
2388	2364	3.063935
2388	2365	3.574589
2388	2387	1.022474
2388	2389	0.884615
2388	3872	4.599979
2388	3873	1.095237
2388	3875	0.247192
2388	3876	5.361874
2389	1727	1.606743
2389	2363	1.916663
2389	2364	4.289504
2389	2384	1.649813
2389	2386	0.794355
2389	2387	1.022474
2389	2388	0.884615
2389	2390	0.232323
2389	2494	4.599979
2389	2495	22.493938
2390	1727	22.493938
2390	2382	7.498092
2390	2383	1.021314
2390	2384	0.794355
2390	2389	0.232323
2390	2391	0.289832
2390	2494	1.769228
2391	2382	1.398410
2391	2383	6.666622
2391	2390	0.289832
2391	2392	0.285714
2391	2494	21.447151
2391	3785	21.447151
2392	2381	1.261623
2392	2382	0.998865
2392	2391	0.285714
2392	2393	0.317821
2392	3785	0.794355
2393	2380	1.398410
2393	2381	0.408990
2393	2392	0.317821
2393	2394	0.271017
2393	2494	22.493938
2393	3785	1.323201
2394	2378	3.749060
2394	2380	1.072379
2394	2393	0.271017
2394	2395	0.240984
2394	2492	3.285703
2394	2493	1.649813
2395	2377	2.330681
2395	2378	2.996588
2395	2394	0.240984
2395	2396	0.869564
2395	2491	1.906922
2395	2492	1.261623
2396	2376	1.340474
2396	2377	5.244017
2396	2395	0.869564
2396	2397	0.270270
2396	2490	1.072379
2396	2491	0.437003
2396	2687	20.975737
2396	2688	7.149152
2397	2375	1.052630
2397	2376	2.680944
2397	2396	0.270270
2397	2398	0.408163
2397	2482	21.447151
2397	2489	1.531970
2397	2490	0.824907
2397	2688	7.149152
2397	2689	0.649927
2397	2690	10.723690
2398	2397	0.408163
2398	2399	0.381385
2398	2482	1.949779
2398	2488	1.072379
2398	2489	0.630812
2398	2689	5.361874
2398	2690	1.021314
2399	2398	0.381385
2399	2400	0.239303
2399	2487	1.498296
2399	2488	0.459070
2400	2399	0.239303
2400	2401	0.230000
2400	2486	1.261623
2400	2487	0.739572
2401	2400	0.230000
2401	2402	0.271489
2401	2484	7.666608
2401	2485	1.340474
2401	2486	0.739572
2402	2401	0.271489
2402	2403	0.340438
2402	2484	1.128820
2402	2485	2.222217
2403	2402	0.340438
2403	2404	0.765986
2403	2483	7.498092
2403	2484	22.999471
2404	2403	0.765986
2404	2405	0.312500
2404	2406	21.447151
2404	2479	21.447151
2404	2480	0.434782
2404	2481	1.261623
2404	2483	1.906922
2405	2404	0.312500
2405	2406	0.974890
2405	2479	5.361874
2405	2483	2.622015
2405	2484	3.574589
2406	2404	21.447151
2406	2405	0.974890
2406	2407	0.244505
2406	2479	0.766666
2406	2480	5.361874
2406	2481	0.884615
2406	2483	0.478605
2406	2484	2.090905
2407	2406	0.244505
2407	2408	0.268925
2407	2478	22.493938
2407	2479	1.730339
2408	2407	0.268925
2408	2409	0.303030
2408	2478	1.128820
2408	2479	4.289504
2409	2408	0.303030
2409	2410	0.536190
2409	2477	1.233891
2409	2478	0.714920
2410	2409	0.536190
2410	2411	0.255555
2410	2475	21.447151
2410	2476	1.261623
2410	2477	0.340825
2411	2410	0.255555
2411	2412	0.255555
2411	2475	1.261623
2411	2476	0.794355
2412	2411	0.255555
2412	2413	0.283951
2412	2473	21.447151
2412	2474	1.261623
2412	2475	0.714920
2413	2412	0.283951
2413	2414	0.223413
2413	2472	5.749967
2413	2473	1.021314
2413	2474	0.691858
2414	2413	0.223413
2414	2415	0.289855
2414	2472	1.531970
2414	2473	3.999984
2415	2414	0.289855
2415	2416	0.317460
2415	2471	1.072379
2415	2472	0.691858
2415	3696	20.975737
2416	2415	0.317460
2416	2417	0.412454
2416	2470	1.191533
2416	2471	1.072379
2416	3695	0.361658
2416	3696	4.195218
2417	2416	0.412454
2417	2418	0.428952
2417	2467	1.095237
2417	2468	3.749060
2417	3695	0.548645
2417	3697	22.999471
2418	2417	0.428952
2418	2419	0.524404
2418	2467	1.021314
2418	2468	1.613549
2418	3694	2.097613
2418	3695	0.349603
2419	2418	0.524404
2419	2420	0.244505
2419	2467	1.249690
2419	2468	0.338461
2420	2419	0.244505
2420	2421	0.220534
2420	2466	1.261623
2420	2467	1.437498
2421	2420	0.220534
2421	2422	0.239303
2421	2463	20.975737
2421	2464	1.498296
2421	2465	5.244017
2421	2466	1.613549
2422	2421	0.239303
2422	2423	0.274969
2422	2424	1.249690
2422	2425	21.447151
2422	2460	3.749060
2422	2463	1.261623
2422	2464	0.824907
2422	2465	2.680944
2423	2422	0.274969
2423	2424	0.599319
2423	2425	3.333322
2423	2426	6.666622
2423	2427	5.361874
2423	2459	1.176469
2423	2460	1.613549
2424	2422	1.249690
2424	2423	0.599319
2424	2425	0.446301
2424	2464	2.622015
2424	2465	0.381385
2425	2422	21.447151
2425	2423	3.333322
2425	2424	0.446301
2425	2426	0.392157
2425	2460	20.975737
2425	2463	1.818179
2425	2464	1.666664
2426	2423	6.666622
2426	2425	0.392157
2426	2427	0.278540
2426	2460	1.498296
2426	2463	2.499994
2427	2423	5.361874
2427	2426	0.278540
2427	2428	0.239303
2427	2459	1.261623
2427	2460	0.523126
2428	2427	0.239303
2428	2429	0.246778
2428	2458	1.498296
2428	2459	0.676650
2429	2428	0.246778
2429	2430	0.552004
2429	2457	1.649813
2429	2458	1.818179
2430	2429	0.552004
2430	2431	0.264640
2430	2455	20.975737
2430	2456	1.398410
2430	2457	0.449889
2431	2430	0.264640
2431	2432	0.242105
2431	2455	1.261623
2431	2456	0.691858
2432	1696	4.229508
2432	1699	5.361874
2432	1701	6.344249
2432	2431	0.242105
2432	2433	0.232323
2432	2448	1.261623
2432	2454	1.340474
2432	2455	0.739572
2433	1673	9.591571
2433	1675	3.915765
2433	1677	3.033141
2433	1694	14.387288
2433	1696	1.409840
2433	2432	0.232323
2433	2434	0.210271
2433	2448	1.340474
2433	2453	1.340474
2433	2454	0.739572
2434	1677	14.141936
2434	2433	0.210271
2434	2435	0.294118
2434	2448	4.999975
2434	2450	20.975737
2434	2452	5.244017
2434	2453	6.666622
2435	2434	0.294118
2435	2436	0.776895
2435	2450	1.748012
2435	2451	2.996588
2435	2452	3.496017
2436	2435	0.776895
2436	2437	0.241876
2436	2450	2.199995
2436	2451	0.285714
2437	2436	0.241876
2437	2438	0.232323
2437	2449	2.144756
2437	2450	1.022474
2438	2437	0.232323
2438	2439	0.469388
2438	2449	0.893650
2439	2438	0.469388
2439	2440	0.255555
2439	2446	4.289504
2439	2447	3.749060
2440	2439	0.255555
2440	2441	0.469388
2440	2442	1.340474
2440	2443	22.999471
2440	2445	2.383062
2440	2446	1.787298
2441	2440	0.469388
2441	2442	0.345929
2441	2443	11.499868
2441	2444	2.680944
2441	2445	1.787298
2442	2440	1.340474
2442	2441	0.345929
2442	2443	0.420541
2442	2444	19.999600
2442	2445	19.999600
2443	2440	22.999471
2443	2441	11.499868
2443	2442	0.420541
2443	2444	0.212353
2443	2445	1.072379
2444	2441	2.680944
2444	2442	19.999600
2444	2443	0.212353
2444	2445	0.370370
2445	2440	2.383062
2445	2441	1.787298
2445	2442	19.999600
2445	2443	1.072379
2445	2444	0.370370
2445	2446	0.307692
2446	2439	4.289504
2446	2440	1.787298
2446	2445	0.307692
2446	2447	1.048808
2447	1673	4.690394
2447	2439	3.749060
2447	2446	1.048808
2447	2448	0.953462
2447	2449	1.233891
2448	1701	11.832020
2448	1702	5.916045
2448	2432	1.261623
2448	2433	1.340474
2448	2434	4.999975
2448	2447	0.953462
2448	2449	0.769230
2448	2450	1.311009
2449	2437	2.144756
2449	2438	0.893650
2449	2447	1.233891
2449	2448	0.769230
2449	2450	0.355528
2450	2434	20.975737
2450	2435	1.748012
2450	2436	2.199995
2450	2437	1.022474
2450	2448	1.311009
2450	2449	0.355528
2450	2451	1.222221
2451	2435	2.996588
2451	2436	0.285714
2451	2450	1.222221
2451	2452	0.231579
2452	2434	5.244017
2452	2435	3.496017
2452	2451	0.231579
2452	2453	0.235687
2453	2433	1.340474
2453	2434	6.666622
2453	2452	0.235687
2453	2454	0.363636
2454	2432	1.340474
2454	2433	0.739572
2454	2453	0.363636
2454	2455	0.294118
2455	1695	3.354091
2455	2430	20.975737
2455	2431	1.261623
2455	2432	0.739572
2455	2454	0.294118
2455	2456	0.338983
2456	1695	13.416228
2456	2430	1.398410
2456	2431	0.691858
2456	2455	0.338983
2456	2457	0.297883
2457	2429	1.649813
2457	2430	0.449889
2457	2456	0.297883
2457	2458	0.268095
2458	2428	1.498296
2458	2429	1.818179
2458	2457	0.268095
2458	2459	0.500000
2459	2423	1.176469
2459	2427	1.261623
2459	2428	0.676650
2459	2458	0.500000
2459	2460	0.446301
2460	2422	3.749060
2460	2423	1.613549
2460	2425	20.975737
2460	2426	1.498296
2460	2427	0.523126
2460	2459	0.446301
2460	2461	0.814814
2460	2462	10.999879
2460	2463	0.283462
2461	2460	0.814814
2461	2462	0.231579
2461	2463	6.992010
2461	3691	1.048808
2461	3692	4.195218
2461	3703	11.247095
2461	3704	1.323201
2462	2460	10.999879
2462	2461	0.231579
2462	2463	0.582671
2462	3690	2.330681
2462	3691	1.498296
2462	3704	1.323201
2462	3705	10.999879
2463	2421	20.975737
2463	2422	1.261623
2463	2425	1.818179
2463	2426	2.499994
2463	2460	0.283462
2463	2461	6.992010
2463	2462	0.582671
2463	2464	0.317460
2464	2421	1.498296
2464	2422	0.824907
2464	2424	2.622015
2464	2425	1.666664
2464	2463	0.317460
2464	2465	0.714285
2464	2466	1.666664
2464	3757	21.447151
2465	2421	5.244017
2465	2422	2.680944
2465	2424	0.381385
2465	2464	0.714285
2465	2466	0.317460
2466	2420	1.261623
2466	2421	1.613549
2466	2464	1.666664
2466	2465	0.317460
2466	2467	0.246524
2467	2417	1.095237
2467	2418	1.021314
2467	2419	1.249690
2467	2420	1.437498
2467	2466	0.246524
2467	2468	0.642698
2468	2417	3.749060
2468	2418	1.613549
2468	2419	0.338461
2468	2467	0.642698
2468	2469	0.205607
2468	3695	2.749992
2469	2468	0.205607
2469	2470	0.299926
2469	3695	1.222221
2470	2416	1.191533
2470	2469	0.299926
2470	2471	0.239583
2470	3695	0.401686
2470	3696	5.623579
2471	2415	1.072379
2471	2416	1.072379
2471	2470	0.239583
2471	2472	0.261364
2471	3696	2.044945
2472	2413	5.749967
2472	2414	1.531970
2472	2415	0.691858
2472	2471	0.261364
2472	2473	0.230619
2472	3696	0.749814
2473	2412	21.447151
2473	2413	1.021314
2473	2414	3.999984
2473	2472	0.230619
2473	2474	0.298507
2474	2412	1.261623
2474	2413	0.691858
2474	2473	0.298507
2474	2475	0.344827
2475	2410	21.447151
2475	2411	1.261623
2475	2412	0.714920
2475	2474	0.344827
2475	2476	0.289855
2476	2410	1.261623
2476	2411	0.794355
2476	2475	0.289855
2476	2477	0.327753
2477	2409	1.233891
2477	2410	0.340825
2477	2476	0.327753
2477	2478	0.277709
2478	2407	22.493938
2478	2408	1.128820
2478	2409	0.714920
2478	2477	0.277709
2478	2479	0.203540
2479	2404	21.447151
2479	2405	5.361874
2479	2406	0.766666
2479	2407	1.730339
2479	2408	4.289504
2479	2478	0.203540
2479	2480	0.893650
2480	2404	0.434782
2480	2406	5.361874
2480	2479	0.893650
2480	2481	0.271489
2481	2404	1.261623
2481	2406	0.884615
2481	2480	0.271489
2481	2482	0.999999
2481	2483	0.229535
2482	2374	3.574589
2482	2375	0.739572
2482	2376	7.666608
2482	2397	21.447151
2482	2398	1.949779
2482	2481	0.999999
2482	2483	0.865170
2483	2403	7.498092
2483	2404	1.906922
2483	2405	2.622015
2483	2406	0.478605
2483	2481	0.229535
2483	2482	0.865170
2483	2484	0.299926
2484	2401	7.666608
2484	2402	1.128820
2484	2403	22.999471
2484	2405	3.574589
2484	2406	2.090905
2484	2483	0.299926
2484	2485	0.221109
2485	2401	1.340474
2485	2402	2.222217
2485	2484	0.221109
2485	2486	0.338983
2486	2400	1.261623
2486	2401	0.739572
2486	2485	0.338983
2486	2487	0.322581
2487	2399	1.498296
2487	2400	0.739572
2487	2486	0.322581
2487	2488	0.282205
2488	2154	10.723690
2488	2398	1.072379
2488	2399	0.459070
2488	2487	0.282205
2488	2489	0.377049
2489	2154	3.063935
2489	2221	4.599979
2489	2397	1.531970
2489	2398	0.630812
2489	2488	0.377049
2489	2490	0.252747
2489	2689	11.499868
2489	2690	22.999471
2490	2221	4.599979
2490	2222	1.429839
2490	2396	1.072379
2490	2397	0.824907
2490	2489	0.252747
2490	2491	0.312423
2490	2688	22.999471
2490	2689	1.277776
2491	2222	1.906922
2491	2223	10.487978
2491	2395	1.906922
2491	2396	0.437003
2491	2490	0.312423
2491	2492	0.200843
2491	2687	7.333280
2491	2688	1.405901
2491	2689	4.498869
2492	2377	1.606743
2492	2378	7.498092
2492	2394	3.285703
2492	2395	1.261623
2492	2491	0.200843
2492	2493	0.233126
2492	2687	1.071163
2492	2688	4.599979
2493	2377	2.097613
2493	2378	0.723316
2493	2379	10.487978
2493	2380	19.999600
2493	2394	1.649813
2493	2492	0.233126
2493	2494	0.498781
2493	2687	10.487978
2494	2378	22.493938
2494	2379	2.044945
2494	2380	2.680944
2494	2389	4.599979
2494	2390	1.769228
2494	2391	21.447151
2494	2393	22.493938
2494	2493	0.498781
2494	2495	0.937268
2494	2496	22.999471
2495	2127	1.233891
2495	2128	1.048808
2495	2379	5.499970
2495	2389	22.493938
2495	2494	0.937268
2495	2496	0.624845
2495	3875	0.275000
2496	2128	0.932504
2496	2379	0.303979
2496	2380	3.063935
2496	2494	22.999471
2496	2495	0.624845
2496	2497	0.216981
2496	2520	21.447151
2496	2521	1.072379
2496	2522	1.352939
2496	2534	11.247095
2497	2128	0.893650
2497	2496	0.216981
2497	2498	0.315068
2497	2519	21.447151
2497	2520	1.261623
2497	2521	0.893650
2497	2534	5.623579
2497	2535	1.323201
2498	2497	0.315068
2498	2499	0.212353
2498	2511	21.447151
2498	2512	5.749967
2498	2513	21.447151
2498	2518	3.833319
2498	2519	1.649813
2498	2520	0.824907
2498	2535	0.624845
2498	2536	3.574589
2499	2498	0.212353
2499	2500	0.335119
2499	2518	1.261623
2499	2519	6.666622
2499	2536	6.666622
2500	2499	0.335119
2500	2501	0.218853
2500	2516	4.599979
2500	2517	1.128820
2500	2518	0.433962
2501	2500	0.218853
2501	2502	0.412454
2501	2516	1.261623
2501	2517	3.999984
2502	2501	0.412454
2502	2503	0.274322
2502	2515	1.261623
2502	2516	0.319444
2502	3694	1.606743
2503	2502	0.274322
2503	2504	0.288390
2503	2514	1.748012
2503	2515	0.655505
2503	3692	6.992010
2503	3693	1.692305
2503	3700	3.666653
2504	2503	0.288390
2504	2505	0.240984
2504	2512	22.999471
2504	2513	1.649813
2504	2514	0.649927
2504	3692	7.149152
2504	3700	2.499376
2504	3701	1.124721
2504	3703	11.499868
2505	2504	0.240984
2505	2506	0.363519
2505	2512	1.261623
2505	2513	3.333322
2505	3677	21.447151
2505	3701	10.487978
2505	3703	5.361874
2506	2505	0.363519
2506	2507	0.749814
2506	2508	10.723690
2506	2509	1.022474
2506	2510	1.874533
2506	2512	1.352939
2507	2506	0.749814
2507	2508	0.998865
2507	2509	0.297297
2507	3884	20.975737
2507	3885	2.499376
2507	3886	0.550000
2507	3921	22.493938
2508	2506	10.723690
2508	2507	0.998865
2508	2509	1.165342
2509	2506	1.022474
2509	2507	0.297297
2509	2508	1.165342
2509	2510	0.247191
2509	3884	1.165342
2509	3885	4.498869
2509	3921	11.247095
2509	3922	1.606743
2510	2506	1.874533
2510	2509	0.247191
2510	2511	0.749149
2510	2512	0.387835
2510	3883	2.097613
2510	3884	0.998865
2510	3922	1.249690
2510	3923	2.622015
2511	2498	21.447151
2511	2510	0.749149
2511	2512	0.857904
2511	3497	0.374574
2511	3882	21.447151
2511	3883	3.333322
2512	2498	5.749967
2512	2504	22.999471
2512	2505	1.261623
2512	2506	1.352939
2512	2510	0.387835
2512	2511	0.857904
2512	2513	0.221109
2512	3677	5.749967
2512	3923	1.261623
2512	3924	7.498092
2513	2498	21.447151
2513	2504	1.649813
2513	2505	3.333322
2513	2512	0.221109
2513	2514	0.303030
2513	3677	1.191533
2513	3923	19.999600
2513	3924	4.195218
2514	2503	1.748012
2514	2504	0.649927
2514	2513	0.303030
2514	2515	0.322581
2514	3700	0.776895
2514	3701	2.330681
2515	2502	1.261623
2515	2503	0.655505
2515	2514	0.322581
2515	2516	0.382993
2515	3699	3.333322
2515	3700	0.599319
2516	2500	4.599979
2516	2501	1.261623
2516	2502	0.319444
2516	2515	0.382993
2516	2517	0.306394
2516	3694	1.071163
2516	3698	5.749967
2516	3699	2.383062
2517	2500	1.128820
2517	2501	3.999984
2517	2516	0.306394
2517	2518	0.324964
2517	3698	10.723690
2518	2498	3.833319
2518	2499	1.261623
2518	2500	0.433962
2518	2517	0.324964
2518	2519	0.216642
2519	2497	21.447151
2519	2498	1.649813
2519	2499	6.666622
2519	2518	0.216642
2519	2520	0.253164
2520	2496	21.447151
2520	2497	1.261623
2520	2498	0.824907
2520	2519	0.253164
2520	2521	0.377358
2520	2535	1.498296
2520	2540	4.289504
2521	2496	1.072379
2521	2497	0.893650
2521	2520	0.377358
2521	2522	0.233126
2521	2524	1.261623
2521	2525	19.999600
2521	2534	1.104008
2521	2535	2.097613
2521	2540	2.383062
2522	2128	21.447151
2522	2129	3.285703
2522	2378	5.623579
2522	2379	1.405901
2522	2496	1.352939
2522	2521	0.233126
2522	2523	0.227217
2522	2524	1.642854
2522	2525	5.361874
2523	2127	6.992010
2523	2129	7.498092
2523	2377	1.692305
2523	2378	1.833330
2523	2522	0.227217
2523	2524	0.978018
2523	2684	3.749060
2523	2685	2.499376
2523	2686	0.304002
2524	2521	1.261623
2524	2522	1.642854
2524	2523	0.978018
2524	2525	0.974890
2524	2526	0.884615
2524	2540	0.287500
2524	2541	1.249690
2524	2684	0.264368
2524	2685	2.874992
2525	2129	3.063935
2525	2130	2.622015
2525	2131	10.487978
2525	2521	19.999600
2525	2522	5.361874
2525	2524	0.974890
2525	2526	0.824907
2525	2534	0.749149
2526	2524	0.884615
2526	2525	0.824907
2526	2527	0.264785
2526	2539	5.623579
2526	2540	5.749967
2526	2541	0.295979
2526	2655	1.183917
2527	2526	0.264785
2527	2528	0.612788
2527	2538	1.261623
2527	2539	2.996588
2527	2654	2.622015
2527	2655	0.655505
2528	2527	0.612788
2528	2529	0.277108
2528	2537	1.261623
2528	2538	0.338235
2528	2551	2.249439
2528	2552	1.071163
2528	2653	22.999471
2528	2654	1.874533
2529	2528	0.277108
2529	2530	0.211009
2529	2536	1.191533
2529	2537	0.523112
2529	2552	2.499376
2529	2553	3.285703
2530	2529	0.211009
2530	2531	0.978018
2530	2532	1.499627
2530	2533	0.510657
2530	2536	1.531970
2531	2530	0.978018
2531	2532	0.250000
2531	2634	0.478605
2531	3493	5.623579
2531	3503	0.899777
2531	3504	5.623579
2532	2530	1.499627
2532	2531	0.250000
2532	2533	0.395777
2532	3493	1.071163
2532	3494	0.998865
2532	3502	1.613549
2532	3503	0.775670
2533	2121	9.999900
2533	2530	0.510657
2533	2532	0.395777
2533	2534	0.912007
2533	3494	9.999900
2533	3495	2.680944
2533	3502	9.999900
2534	2128	1.748012
2534	2129	0.803372
2534	2496	11.247095
2534	2497	5.623579
2534	2521	1.104008
2534	2525	0.749149
2534	2533	0.912007
2534	2535	0.213592
2534	3496	10.999879
2535	2497	1.323201
2535	2498	0.624845
2535	2520	1.498296
2535	2521	2.097613
2535	2534	0.213592
2535	2536	0.635641
2536	2498	3.574589
2536	2499	6.666622
2536	2529	1.191533
2536	2530	1.531970
2536	2535	0.635641
2536	2537	0.350877
2537	2528	1.261623
2537	2529	0.523112
2537	2536	0.350877
2537	2538	0.412454
2537	2552	1.906922
2538	2527	1.261623
2538	2528	0.338235
2538	2537	0.412454
2538	2539	0.214233
2538	2551	1.022474
2538	2552	1.874533
2538	2654	4.498869
2539	2526	5.623579
2539	2527	2.996588
2539	2538	0.214233
2539	2540	0.775670
2539	2551	10.999879
2539	2654	2.444438
2539	2656	1.874533
2540	2520	4.289504
2540	2521	2.383062
2540	2524	0.287500
2540	2526	5.749967
2540	2539	0.775670
2540	2541	1.249690
2540	2656	2.555549
2540	2657	10.723690
2541	2524	1.249690
2541	2526	0.295979
2541	2540	1.249690
2541	2542	0.723316
2541	2543	2.330681
2541	2655	1.294116
2541	2656	2.499376
2541	2684	1.071163
2542	2541	0.723316
2542	2543	0.294118
2542	2662	1.261623
2542	2663	0.510657
2542	2683	0.606060
2542	2684	2.680944
2543	2541	2.330681
2543	2542	0.294118
2543	2544	0.369786
2543	2661	1.340474
2543	2662	0.691858
2544	2543	0.369786
2544	2545	0.315406
2544	2659	22.999471
2544	2660	1.261623
2544	2661	0.377049
2545	2544	0.315406
2545	2546	0.555555
2545	2547	1.311009
2545	2659	1.072379
2545	2660	4.999975
2546	2099	10.487978
2546	2100	2.499994
2546	2545	0.555555
2546	2547	0.953462
2547	2545	1.311009
2547	2546	0.953462
2547	2548	0.308143
2547	2658	1.233891
2547	2659	0.387835
2548	2547	0.308143
2548	2549	0.297883
2548	2656	22.999471
2548	2657	1.072379
2548	2658	0.765986
2549	2548	0.297883
2549	2550	0.273973
2549	2652	19.999600
2549	2656	1.072379
2549	2657	1.249998
2550	2549	0.273973
2550	2551	0.537850
2550	2651	19.999600
2550	2652	19.999600
2550	2653	0.564410
2550	2654	1.311009
2550	2656	0.932504
2551	2528	2.249439
2551	2538	1.022474
2551	2539	10.999879
2551	2550	0.537850
2551	2552	0.213592
2551	2652	20.975737
2551	2653	0.978018
2551	2654	0.282051
2552	2528	1.071163
2552	2529	2.499376
2552	2537	1.906922
2552	2538	1.874533
2552	2551	0.213592
2552	2553	0.288390
2552	2653	1.183917
2553	2529	3.285703
2553	2552	0.288390
2553	2554	0.244681
2553	2560	11.247095
2553	2652	1.191533
2553	2653	1.277776
2554	2553	0.244681
2554	2555	0.278540
2554	2560	7.498092
2554	2561	1.071163
2554	2650	7.666608
2554	2651	1.261623
2554	2652	0.824907
2555	2554	0.278540
2555	2556	0.999999
2555	2557	19.999600
2555	2561	0.524404
2555	2562	1.072379
2555	2650	1.261623
2555	2651	1.999996
2556	2555	0.999999
2556	2557	0.327869
2556	2562	7.149152
2556	2563	0.512820
2556	2636	1.261623
2556	2642	0.276002
2557	2555	19.999600
2557	2556	0.327869
2557	2558	0.344827
2557	2635	1.261623
2557	2636	0.739572
2558	2557	0.344827
2558	2559	0.240964
2558	2560	2.622015
2558	2634	1.429839
2558	2635	0.691858
2558	3505	19.999600
2559	2118	21.447151
2559	2558	0.240964
2559	2560	0.839046
2559	2561	20.975737
2559	2634	2.144756
2560	2553	11.247095
2560	2554	7.498092
2560	2558	2.622015
2560	2559	0.839046
2560	2561	0.268293
2560	2652	1.311009
2560	2653	2.811798
2561	2554	1.071163
2561	2555	0.524404
2561	2559	20.975737
2561	2560	0.268293
2561	2562	1.022474
2561	2650	22.493938
2561	2651	1.398410
2561	2652	0.616946
2562	2555	1.072379
2562	2556	7.149152
2562	2561	1.022474
2562	2563	0.794355
2562	2564	0.243723
2562	2648	11.499868
2562	2649	1.261623
2562	2650	0.396552
2563	2556	0.512820
2563	2562	0.794355
2563	2564	0.869564
2563	2642	1.048808
2564	2562	0.243723
2564	2563	0.869564
2564	2565	0.317460
2564	2648	1.261623
2564	2649	2.857135
2565	2564	0.317460
2565	2566	0.498781
2565	2647	1.498296
2565	2648	0.630812
2566	2565	0.498781
2566	2567	0.306667
2566	2646	1.340474
2566	2647	0.351476
2567	2566	0.306667
2567	2568	0.258427
2567	2645	1.429839
2567	2646	0.670237
2568	2567	0.258427
2568	2569	0.274969
2568	2644	1.340474
2568	2645	0.670237
2569	2568	0.274969
2569	2570	0.307692
2569	2587	5.361874
2569	2619	3.063935
2569	2620	9.999900
2569	2643	1.261623
2569	2644	9.999900
2570	2569	0.307692
2570	2571	0.456004
2570	2572	1.748012
2570	2585	21.447151
2570	2586	2.499994
2570	2587	2.383062
2570	2619	3.574589
2570	2620	1.333332
2570	2621	10.723690
2570	2640	19.999600
2570	2641	1.613549
2570	2643	0.974890
2571	2570	0.456004
2571	2572	0.536585
2571	2585	5.623579
2571	2586	6.992010
2571	2639	0.511614
2571	2640	3.496017
2571	2641	4.399981
2572	2570	1.748012
2572	2571	0.536585
2572	2573	0.749814
2572	2574	0.338325
2572	2621	11.247095
2572	2622	2.330681
2572	2639	2.622015
2572	2641	7.333280
2573	2572	0.749814
2573	2574	0.595767
2573	2575	0.766666
2573	2638	0.420541
2573	2639	0.446825
2573	2641	5.623579
2574	2572	0.338325
2574	2573	0.595767
2574	2575	0.223413
2574	2576	3.063935
2574	2577	19.999600
2574	2621	1.787298
2574	2622	1.666664
2574	2641	5.244017
2574	2643	3.574589
2575	2573	0.766666
2575	2574	0.223413
2575	2576	0.230000
2575	2577	2.680944
2575	2638	1.261623
2575	2641	11.247095
2575	2643	1.149999
2575	2644	5.361874
2576	2574	3.063935
2576	2575	0.230000
2576	2577	0.824907
2576	2633	0.357460
2576	2637	1.769228
2576	2638	2.144756
2577	2574	19.999600
2577	2575	2.680944
2577	2576	0.824907
2577	2578	0.839046
2578	2577	0.839046
2578	2579	0.550000
2578	2625	0.282051
2578	3914	3.749060
2578	3915	2.444438
2579	2578	0.550000
2579	2580	0.301370
2579	2624	0.978018
2579	2625	1.099999
2579	3913	1.022474
2579	3914	0.749814
2580	2579	0.301370
2580	2581	0.281180
2580	2624	1.183917
2580	3892	2.996588
2580	3893	2.622015
2580	3912	4.498869
2580	3913	1.124721
2581	2580	0.281180
2581	2582	0.280488
2581	2623	1.261623
2581	2624	0.793103
2581	3893	1.949779
2581	3894	10.723690
2582	2581	0.280488
2582	2583	0.303979
2582	2622	1.261623
2582	2623	0.714920
2583	2582	0.303979
2583	2584	0.998865
2583	2585	1.730339
2583	2621	1.606743
2583	2622	1.311009
2584	2583	0.998865
2584	2585	0.932504
2584	2586	19.999600
2584	4178	1.048808
2585	2570	21.447151
2585	2571	5.623579
2585	2583	1.730339
2585	2584	0.932504
2585	2586	0.264785
2585	2619	5.749967
2585	2620	1.072379
2585	2621	0.328571
2586	2570	2.499994
2586	2571	6.992010
2586	2584	19.999600
2586	2585	0.264785
2586	2587	0.302079
2586	2619	1.261623
2586	2620	6.666622
2587	2569	5.361874
2587	2570	2.383062
2587	2586	0.302079
2587	2588	0.280488
2587	2618	1.261623
2587	2619	0.442307
2588	2587	0.280488
2588	2589	0.289832
2588	2616	22.999471
2588	2617	1.787298
2588	2618	0.691858
2589	2588	0.289832
2589	2590	0.510657
2589	2616	1.261623
2589	2617	2.499994
2590	2589	0.510657
2590	2591	0.315406
2590	2615	1.128820
2590	2616	0.353846
2591	2590	0.315406
2591	2592	0.625000
2591	2614	0.974890
2591	2615	1.176469
2592	2591	0.625000
2592	2593	0.446825
2592	2613	2.144756
2592	2614	0.794355
2593	2592	0.446825
2593	2594	0.376274
2593	2595	11.499868
2593	2611	22.999471
2593	2612	1.649813
2593	2613	0.489361
2594	2593	0.376274
2594	2595	0.549938
2595	2593	11.499868
2595	2594	0.549938
2595	2596	0.899777
2595	2598	2.090905
2595	2610	2.811798
2595	2611	0.638888
2596	2595	0.899777
2596	2597	0.578947
2596	2598	0.562361
2597	2596	0.578947
2597	2598	1.323201
2598	2595	2.090905
2598	2596	0.562361
2598	2597	1.323201
2598	2599	0.978018
2598	2609	0.511111
2598	2610	2.249439
2599	2598	0.978018
2599	2600	0.582671
2599	2601	5.499970
2599	2602	3.749060
2599	2605	1.047618
2599	2606	3.213482
2599	2607	3.496017
2599	2608	5.244017
2599	2609	2.044945
2600	2599	0.582671
2600	2601	0.403388
2600	2609	21.447151
2600	2610	2.622015
2600	2612	2.222217
2600	4179	1.949779
2601	2599	5.499970
2601	2600	0.403388
2601	2602	0.394639
2601	2608	20.975737
2601	4179	0.295979
2601	4180	1.906922
2602	2599	3.749060
2602	2601	0.394639
2602	2603	0.382993
2602	2607	7.149152
2602	2608	5.361874
2602	4180	5.361874
2603	2602	0.382993
2603	2604	0.999999
2603	2605	2.330681
2603	2606	3.063935
2603	2607	6.666622
2604	2603	0.999999
2604	2605	0.699205
2604	2606	1.072379
2605	2599	1.047618
2605	2603	2.330681
2605	2604	0.699205
2605	2606	0.288390
2606	2599	3.213482
2606	2603	3.063935
2606	2604	1.072379
2606	2605	0.288390
2606	2607	0.208229
2607	2599	3.496017
2607	2602	7.149152
2607	2603	6.666622
2607	2606	0.208229
2607	2608	0.327869
2607	2609	21.447151
2608	2599	5.244017
2608	2601	20.975737
2608	2602	5.361874
2608	2607	0.327869
2608	2609	0.369786
2609	2598	0.511111
2609	2599	2.044945
2609	2600	21.447151
2609	2607	21.447151
2609	2608	0.369786
2609	2610	0.749814
2610	2595	2.811798
2610	2598	2.249439
2610	2600	2.622015
2610	2609	0.749814
2610	2611	0.681649
2610	2612	6.992010
2611	2593	22.999471
2611	2595	0.638888
2611	2610	0.681649
2611	2612	0.329963
2612	2593	1.649813
2612	2600	2.222217
2612	2610	6.992010
2612	2611	0.329963
2612	2613	0.437706
2613	2592	2.144756
2613	2593	0.489361
2613	2612	0.437706
2613	2614	0.302631
2614	2591	0.974890
2614	2592	0.794355
2614	2613	0.302631
2614	2615	0.258405
2615	2590	1.128820
2615	2591	1.176469
2615	2614	0.258405
2615	2616	0.595767
2616	2588	22.999471
2616	2589	1.261623
2616	2590	0.353846
2616	2615	0.595767
2616	2617	0.255329
2617	2588	1.787298
2617	2589	2.499994
2617	2616	0.255329
2617	2618	0.540540
2618	2587	1.261623
2618	2588	0.691858
2618	2617	0.540540
2618	2619	0.437706
2619	2569	3.063935
2619	2570	3.574589
2619	2585	5.749967
2619	2586	1.261623
2619	2587	0.442307
2619	2618	0.437706
2619	2620	0.212353
2620	2569	9.999900
2620	2570	1.333332
2620	2585	1.072379
2620	2586	6.666622
2620	2619	0.212353
2620	2621	0.329963
2621	2570	10.723690
2621	2572	11.247095
2621	2574	1.787298
2621	2583	1.606743
2621	2585	0.328571
2621	2620	0.329963
2621	2622	0.271489
2622	2572	2.330681
2622	2574	1.666664
2622	2582	1.261623
2622	2583	1.311009
2622	2621	0.271489
2622	2623	0.425532
2623	2581	1.261623
2623	2582	0.714920
2623	2622	0.425532
2623	2624	0.261556
2624	2579	0.978018
2624	2580	1.183917
2624	2581	0.793103
2624	2623	0.261556
2624	2625	0.321349
2624	2626	22.493938
2624	3892	21.447151
2625	2578	0.282051
2625	2579	1.099999
2625	2624	0.321349
2625	2626	0.916666
2626	2624	22.493938
2626	2625	0.916666
2626	2627	0.999999
2626	3890	1.906922
2626	3891	20.975737
2626	3914	22.493938
2626	3915	1.571426
2626	3916	11.247095
2626	3944	5.244017
2626	3945	0.297297
2627	2626	0.999999
2627	2628	0.258823
2627	3916	3.213482
2627	3917	3.749060
2627	3943	0.803372
2627	3944	4.195218
2627	3945	0.666666
2628	2627	0.258823
2628	2629	0.874007
2628	3917	7.498092
2628	3918	4.195218
2628	3942	1.398410
2628	3943	0.865170
2628	3996	1.183917
2628	3997	0.642698
2629	2628	0.874007
2629	2630	0.893650
2629	3490	21.447151
2629	3491	0.909090
2629	3492	0.999999
2629	3942	3.333322
2629	3997	4.289504
2630	2629	0.893650
2630	2631	0.218393
2630	3490	4.599979
2630	3491	1.261623
2630	3492	21.447151
2630	3506	2.680944
2630	3942	2.383062
2631	2630	0.218393
2631	2632	0.268925
2631	3490	22.493938
2631	3491	2.097613
2631	3492	20.975737
2631	3504	5.623579
2631	3505	2.097613
2632	2631	0.268925
2632	2633	0.666666
2632	2635	1.261623
2632	2636	21.447151
2632	3491	19.999600
2632	3492	2.222217
2632	3504	4.289504
2633	2576	0.357460
2633	2632	0.666666
2633	2634	0.974890
2633	2635	0.376274
2633	2636	1.787298
2633	2637	1.128820
2634	2531	0.478605
2634	2558	1.429839
2634	2559	2.144756
2634	2633	0.974890
2634	2635	0.273809
2634	3504	1.437498
2634	3505	10.723690
2635	2557	1.261623
2635	2558	0.691858
2635	2632	1.261623
2635	2633	0.376274
2635	2634	0.273809
2635	2636	0.230000
2635	3504	3.833319
2635	3505	3.063935
2636	2556	1.261623
2636	2557	0.739572
2636	2632	21.447151
2636	2633	1.787298
2636	2635	0.230000
2636	2637	0.244681
2636	2642	2.044945
2637	2576	1.769228
2637	2633	1.128820
2637	2636	0.244681
2637	2638	0.282205
2637	2642	1.405901
2638	2573	0.420541
2638	2575	1.261623
2638	2576	2.144756
2638	2637	0.282205
2638	2639	0.869564
2638	2641	10.487978
2638	2642	0.566923
2639	2571	0.511614
2639	2572	2.622015
2639	2573	0.446825
2639	2638	0.869564
2639	2640	0.999999
2639	2641	0.368003
2640	2570	19.999600
2640	2571	3.496017
2640	2639	0.999999
2640	2641	0.655505
2641	2570	1.613549
2641	2571	4.399981
2641	2572	7.333280
2641	2573	5.623579
2641	2574	5.244017
2641	2575	11.247095
2641	2638	10.487978
2641	2639	0.368003
2641	2640	0.655505
2641	2642	0.785714
2641	2643	0.288390
2642	2556	0.276002
2642	2563	1.048808
2642	2636	2.044945
2642	2637	1.405901
2642	2638	0.566923
2642	2641	0.785714
2642	2643	1.124721
2643	2569	1.261623
2643	2570	0.974890
2643	2574	3.574589
2643	2575	1.149999
2643	2641	0.288390
2643	2642	1.124721
2643	2644	0.238307
2644	2568	1.340474
2644	2569	9.999900
2644	2575	5.361874
2644	2643	0.238307
2644	2645	0.344827
2645	2567	1.429839
2645	2568	0.670237
2645	2644	0.344827
2645	2646	0.425532
2646	2566	1.340474
2646	2567	0.670237
2646	2645	0.425532
2646	2647	0.446301
2647	2565	1.498296
2647	2566	0.351476
2647	2646	0.446301
2647	2648	0.308143
2648	2562	11.499868
2648	2564	1.261623
2648	2565	0.630812
2648	2647	0.308143
2648	2649	0.249391
2649	2562	1.261623
2649	2564	2.857135
2649	2648	0.249391
2649	2650	0.363519
2650	2554	7.666608
2650	2555	1.261623
2650	2561	22.493938
2650	2562	0.396552
2650	2649	0.363519
2650	2651	0.255329
2651	2550	19.999600
2651	2554	1.261623
2651	2555	1.999996
2651	2561	1.398410
2651	2650	0.255329
2651	2652	0.487805
2652	2549	19.999600
2652	2550	19.999600
2652	2551	20.975737
2652	2553	1.191533
2652	2554	0.824907
2652	2560	1.311009
2652	2561	0.616946
2652	2651	0.487805
2652	2653	0.230619
2653	2528	22.999471
2653	2550	0.564410
2653	2551	0.978018
2653	2552	1.183917
2653	2553	1.277776
2653	2560	2.811798
2653	2652	0.230619
2653	2654	0.899777
2654	2527	2.622015
2654	2528	1.874533
2654	2538	4.498869
2654	2539	2.444438
2654	2550	1.311009
2654	2551	0.282051
2654	2653	0.899777
2654	2655	0.758620
2654	2656	0.312423
2655	2526	1.183917
2655	2527	0.655505
2655	2541	1.294116
2655	2654	0.758620
2655	2656	0.775670
2656	2539	1.874533
2656	2540	2.555549
2656	2541	2.499376
2656	2548	22.999471
2656	2549	1.072379
2656	2550	0.932504
2656	2654	0.312423
2656	2655	0.775670
2656	2657	0.238307
2657	2540	10.723690
2657	2548	1.072379
2657	2549	1.249998
2657	2656	0.238307
2657	2658	0.333333
2658	2547	1.233891
2658	2548	0.765986
2658	2657	0.333333
2658	2659	0.382993
2659	2544	22.999471
2659	2545	1.072379
2659	2547	0.387835
2659	2658	0.382993
2659	2660	0.268095
2660	2544	1.261623
2660	2545	4.999975
2660	2659	0.268095
2660	2661	0.329963
2661	2543	1.340474
2661	2544	0.377049
2661	2660	0.329963
2661	2662	0.267442
2662	2542	1.261623
2662	2543	0.691858
2662	2661	0.267442
2662	2663	0.315068
2663	2542	0.510657
2663	2662	0.315068
2663	2664	0.228166
2663	2682	2.555549
2663	2683	0.974890
2664	2373	19.999600
2664	2663	0.228166
2664	2665	0.298507
2664	2681	10.723690
2664	2682	1.261623
2665	2373	9.999900
2665	2664	0.298507
2665	2666	0.322581
2665	2680	20.975737
2665	2681	1.072379
2665	2682	0.691858
2666	2665	0.322581
2666	2667	0.376274
2666	2680	1.311009
2666	2681	1.072379
2667	2666	0.376274
2667	2668	0.237113
2667	2679	1.191533
2667	2680	0.478605
2668	2667	0.237113
2668	2669	0.489361
2668	2678	1.429839
2668	2679	0.824907
2669	2668	0.489361
2669	2670	0.291139
2669	2677	1.649813
2669	2678	0.857904
2670	2669	0.291139
2670	2671	0.242105
2670	2673	2.144756
2670	2676	1.649813
2670	2677	0.974890
2671	2670	0.242105
2671	2672	0.978018
2671	2673	2.144756
2672	2671	0.978018
2672	2673	0.776895
2672	2674	5.623579
2673	2670	2.144756
2673	2671	2.144756
2673	2672	0.776895
2673	2674	0.329963
2673	2675	5.244017
2674	2672	5.623579
2674	2673	0.329963
2674	2675	0.661601
2674	2676	0.564410
2675	2673	5.244017
2675	2674	0.661601
2675	2676	0.368003
2676	2670	1.649813
2676	2674	0.564410
2676	2675	0.368003
2676	2677	0.606060
2677	2669	1.649813
2677	2670	0.974890
2677	2676	0.606060
2677	2678	0.400000
2678	2668	1.429839
2678	2669	0.857904
2678	2677	0.400000
2678	2679	0.333333
2679	2667	1.191533
2679	2668	0.824907
2679	2678	0.333333
2679	2680	0.304002
2680	2665	20.975737
2680	2666	1.311009
2680	2667	0.478605
2680	2679	0.304002
2680	2681	0.264640
2681	2664	10.723690
2681	2665	1.072379
2681	2666	1.072379
2681	2680	0.264640
2681	2682	0.267442
2682	2374	21.447151
2682	2375	21.447151
2682	2663	2.555549
2682	2664	1.261623
2682	2665	0.691858
2682	2681	0.267442
2682	2683	0.235688
2683	2374	3.333322
2683	2375	3.999984
2683	2542	0.606060
2683	2663	0.974890
2683	2682	0.235688
2683	2684	0.794355
2684	2523	3.749060
2684	2524	0.264368
2684	2541	1.071163
2684	2542	2.680944
2684	2683	0.794355
2684	2685	0.225490
2685	2376	0.377049
2685	2377	3.749060
2685	2523	2.499376
2685	2524	2.874992
2685	2684	0.225490
2685	2686	0.649927
2686	2376	1.429839
2686	2377	1.165342
2686	2523	0.304002
2686	2685	0.649927
2686	2687	0.499433
2686	2688	21.447151
2687	2376	1.405901
2687	2377	0.338461
2687	2396	20.975737
2687	2491	7.333280
2687	2492	1.071163
2687	2493	10.487978
2687	2686	0.499433
2687	2688	0.247192
2688	2375	1.261623
2688	2376	0.621621
2688	2396	7.149152
2688	2397	7.149152
2688	2490	22.999471
2688	2491	1.405901
2688	2492	4.599979
2688	2686	21.447151
2688	2687	0.247192
2688	2689	0.283951
2689	2374	1.261623
2689	2375	0.691858
2689	2397	0.649927
2689	2398	5.361874
2689	2489	11.499868
2689	2490	1.277776
2689	2491	4.498869
2689	2688	0.283951
2689	2690	0.264368
2690	2373	1.021314
2690	2374	0.630812
2690	2397	10.723690
2690	2398	1.021314
2690	2489	22.999471
2690	2689	0.264368
2690	2691	0.298701
2691	2372	1.128820
2691	2373	0.476613
2691	2690	0.298701
2691	2692	0.222717
2692	2371	1.398410
2692	2372	0.806775
2692	2691	0.222717
2692	2693	0.249938
2692	2724	11.247095
2693	2370	1.261623
2693	2371	0.536190
2693	2692	0.249938
2693	2694	0.282205
2693	2724	22.999471
2693	2725	1.183917
2694	2370	1.176469
2694	2693	0.282205
2694	2695	0.285968
2694	2725	0.676650
2694	2726	2.144756
2694	2749	1.340474
2695	2694	0.285968
2695	2696	0.297883
2695	2726	2.299995
2695	2727	3.285703
2695	2746	22.493938
2695	2748	2.383062
2695	2749	0.418182
2696	2695	0.297883
2696	2697	0.294118
2696	2745	20.975737
2696	2746	1.498296
2696	2748	1.818179
2697	2696	0.294118
2697	2698	0.273973
2697	2745	1.311009
2697	2746	1.311009
2698	2007	2.097613
2698	2697	0.273973
2698	2699	0.400000
2698	2744	1.072379
2698	2745	0.749149
2699	2007	0.776895
2699	2698	0.400000
2699	2700	0.416666
2699	2743	1.021314
2699	2744	0.523112
2700	2175	21.447151
2700	2699	0.416666
2700	2701	0.310835
2700	2742	1.072379
2700	2743	0.612788
2701	2700	0.310835
2701	2702	0.303979
2701	2740	0.749814
2701	2741	1.249690
2701	2742	1.352939
2702	2701	0.303979
2702	2703	0.912007
2702	2704	0.277709
2702	2739	1.498296
2702	2740	1.571426
2703	1885	1.021314
2703	1886	2.330681
2703	2702	0.912007
2703	2704	1.072379
2704	2702	0.277709
2704	2703	1.072379
2704	2705	0.198589
2704	2738	3.833319
2704	2739	1.429839
2704	2740	7.498092
2705	2704	0.198589
2705	2706	0.377358
2705	2738	1.191533
2705	2739	4.999975
2706	2705	0.377358
2706	2707	0.285968
2706	2737	1.261623
2706	2738	0.523112
2707	1892	22.493938
2707	1893	0.303979
2707	2706	0.285968
2707	2708	0.749814
2707	2710	4.599979
2707	2711	22.493938
2707	2736	2.499376
2707	2737	0.718749
2708	1870	22.493938
2708	1871	3.213482
2708	1892	1.222221
2708	1893	3.666653
2708	2707	0.749814
2708	2709	0.446301
2708	2710	0.387835
2708	2736	0.468085
2709	1868	19.999600
2709	1869	7.149152
2709	2708	0.446301
2709	2710	0.974890
2710	2707	4.599979
2710	2708	0.387835
2710	2709	0.974890
2710	2711	0.978018
2710	2734	2.874992
2710	2735	0.250000
2710	2736	1.124721
2711	2707	22.493938
2711	2710	0.978018
2711	2712	0.229167
2711	2734	2.044945
2711	2735	1.124721
2711	2736	0.282051
2711	2737	0.865170
2711	2738	3.213482
2712	2074	20.975737
2712	2711	0.229167
2712	2713	0.239303
2712	2734	1.183917
2712	2735	22.493938
2712	2737	11.247095
2712	2738	3.749060
2713	2074	3.063935
2713	2075	5.749967
2713	2712	0.239303
2713	2714	0.267442
2713	2733	1.649813
2713	2734	1.095237
2714	2076	3.749060
2714	2713	0.267442
2714	2715	0.249391
2714	2731	22.999471
2714	2732	1.429839
2714	2733	0.523112
2715	2076	1.906922
2715	2714	0.249391
2715	2716	0.363636
2715	2731	1.261623
2715	2732	3.333322
2716	2715	0.363636
2716	2717	0.345929
2716	2730	1.261623
2716	2731	0.739572
2717	2716	0.345929
2717	2718	0.803372
2717	2719	0.893650
2717	2728	5.749967
2717	2729	1.072379
2717	2730	0.410714
2718	2110	1.071163
2718	2111	0.749814
2718	2717	0.803372
2718	2719	0.874007
2719	2717	0.893650
2719	2718	0.874007
2719	2720	0.303030
2719	2728	1.128820
2719	2729	2.499994
2720	2719	0.303030
2720	2721	0.307692
2720	2727	1.261623
2720	2728	0.612788
2721	2720	0.307692
2721	2722	0.382993
2721	2726	1.261623
2721	2727	0.670237
2722	2721	0.382993
2722	2723	0.974890
2722	2724	0.460000
2722	2725	1.606743
2722	2726	0.377049
2723	2372	1.249998
2723	2722	0.974890
2723	2724	0.278540
2724	2371	1.072379
2724	2372	1.531970
2724	2692	11.247095
2724	2693	22.999471
2724	2722	0.460000
2724	2723	0.278540
2724	2725	0.271017
2725	2370	1.748012
2725	2371	0.874007
2725	2693	1.183917
2725	2694	0.676650
2725	2722	1.606743
2725	2724	0.271017
2725	2726	0.499876
2725	2749	22.493938
2726	2694	2.144756
2726	2695	2.299995
2726	2721	1.261623
2726	2722	0.377049
2726	2725	0.499876
2726	2727	0.287500
2727	2695	3.285703
2727	2720	1.261623
2727	2721	0.670237
2727	2726	0.287500
2727	2728	0.319444
2728	2717	5.749967
2728	2719	1.128820
2728	2720	0.612788
2728	2727	0.319444
2728	2729	0.228166
2729	2717	1.072379
2729	2719	2.499994
2729	2728	0.228166
2729	2730	0.297883
2730	2716	1.261623
2730	2717	0.410714
2730	2729	0.297883
2730	2731	0.267442
2731	2714	22.999471
2731	2715	1.261623
2731	2716	0.739572
2731	2730	0.267442
2731	2732	0.230619
2732	2714	1.429839
2732	2715	3.333322
2732	2731	0.230619
2732	2733	0.392157
2733	2075	3.574589
2733	2713	1.649813
2733	2714	0.523112
2733	2732	0.392157
2733	2734	0.230619
2734	2068	7.498092
2734	2074	1.649813
2734	2075	2.874992
2734	2710	2.874992
2734	2711	2.044945
2734	2712	1.183917
2734	2713	1.095237
2734	2733	0.230619
2734	2735	0.250000
2735	2068	22.493938
2735	2073	4.289504
2735	2074	4.289504
2735	2710	0.250000
2735	2711	1.124721
2735	2712	22.493938
2735	2734	0.250000
2735	2736	0.775670
2736	1892	21.999516
2736	1893	10.999879
2736	2707	2.499376
2736	2708	0.468085
2736	2710	1.124721
2736	2711	0.282051
2736	2735	0.775670
2736	2737	0.449889
2737	1893	22.493938
2737	2706	1.261623
2737	2707	0.718749
2737	2711	0.865170
2737	2712	11.247095
2737	2736	0.449889
2737	2738	0.270588
2738	2704	3.833319
2738	2705	1.191533
2738	2706	0.523112
2738	2711	3.213482
2738	2712	3.749060
2738	2737	0.270588
2738	2739	0.193222
2739	2702	1.498296
2739	2704	1.429839
2739	2705	4.999975
2739	2738	0.193222
2739	2740	0.776895
2740	2701	0.749814
2740	2702	1.571426
2740	2704	7.498092
2740	2739	0.776895
2740	2741	0.275000
2741	2701	1.249690
2741	2740	0.275000
2741	2742	0.468634
2742	2700	1.072379
2742	2701	1.352939
2742	2741	0.468634
2742	2743	0.234694
2743	2699	1.021314
2743	2700	0.612788
2743	2742	0.234694
2743	2744	0.283951
2744	2007	1.124721
2744	2698	1.072379
2744	2699	0.523112
2744	2743	0.283951
2744	2745	0.281180
2745	2007	2.444438
2745	2219	20.975737
2745	2696	20.975737
2745	2697	1.311009
2745	2698	0.749149
2745	2744	0.281180
2745	2746	0.261905
2746	2695	22.493938
2746	2696	1.498296
2746	2697	1.311009
2746	2745	0.261905
2746	2747	0.899777
2746	2748	0.338325
2747	2008	21.447151
2747	2009	3.063935
2747	2013	3.749060
2747	2014	1.533331
2747	2746	0.899777
2747	2748	0.932504
2748	2145	20.975737
2748	2695	2.383062
2748	2696	1.818179
2748	2746	0.338325
2748	2747	0.932504
2748	2749	0.595767
2749	2369	1.261623
2749	2370	0.382993
2749	2694	1.340474
2749	2695	0.418182
2749	2725	22.493938
2749	2748	0.595767
2749	2750	0.765986
2750	2144	0.278540
2750	2145	1.613549
2750	2368	19.999600
2750	2369	0.303030
2750	2370	4.999975
2750	2749	0.765986
2750	2751	0.739572
2750	2752	2.622015
2751	2123	5.361874
2751	2368	21.447151
2751	2370	21.447151
2751	2750	0.739572
2751	2752	0.241876
2752	2123	1.498296
2752	2124	0.776895
2752	2136	3.213482
2752	2137	21.999516
2752	2144	2.044945
2752	2367	7.498092
2752	2368	6.992010
2752	2750	2.622015
2752	2751	0.241876
2752	2753	1.047618
2752	2755	11.247095
2753	2136	3.749060
2753	2137	4.399981
2753	2144	1.405901
2753	2145	0.785714
2753	2230	6.992010
2753	2366	1.323201
2753	2367	0.607958
2753	2752	1.047618
2753	2754	0.806775
2753	2755	0.624845
2754	2136	5.361874
2754	2137	2.330681
2754	2753	0.806775
2754	2755	0.794355
2754	3526	1.613549
2754	3929	3.063935
2755	2142	22.999471
2755	2143	1.072379
2755	2144	0.884615
2755	2752	11.247095
2755	2753	0.624845
2755	2754	0.794355
2755	2756	0.221109
2756	2141	21.447151
2756	2142	1.261623
2756	2143	2.222217
2756	2755	0.221109
2756	2757	0.298507
2757	2012	19.999600
2757	2141	1.261623
2757	2142	0.714920
2757	2756	0.298507
2757	2758	0.357460
2758	2077	11.247095
2758	2139	21.447151
2758	2140	1.261623
2758	2141	0.442307
2758	2757	0.357460
2758	2759	0.214953
2759	2078	1.071163
2759	2138	7.666608
2759	2139	1.261623
2759	2140	0.893650
2759	2758	0.214953
2759	2760	0.218853
2760	2078	1.748012
2760	2079	2.857135
2760	2138	1.261623
2760	2139	2.499994
2760	2759	0.218853
2760	2761	0.466137
2761	2079	2.622015
2761	2138	0.330801
2761	2760	0.466137
2761	2762	0.272418
2761	3482	6.992010
2761	3483	1.498296
2762	2761	0.272418
2762	2763	0.238307
2762	3482	1.538459
2762	3483	2.857135
2763	2762	0.238307
2763	2764	0.255619
2763	3480	0.899777
2763	3481	1.124721
2763	3482	1.949779
2763	4042	3.063935
2764	2763	0.255619
2764	2765	0.725627
2764	2766	0.322710
2764	3479	1.571426
2764	3480	1.294116
2764	4042	2.996588
2765	2764	0.725627
2765	2766	0.523112
2765	3478	0.479166
2765	3479	4.498869
2766	2764	0.322710
2766	2765	0.523112
2766	2767	0.524404
2766	3478	0.691858
2766	3479	1.498296
2766	3480	20.975737
2767	2766	0.524404
2767	2768	0.211538
2767	3471	21.999516
2767	3472	3.496017
2767	3478	1.405901
2767	3479	0.318840
2767	4040	1.613549
2768	2767	0.211538
2768	2769	0.249716
2768	2824	2.499376
2768	3470	22.493938
2768	3471	10.999879
2768	3476	22.493938
2768	3477	1.498296
2768	3478	1.499627
2769	2307	19.999600
2769	2768	0.249716
2769	2770	0.612788
2769	2824	0.714920
2769	3139	0.625000
2769	3476	1.261623
2770	2307	1.021314
2770	2308	11.247095
2770	2769	0.612788
2770	2771	0.775670
2770	2824	7.666608
2770	3105	1.649813
2770	3107	1.649813
2770	3108	2.249439
2770	3138	22.999471
2770	3139	2.680944
2771	2312	1.398410
2771	2313	10.487978
2771	2770	0.775670
2771	2772	0.749149
2771	2773	5.499970
2771	3108	0.309859
2771	3137	1.398410
2771	3138	3.749060
2772	2771	0.749149
2772	2773	0.874007
2772	2774	1.165342
2772	3137	4.999975
2772	3149	19.999600
2772	3468	3.063935
2772	3469	0.739572
2772	4140	5.244017
2773	2771	5.499970
2773	2772	0.874007
2773	2774	1.047618
2773	2795	7.498092
2773	2796	0.723316
2773	2801	0.687500
2773	3135	1.613549
2773	3136	1.499627
2773	3137	0.616946
2774	2772	1.165342
2774	2773	1.047618
2774	2775	0.423077
2774	2794	1.613549
2774	2795	0.803372
2774	3136	1.124721
2774	3137	5.244017
2774	4137	20.975737
2775	2774	0.423077
2775	2776	0.346068
2775	2793	1.498296
2775	2794	0.616946
2775	3136	0.749814
2775	3137	10.487978
2776	2775	0.346068
2776	2777	0.222717
2776	2792	1.191533
2776	2793	0.564410
2776	3141	22.999471
2777	2776	0.222717
2777	2778	0.274322
2777	2790	20.975737
2777	2791	1.498296
2777	2792	1.048808
2778	2777	0.274322
2778	2779	0.252747
2778	2790	1.261623
2778	2791	0.691858
2779	2778	0.252747
2779	2780	0.287500
2779	2789	1.261623
2779	2790	0.649927
2780	2779	0.287500
2780	2781	0.235688
2780	2785	2.044945
2780	2788	1.261623
2780	2789	0.714920
2781	2780	0.235688
2781	2782	0.261556
2781	2785	1.398410
2781	2828	4.999975
2782	2781	0.261556
2782	2783	1.071163
2782	2784	0.534883
2782	2785	1.071163
2782	2828	1.072379
2783	2053	0.308143
2783	2782	1.071163
2783	2784	0.212212
2783	2828	20.975737
2784	2782	0.534883
2784	2783	0.212212
2784	2785	1.124721
2784	2827	2.874992
2784	2828	0.320113
2785	2780	2.044945
2785	2781	1.398410
2785	2782	1.071163
2785	2784	1.124721
2785	2786	1.099999
2785	2787	1.613549
2785	2788	0.368003
2785	2826	20.975737
2785	2827	22.493938
2785	2828	0.343872
2786	2785	1.099999
2786	2787	0.223151
2786	2825	3.496017
2786	3139	2.097613
2786	3140	0.899777
2786	3475	22.493938
2787	2785	1.613549
2787	2786	0.223151
2787	2788	0.571428
2787	2825	1.249998
2787	2826	0.500000
2787	2827	21.447151
2787	3138	1.949779
2788	2780	1.261623
2788	2785	0.368003
2788	2787	0.571428
2788	2789	0.344827
2788	2828	19.999600
2788	2829	1.333332
2788	3138	2.680944
2789	2779	1.261623
2789	2780	0.714920
2789	2788	0.344827
2789	2790	0.294118
2790	2777	20.975737
2790	2778	1.261623
2790	2779	0.649927
2790	2789	0.294118
2790	2791	0.266667
2791	2777	1.498296
2791	2778	0.691858
2791	2790	0.266667
2791	2792	0.285714
2792	2776	1.191533
2792	2777	1.048808
2792	2791	0.285714
2792	2793	0.327869
2793	2775	1.498296
2793	2776	0.564410
2793	2792	0.327869
2793	2794	0.338983
2794	2774	1.613549
2794	2775	0.616946
2794	2793	0.338983
2794	2795	0.340438
2794	3136	1.261623
2795	2773	7.498092
2795	2774	0.803372
2795	2794	0.340438
2795	2796	0.268095
2795	3135	1.261623
2795	3136	0.338235
2795	4136	2.090905
2795	4137	7.149152
2796	2773	0.723316
2796	2795	0.268095
2796	2797	0.434782
2796	2801	1.398410
2796	3130	19.999600
2796	3134	1.128820
2796	3135	1.249998
2796	4136	21.447151
2796	4137	1.818179
2796	4138	10.487978
2797	2796	0.434782
2797	2798	0.221109
2797	2800	3.496017
2797	2801	0.511614
2797	3129	19.999600
2797	3130	19.999600
2797	3131	19.999600
2797	3133	1.021314
2797	3134	0.714920
2798	2797	0.221109
2798	2799	0.893650
2798	2800	0.661601
2798	3117	5.749967
2798	3130	0.549938
2798	3131	1.072379
2798	3132	2.811798
2798	3133	2.874992
2799	2798	0.893650
2799	2800	0.874007
2799	3116	0.302079
2799	3117	10.723690
2799	3118	21.447151
2799	3125	0.466137
2799	3126	2.383062
2799	3130	9.999900
2800	2797	3.496017
2800	2798	0.661601
2800	2799	0.874007
2800	2801	0.440000
2800	2802	0.299926
2800	3116	1.124721
2800	3126	22.493938
2800	3131	20.975737
2800	3132	1.999996
2800	3133	11.247095
2801	2773	0.687500
2801	2796	1.398410
2801	2797	0.511614
2801	2800	0.440000
2801	2802	0.978018
2801	3097	20.975737
2801	3098	5.499970
2801	3133	22.493938
2801	3134	11.247095
2801	3135	10.487978
2802	2800	0.299926
2802	2801	0.978018
2802	2803	0.261556
2802	3098	22.493938
2802	3114	22.999471
2802	3115	1.261623
2802	3116	2.874992
2802	3132	1.874533
2802	3133	1.352939
2802	3134	2.555549
2803	2802	0.261556
2803	2804	0.434782
2803	3114	1.261623
2803	3115	1.666664
2803	3133	7.149152
2803	3134	10.723690
2804	2803	0.434782
2804	2805	0.454545
2804	3097	19.999600
2804	3113	1.072379
2804	3114	0.510657
2805	2804	0.454545
2805	2806	0.374574
2805	3097	19.999600
2805	3112	1.261623
2805	3113	0.476613
2806	2805	0.374574
2806	2807	0.255814
2806	2878	7.333280
2806	3096	2.044945
2806	3112	0.459070
2807	2806	0.255814
2807	2808	0.229535
2807	3096	1.183917
2807	3098	2.199995
2807	3101	4.195218
2808	2807	0.229535
2808	2809	0.264368
2808	3095	1.128820
2808	3096	1.916663
2808	3098	11.247095
2808	3100	22.493938
2808	3101	0.857904
2809	2808	0.264368
2809	2810	0.353846
2809	2812	1.429839
2809	3093	5.623579
2809	3094	1.261623
2809	3095	0.739572
2809	3100	3.213482
2809	3101	1.531970
2809	3102	21.447151
2810	2809	0.353846
2810	2811	0.670237
2810	2812	3.063935
2810	3092	21.447151
2810	3093	3.749060
2810	3094	21.447151
2811	2810	0.670237
2811	2812	0.384615
2811	2813	1.249998
2811	2838	2.144756
2811	2839	1.999996
2811	3093	0.403388
2812	2809	1.429839
2812	2810	3.063935
2812	2811	0.384615
2812	2813	0.588235
2812	2831	1.787298
2812	2832	2.499994
2812	3093	1.311009
2812	3094	2.499994
2812	3100	0.616946
2813	2811	1.249998
2813	2812	0.588235
2813	2814	0.333333
2813	2831	1.949779
2813	2837	1.072379
2813	2838	0.824907
2813	2892	10.487978
2813	3093	1.748012
2813	3094	1.249998
2813	3100	20.975737
2814	2813	0.333333
2814	2815	0.327869
2814	2831	21.447151
2814	2835	20.975737
2814	2836	1.261623
2814	2837	0.649927
2814	2891	1.048808
2814	2892	1.311009
2815	2814	0.327869
2815	2816	0.381385
2815	2835	1.498296
2815	2836	0.670237
2815	2891	2.097613
2816	2815	0.381385
2816	2817	0.216249
2816	2833	5.623579
2816	2834	1.311009
2816	2835	0.628571
2817	2816	0.216249
2817	2818	0.340438
2817	2833	1.261623
2817	2834	4.999975
2818	2817	0.340438
2818	2819	0.320113
2818	2820	22.493938
2818	2821	22.493938
2818	2830	11.247095
2818	2832	1.191533
2818	2833	0.319444
2819	2818	0.320113
2819	2820	0.776895
2819	2821	2.996588
2819	2822	6.666622
2819	2823	21.447151
2819	2828	2.222217
2819	2829	1.111110
2819	2830	1.748012
2819	2832	4.999975
2820	2053	4.498869
2820	2818	22.493938
2820	2819	0.776895
2820	2821	0.205607
2820	2833	5.623579
2821	2818	22.493938
2821	2819	2.996588
2821	2820	0.205607
2821	2822	0.214043
2821	2830	5.499970
2821	2832	1.748012
2822	2819	6.666622
2822	2821	0.214043
2822	2823	0.437706
2822	2830	1.233891
2822	2832	2.857135
2823	2819	21.447151
2823	2822	0.437706
2823	2824	0.766666
2823	2825	3.574589
2823	2826	21.447151
2823	2827	0.479166
2823	2829	1.261623
2823	2830	0.523126
2823	3106	0.899777
2823	3138	4.599979
2824	2768	2.499376
2824	2769	0.714920
2824	2770	7.666608
2824	2823	0.766666
2824	2825	0.974890
2824	3106	1.022474
2824	3138	3.285703
2824	3139	10.723690
2824	3477	21.447151
2824	3478	5.749967
2825	2786	3.496017
2825	2787	1.249998
2825	2823	3.574589
2825	2824	0.974890
2825	2826	0.246914
2825	2827	21.447151
2825	3138	1.261623
2825	3139	0.588235
2825	3476	1.340474
2825	3477	2.222217
2826	2785	20.975737
2826	2787	0.500000
2826	2823	21.447151
2826	2825	0.246914
2826	2827	0.216642
2826	3138	1.531970
2826	3476	10.723690
2826	3477	9.999900
2827	2784	2.874992
2827	2785	22.493938
2827	2787	21.447151
2827	2823	0.479166
2827	2825	21.447151
2827	2826	0.216642
2827	2828	0.595767
2827	2829	0.765986
2827	3138	2.555549
2828	2781	4.999975
2828	2782	1.072379
2828	2783	20.975737
2828	2784	0.320113
2828	2785	0.343872
2828	2788	19.999600
2828	2819	2.222217
2828	2827	0.595767
2828	2829	0.625000
2829	2788	1.333332
2829	2819	1.111110
2829	2823	1.261623
2829	2827	0.765986
2829	2828	0.625000
2829	2830	0.368003
2830	2818	11.247095
2830	2819	1.748012
2830	2821	5.499970
2830	2822	1.233891
2830	2823	0.523126
2830	2829	0.368003
2830	2831	0.642698
2830	2832	0.295439
2830	3106	10.999879
2831	2812	1.787298
2831	2813	1.949779
2831	2814	21.447151
2831	2830	0.642698
2831	2832	0.612788
2831	3099	0.277709
2831	3100	2.811798
2832	2812	2.499994
2832	2818	1.191533
2832	2819	4.999975
2832	2821	1.748012
2832	2822	2.857135
2832	2830	0.295439
2832	2831	0.612788
2832	2833	0.523112
2833	2816	5.623579
2833	2817	1.261623
2833	2818	0.319444
2833	2820	5.623579
2833	2832	0.523112
2833	2834	0.246524
2834	2816	1.311009
2834	2817	4.999975
2834	2833	0.246524
2834	2835	0.327753
2835	2814	20.975737
2835	2815	1.498296
2835	2816	0.628571
2835	2834	0.327753
2835	2836	0.247192
2836	2814	1.261623
2836	2815	0.670237
2836	2835	0.247192
2836	2837	0.255555
2836	2891	11.247095
2837	2813	1.072379
2837	2814	0.649927
2837	2836	0.255555
2837	2838	0.230000
2837	2891	7.498092
2837	2892	1.405901
2838	2811	2.144756
2838	2813	0.824907
2838	2837	0.230000
2838	2839	0.412454
2838	2892	1.405901
2838	2893	21.447151
2838	3093	1.730339
2839	2811	1.999996
2839	2838	0.412454
2839	2840	0.606060
2839	2893	1.538459
2839	3092	1.999996
2839	3093	0.476731
2840	2839	0.606060
2840	2841	0.839046
2840	2893	1.538459
2840	2894	2.622015
2840	2896	0.555555
2840	2897	1.818179
2840	3092	1.538459
2841	2840	0.839046
2841	2842	0.937268
2841	2843	3.213482
2841	2844	0.343872
2841	2895	2.996588
2841	2896	0.295439
2841	2897	3.496017
2841	3091	1.606743
2841	3092	1.233891
2842	2841	0.937268
2842	2843	0.348485
2842	2883	0.978018
2842	2903	1.261623
2842	2904	0.536190
2842	3087	0.408990
2842	3088	21.447151
2843	2841	3.213482
2843	2842	0.348485
2843	2844	0.824907
2843	2845	22.999471
2843	2883	0.562361
2843	2884	0.389830
2843	2902	1.261623
2843	2903	0.498781
2844	2841	0.343872
2844	2843	0.824907
2844	2845	0.289832
2844	2883	10.487978
2844	2884	21.447151
2844	2895	1.428569
2844	3091	1.072379
2845	2843	22.999471
2845	2844	0.289832
2845	2846	0.294872
2845	3090	1.191533
2845	3091	0.377049
2846	2845	0.294872
2846	2847	0.273809
2846	2881	22.999471
2846	3089	1.261623
2846	3090	0.595767
2847	2846	0.273809
2847	2848	0.303979
2847	2849	2.383062
2847	2850	21.447151
2847	3088	1.261623
2847	3089	0.487445
2848	2847	0.303979
2848	2849	0.699205
2848	2850	20.975737
2848	3088	1.048808
2849	2847	2.383062
2849	2848	0.699205
2849	2850	0.370370
2849	2880	1.261623
2849	2881	0.893650
2849	3063	20.975737
2850	2847	21.447151
2850	2848	20.975737
2850	2849	0.370370
2850	2851	0.322581
2850	2879	1.191533
2850	2880	0.476613
2850	3061	20.975737
2850	3062	1.048808
2850	3063	0.839046
2851	2850	0.322581
2851	2852	0.635641
2851	2876	0.893650
2851	2877	1.398410
2851	2879	1.787298
2851	3060	20.975737
2851	3061	1.104008
2851	3062	1.398410
2852	2251	0.998865
2852	2327	11.247095
2852	2328	5.623579
2852	2851	0.635641
2852	2853	0.217822
2852	2854	22.493938
2852	2875	20.975737
2852	2876	1.249690
2852	2877	0.314286
2852	3060	3.142847
2852	3061	5.499970
2853	2250	1.748012
2853	2251	1.233891
2853	2328	1.124721
2853	2329	3.749060
2853	2852	0.217822
2853	2854	0.335738
2853	2876	1.499627
2854	2329	1.916663
2854	2330	3.574589
2854	2852	22.493938
2854	2853	0.335738
2854	2855	0.216981
2854	2875	1.072379
2854	2876	0.821428
2855	2330	3.063935
2855	2854	0.216981
2855	2856	0.216642
2855	2873	7.666608
2855	2874	1.261623
2855	2875	0.595767
2856	2855	0.216642
2856	2857	0.225764
2856	2873	1.261623
2856	2874	3.333322
2857	2856	0.225764
2857	2858	0.978018
2857	2870	0.560975
2857	2871	1.949779
2857	2872	1.183917
2857	2873	1.149999
2858	2857	0.978018
2858	2859	0.578947
2858	2860	22.493938
2858	2870	2.499376
2858	2871	0.998865
2858	2872	0.488889
2859	2858	0.578947
2859	2860	0.231901
2859	2870	1.405901
2859	2871	0.355528
2860	2858	22.493938
2860	2859	0.231901
2860	2861	0.243723
2860	2869	1.191533
2860	2870	1.149999
2861	2860	0.243723
2861	2862	0.322581
2861	2868	1.261623
2861	2869	1.333332
2861	3285	2.097613
2862	2861	0.322581
2862	2863	0.335119
2862	2867	1.261623
2862	2868	0.612788
2862	3284	1.104008
2862	3285	1.165342
2863	2862	0.335119
2863	2864	1.022474
2863	2865	1.124721
2863	2866	2.811798
2863	2867	0.365079
2863	3283	1.787298
2863	3284	4.498869
2864	1718	1.606743
2864	1719	0.937268
2864	2863	1.022474
2864	2865	0.239130
2864	3283	20.975737
2865	1741	1.398410
2865	1742	7.333280
2865	2863	1.124721
2865	2864	0.239130
2865	2866	0.229167
2866	1741	2.622015
2866	1742	10.999879
2866	2863	2.811798
2866	2865	0.229167
2866	2867	0.394639
2867	2862	1.261623
2867	2863	0.365079
2867	2866	0.394639
2867	2868	0.294872
2867	3284	11.247095
2868	2861	1.261623
2868	2862	0.612788
2868	2867	0.294872
2868	2869	0.271489
2868	3284	1.405901
2868	3285	1.249690
2869	2860	1.191533
2869	2861	1.333332
2869	2868	0.271489
2869	2870	0.264785
2869	3285	2.622015
2869	3286	5.361874
2870	2857	0.560975
2870	2858	2.499376
2870	2859	1.405901
2870	2860	1.149999
2870	2869	0.264785
2870	2871	0.649927
2871	2857	1.949779
2871	2858	0.998865
2871	2859	0.355528
2871	2870	0.649927
2871	2872	0.255807
2872	2857	1.183917
2872	2858	0.488889
2872	2871	0.255807
2872	2873	0.227217
2873	2855	7.666608
2873	2856	1.261623
2873	2857	1.149999
2873	2872	0.227217
2873	2874	0.204263
2874	2855	1.261623
2874	2856	3.333322
2874	2873	0.204263
2874	2875	0.370370
2875	2852	20.975737
2875	2854	1.072379
2875	2855	0.595767
2875	2874	0.370370
2875	2876	0.228166
2876	2328	22.999471
2876	2851	0.893650
2876	2852	1.249690
2876	2853	1.499627
2876	2854	0.821428
2876	2875	0.228166
2876	2877	0.899777
2877	2252	2.622015
2877	2851	1.398410
2877	2852	0.314286
2877	2876	0.899777
2877	2878	0.611111
2877	2879	0.299926
2877	3060	3.666653
2877	3061	21.999516
2878	2253	22.493938
2878	2326	1.730339
2878	2327	1.022474
2878	2806	7.333280
2878	2877	0.611111
2878	2879	0.899777
2879	2252	1.949779
2879	2253	1.210525
2879	2850	1.191533
2879	2851	1.787298
2879	2877	0.299926
2879	2878	0.899777
2879	2880	0.273809
2879	3060	2.811798
2879	3061	3.213482
2879	3062	11.247095
2880	2849	1.261623
2880	2850	0.476613
2880	2879	0.273809
2880	2881	0.216981
2880	2925	22.999471
2880	2926	22.493938
2880	3061	3.749060
2880	3062	2.499376
2880	3063	2.499376
2881	2846	22.999471
2881	2849	0.893650
2881	2880	0.216981
2881	2882	0.345929
2881	3063	2.811798
2881	3064	2.299995
2882	2881	0.345929
2882	2883	0.566923
2882	3064	10.723690
2883	2842	0.978018
2883	2843	0.562361
2883	2844	10.487978
2883	2882	0.566923
2883	2884	1.071163
2883	2903	1.748012
2883	2904	0.655505
2884	2843	0.389830
2884	2844	21.447151
2884	2883	1.071163
2884	2885	0.238307
2884	2895	3.574589
2884	2900	4.599979
2884	2901	1.261623
2884	2902	0.476613
2885	2884	0.238307
2885	2886	0.327869
2885	2895	3.333322
2885	2899	21.447151
2885	2900	1.261623
2885	2901	9.999900
2885	2969	2.996588
2885	2970	10.723690
2886	2885	0.327869
2886	2887	0.351600
2886	2899	1.021314
2886	2900	1.340474
2886	2968	3.333322
2886	2969	1.233891
2886	3023	21.447151
2887	2886	0.351600
2887	2888	0.252747
2887	2896	21.447151
2887	2897	21.447151
2887	2898	1.128820
2887	2899	0.396552
2887	2968	10.723690
2887	3024	1.916663
2887	3025	2.555549
2888	2887	0.252747
2888	2889	0.233126
2888	2894	4.498869
2888	2897	1.261623
2888	2898	0.691858
2888	3025	2.874992
2889	2888	0.233126
2889	2890	0.606060
2889	2893	3.999984
2889	2894	1.233891
2889	2897	19.999600
2890	2889	0.606060
2890	2891	0.806775
2890	2892	0.723316
2890	2893	0.769230
2891	2814	1.048808
2891	2815	2.097613
2891	2836	11.247095
2891	2837	7.498092
2891	2890	0.806775
2891	2892	0.231579
2892	2813	10.487978
2892	2814	1.311009
2892	2837	1.405901
2892	2838	1.405901
2892	2890	0.723316
2892	2891	0.231579
2892	2893	0.839046
2892	3093	21.999516
2892	3094	20.975737
2893	2838	21.447151
2893	2839	1.538459
2893	2840	1.538459
2893	2889	3.999984
2893	2890	0.769230
2893	2892	0.839046
2893	2894	0.223151
2893	2896	6.666622
2893	3092	19.999600
2893	3093	2.996588
2893	3094	2.857135
2894	2840	2.622015
2894	2888	4.498869
2894	2889	1.233891
2894	2893	0.223151
2894	2895	0.723316
2894	2896	0.953462
2894	2897	0.308473
2894	3093	5.499970
2894	3094	2.996588
2895	2841	2.996588
2895	2844	1.428569
2895	2884	3.574589
2895	2885	3.333322
2895	2894	0.723316
2895	2896	0.909090
2896	2840	0.555555
2896	2841	0.295439
2896	2887	21.447151
2896	2893	6.666622
2896	2894	0.953462
2896	2895	0.909090
2896	2897	0.540540
2896	2898	6.666622
2896	3092	1.428569
2897	2840	1.818179
2897	2841	3.496017
2897	2887	21.447151
2897	2888	1.261623
2897	2889	19.999600
2897	2894	0.308473
2897	2896	0.540540
2897	2898	0.322581
2898	2887	1.128820
2898	2888	0.691858
2898	2896	6.666622
2898	2897	0.322581
2898	2899	0.487445
2899	2885	21.447151
2899	2886	1.021314
2899	2887	0.396552
2899	2898	0.487445
2899	2900	0.230000
2899	3023	22.999471
2900	2884	4.599979
2900	2885	1.261623
2900	2886	1.340474
2900	2899	0.230000
2900	2901	0.216642
2900	3023	3.833319
2901	2884	1.261623
2901	2885	9.999900
2901	2900	0.216642
2901	2902	0.487805
2901	2970	21.447151
2901	3021	5.361874
2902	2843	1.261623
2902	2884	0.476613
2902	2901	0.487805
2902	2903	0.392157
2902	2971	0.998865
2902	3021	5.361874
2903	2842	1.261623
2903	2843	0.498781
2903	2883	1.748012
2903	2902	0.392157
2903	2904	0.425532
2903	2971	6.992010
2904	2842	0.536190
2904	2883	0.655505
2904	2903	0.425532
2904	2905	0.285714
2904	3086	20.975737
2904	3087	1.311009
2905	2904	0.285714
2905	2906	0.266667
2905	3085	21.447151
2905	3086	1.311009
2905	3087	1.613549
2906	2905	0.266667
2906	2907	0.444444
2906	3085	1.072379
2906	3086	0.953462
2907	2906	0.444444
2907	2908	0.270270
2907	3084	1.072379
2907	3085	0.630812
2908	2907	0.270270
2908	2909	0.324964
2908	3083	1.191533
2908	3084	0.765986
2909	2908	0.324964
2909	2910	0.268095
2909	3081	4.599979
2909	3082	1.021314
2909	3083	0.450980
2910	2909	0.268095
2910	2911	0.304002
2910	3081	1.021314
2910	3082	3.333322
2911	2910	0.304002
2911	2912	0.227217
2911	3080	1.906922
2911	3081	0.478605
2912	2911	0.227217
2912	2913	0.310811
2912	3079	1.340474
2912	3080	1.021314
2913	2912	0.310811
2913	2914	0.369786
2913	3077	22.493938
2913	3078	1.021314
2913	3079	0.794355
2914	2913	0.369786
2914	2915	0.739572
2914	2916	3.333322
2914	3077	1.613549
2914	3078	2.222217
2915	2914	0.739572
2915	2916	0.235688
2915	3072	11.499868
2915	3073	1.340474
2915	3074	0.702951
2915	3076	22.493938
2916	2914	3.333322
2916	2915	0.235688
2916	2917	0.223413
2916	3070	20.975737
2916	3072	1.429839
2916	3073	6.666622
2916	3076	6.992010
2916	3077	1.233891
2916	3078	1.818179
2917	2916	0.223413
2917	2918	0.978018
2917	3069	1.649813
2917	3070	0.978018
2917	3071	2.044945
2917	3072	1.210525
2917	3077	7.498092
2917	3078	2.383062
2918	2917	0.978018
2918	2919	0.676650
2918	2920	0.274322
2918	3069	2.097613
2918	3070	0.323529
2919	2918	0.676650
2919	2920	1.072379
2920	2918	0.274322
2920	2919	1.072379
2920	2921	0.359375
2920	2994	3.749060
2920	3068	1.261623
2920	3069	4.289504
2921	2920	0.359375
2921	2922	0.216981
2921	2991	1.533331
2921	2992	1.787298
2921	2994	11.247095
2921	2995	3.213482
2921	2997	2.383062
2921	3067	1.429839
2921	3068	0.437706
2922	2921	0.216981
2922	2923	0.261364
2922	2991	1.533331
2922	2998	2.144756
2922	3065	21.447151
2922	3066	1.261623
2922	3067	0.794355
2923	2922	0.261364
2923	2924	0.209091
2923	2998	21.447151
2923	3065	1.261623
2923	3066	0.765986
2924	2923	0.209091
2924	2925	0.198276
2924	3063	11.247095
2924	3064	3.833319
2924	3065	1.949779
2925	2880	22.999471
2925	2924	0.198276
2925	2926	0.247192
2925	3050	11.499868
2925	3062	1.499627
2925	3063	1.124721
2925	3064	3.833319
2926	2880	22.493938
2926	2925	0.247192
2926	2927	0.265521
2926	3061	1.157893
2926	3062	1.692305
2927	2926	0.265521
2927	2928	0.932504
2927	3059	10.723690
2927	3060	0.749149
2927	3061	3.496017
2928	2927	0.932504
2928	2929	0.225764
2928	3054	3.833319
2928	3055	1.261623
2928	3056	3.063935
2928	3059	0.255555
2929	2320	9.999900
2929	2928	0.225764
2929	2930	0.263158
2929	3053	20.975737
2929	3054	1.072379
2929	3055	9.999900
2930	2256	19.999600
2930	2285	2.996588
2930	2320	1.666664
2930	2929	0.263158
2930	2931	0.270270
2930	3052	21.447151
2930	3053	1.498296
2930	3054	1.949779
2931	2284	5.361874
2931	2285	2.330681
2931	2930	0.270270
2931	2932	0.277778
2931	3052	1.021314
2931	3053	1.048808
2932	2931	0.277778
2932	2933	0.635641
2932	3051	1.261623
2932	3052	0.649927
2933	2932	0.635641
2933	2934	0.264640
2933	3048	20.975737
2933	3049	3.142847
2933	3051	0.607958
2934	2933	0.264640
2934	2935	0.212963
2934	2977	3.749060
2934	2978	3.285703
2934	3047	21.447151
2934	3048	1.128820
2934	3049	5.623579
2935	2934	0.212963
2935	2936	0.252325
2935	2976	21.447151
2935	2977	1.405901
2935	3047	1.072379
2935	3048	1.128820
2936	2935	0.252325
2936	2937	0.277778
2936	3017	2.222217
2936	3044	10.487978
2936	3046	1.261623
2936	3047	2.222217
2937	2936	0.277778
2937	2938	0.403388
2937	3017	1.999996
2937	3018	2.383062
2937	3043	1.261623
2937	3044	1.165342
2937	3046	1.531970
2938	2937	0.403388
2938	2939	0.258557
2938	2968	20.975737
2938	3043	1.323201
2938	3044	0.338461
2939	2938	0.258557
2939	2940	0.230000
2939	3042	1.261623
2939	3043	0.884615
2940	2939	0.230000
2940	2941	0.323944
2940	3041	1.072379
2940	3042	0.714920
2940	3117	2.299995
2940	3118	1.352939
2941	2940	0.323944
2941	2942	0.258427
2941	3040	1.191533
2941	3041	0.595767
2941	3117	22.999471
2941	3118	2.555549
2941	3119	5.361874
2942	2941	0.258427
2942	2943	0.252747
2942	3038	21.447151
2942	3039	1.128820
2942	3040	0.595767
2942	3217	21.447151
2943	2942	0.252747
2943	2944	0.523126
2943	2945	0.456332
2943	2966	0.766666
2943	3038	1.261623
2943	3039	0.649927
2944	2943	0.523126
2944	2945	0.537850
2944	3215	4.498869
2945	2943	0.456332
2945	2944	0.537850
2945	2946	0.434782
2945	2960	10.487978
2945	2966	1.072379
2945	3038	19.999600
2946	2945	0.434782
2946	2947	0.315406
2946	2965	1.072379
2946	2966	0.649927
2946	3036	3.496017
2946	3037	19.999600
2947	2946	0.315406
2947	2948	0.250000
2947	2964	1.072379
2947	2965	0.460000
2947	3027	4.498869
2947	3035	22.493938
2947	3036	3.749060
2948	2947	0.250000
2948	2949	0.441067
2948	2962	21.447151
2948	2963	1.021314
2948	2964	0.549938
2948	3027	4.498869
2948	3028	1.071163
2949	2948	0.441067
2949	2950	0.255619
2949	2963	4.195218
2949	3028	0.916666
2949	3029	0.833127
2949	3030	2.330681
2950	2949	0.255619
2950	2951	0.252325
2950	2961	5.749967
2950	2962	1.021314
2950	2963	21.447151
2950	3029	22.999471
2951	2950	0.252325
2951	2952	0.357143
2951	2953	6.992010
2951	2961	1.128820
2951	2962	6.666622
2952	2951	0.357143
2952	2953	0.566923
2952	2957	1.906922
2952	2958	0.625000
2952	2959	2.383062
2952	2961	2.144756
2953	2951	6.992010
2953	2952	0.566923
2953	2954	0.655505
2953	2957	3.666653
2953	4129	0.566923
2953	4130	5.244017
2954	2953	0.655505
2954	2955	0.510657
2954	4129	1.999996
2954	4132	6.992010
2955	2954	0.510657
2955	2956	0.267442
2955	4131	1.429839
2955	4132	1.323201
2955	4277	3.833319
2955	4278	3.063935
2956	2955	0.267442
2956	2957	0.241876
2956	4130	1.261623
2956	4131	0.536190
2956	4278	21.447151
2957	2952	1.906922
2957	2953	3.666653
2957	2956	0.241876
2957	2958	0.776895
2957	2959	3.213482
2957	2961	22.493938
2957	4130	0.953462
2958	2952	0.625000
2958	2957	0.776895
2958	2959	0.320113
2959	2952	2.383062
2959	2957	3.213482
2959	2958	0.320113
2959	2960	0.865170
2959	2961	0.294872
2960	2945	10.487978
2960	2959	0.865170
2960	2961	1.183917
2961	2950	5.749967
2961	2951	1.128820
2961	2952	2.144756
2961	2957	22.493938
2961	2959	0.294872
2961	2960	1.183917
2961	2962	0.218853
2962	2948	21.447151
2962	2950	1.021314
2962	2951	6.666622
2962	2961	0.218853
2962	2963	0.240964
2962	4129	19.999600
2962	4130	1.538459
2963	2948	1.021314
2963	2949	4.195218
2963	2950	21.447151
2963	2962	0.240964
2963	2964	0.370370
2963	3028	20.975737
2963	4130	9.999900
2964	2947	1.072379
2964	2948	0.549938
2964	2963	0.370370
2964	2965	0.302079
2964	3027	1.104008
2964	3028	0.874007
2965	2946	1.072379
2965	2947	0.460000
2965	2964	0.302079
2965	2966	0.255555
2965	3027	3.213482
2965	3035	22.493938
2965	3036	1.249690
2966	2943	0.766666
2966	2945	1.072379
2966	2946	0.649927
2966	2965	0.255555
2966	2967	1.072379
2966	3036	1.499627
2966	3037	2.680944
2966	3038	0.714920
2967	2966	1.072379
2967	2968	0.416666
2967	3024	1.128820
2967	3025	1.128820
2967	3037	0.952380
2967	3038	2.499994
2967	3039	19.999600
2968	2886	3.333322
2968	2887	10.723690
2968	2938	20.975737
2968	2967	0.416666
2968	2969	0.317821
2968	3023	1.128820
2968	3024	0.714920
2969	2885	2.996588
2969	2886	1.233891
2969	2968	0.317821
2969	2970	0.202653
2969	3022	1.498296
2969	3023	0.459070
2970	2885	10.723690
2970	2901	21.447151
2970	2969	0.202653
2970	2971	0.775670
2970	3020	0.442307
2970	3021	1.437498
2970	3022	1.128820
2971	2902	0.998865
2971	2903	6.992010
2971	2970	0.775670
2971	2972	0.224490
2971	3020	1.071163
2971	3021	0.449889
2972	2971	0.224490
2972	2973	0.220534
2972	3020	1.405901
2973	2972	0.220534
2973	2974	0.208229
2973	3018	22.999471
2973	3019	1.340474
2973	3020	2.299995
2974	2973	0.208229
2974	2975	0.351600
2974	3018	1.340474
2974	3019	1.333332
2975	2974	0.351600
2975	2976	0.278540
2975	3016	11.499868
2975	3017	1.261623
2975	3018	0.425926
2976	2935	21.447151
2976	2975	0.278540
2976	2977	0.295439
2976	3016	1.191533
2976	3017	2.222217
2977	2934	3.749060
2977	2935	1.405901
2977	2976	0.295439
2977	2978	0.288390
2977	3015	1.498296
2977	3016	0.468634
2977	3048	5.244017
2978	2934	3.285703
2978	2977	0.288390
2978	2979	0.273809
2978	3013	21.447151
2978	3014	1.191533
2978	3015	0.670237
2978	3048	1.191533
2978	3049	2.044945
2979	2978	0.273809
2979	2980	0.283951
2979	3013	1.340474
2979	3014	0.714920
2979	3049	0.978018
2979	3050	4.599979
2979	3051	2.090905
2980	2979	0.283951
2980	2981	0.233126
2980	3011	2.299995
2980	3012	1.191533
2980	3013	1.072379
2980	3050	7.666608
2980	3051	3.833319
2980	3052	22.999471
2981	2980	0.233126
2981	2982	0.739572
2981	3010	6.992010
2981	3011	1.531970
2982	2981	0.739572
2982	2983	0.283951
2982	3005	1.531970
2982	3006	0.535582
2982	3009	22.493938
2983	2982	0.283951
2983	2984	0.287500
2983	3004	3.574589
2983	3005	1.021314
2984	2983	0.287500
2984	2985	0.264640
2984	3003	1.072379
2984	3004	0.714920
2985	2984	0.264640
2985	2986	0.330801
2985	3002	1.613549
2985	3003	0.912007
2986	2985	0.330801
2986	2987	0.225490
2986	3001	1.429839
2986	3002	0.714920
2987	2986	0.225490
2987	2988	0.315406
2987	2999	22.999471
2987	3000	2.144756
2987	3001	0.670237
2988	2987	0.315406
2988	2989	0.912007
2988	2999	1.949779
2988	3000	3.999984
2989	2988	0.912007
2989	2990	0.937268
2990	2989	0.937268
2990	2991	0.294872
2990	2998	1.261623
2990	2999	0.425926
2991	2921	1.533331
2991	2922	1.533331
2991	2990	0.294872
2991	2992	0.893650
2991	2995	0.937268
2991	2997	1.261623
2991	2998	0.612788
2992	2921	1.787298
2992	2991	0.893650
2992	2993	1.104008
2992	3642	2.680944
2992	3643	7.149152
2993	2992	1.104008
2993	2994	0.564102
2993	2995	21.999516
2994	2920	3.749060
2994	2921	11.247095
2994	2993	0.564102
2994	2995	0.415094
2994	3069	4.195218
2995	2921	3.213482
2995	2991	0.937268
2995	2993	21.999516
2995	2994	0.415094
2995	2996	0.616946
2995	2997	0.582671
2995	3068	0.998865
2995	3069	0.953462
2996	2995	0.616946
2996	2997	0.645161
2996	3068	3.999984
2996	3069	1.052630
2997	2921	2.383062
2997	2991	1.261623
2997	2995	0.582671
2997	2996	0.645161
2997	2998	0.333333
2997	3067	2.857135
2997	3068	0.869564
2998	2922	2.144756
2998	2923	21.447151
2998	2990	1.261623
2998	2991	0.612788
2998	2997	0.333333
2998	2999	0.274969
2999	2987	22.999471
2999	2988	1.949779
2999	2990	0.425926
2999	2998	0.274969
2999	3000	0.216642
3000	2987	2.144756
3000	2988	3.999984
3000	2999	0.216642
3000	3001	0.370370
3001	2986	1.429839
3001	2987	0.670237
3001	3000	0.370370
3001	3002	0.357143
3002	2985	1.613549
3002	2986	0.714920
3002	3001	0.357143
3002	3003	0.289855
3003	2984	1.072379
3003	2985	0.912007
3003	3002	0.289855
3003	3004	0.769230
3004	2983	3.574589
3004	2984	0.714920
3004	3003	0.769230
3004	3005	0.357143
3005	2982	1.531970
3005	2983	1.021314
3005	3004	0.357143
3005	3006	0.635641
3006	2982	0.535582
3006	3005	0.635641
3006	3007	0.392857
3006	3009	7.333280
3007	3006	0.392857
3007	3008	0.998865
3007	3009	4.399981
3008	3007	0.998865
3008	3009	0.487818
3009	2982	22.493938
3009	3006	7.333280
3009	3007	4.399981
3009	3008	0.487818
3009	3010	0.239130
3010	2981	6.992010
3010	3009	0.239130
3010	3011	0.195604
3011	2980	2.299995
3011	2981	1.531970
3011	3010	0.195604
3011	3012	0.200445
3012	2980	1.191533
3012	3011	0.200445
3012	3013	0.312500
3013	2978	21.447151
3013	2979	1.340474
3013	2980	1.072379
3013	3012	0.312500
3013	3014	0.307692
3014	2978	1.191533
3014	2979	0.714920
3014	3013	0.307692
3014	3015	0.384615
3015	2977	1.498296
3015	2978	0.670237
3015	3014	0.384615
3015	3016	0.315406
3015	3048	1.333332
3015	3049	2.622015
3016	2975	11.499868
3016	2976	1.191533
3016	2977	0.468634
3016	3015	0.315406
3016	3017	0.230619
3016	3047	2.383062
3016	3048	2.383062
3017	2936	2.222217
3017	2937	1.999996
3017	2975	1.261623
3017	2976	2.222217
3017	3016	0.230619
3017	3018	0.302079
3018	2937	2.383062
3018	2973	22.999471
3018	2974	1.340474
3018	2975	0.425926
3018	3017	0.302079
3018	3019	0.243723
3019	2973	1.340474
3019	2974	1.333332
3019	3018	0.243723
3019	3020	0.233126
3020	2970	0.442307
3020	2971	1.071163
3020	2972	1.405901
3020	2973	2.299995
3020	3019	0.233126
3020	3021	0.999999
3021	2901	5.361874
3021	2902	5.361874
3021	2970	1.437498
3021	2971	0.449889
3021	3020	0.999999
3021	3022	0.351600
3022	2969	1.498296
3022	2970	1.128820
3022	3021	0.351600
3022	3023	0.345929
3023	2886	21.447151
3023	2899	22.999471
3023	2900	3.833319
3023	2968	1.128820
3023	2969	0.459070
3023	3022	0.345929
3023	3024	0.232323
3024	2887	1.916663
3024	2967	1.128820
3024	2968	0.714920
3024	3023	0.232323
3024	3025	0.219048
3024	3037	21.447151
3025	2887	2.555549
3025	2888	2.874992
3025	2967	1.128820
3025	3024	0.219048
3025	3026	0.209091
3025	3037	0.974890
3026	3025	0.209091
3026	3027	0.937268
3026	3035	2.499376
3026	3036	1.874533
3026	3037	1.787298
3027	2947	4.498869
3027	2948	4.498869
3027	2964	1.104008
3027	2965	3.213482
3027	3026	0.937268
3027	3028	0.229167
3027	3034	4.195218
3027	3035	0.879999
3028	2948	1.071163
3028	2949	0.916666
3028	2963	20.975737
3028	2964	0.874007
3028	3027	0.229167
3028	3029	0.381262
3028	3034	6.992010
3029	2949	0.833127
3029	2950	22.999471
3029	3028	0.381262
3029	3030	0.691858
3029	3033	5.749967
3029	3034	4.289504
3030	2949	2.330681
3030	3029	0.691858
3030	3031	0.571428
3031	3030	0.571428
3031	3032	0.357143
3031	3033	2.144756
3032	3031	0.357143
3032	3033	0.564410
3033	3029	5.749967
3033	3031	2.144756
3033	3032	0.564410
3033	3034	1.261623
3034	3027	4.195218
3034	3028	6.992010
3034	3029	4.289504
3034	3033	1.261623
3034	3035	1.104008
3035	2947	22.493938
3035	2965	22.493938
3035	3026	2.499376
3035	3027	0.879999
3035	3034	1.104008
3035	3036	0.354839
3036	2946	3.496017
3036	2947	3.749060
3036	2965	1.249690
3036	2966	1.499627
3036	3026	1.874533
3036	3035	0.354839
3036	3037	0.343872
3037	2946	19.999600
3037	2966	2.680944
3037	2967	0.952380
3037	3024	21.447151
3037	3025	0.974890
3037	3026	1.787298
3037	3036	0.343872
3037	3038	0.740740
3038	2942	21.447151
3038	2943	1.261623
3038	2945	19.999600
3038	2966	0.714920
3038	2967	2.499994
3038	3037	0.740740
3038	3039	0.344827
3039	2942	1.128820
3039	2943	0.649927
3039	2967	19.999600
3039	3038	0.344827
3039	3040	0.312500
3040	2941	1.191533
3040	2942	0.595767
3040	3039	0.312500
3040	3041	0.338983
3040	3216	9.999900
3041	2940	1.072379
3041	2941	0.595767
3041	3040	0.338983
3041	3042	0.344827
3041	3208	4.289504
3041	3209	1.999996
3041	3216	1.111110
3041	3217	6.666622
3042	2939	1.261623
3042	2940	0.714920
3042	3041	0.344827
3042	3043	0.252325
3042	3208	5.361874
3042	3217	6.666622
3043	2937	1.261623
3043	2938	1.323201
3043	2939	0.884615
3043	3042	0.252325
3043	3044	0.749814
3044	2936	10.487978
3044	2937	1.165342
3044	2938	0.338461
3044	3043	0.749814
3044	3045	0.758620
3044	3046	0.281180
3045	2256	10.487978
3045	2257	2.199995
3045	2258	22.493938
3045	3044	0.758620
3045	3046	0.661601
3045	3125	1.692305
3046	2936	1.261623
3046	2937	1.531970
3046	3044	0.281180
3046	3045	0.661601
3046	3047	0.264785
3047	2934	21.447151
3047	2935	1.072379
3047	2936	2.222217
3047	3016	2.383062
3047	3046	0.264785
3047	3048	0.303030
3048	2933	20.975737
3048	2934	1.128820
3048	2935	1.128820
3048	2977	5.244017
3048	2978	1.191533
3048	3015	1.333332
3048	3016	2.383062
3048	3047	0.303030
3048	3049	0.258965
3048	3050	21.447151
3049	2933	3.142847
3049	2934	5.623579
3049	2978	2.044945
3049	2979	0.978018
3049	3015	2.622015
3049	3048	0.258965
3049	3050	0.441067
3049	3051	0.624845
3050	2925	11.499868
3050	2979	4.599979
3050	2980	7.666608
3050	3048	21.447151
3050	3049	0.441067
3050	3051	1.045453
3051	2932	1.261623
3051	2933	0.607958
3051	2979	2.090905
3051	2980	3.833319
3051	3049	0.624845
3051	3050	1.045453
3051	3052	0.261364
3052	2930	21.447151
3052	2931	1.021314
3052	2932	0.649927
3052	2980	22.999471
3052	3051	0.261364
3052	3053	0.241876
3053	2929	20.975737
3053	2930	1.498296
3053	2931	1.048808
3053	3052	0.241876
3053	3054	0.234317
3054	2928	3.833319
3054	2929	1.072379
3054	2930	1.949779
3054	3053	0.234317
3054	3055	0.228166
3055	2928	1.261623
3055	2929	9.999900
3055	3054	0.228166
3055	3056	0.312500
3055	3059	21.447151
3056	2928	3.063935
3056	3055	0.312500
3056	3057	0.599319
3056	3058	0.361658
3056	3059	1.261623
3057	2322	21.999516
3057	3056	0.599319
3057	3058	0.814814
3057	3059	11.247095
3058	3056	0.361658
3058	3057	0.814814
3058	3059	0.346068
3059	2927	10.723690
3059	2928	0.255555
3059	3055	21.447151
3059	3056	1.261623
3059	3057	11.247095
3059	3058	0.346068
3059	3060	1.249690
3060	2252	1.748012
3060	2253	22.493938
3060	2851	20.975737
3060	2852	3.142847
3060	2877	3.666653
3060	2879	2.811798
3060	2927	0.749149
3060	3059	1.249690
3060	3061	0.200000
3061	2850	20.975737
3061	2851	1.104008
3061	2852	5.499970
3061	2877	21.999516
3061	2879	3.213482
3061	2880	3.749060
3061	2926	1.157893
3061	2927	3.496017
3061	3060	0.200000
3061	3062	0.231579
3062	2850	1.048808
3062	2851	1.398410
3062	2879	11.247095
3062	2880	2.499376
3062	2925	1.499627
3062	2926	1.692305
3062	3061	0.231579
3062	3063	0.265060
3063	2849	20.975737
3063	2850	0.839046
3063	2880	2.499376
3063	2881	2.811798
3063	2924	11.247095
3063	2925	1.124721
3063	3062	0.265060
3063	3064	0.271017
3064	2881	2.299995
3064	2882	10.723690
3064	2924	3.833319
3064	2925	3.833319
3064	3063	0.271017
3064	3065	0.261556
3065	2922	21.447151
3065	2923	1.261623
3065	2924	1.949779
3065	3064	0.261556
3065	3066	0.408163
3066	2922	1.261623
3066	2923	0.765986
3066	3065	0.408163
3066	3067	0.250000
3067	2921	1.429839
3067	2922	0.794355
3067	2997	2.857135
3067	3066	0.250000
3067	3068	0.384615
3068	2920	1.261623
3068	2921	0.437706
3068	2995	0.998865
3068	2996	3.999984
3068	2997	0.869564
3068	3067	0.384615
3068	3069	0.273973
3069	2917	1.649813
3069	2918	2.097613
3069	2920	4.289504
3069	2994	4.195218
3069	2995	0.953462
3069	2996	1.052630
3069	3068	0.273973
3069	3070	0.511614
3070	2916	20.975737
3070	2917	0.978018
3070	2918	0.323529
3070	3069	0.511614
3070	3071	0.222222
3071	2917	2.044945
3071	3070	0.222222
3071	3072	0.432585
3072	2915	11.499868
3072	2916	1.429839
3072	2917	1.210525
3072	3071	0.432585
3072	3073	0.261556
3073	2915	1.340474
3073	2916	6.666622
3073	3072	0.261556
3073	3074	0.279682
3073	3076	2.622015
3074	2915	0.702951
3074	3073	0.279682
3074	3075	1.104008
3074	3076	0.611111
3075	3074	1.104008
3075	3076	0.953462
3076	2915	22.493938
3076	2916	6.992010
3076	3073	2.622015
3076	3074	0.611111
3076	3075	0.953462
3076	3077	0.224490
3077	2913	22.493938
3077	2914	1.613549
3077	2916	1.233891
3077	2917	7.498092
3077	3076	0.224490
3077	3078	0.252725
3078	2913	1.021314
3078	2914	2.222217
3078	2916	1.818179
3078	2917	2.383062
3078	3077	0.252725
3078	3079	0.377358
3079	2912	1.340474
3079	2913	0.794355
3079	3078	0.377358
3079	3080	0.312500
3080	2911	1.906922
3080	2912	1.021314
3080	3079	0.312500
3080	3081	0.389956
3081	2909	4.599979
3081	2910	1.021314
3081	2911	0.478605
3081	3080	0.389956
3081	3082	0.216642
3082	2909	1.021314
3082	2910	3.333322
3082	3081	0.216642
3082	3083	0.335119
3083	2908	1.191533
3083	2909	0.450980
3083	3082	0.335119
3083	3084	0.258427
3084	2907	1.072379
3084	2908	0.765986
3084	3083	0.258427
3084	3085	0.239583
3085	2905	21.447151
3085	2906	1.072379
3085	2907	0.630812
3085	3084	0.239583
3085	3086	0.281180
3086	1707	22.493938
3086	1708	5.244017
3086	2904	20.975737
3086	2905	1.311009
3086	2906	0.953462
3086	3085	0.281180
3086	3087	0.250000
3087	1708	2.622015
3087	2842	0.408990
3087	2904	1.311009
3087	2905	1.613549
3087	3086	0.250000
3087	3088	0.806775
3088	1708	4.999975
3088	2842	21.447151
3088	2847	1.261623
3088	2848	1.048808
3088	3087	0.806775
3088	3089	0.377358
3089	2846	1.261623
3089	2847	0.487445
3089	3088	0.377358
3089	3090	0.303030
3090	2845	1.191533
3090	2846	0.595767
3090	3089	0.303030
3090	3091	0.376274
3091	2841	1.606743
3091	2844	1.072379
3091	2845	0.377049
3091	3090	0.376274
3091	3092	0.255329
3092	2810	21.447151
3092	2839	1.999996
3092	2840	1.538459
3092	2841	1.233891
3092	2893	19.999600
3092	2896	1.428569
3092	3091	0.255329
3092	3093	0.912007
3093	2809	5.623579
3093	2810	3.749060
3093	2811	0.403388
3093	2812	1.311009
3093	2813	1.748012
3093	2838	1.730339
3093	2839	0.476731
3093	2892	21.999516
3093	2893	2.996588
3093	2894	5.499970
3093	3092	0.912007
3093	3094	0.192442
3094	2809	1.261623
3094	2810	21.447151
3094	2812	2.499994
3094	2813	1.249998
3094	2892	20.975737
3094	2893	2.857135
3094	2894	2.996588
3094	3093	0.192442
3094	3095	0.425532
3094	3100	1.498296
3095	2808	1.128820
3095	2809	0.739572
3095	3094	0.425532
3095	3096	0.261556
3095	3100	0.381385
3096	2806	2.044945
3096	2807	1.183917
3096	2808	1.916663
3096	3095	0.261556
3096	3097	0.857904
3096	3098	0.899777
3097	2801	20.975737
3097	2804	19.999600
3097	2805	19.999600
3097	3096	0.857904
3097	3098	0.635641
3097	3111	0.425532
3097	3112	2.144756
3098	2801	5.499970
3098	2802	22.493938
3098	2807	2.199995
3098	2808	11.247095
3098	3096	0.899777
3098	3097	0.635641
3098	3099	0.785714
3098	3100	1.294116
3098	3101	0.322710
3098	3110	3.213482
3098	3111	1.398410
3099	2831	0.277709
3099	3098	0.785714
3099	3100	0.956521
3099	3106	0.275000
3099	3107	2.097613
3100	2808	22.493938
3100	2809	3.213482
3100	2812	0.616946
3100	2813	20.975737
3100	2831	2.811798
3100	3094	1.498296
3100	3095	0.381385
3100	3098	1.294116
3100	3099	0.956521
3100	3101	0.676650
3101	2807	4.195218
3101	2808	0.857904
3101	2809	1.531970
3101	3098	0.322710
3101	3100	0.676650
3101	3102	0.350877
3101	3110	1.261623
3101	3111	19.999600
3102	2809	21.447151
3102	3101	0.350877
3102	3103	0.404672
3102	3109	1.261623
3102	3110	0.579665
3103	2347	11.247095
3103	3102	0.404672
3103	3104	1.071163
3103	3107	0.306394
3103	3109	0.377049
3104	2309	10.999879
3104	2347	5.499970
3104	3103	1.071163
3104	3105	0.616946
3104	3107	2.622015
3105	2307	19.999600
3105	2308	3.496017
3105	2770	1.649813
3105	3104	0.616946
3105	3106	0.912007
3105	3107	0.357143
3106	2823	0.899777
3106	2824	1.022474
3106	2830	10.999879
3106	3099	0.275000
3106	3105	0.912007
3106	3107	0.874007
3107	2307	2.499994
3107	2308	4.195218
3107	2770	1.649813
3107	3099	2.097613
3107	3103	0.306394
3107	3104	2.622015
3107	3105	0.357143
3107	3106	0.874007
3107	3108	1.104008
3107	3109	21.447151
3108	2307	0.265521
3108	2311	10.487978
3108	2312	1.748012
3108	2770	2.249439
3108	2771	0.309859
3108	3107	1.104008
3108	3109	1.071163
3109	2311	4.289504
3109	2312	3.063935
3109	3102	1.261623
3109	3103	0.377049
3109	3107	21.447151
3109	3108	1.071163
3109	3110	0.270588
3110	3098	3.213482
3110	3101	1.261623
3110	3102	0.579665
3110	3109	0.270588
3110	3111	0.258405
3111	2295	19.999600
3111	3097	0.425532
3111	3098	1.398410
3111	3101	19.999600
3111	3110	0.258405
3111	3112	0.739572
3112	2295	21.447151
3112	2325	5.361874
3112	2326	1.642854
3112	2805	1.261623
3112	2806	0.459070
3112	3097	2.144756
3112	3111	0.739572
3112	3113	0.348485
3113	2254	7.666608
3113	2804	1.072379
3113	2805	0.476613
3113	3112	0.348485
3113	3114	0.291139
3114	2255	7.149152
3114	2802	22.999471
3114	2803	1.261623
3114	2804	0.510657
3114	3113	0.291139
3114	3115	0.258405
3115	2802	1.261623
3115	2803	1.666664
3115	3114	0.258405
3115	3116	0.252325
3116	2799	0.302079
3116	2800	1.124721
3116	2802	2.874992
3116	3115	0.252325
3116	3117	0.821428
3117	2798	5.749967
3117	2799	10.723690
3117	2940	2.299995
3117	2941	22.999471
3117	3116	0.821428
3117	3118	0.267442
3117	3130	1.429839
3117	3131	0.363519
3118	2799	21.447151
3118	2940	1.352939
3118	2941	2.555549
3118	3117	0.267442
3118	3119	0.252325
3118	3128	4.498869
3118	3129	1.072379
3118	3130	1.340474
3118	4125	10.723690
3118	4126	5.361874
3119	2941	5.361874
3119	3118	0.252325
3119	3120	0.289832
3119	3128	1.311009
3119	3129	6.666622
3119	4125	1.249998
3119	4126	3.999984
3120	3119	0.289832
3120	3121	0.335119
3120	3126	3.285703
3120	3127	1.261623
3120	3128	0.591959
3120	3235	7.498092
3120	4124	2.090905
3120	4125	2.680944
3121	3120	0.335119
3121	3122	1.104008
3121	3123	3.496017
3121	3124	4.289504
3121	3126	1.261623
3121	3232	19.999600
3122	2259	7.498092
3122	3121	1.104008
3122	3123	0.261905
3122	3173	2.044945
3122	3174	0.998865
3123	2258	1.183917
3123	2259	4.498869
3123	3121	3.496017
3123	3122	0.261905
3123	3124	0.220534
3124	2257	0.865170
3124	2258	1.437498
3124	3121	4.289504
3124	3123	0.220534
3124	3125	0.978018
3124	3126	0.310811
3125	2256	3.496017
3125	2257	0.758620
3125	2292	2.199995
3125	2293	21.999516
3125	2799	0.466137
3125	3045	1.692305
3125	3124	0.978018
3125	3126	0.978018
3126	2257	5.623579
3126	2292	5.623579
3126	2799	2.383062
3126	2800	22.493938
3126	3120	3.285703
3126	3121	1.261623
3126	3124	0.310811
3126	3125	0.978018
3126	3127	0.221109
3126	3236	3.574589
3127	3120	1.261623
3127	3126	0.221109
3127	3128	0.349603
3127	3235	1.048808
3127	3236	0.999999
3128	3118	4.498869
3128	3119	1.311009
3128	3120	0.591959
3128	3127	0.349603
3128	3129	0.230507
3128	3234	10.999879
3128	3235	1.833330
3128	4124	3.749060
3128	4125	20.975737
3128	4137	10.487978
3128	4138	1.294116
3129	2797	19.999600
3129	3118	1.072379
3129	3119	6.666622
3129	3128	0.230507
3129	3130	0.298507
3129	4124	3.574589
3129	4125	1.052630
3129	4126	4.999975
3129	4136	3.063935
3129	4137	1.111110
3129	4138	2.097613
3130	2796	19.999600
3130	2797	19.999600
3130	2798	0.549938
3130	2799	9.999900
3130	3117	1.429839
3130	3118	1.340474
3130	3129	0.298507
3130	3131	0.769230
3130	4125	19.999600
3130	4126	0.869564
3130	4136	4.289504
3131	2797	19.999600
3131	2798	1.072379
3131	2800	20.975737
3131	3117	0.363519
3131	3130	0.769230
3131	3132	0.265521
3132	2798	2.811798
3132	2800	1.999996
3132	2802	1.874533
3132	3131	0.265521
3132	3133	0.249938
3133	2797	1.021314
3133	2798	2.874992
3133	2800	11.247095
3133	2801	22.493938
3133	2802	1.352939
3133	2803	7.149152
3133	3132	0.249938
3133	3134	0.230000
3134	2796	1.128820
3134	2797	0.714920
3134	2801	11.247095
3134	2802	2.555549
3134	2803	10.723690
3134	3133	0.230000
3134	3135	0.249391
3135	2773	1.613549
3135	2795	1.261623
3135	2796	1.249998
3135	2801	10.487978
3135	3134	0.249391
3135	3136	0.536190
3136	2773	1.499627
3136	2774	1.124721
3136	2775	0.749814
3136	2794	1.261623
3136	2795	0.338235
3136	3135	0.536190
3136	3137	0.523112
3137	2771	1.398410
3137	2772	4.999975
3137	2773	0.616946
3137	2774	5.244017
3137	2775	10.487978
3137	3136	0.523112
3137	3138	0.893650
3137	3140	21.447151
3138	2770	22.999471
3138	2771	3.749060
3138	2787	1.949779
3138	2788	2.680944
3138	2823	4.599979
3138	2824	3.285703
3138	2825	1.261623
3138	2826	1.531970
3138	2827	2.555549
3138	3137	0.893650
3138	3139	0.893650
3139	2769	0.625000
3139	2770	2.680944
3139	2786	2.097613
3139	2824	10.723690
3139	2825	0.588235
3139	3138	0.893650
3139	3140	0.297883
3139	3475	1.261623
3139	3476	0.523112
3140	2786	0.899777
3140	3137	21.447151
3140	3139	0.297883
3140	3141	0.298701
3140	3474	1.072379
3140	3475	0.359375
3141	2776	22.999471
3141	3140	0.298701
3141	3142	0.255555
3141	3473	0.974890
3141	3474	0.466252
3142	3141	0.255555
3142	3143	0.208282
3142	3472	1.261623
3142	3473	0.523112
3143	3142	0.208282
3143	3144	0.271017
3143	3471	10.999879
3143	3472	1.613549
3143	4247	11.247095
3143	4248	21.999516
3143	4249	20.975737
3144	3143	0.271017
3144	3145	0.749814
3144	4247	1.533331
3145	3144	0.749814
3145	3146	0.275000
3145	3471	2.444438
3145	3472	3.496017
3145	3514	2.499376
3145	3515	2.811798
3145	4248	0.814814
3146	3145	0.275000
3146	3147	0.192442
3146	3470	7.498092
3146	3471	1.294116
3146	3515	1.183917
3146	3516	20.975737
3147	3146	0.192442
3147	3148	0.333333
3147	3470	1.072379
3147	3471	2.996588
3148	3147	0.333333
3148	3149	0.273973
3148	3468	21.447151
3148	3469	1.261623
3148	3470	0.714920
3149	2301	21.447151
3149	2302	3.063935
3149	2772	19.999600
3149	3148	0.273973
3149	3150	0.263158
3149	3467	20.975737
3149	3468	1.261623
3149	3469	0.739572
3150	2301	3.574589
3150	2302	4.289504
3150	3149	0.263158
3150	3151	0.307692
3150	3467	1.498296
3150	3468	0.857904
3150	4140	2.330681
3151	3150	0.307692
3151	3152	0.437706
3151	3466	1.261623
3151	3467	0.676650
3151	4139	4.999975
3151	4140	2.097613
3152	3151	0.437706
3152	3153	0.264785
3152	3465	1.191533
3152	3466	0.359375
3152	4114	4.289504
3152	4115	5.361874
3152	4116	7.149152
3152	4139	3.063935
3152	4141	11.247095
3153	3152	0.264785
3153	3154	0.303030
3153	3464	1.261623
3153	3465	1.818179
3153	4113	21.447151
3153	4114	1.333332
3154	3153	0.303030
3154	3155	0.806775
3154	3458	0.974890
3154	3463	1.261623
3154	3464	0.691858
3154	4113	1.429839
3154	4114	2.857135
3155	3154	0.806775
3155	3156	0.226804
3155	3458	7.498092
3155	3461	20.975737
3155	3462	1.748012
3155	4112	2.044945
3155	4113	2.499376
3155	4154	0.322710
3156	3155	0.226804
3156	3157	0.255619
3156	3461	1.498296
3156	3462	2.622015
3157	3156	0.255619
3157	3158	0.267442
3157	3160	3.213482
3157	3458	22.999471
3157	3460	1.261623
3157	3461	0.765986
3158	3157	0.267442
3158	3159	1.183917
3158	3160	5.623579
3158	3456	10.723690
3158	3457	0.466252
3158	3458	3.285703
3158	3459	4.289504
3158	3460	4.289504
3159	3158	1.183917
3159	3160	0.400000
3159	3161	0.723316
3159	3162	20.975737
3159	3165	0.249938
3159	3166	10.487978
3159	3167	1.999996
3159	3168	10.999879
3159	3456	20.975737
3159	3457	0.998865
3159	3459	0.403388
3160	3157	3.213482
3160	3158	5.623579
3160	3159	0.400000
3160	3161	0.566923
3160	3162	6.992010
3160	3459	1.311009
3160	3460	0.874007
3160	3975	22.493938
3160	3976	0.978018
3160	3977	2.044945
3161	3159	0.723316
3161	3160	0.566923
3161	3162	0.206186
3161	3165	1.531970
3161	3459	0.999999
3161	3460	1.333332
3161	3976	2.383062
3161	3977	3.063935
3162	3159	20.975737
3162	3160	6.992010
3162	3161	0.206186
3162	3163	0.869564
3162	3164	0.500000
3162	3165	2.383062
3162	3977	21.447151
3163	3162	0.869564
3163	3164	0.312500
3163	3935	21.447151
3163	3936	10.723690
3163	3980	2.144756
3163	3981	3.333322
3163	4009	0.739572
3164	3162	0.500000
3164	3163	0.312500
3164	3165	0.691858
3164	3166	0.909090
3165	3159	0.249938
3165	3161	1.531970
3165	3162	2.383062
3165	3164	0.691858
3165	3166	0.932504
3165	3167	2.499376
3165	3168	2.499376
3165	3169	11.499868
3165	3455	2.555549
3165	3456	1.261623
3165	3457	1.261623
3166	2299	10.723690
3166	2300	1.949779
3166	3159	10.487978
3166	3164	0.909090
3166	3165	0.932504
3166	3167	0.228002
3166	3459	4.999975
3167	2299	4.498869
3167	2300	2.249439
3167	3159	1.999996
3167	3165	2.499376
3167	3166	0.228002
3167	3168	0.224490
3167	3459	1.398410
3168	3159	10.999879
3168	3165	2.499376
3168	3167	0.224490
3168	3169	0.206371
3168	3456	10.487978
3168	3457	5.244017
3168	3459	10.487978
3169	3165	11.499868
3169	3168	0.206371
3169	3170	0.278540
3169	3239	22.999471
3169	3455	5.749967
3169	3456	4.289504
3169	3457	3.574589
3170	3169	0.278540
3170	3171	0.363636
3170	3172	21.447151
3170	3239	1.072379
3170	3455	10.723690
3170	3456	1.052630
3171	3170	0.363636
3171	3172	0.258405
3171	3238	0.932504
3171	3239	0.794355
3172	3170	21.447151
3172	3171	0.258405
3172	3173	0.999999
3172	3190	11.499868
3172	3232	5.361874
3172	3237	0.229535
3172	3238	1.352939
3173	3122	2.044945
3173	3172	0.999999
3173	3174	0.200445
3173	3190	2.090905
3173	3196	5.749967
3173	3197	1.649813
3173	3232	0.285968
3173	3237	4.498869
3174	3122	0.998865
3174	3173	0.200445
3174	3175	0.333333
3174	3196	1.261623
3174	3197	9.999900
3175	3174	0.333333
3175	3176	0.357143
3175	3195	1.429839
3175	3196	0.670237
3176	3175	0.357143
3176	3177	0.363636
3176	3194	1.072379
3176	3195	0.824907
3177	3176	0.363636
3177	3178	0.230619
3177	3193	1.072379
3177	3194	0.670237
3178	3177	0.230619
3178	3179	0.246524
3178	3191	2.499376
3178	3192	1.249690
3178	3193	1.277776
3179	1452	21.447151
3179	3178	0.246524
3179	3180	0.806775
3179	3189	0.998865
3179	3191	0.676650
3179	3192	0.635641
3180	1452	22.493938
3180	1453	1.124721
3180	1454	22.493938
3180	3179	0.806775
3180	3181	0.297297
3180	3188	1.323201
3180	3189	1.222221
3180	3191	0.354839
3180	3242	10.487978
3181	3180	0.297297
3181	3182	0.235687
3181	3187	7.498092
3181	3188	0.978018
3181	3444	10.999879
3182	3181	0.235687
3182	3183	0.298507
3182	3187	1.261623
3182	3188	1.949779
3182	3443	4.195218
3182	3444	20.975737
3183	3182	0.298507
3183	3184	0.869564
3183	3185	0.487805
3183	3186	1.649813
3183	3187	0.691858
3183	3443	1.048808
3184	3183	0.869564
3184	3185	0.555555
3184	3186	2.383062
3184	3304	1.498296
3184	3305	19.999600
3184	3442	3.333322
3184	3443	0.537850
3185	3183	0.487805
3185	3184	0.555555
3185	3186	0.420541
3186	3183	1.649813
3186	3184	2.383062
3186	3185	0.420541
3186	3187	0.294872
3186	3443	22.493938
3187	2261	21.447151
3187	3181	7.498092
3187	3182	1.261623
3187	3183	0.691858
3187	3186	0.294872
3187	3188	0.252747
3187	3443	3.749060
3187	3444	2.499376
3188	3180	1.323201
3188	3181	0.978018
3188	3182	1.949779
3188	3187	0.252747
3188	3189	0.258557
3188	3190	11.499868
3188	3444	2.499376
3188	3445	7.149152
3189	3179	0.998865
3189	3180	1.222221
3189	3188	0.258557
3189	3190	0.899777
3189	3191	0.392857
3189	3241	20.975737
3190	3172	11.499868
3190	3173	2.090905
3190	3188	11.499868
3190	3189	0.899777
3190	3191	0.749814
3190	3192	5.623579
3190	3238	0.469388
3191	1452	4.498869
3191	1453	7.498092
3191	3178	2.499376
3191	3179	0.676650
3191	3180	0.354839
3191	3189	0.392857
3191	3190	0.749814
3191	3192	0.448979
3191	3241	4.195218
3191	3242	6.992010
3192	1451	21.999516
3192	1452	1.730339
3192	3178	1.249690
3192	3179	0.635641
3192	3190	5.623579
3192	3191	0.448979
3192	3193	0.312423
3192	3238	3.749060
3192	3240	4.195218
3192	3241	20.975737
3193	1451	3.213482
3193	3177	1.072379
3193	3178	1.277776
3193	3192	0.312423
3193	3194	0.264368
3193	3240	21.447151
3194	1412	1.340474
3194	1450	21.447151
3194	3176	1.072379
3194	3177	0.670237
3194	3193	0.264368
3194	3195	0.232323
3195	1412	1.531970
3195	1413	2.144756
3195	3175	1.429839
3195	3176	0.824907
3195	3194	0.232323
3195	3196	0.283951
3196	3173	5.749967
3196	3174	1.261623
3196	3175	0.670237
3196	3195	0.283951
3196	3197	0.289832
3197	3173	1.649813
3197	3174	9.999900
3197	3196	0.289832
3197	3198	0.893650
3197	3231	4.289504
3197	3232	0.689655
3198	3197	0.893650
3198	3199	0.214476
3198	3225	22.999471
3198	3226	1.429839
3198	3227	1.787298
3198	3231	0.273809
3198	3233	2.299995
3199	3198	0.214476
3199	3200	0.333333
3199	3225	1.261623
3199	3226	2.499994
3199	4285	2.996588
3200	3199	0.333333
3200	3201	0.281690
3200	3224	1.498296
3200	3225	0.630812
3200	4284	1.191533
3200	4285	0.953462
3201	3200	0.281690
3201	3202	0.384615
3201	3223	1.261623
3201	3224	1.104008
3201	4283	1.999996
3201	4284	3.063935
3202	3201	0.384615
3202	3203	0.317460
3202	3222	1.191533
3202	3223	0.579665
3203	3202	0.317460
3203	3204	0.333333
3203	3221	1.531970
3203	3222	0.691858
3204	3203	0.333333
3204	3205	0.765986
3204	3220	1.649813
3204	3221	0.824907
3205	3204	0.765986
3205	3206	0.244681
3205	3219	1.340474
3205	3220	0.306667
3206	3205	0.244681
3206	3207	0.328571
3206	3218	1.340474
3206	3219	0.765986
3207	3206	0.328571
3207	3208	0.280488
3207	3217	1.072379
3207	3218	0.466252
3208	3041	4.289504
3208	3042	5.361874
3208	3207	0.280488
3208	3209	0.243723
3208	3216	1.340474
3208	3217	0.824907
3209	3041	1.999996
3209	3208	0.243723
3209	3210	0.216642
3209	3215	7.149152
3209	3216	1.333332
3210	3209	0.216642
3210	3211	0.725627
3210	3212	1.021314
3210	3213	4.599979
3210	3214	2.499376
3210	3215	3.833319
3211	3210	0.725627
3211	3212	0.456004
3211	3213	0.978018
3211	3214	0.594594
3212	3210	1.021314
3212	3211	0.456004
3212	3213	1.128820
3213	3210	4.599979
3213	3211	0.978018
3213	3212	1.128820
3213	3214	0.535582
3214	3210	2.499376
3214	3211	0.594594
3214	3213	0.535582
3214	3215	0.292136
3215	2944	4.498869
3215	3209	7.149152
3215	3210	3.833319
3215	3214	0.292136
3215	3216	0.351600
3216	3040	9.999900
3216	3041	1.111110
3216	3208	1.340474
3216	3209	1.333332
3216	3215	0.351600
3216	3217	0.338983
3217	2942	21.447151
3217	3041	6.666622
3217	3042	6.666622
3217	3207	1.072379
3217	3208	0.824907
3217	3216	0.338983
3217	3218	0.465116
3218	3206	1.340474
3218	3207	0.466252
3218	3217	0.465116
3218	3219	0.338983
3219	3205	1.340474
3219	3206	0.765986
3219	3218	0.338983
3219	3220	0.649927
3220	3204	1.649813
3220	3205	0.306667
3220	3219	0.649927
3220	3221	0.239583
3221	3203	1.531970
3221	3204	0.824907
3221	3220	0.239583
3221	3222	0.244681
3222	3202	1.191533
3222	3203	0.691858
3222	3221	0.244681
3222	3223	0.333333
3223	3201	1.261623
3223	3202	0.579665
3223	3222	0.333333
3223	3224	0.236784
3224	3200	1.498296
3224	3201	1.104008
3224	3223	0.236784
3224	3225	0.261563
3225	3198	22.999471
3225	3199	1.261623
3225	3200	0.630812
3225	3224	0.261563
3225	3226	0.282205
3225	4284	22.999471
3225	4285	1.323201
3226	3198	1.429839
3226	3199	2.499994
3226	3225	0.282205
3226	3227	0.350877
3226	4285	0.953462
3226	4286	1.949779
3227	3198	1.787298
3227	3226	0.350877
3227	3228	0.363519
3227	3231	1.340474
3227	4286	3.063935
3227	4287	2.144756
3228	3227	0.363519
3228	3229	1.021314
3228	3230	0.548645
3228	3231	0.469388
3228	3233	4.599979
3228	4121	22.999471
3228	4287	11.499868
3229	3228	1.021314
3229	3230	0.233069
3229	4120	20.975737
3229	4121	21.447151
3229	4144	1.249998
3229	4145	0.824907
3230	3228	0.548645
3230	3229	0.233069
3230	3231	0.978018
3230	3233	3.213482
3230	4121	1.606743
3230	4122	3.496017
3230	4143	20.975737
3230	4144	1.498296
3231	3197	4.289504
3231	3198	0.273809
3231	3227	1.340474
3231	3228	0.469388
3231	3230	0.978018
3231	3232	0.824907
3231	3233	0.425926
3232	3121	19.999600
3232	3172	5.361874
3232	3173	0.285968
3232	3197	0.689655
3232	3231	0.824907
3232	3233	1.072379
3232	3235	10.487978
3232	3236	4.999975
3232	3237	3.496017
3233	3198	2.299995
3233	3228	4.599979
3233	3230	3.213482
3233	3231	0.425926
3233	3232	1.072379
3233	3234	0.562361
3233	3235	7.498092
3233	4122	0.765986
3233	4123	0.794355
3234	3128	10.999879
3234	3233	0.562361
3234	3235	0.271605
3234	4123	0.749149
3234	4124	2.499376
3234	4138	2.749992
3234	4142	1.323201
3234	4143	1.398410
3235	3120	7.498092
3235	3127	1.048808
3235	3128	1.833330
3235	3232	10.487978
3235	3233	7.498092
3235	3234	0.271605
3235	3236	0.403388
3235	4138	4.399981
3235	4139	4.195218
3235	4142	7.498092
3235	4143	5.244017
3236	3126	3.574589
3236	3127	0.999999
3236	3232	4.999975
3236	3235	0.403388
3236	3237	0.566923
3237	3172	0.229535
3237	3173	4.498869
3237	3232	3.496017
3237	3236	0.566923
3237	3238	0.899777
3238	3171	0.932504
3238	3172	1.352939
3238	3190	0.469388
3238	3192	3.749060
3238	3237	0.899777
3238	3239	0.657142
3238	3240	2.383062
3239	3169	22.999471
3239	3170	1.072379
3239	3171	0.794355
3239	3238	0.657142
3239	3240	0.249391
3239	3454	1.261623
3239	3455	0.851851
3240	3192	4.195218
3240	3193	21.447151
3240	3238	2.383062
3240	3239	0.249391
3240	3241	0.357143
3240	3453	1.128820
3240	3454	1.666664
3241	3189	20.975737
3241	3191	4.195218
3241	3192	20.975737
3241	3240	0.357143
3241	3242	0.377358
3241	3452	1.233891
3241	3453	0.595767
3242	3180	10.487978
3242	3191	6.992010
3242	3241	0.377358
3242	3243	0.246914
3242	3451	1.191533
3242	3452	0.676650
3243	3242	0.246914
3243	3244	0.691858
3243	3450	1.429839
3243	3451	0.794355
3244	3243	0.691858
3244	3245	0.277108
3244	3424	2.680944
3244	3449	1.261623
3244	3450	0.306667
3245	3244	0.277108
3245	3246	0.243723
3245	3261	5.623579
3245	3404	11.247095
3245	3446	4.599979
3245	3448	1.191533
3245	3449	0.549938
3246	3245	0.243723
3246	3247	0.289832
3246	3261	0.699205
3246	3404	20.975737
3246	3446	1.128820
3246	3448	9.999900
3247	3246	0.289832
3247	3248	0.478605
3247	3249	1.072379
3247	3261	3.749060
3247	3262	4.498869
3247	3444	3.749060
3247	3445	1.261623
3247	3446	0.560975
3248	3247	0.478605
3248	3249	0.276002
3248	3265	20.975737
3248	3266	5.499970
3248	3303	7.498092
3248	3304	0.309859
3248	3443	2.444438
3248	3444	1.466665
3249	2287	1.128820
3249	3247	1.072379
3249	3248	0.276002
3249	3250	0.571428
3249	3264	6.992010
3249	3265	2.499994
3249	3266	5.244017
3249	3444	2.330681
3249	3445	1.538459
3250	2287	0.285968
3250	2288	2.857135
3250	2322	1.498296
3250	3249	0.571428
3250	3251	0.389956
3250	3264	5.244017
3250	3265	9.999900
3250	3445	2.222217
3250	3446	7.149152
3251	2317	22.999471
3251	2318	3.285703
3251	2322	2.249439
3251	2339	1.124721
3251	3250	0.389956
3251	3252	0.268095
3251	3262	22.493938
3251	3263	1.261623
3251	3264	0.548645
3252	2339	0.806775
3252	2340	4.195218
3252	3251	0.268095
3252	3253	0.327869
3252	3262	1.398410
3252	3263	1.428569
3253	2340	5.244017
3253	2341	6.992010
3253	3252	0.327869
3253	3254	0.526316
3253	3259	0.291336
3253	3260	1.498296
3253	3262	0.998865
3254	2341	1.233891
3254	2343	4.289504
3254	3253	0.526316
3254	3255	0.723316
3254	3258	0.456004
3254	3259	1.104008
3254	3260	1.748012
3254	4015	3.574589
3255	2245	2.330681
3255	2246	1.104008
3255	2344	1.906922
3255	2345	3.496017
3255	3254	0.723316
3255	3256	0.566923
3255	3257	2.622015
3255	3258	21.999516
3256	2310	0.368003
3256	2347	2.097613
3256	2348	3.999984
3256	3255	0.566923
3256	3257	0.909090
3256	4036	19.999600
3257	2310	6.992010
3257	3255	2.622015
3257	3256	0.909090
3257	3258	0.776895
3257	4013	1.052630
3257	4014	0.635641
3257	4035	1.191533
3257	4036	0.317460
3258	2298	20.975737
3258	2341	21.999516
3258	3254	0.456004
3258	3255	21.999516
3258	3257	0.776895
3258	3259	0.758620
3258	4014	0.379310
3258	4015	0.937268
3258	4034	1.323201
3258	4035	2.044945
3259	2297	7.498092
3259	2298	1.498296
3259	2299	7.498092
3259	3253	0.291336
3259	3254	1.104008
3259	3258	0.758620
3259	3260	0.578947
3259	3447	5.499970
3259	4034	22.493938
3260	2298	6.992010
3260	2341	21.999516
3260	3253	1.498296
3260	3254	1.748012
3260	3259	0.578947
3260	3261	0.814814
3260	3262	0.323529
3260	3447	3.666653
3260	3448	1.165342
3260	4015	1.606743
3260	4016	3.142847
3261	3245	5.623579
3261	3246	0.699205
3261	3247	3.749060
3261	3260	0.814814
3261	3262	0.594594
3261	3404	0.318840
3261	3446	3.749060
3261	4016	21.999516
3261	4032	6.992010
3261	4033	1.104008
3262	2341	4.399981
3262	3247	4.498869
3262	3251	22.493938
3262	3252	1.398410
3262	3253	0.998865
3262	3260	0.323529
3262	3261	0.594594
3262	3263	0.299660
3262	4016	1.157893
3262	4017	10.999879
3263	2339	1.613549
3263	2340	1.613549
3263	2341	6.992010
3263	3251	1.261623
3263	3252	1.428569
3263	3262	0.299660
3263	3264	0.265521
3264	2322	2.444438
3264	2339	1.466665
3264	3249	6.992010
3264	3250	5.244017
3264	3251	0.548645
3264	3263	0.265521
3264	3265	0.220802
3264	3303	4.498869
3265	2287	21.447151
3265	2322	4.195218
3265	3248	20.975737
3265	3249	2.499994
3265	3250	9.999900
3265	3264	0.220802
3265	3266	0.308473
3265	3303	0.595767
3266	3248	5.499970
3266	3249	5.244017
3266	3265	0.308473
3266	3267	0.441067
3266	3303	1.022474
3266	3304	1.099999
3267	3266	0.441067
3267	3268	0.271489
3267	3301	22.999471
3267	3302	1.128820
3267	3303	0.958332
3267	3304	7.498092
3267	3305	1.649813
3267	3436	11.247095
3268	3267	0.271489
3268	3269	0.266667
3268	3301	1.191533
3268	3302	2.499994
3268	3366	1.906922
3268	3436	3.496017
3269	3268	0.266667
3269	3270	0.317460
3269	3300	1.498296
3269	3301	0.974890
3269	3366	0.499433
3270	3269	0.317460
3270	3271	0.285714
3270	3299	1.261623
3270	3300	0.839046
3270	3366	4.195218
3270	3367	1.498296
3271	3270	0.285714
3271	3272	0.303030
3271	3298	1.429839
3271	3299	0.765986
3272	3271	0.303030
3272	3273	0.298507
3272	3278	10.487978
3272	3296	20.975737
3272	3297	1.072379
3272	3298	0.549938
3273	3272	0.298507
3273	3274	0.857904
3273	3275	19.999600
3273	3277	0.998865
3273	3278	1.048808
3273	3294	0.552004
3273	3296	1.233891
3273	3297	0.612788
3274	3273	0.857904
3274	3275	0.397178
3274	3277	4.498869
3274	3293	1.787298
3274	3294	0.387835
3275	3273	19.999600
3275	3274	0.397178
3275	3276	1.021314
3275	3277	0.381385
3275	3290	20.975737
3275	3292	1.340474
3275	3293	0.588235
3275	3294	2.330681
3275	3296	10.487978
3276	3275	1.021314
3276	3277	1.071163
3276	3638	3.063935
3276	3639	0.670237
3277	3273	0.998865
3277	3274	4.498869
3277	3275	0.381385
3277	3276	1.071163
3277	3278	0.215686
3277	3289	1.405901
3277	3290	1.466665
3277	3292	1.249690
3277	3296	7.333280
3277	3297	1.499627
3278	3272	10.487978
3278	3273	1.048808
3278	3277	0.215686
3278	3279	0.355528
3278	3289	1.323201
3278	3297	0.978018
3278	3298	3.749060
3279	3278	0.355528
3279	3280	0.350877
3279	3288	1.128820
3279	3289	2.680944
3279	3298	7.149152
3280	3279	0.350877
3280	3281	0.350877
3280	3287	1.498296
3280	3288	0.595767
3281	3280	0.350877
3281	3282	0.310835
3281	3286	1.261623
3281	3287	1.048808
3282	3281	0.310835
3282	3283	0.714920
3282	3284	0.548645
3282	3285	1.730339
3282	3286	0.741935
3283	2863	1.787298
3283	2864	20.975737
3283	3282	0.714920
3283	3284	0.283462
3284	2862	1.104008
3284	2863	4.498869
3284	2867	11.247095
3284	2868	1.405901
3284	3282	0.548645
3284	3283	0.283462
3284	3285	0.207547
3285	2861	2.097613
3285	2862	1.165342
3285	2868	1.249690
3285	2869	2.622015
3285	3282	1.730339
3285	3284	0.207547
3285	3286	0.346068
3286	2869	5.361874
3286	3281	1.261623
3286	3282	0.741935
3286	3285	0.346068
3286	3287	0.231901
3287	3280	1.498296
3287	3281	1.048808
3287	3286	0.231901
3287	3288	0.271017
3288	3279	1.128820
3288	3280	0.595767
3288	3287	0.271017
3288	3289	0.250000
3289	3277	1.405901
3289	3278	1.323201
3289	3279	2.680944
3289	3288	0.250000
3289	3290	0.208282
3289	3291	22.999471
3289	3297	3.833319
3290	3275	20.975737
3290	3277	1.466665
3290	3289	0.208282
3290	3291	0.978018
3290	3292	0.249938
3290	3297	3.213482
3291	3289	22.999471
3291	3290	0.978018
3291	3292	0.958332
3292	3275	1.340474
3292	3277	1.249690
3292	3290	0.249938
3292	3291	0.958332
3292	3293	0.261556
3292	3296	7.498092
3293	3274	1.787298
3293	3275	0.588235
3293	3292	0.261556
3293	3294	0.874007
3293	3296	3.496017
3294	3273	0.552004
3294	3274	0.387835
3294	3275	2.330681
3294	3293	0.874007
3294	3295	0.874007
3294	3296	0.379310
3295	3294	0.874007
3295	3296	0.566923
3296	3272	20.975737
3296	3273	1.233891
3296	3275	10.487978
3296	3277	7.333280
3296	3292	7.498092
3296	3293	3.496017
3296	3294	0.379310
3296	3295	0.566923
3296	3297	0.288390
3297	3272	1.072379
3297	3273	0.612788
3297	3277	1.499627
3297	3278	0.978018
3297	3289	3.833319
3297	3290	3.213482
3297	3296	0.288390
3297	3298	0.291139
3298	3271	1.429839
3298	3272	0.549938
3298	3278	3.749060
3298	3279	7.149152
3298	3297	0.291139
3298	3299	0.255555
3299	3270	1.261623
3299	3271	0.765986
3299	3298	0.255555
3299	3300	0.252746
3300	3269	1.498296
3300	3270	0.839046
3300	3299	0.252746
3300	3301	0.258557
3301	3267	22.999471
3301	3268	1.191533
3301	3269	0.974890
3301	3300	0.258557
3301	3302	0.214476
3301	3366	11.247095
3301	3436	3.749060
3301	3437	7.498092
3302	3267	1.128820
3302	3268	2.499994
3302	3301	0.214476
3302	3303	0.261556
3302	3436	0.998865
3302	3437	1.498296
3302	3438	1.906922
3303	3248	7.498092
3303	3264	4.498869
3303	3265	0.595767
3303	3266	1.022474
3303	3267	0.958332
3303	3302	0.261556
3303	3304	1.071163
3303	3438	3.213482
3304	3184	1.498296
3304	3248	0.309859
3304	3266	1.099999
3304	3267	7.498092
3304	3303	1.071163
3304	3305	0.199773
3304	3442	5.244017
3304	3443	1.692305
3305	3184	19.999600
3305	3267	1.649813
3305	3304	0.199773
3305	3306	0.456332
3305	3441	1.128820
3305	3442	6.666622
3306	877	10.723690
3306	3305	0.456332
3306	3307	0.228166
3306	3439	2.555549
3306	3440	1.261623
3306	3441	0.410714
3307	877	2.857135
3307	878	5.244017
3307	3306	0.228166
3307	3308	0.281690
3307	3438	20.975737
3307	3439	1.261623
3308	3307	0.281690
3308	3309	0.270270
3308	3435	1.613549
3308	3436	20.975737
3308	3438	1.498296
3308	3439	1.072379
3309	3308	0.270270
3309	3310	0.714920
3309	3366	3.496017
3309	3435	0.599319
3309	3436	1.048808
3309	3438	1.498296
3310	3309	0.714920
3310	3311	0.258405
3310	3370	22.999471
3310	3371	1.261623
3310	3396	2.874992
3310	3397	0.412454
3310	3435	3.213482
3311	767	3.333322
3311	768	3.999984
3311	3310	0.258405
3311	3312	0.363636
3311	3370	1.261623
3311	3371	1.666664
3311	3394	6.992010
3312	767	19.999600
3312	768	3.333322
3312	3311	0.363636
3312	3313	0.909090
3312	3365	0.739572
3312	3369	1.261623
3312	3370	0.510657
3312	3393	0.998865
3312	3394	0.912007
3313	3312	0.909090
3313	3314	0.893650
3313	3315	7.149152
3313	3316	6.666622
3313	3363	21.447151
3313	3364	0.370370
3313	3365	0.397178
3313	3367	1.613549
3313	3393	5.244017
3314	3313	0.893650
3314	3315	0.267442
3314	3363	22.999471
3314	3369	7.666608
3314	3393	0.271017
3315	3313	7.149152
3315	3314	0.267442
3315	3316	0.271489
3315	3365	11.499868
3315	3367	22.493938
3315	3368	1.128820
3316	3313	6.666622
3316	3315	0.271489
3316	3317	0.329963
3316	3367	1.311009
3316	3368	1.052630
3317	3316	0.329963
3317	3318	0.212353
3317	3363	3.833319
3317	3364	1.261623
3317	3367	0.416564
3318	3317	0.212353
3318	3319	0.312500
3318	3362	21.447151
3318	3363	1.261623
3318	3364	6.666622
3319	3318	0.312500
3319	3320	0.340438
3319	3362	1.261623
3319	3363	0.765986
3320	3319	0.340438
3320	3321	0.250000
3320	3361	1.072379
3320	3362	0.338235
3321	686	2.044945
3321	3320	0.250000
3321	3322	1.124721
3321	3323	7.498092
3321	3360	1.261623
3321	3361	0.549938
3322	3321	1.124721
3322	3323	0.814814
3323	686	0.282051
3323	3321	7.498092
3323	3322	0.814814
3323	3324	0.231901
3323	3360	5.244017
3324	3323	0.231901
3324	3325	0.283951
3324	3359	1.128820
3324	3360	21.447151
3325	3324	0.283951
3325	3326	0.204263
3325	3357	4.599979
3325	3358	1.072379
3325	3359	0.536190
3326	70	1.649813
3326	71	1.428569
3326	3325	0.204263
3326	3327	0.317460
3326	3357	1.649813
3326	3358	19.999600
3327	70	10.723690
3327	71	3.333322
3327	3326	0.317460
3327	3328	0.776895
3327	3354	2.144756
3327	3355	2.097613
3327	3356	2.996588
3327	3357	4.289504
3328	3327	0.776895
3328	3329	0.241758
3328	3354	7.498092
3328	3355	0.372881
3328	3553	1.405901
3328	3660	1.104008
3328	3661	1.874533
3329	3328	0.241758
3329	3330	0.261563
3329	3354	4.498869
3329	3553	1.124721
3329	3554	2.499376
3329	3659	20.975737
3329	3660	1.906922
3330	3329	0.261563
3330	3331	0.298701
3330	3353	1.340474
3330	3354	1.533331
3330	3554	22.999471
3331	3330	0.298701
3331	3332	0.227723
3331	3352	1.261623
3331	3353	0.536190
3331	3626	21.447151
3332	3331	0.227723
3332	3333	0.232323
3332	3350	2.811798
3332	3351	1.405901
3332	3352	1.949779
3332	3626	10.723690
3333	3332	0.232323
3333	3334	0.775670
3333	3349	0.410714
3333	3350	1.183917
3334	3333	0.775670
3334	3335	0.274322
3334	3349	1.124721
3334	3350	0.278481
3335	3334	0.274322
3335	3336	0.250000
3335	3348	1.128820
3335	3349	0.821428
3336	3335	0.250000
3336	3337	0.270588
3336	3347	0.974890
3336	3348	0.857904
3337	3336	0.270588
3337	3338	0.298701
3337	3346	1.021314
3337	3347	0.595767
3338	1978	10.723690
3338	1979	7.149152
3338	3337	0.298701
3338	3339	0.223413
3338	3344	7.666608
3338	3345	1.261623
3338	3346	0.579665
3338	3837	5.749967
3338	3838	1.730339
3339	1979	0.999999
3339	1980	20.975737
3339	3338	0.223413
3339	3340	0.428952
3339	3344	1.531970
3339	3345	19.999600
3339	3836	21.447151
3339	3837	2.383062
3339	3838	4.195218
3340	1980	11.247095
3340	3339	0.428952
3340	3341	0.794355
3340	3342	0.624845
3340	3343	1.874533
3340	3344	0.489361
3340	3836	5.749967
3340	3837	22.999471
3341	3340	0.794355
3341	3342	0.246778
3342	3340	0.624845
3342	3341	0.246778
3342	3343	0.265060
3343	3340	1.874533
3343	3342	0.265060
3343	3344	0.535582
3344	1979	2.680944
3344	1980	5.623579
3344	3338	7.666608
3344	3339	1.531970
3344	3340	0.489361
3344	3343	0.535582
3344	3345	0.218853
3345	1979	1.999996
3345	3338	1.261623
3345	3339	19.999600
3345	3344	0.218853
3345	3346	0.273973
3346	1978	1.538459
3346	1979	19.999600
3346	3337	1.021314
3346	3338	0.579665
3346	3345	0.273973
3346	3347	0.307692
3347	1942	19.999600
3347	3336	0.974890
3347	3337	0.595767
3347	3346	0.307692
3347	3348	0.363636
3348	3335	1.128820
3348	3336	0.857904
3348	3347	0.363636
3348	3349	0.285968
3349	3333	0.410714
3349	3334	1.124721
3349	3335	0.821428
3349	3348	0.285968
3349	3350	0.702951
3350	3332	2.811798
3350	3333	1.183917
3350	3334	0.278481
3350	3349	0.702951
3350	3351	0.282051
3351	2	20.975737
3351	3332	1.405901
3351	3350	0.282051
3351	3352	0.238366
3352	3331	1.261623
3352	3332	1.949779
3352	3351	0.238366
3352	3353	0.350877
3353	3330	1.340474
3353	3331	0.536190
3353	3352	0.350877
3353	3354	0.340438
3354	3327	2.144756
3354	3328	7.498092
3354	3329	4.498869
3354	3330	1.533331
3354	3353	0.340438
3354	3355	0.978018
3354	3553	22.999471
3355	3327	2.097613
3355	3328	0.372881
3355	3354	0.978018
3355	3356	0.231579
3355	3552	1.104008
3355	3553	1.124721
3355	3660	10.487978
3355	3661	1.405901
3356	3327	2.996588
3356	3355	0.231579
3356	3357	0.277709
3356	3551	2.330681
3356	3552	0.998865
3356	3661	1.405901
3356	3662	3.213482
3357	3325	4.599979
3357	3326	1.649813
3357	3327	4.289504
3357	3356	0.277709
3357	3358	0.204263
3357	3662	2.874992
3357	3663	21.447151
3358	3325	1.072379
3358	3326	19.999600
3358	3357	0.204263
3358	3359	0.333333
3359	3324	1.128820
3359	3325	0.536190
3359	3358	0.333333
3359	3360	0.238095
3360	3321	1.261623
3360	3323	5.244017
3360	3324	21.447151
3360	3359	0.238095
3360	3361	0.384615
3361	686	6.992010
3361	3320	1.072379
3361	3321	0.549938
3361	3360	0.384615
3361	3362	0.324964
3362	3318	21.447151
3362	3319	1.261623
3362	3320	0.338235
3362	3361	0.324964
3362	3363	0.283951
3363	3313	21.447151
3363	3314	22.999471
3363	3317	3.833319
3363	3318	1.261623
3363	3319	0.765986
3363	3362	0.283951
3363	3364	0.221109
3364	3313	0.370370
3364	3317	1.261623
3364	3318	6.666622
3364	3363	0.221109
3364	3365	0.974890
3364	3367	20.975737
3365	3312	0.739572
3365	3313	0.397178
3365	3315	11.499868
3365	3364	0.974890
3365	3366	0.899777
3365	3367	0.803372
3365	3368	2.144756
3365	3369	0.511111
3366	3268	1.906922
3366	3269	0.499433
3366	3270	4.195218
3366	3301	11.247095
3366	3309	3.496017
3366	3365	0.899777
3366	3367	0.999999
3366	3436	0.415094
3367	3270	1.498296
3367	3313	1.613549
3367	3315	22.493938
3367	3316	1.311009
3367	3317	0.416564
3367	3364	20.975737
3367	3365	0.803372
3367	3366	0.999999
3367	3368	0.388448
3368	3315	1.128820
3368	3316	1.052630
3368	3365	2.144756
3368	3367	0.388448
3368	3369	0.351600
3368	3437	20.975737
3369	3312	1.261623
3369	3314	7.666608
3369	3365	0.511111
3369	3368	0.351600
3369	3370	0.277108
3369	3393	11.247095
3369	4024	22.999471
3370	3310	22.999471
3370	3311	1.261623
3370	3312	0.510657
3370	3369	0.277108
3370	3371	0.246524
3370	3393	3.213482
3370	3394	1.249690
3371	3310	1.261623
3371	3311	1.666664
3371	3370	0.246524
3371	3372	0.974890
3371	3394	1.498296
3371	3395	1.649813
3371	3396	0.351600
3371	3435	20.975737
3372	3371	0.974890
3372	3373	0.343283
3372	3390	1.261623
3372	3391	0.824907
3372	3395	0.294872
3372	3396	2.090905
3373	3372	0.343283
3373	3374	0.223413
3373	3388	22.999471
3373	3389	1.649813
3373	3390	0.579665
3374	3373	0.223413
3374	3375	0.327869
3374	3388	1.261623
3374	3389	3.333322
3375	3374	0.327869
3375	3376	0.564410
3375	3387	1.261623
3375	3388	0.612788
3376	3375	0.564410
3376	3377	0.233126
3376	3386	1.261623
3376	3387	0.291139
3377	3376	0.233126
3377	3378	0.839046
3377	3384	0.374574
3377	3385	5.244017
3377	3386	1.249998
3378	1390	1.498296
3378	1391	0.846153
3378	1472	1.124721
3378	1473	1.398410
3378	3377	0.839046
3378	3379	0.956521
3378	3382	10.999879
3378	3383	1.613549
3378	3384	0.550000
3378	3385	0.578947
3379	1471	1.999996
3379	1472	0.775670
3379	3378	0.956521
3379	3380	0.998865
3380	1392	2.857135
3380	1393	10.723690
3380	3379	0.998865
3380	3381	0.250000
3381	1392	2.499994
3381	3380	0.250000
3381	3382	0.279682
3382	1391	1.571426
3382	1392	1.613549
3382	3378	10.999879
3382	3381	0.279682
3382	3383	0.203652
3383	1391	6.992010
3383	3378	1.613549
3383	3382	0.203652
3383	3384	0.258965
3384	3377	0.374574
3384	3378	0.550000
3384	3383	0.258965
3384	3385	0.628571
3384	3386	2.996588
3385	1389	6.992010
3385	1390	1.748012
3385	1473	1.498296
3385	1474	3.496017
3385	1495	1.124721
3385	3377	5.244017
3385	3378	0.578947
3385	3384	0.628571
3385	3386	0.322710
3386	777	19.999600
3386	1474	1.111110
3386	1495	0.824907
3386	3376	1.261623
3386	3377	1.249998
3386	3384	2.996588
3386	3385	0.322710
3386	3387	0.428952
3387	3375	1.261623
3387	3376	0.291139
3387	3386	0.428952
3387	3388	0.287500
3388	774	22.493938
3388	3373	22.999471
3388	3374	1.261623
3388	3375	0.612788
3388	3387	0.287500
3388	3389	0.212353
3389	3373	1.649813
3389	3374	3.333322
3389	3388	0.212353
3389	3390	0.384615
3390	3372	1.261623
3390	3373	0.579665
3390	3389	0.384615
3390	3391	0.281690
3391	3372	0.824907
3391	3390	0.281690
3391	3392	0.416666
3391	3395	1.429839
3392	3391	0.416666
3392	3393	0.806775
3392	3394	0.476731
3392	3395	0.397178
3393	3312	0.998865
3393	3313	5.244017
3393	3314	0.271017
3393	3369	11.247095
3393	3370	3.213482
3393	3392	0.806775
3393	3394	0.234042
3394	3311	6.992010
3394	3312	0.912007
3394	3370	1.249690
3394	3371	1.498296
3394	3392	0.476731
3394	3393	0.234042
3394	3395	0.535582
3395	3371	1.649813
3395	3372	0.294872
3395	3391	1.429839
3395	3392	0.397178
3395	3394	0.535582
3395	3396	1.045453
3396	3310	2.874992
3396	3371	0.351600
3396	3372	2.090905
3396	3395	1.045453
3396	3397	0.649927
3396	3434	0.365079
3396	3435	1.730339
3397	3310	0.412454
3397	3396	0.649927
3397	3398	0.446301
3397	3434	1.340474
3397	3435	1.233891
3398	3397	0.446301
3398	3399	0.222717
3398	3434	1.249690
3398	3435	0.448979
3398	3439	2.499376
3399	3398	0.222717
3399	3400	0.249391
3399	3430	22.999471
3399	3433	1.072379
3399	3434	1.210525
3399	3439	5.749967
3399	3440	1.649813
3400	3399	0.249391
3400	3401	0.302079
3400	3430	1.261623
3400	3433	1.538459
3400	3440	1.333332
3400	3441	5.361874
3401	3400	0.302079
3401	3402	0.978018
3401	3403	1.183917
3401	3406	5.361874
3401	3428	0.324964
3401	3430	0.333333
3401	3441	22.999471
3402	3401	0.978018
3402	3403	0.999999
3402	3406	0.349603
3402	3408	5.244017
3402	3409	1.233891
3402	3411	0.264640
3402	3427	2.996588
3402	3428	1.906922
3403	3401	1.183917
3403	3402	0.999999
3403	3404	0.687500
3403	3405	0.262202
3403	3406	2.996588
3403	3430	2.811798
3403	3433	2.330681
3404	3245	11.247095
3404	3246	20.975737
3404	3261	0.318840
3404	3403	0.687500
3404	3405	0.953462
3404	4016	10.999879
3404	4017	1.692305
3404	4018	6.992010
3404	4031	10.487978
3404	4032	1.398410
3404	4033	20.975737
3405	3403	0.262202
3405	3404	0.953462
3405	3406	0.869564
3405	3433	1.176469
3405	4018	1.428569
3405	4019	1.072379
3405	4030	10.723690
3405	4031	2.857135
3405	4032	19.999600
3406	3401	5.361874
3406	3402	0.349603
3406	3403	2.996588
3406	3405	0.869564
3406	3407	0.540540
3406	3408	6.666622
3406	3428	19.999600
3406	3430	1.949779
3406	3431	0.714285
3406	3432	4.195218
3406	4019	10.723690
3406	4030	5.361874
3406	4031	19.999600
3407	3406	0.540540
3407	3408	0.312500
3407	3409	19.999600
3407	3431	0.298507
3408	3402	5.244017
3408	3406	6.666622
3408	3407	0.312500
3408	3409	0.250000
3409	3402	1.233891
3409	3407	19.999600
3409	3408	0.250000
3409	3410	0.645161
3409	3411	0.428952
3410	3409	0.645161
3410	3411	0.857904
3410	3421	0.322581
3410	3422	9.999900
3410	3984	3.574589
3411	3402	0.264640
3411	3409	0.428952
3411	3410	0.857904
3411	3412	0.221109
3411	3422	21.447151
3411	3426	2.499376
3411	3427	1.261623
3412	3411	0.221109
3412	3413	0.303030
3412	3425	21.447151
3412	3426	1.398410
3412	3427	9.999900
3413	1461	1.613549
3413	3412	0.303030
3413	3414	0.335119
3413	3425	1.128820
3413	3426	0.874007
3414	1401	1.323201
3414	1460	22.999471
3414	1461	1.730339
3414	3413	0.335119
3414	3415	0.242105
3414	3423	21.447151
3414	3424	1.021314
3414	3425	0.328571
3415	1401	7.498092
3415	1402	7.666608
3415	1403	21.447151
3415	3414	0.242105
3415	3416	0.214953
3415	3420	22.999471
3415	3423	1.261623
3415	3424	0.857904
3416	1403	4.289504
3416	3415	0.214953
3416	3417	0.446825
3416	3420	0.766666
3416	3422	4.289504
3416	3423	4.289504
3417	3416	0.446825
3417	3418	0.912007
3417	3419	0.411297
3417	3420	0.824907
3418	3417	0.912007
3418	3419	0.244444
3418	3975	11.247095
3418	3976	7.498092
3418	3987	0.912007
3418	3988	10.999879
3419	3417	0.411297
3419	3418	0.244444
3419	3420	0.899777
3419	3976	1.071163
3419	3977	0.702951
3419	3986	1.748012
3419	3987	0.806775
3420	3415	22.999471
3420	3416	0.766666
3420	3417	0.824907
3420	3419	0.899777
3420	3421	1.128820
3420	3422	0.612788
3420	3423	21.447151
3420	3451	7.666608
3420	3452	2.249439
3420	3453	22.999471
3420	3977	1.916663
3420	3978	1.072379
3420	3979	21.447151
3420	3986	21.447151
3421	3410	0.322581
3421	3420	1.128820
3421	3422	0.645161
3421	3423	19.999600
3421	3978	1.538459
3421	3979	0.869564
3421	3981	3.999984
3421	3983	3.333322
3421	3984	7.149152
3422	3410	9.999900
3422	3411	21.447151
3422	3416	4.289504
3422	3420	0.612788
3422	3421	0.645161
3422	3423	0.281690
3422	3450	21.447151
3422	3451	2.144756
3422	3978	6.666622
3422	3979	2.499994
3423	3414	21.447151
3423	3415	1.261623
3423	3416	4.289504
3423	3420	21.447151
3423	3421	19.999600
3423	3422	0.281690
3423	3424	0.327869
3423	3450	5.361874
3423	3451	1.021314
3424	1401	10.487978
3424	3244	2.680944
3424	3414	1.021314
3424	3415	0.857904
3424	3423	0.327869
3424	3425	0.382993
3425	1401	0.775670
3425	1461	1.124721
3425	3412	21.447151
3425	3413	1.128820
3425	3414	0.328571
3425	3424	0.382993
3425	3426	0.229535
3426	1461	3.142847
3426	1462	1.906922
3426	3411	2.499376
3426	3412	1.398410
3426	3413	0.874007
3426	3425	0.229535
3426	3427	0.262202
3427	1462	2.222217
3427	1463	3.333322
3427	3402	2.996588
3427	3411	1.261623
3427	3412	9.999900
3427	3426	0.262202
3427	3428	0.487805
3428	3401	0.324964
3428	3402	1.906922
3428	3406	19.999600
3428	3427	0.487805
3428	3429	1.052630
3428	3430	3.574589
3429	3428	1.052630
3429	3430	0.794355
3430	3399	22.999471
3430	3400	1.261623
3430	3401	0.333333
3430	3403	2.811798
3430	3406	1.949779
3430	3428	3.574589
3430	3429	0.794355
3430	3431	0.974890
3430	3432	4.498869
3430	3433	0.456332
3431	3406	0.714285
3431	3407	0.298507
3431	3430	0.974890
3431	3432	0.258965
3431	3433	9.999900
3432	3406	4.195218
3432	3430	4.498869
3432	3431	0.258965
3432	3433	1.104008
3432	4019	1.323201
3432	4020	0.874007
3433	3399	1.072379
3433	3400	1.538459
3433	3403	2.330681
3433	3405	1.176469
3433	3430	0.456332
3433	3431	9.999900
3433	3432	1.104008
3433	3434	0.230619
3433	4019	5.361874
3433	4020	19.999600
3434	3396	0.365079
3434	3397	1.340474
3434	3398	1.249690
3434	3399	1.210525
3434	3433	0.230619
3434	3435	0.591959
3434	3439	2.555549
3434	4019	7.666608
3434	4020	21.447151
3435	3308	1.613549
3435	3309	0.599319
3435	3310	3.213482
3435	3371	20.975737
3435	3396	1.730339
3435	3397	1.233891
3435	3398	0.448979
3435	3434	0.591959
3435	3436	1.047618
3435	3438	1.099999
3435	3439	1.405901
3436	3267	11.247095
3436	3268	3.496017
3436	3301	3.749060
3436	3302	0.998865
3436	3308	20.975737
3436	3309	1.048808
3436	3366	0.415094
3436	3435	1.047618
3436	3437	0.956521
3436	3438	0.275000
3437	3301	7.498092
3437	3302	1.498296
3437	3368	20.975737
3437	3436	0.956521
3437	3438	0.846153
3437	4019	22.493938
3438	3302	1.906922
3438	3303	3.213482
3438	3307	20.975737
3438	3308	1.498296
3438	3309	1.498296
3438	3435	1.099999
3438	3436	0.275000
3438	3437	0.846153
3438	3439	0.374907
3438	4018	20.975737
3439	3306	2.555549
3439	3307	1.261623
3439	3308	1.072379
3439	3398	2.499376
3439	3399	5.749967
3439	3434	2.555549
3439	3435	1.405901
3439	3438	0.374907
3439	3440	0.221109
3440	3306	1.261623
3440	3399	1.649813
3440	3400	1.333332
3440	3439	0.221109
3440	3441	0.320113
3441	3305	1.128820
3441	3306	0.410714
3441	3400	5.361874
3441	3401	22.999471
3441	3440	0.320113
3441	3442	0.210271
3442	3184	3.333322
3442	3304	5.244017
3442	3305	6.666622
3442	3441	0.210271
3442	3443	0.566923
3443	3182	4.195218
3443	3183	1.048808
3443	3184	0.537850
3443	3186	22.493938
3443	3187	3.749060
3443	3248	2.444438
3443	3304	1.692305
3443	3442	0.566923
3443	3444	0.231579
3444	3181	10.999879
3444	3182	20.975737
3444	3187	2.499376
3444	3188	2.499376
3444	3247	3.749060
3444	3248	1.466665
3444	3249	2.330681
3444	3443	0.231579
3444	3445	0.238366
3445	3188	7.149152
3445	3247	1.261623
3445	3249	1.538459
3445	3250	2.222217
3445	3444	0.238366
3445	3446	0.446825
3446	3245	4.599979
3446	3246	1.128820
3446	3247	0.560975
3446	3250	7.149152
3446	3261	3.749060
3446	3445	0.446825
3446	3447	0.803372
3446	3448	0.376274
3447	2296	4.498869
3447	2297	11.247095
3447	2298	0.446301
3447	2316	1.498296
3447	2317	0.803372
3447	3259	5.499970
3447	3260	3.666653
3447	3446	0.803372
3447	3448	0.874007
3448	3245	1.191533
3448	3246	9.999900
3448	3260	1.165342
3448	3446	0.376274
3448	3447	0.874007
3448	3449	0.384615
3448	4033	19.999600
3449	3244	1.261623
3449	3245	0.549938
3449	3448	0.384615
3449	3450	0.579665
3449	4033	1.538459
3449	4034	10.723690
3450	3243	1.429839
3450	3244	0.306667
3450	3422	21.447151
3450	3423	5.361874
3450	3449	0.579665
3450	3451	0.280488
3451	3242	1.191533
3451	3243	0.794355
3451	3420	7.666608
3451	3422	2.144756
3451	3423	1.021314
3451	3450	0.280488
3451	3452	0.274322
3451	3979	21.447151
3452	3241	1.233891
3452	3242	0.676650
3452	3420	2.249439
3452	3451	0.274322
3452	3453	0.292136
3452	3978	20.975737
3453	3240	1.128820
3453	3241	0.595767
3453	3420	22.999471
3453	3452	0.292136
3453	3454	0.246524
3454	3239	1.261623
3454	3240	1.666664
3454	3453	0.246524
3454	3455	0.243723
3455	3165	2.555549
3455	3169	5.749967
3455	3170	10.723690
3455	3239	0.851851
3455	3454	0.243723
3455	3456	0.235688
3456	3158	10.723690
3456	3159	20.975737
3456	3165	1.261623
3456	3168	10.487978
3456	3169	4.289504
3456	3170	1.052630
3456	3455	0.235688
3456	3457	0.263158
3457	3158	0.466252
3457	3159	0.998865
3457	3165	1.261623
3457	3168	5.244017
3457	3169	3.574589
3457	3456	0.263158
3457	3458	0.893650
3457	3459	1.666664
3458	3154	0.974890
3458	3155	7.498092
3458	3157	22.999471
3458	3158	3.285703
3458	3457	0.893650
3458	3459	0.691858
3458	3460	1.072379
3458	3461	2.144756
3458	3462	1.531970
3458	3463	0.383333
3459	3158	4.289504
3459	3159	0.403388
3459	3160	1.311009
3459	3161	0.999999
3459	3166	4.999975
3459	3167	1.398410
3459	3168	10.487978
3459	3457	1.666664
3459	3458	0.691858
3459	3460	0.273973
3460	3157	1.261623
3460	3158	4.289504
3460	3160	0.874007
3460	3161	1.333332
3460	3458	1.072379
3460	3459	0.273973
3460	3461	0.476190
3461	3155	20.975737
3461	3156	1.498296
3461	3157	0.765986
3461	3458	2.144756
3461	3460	0.476190
3461	3462	0.227273
3461	3463	10.723690
3462	3155	1.748012
3462	3156	2.622015
3462	3458	1.531970
3462	3461	0.227273
3462	3463	0.404672
3462	4154	6.666622
3463	3154	1.261623
3463	3458	0.383333
3463	3461	10.723690
3463	3462	0.404672
3463	3464	0.277108
3464	3153	1.261623
3464	3154	0.691858
3464	3463	0.277108
3464	3465	0.240984
3464	4113	7.666608
3464	4114	5.361874
3464	4151	10.723690
3464	4152	1.340474
3464	4153	22.493938
3465	3152	1.191533
3465	3153	1.818179
3465	3464	0.240984
3465	3466	0.306394
3465	4113	2.680944
3465	4114	0.799999
3465	4150	3.574589
3465	4151	1.176469
3465	4152	2.499994
3466	3151	1.261623
3466	3152	0.359375
3466	3465	0.306394
3466	3467	0.281180
3466	4114	4.289504
3466	4115	2.680944
3466	4116	1.949779
3466	4150	7.666608
3467	3149	20.975737
3467	3150	1.498296
3467	3151	0.676650
3467	3466	0.281180
3467	3468	0.249938
3467	4116	0.635641
3467	4140	10.999879
3467	4141	10.999879
3468	2772	3.063935
3468	3148	21.447151
3468	3149	1.261623
3468	3150	0.857904
3468	3467	0.249938
3468	3469	0.255555
3468	4140	2.811798
3469	2772	0.739572
3469	3148	1.261623
3469	3149	0.739572
3469	3468	0.255555
3469	3470	0.270588
3470	2768	22.493938
3470	3146	7.498092
3470	3147	1.072379
3470	3148	0.714920
3470	3469	0.270588
3470	3471	0.206371
3471	2767	21.999516
3471	2768	10.999879
3471	3143	10.999879
3471	3145	2.444438
3471	3146	1.294116
3471	3147	2.996588
3471	3470	0.206371
3471	3472	0.487818
3471	3515	7.498092
3472	2767	3.496017
3472	3142	1.261623
3472	3143	1.613549
3472	3145	3.496017
3472	3471	0.487818
3472	3473	0.377358
3472	3514	3.574589
3472	3515	7.149152
3472	4248	1.398410
3472	4249	19.999600
3473	3141	0.974890
3473	3142	0.523112
3473	3472	0.377358
3473	3474	0.357143
3473	3513	9.999900
3473	3514	10.723690
3473	4248	10.487978
3473	4249	1.249998
3474	3140	1.072379
3474	3141	0.466252
3474	3473	0.357143
3474	3475	0.389956
3475	2786	22.493938
3475	3139	1.261623
3475	3140	0.359375
3475	3474	0.389956
3475	3476	0.261364
3476	2768	22.493938
3476	2769	1.261623
3476	2825	1.340474
3476	2826	10.723690
3476	3139	0.523112
3476	3475	0.261364
3476	3477	0.302079
3477	2768	1.498296
3477	2824	21.447151
3477	2825	2.222217
3477	2826	9.999900
3477	3476	0.302079
3477	3478	0.228166
3478	2765	0.479166
3478	2766	0.691858
3478	2767	1.405901
3478	2768	1.499627
3478	2824	5.749967
3478	3477	0.228166
3478	3479	0.803372
3479	2305	4.195218
3479	2764	1.571426
3479	2765	4.498869
3479	2766	1.498296
3479	2767	0.318840
3479	3478	0.803372
3479	3480	0.241758
3479	4040	1.498296
3480	2305	0.806775
3480	2763	0.899777
3480	2764	1.294116
3480	2766	20.975737
3480	3479	0.241758
3480	3481	0.278481
3480	4040	1.906922
3481	2305	6.992010
3481	2763	1.124721
3481	3480	0.278481
3481	3482	0.374574
3481	3523	21.999516
3481	3524	21.999516
3482	2761	6.992010
3482	2762	1.538459
3482	2763	1.949779
3482	3481	0.374574
3482	3483	0.243902
3482	3523	4.195218
3482	3524	2.996588
3482	3525	20.975737
3483	2138	0.893650
3483	2761	1.498296
3483	2762	2.857135
3483	3482	0.243902
3483	3484	0.794355
3483	3485	2.330681
3483	3524	6.992010
3484	2094	1.261623
3484	2122	0.291139
3484	2137	0.576780
3484	2138	1.642854
3484	2139	3.063935
3484	3483	0.794355
3484	3485	0.220534
3484	3501	22.999471
3485	2094	2.622015
3485	2095	3.666653
3485	2138	2.249439
3485	3483	2.330681
3485	3484	0.220534
3485	3486	0.278481
3485	3501	1.606743
3486	2095	1.047618
3486	3485	0.278481
3486	3487	0.655505
3486	3488	0.332955
3486	3500	1.311009
3486	3501	0.803372
3487	2093	1.072379
3487	2095	0.466137
3487	2096	21.447151
3487	3486	0.655505
3487	3488	0.666666
3488	2093	0.824907
3488	3486	0.332955
3488	3487	0.666666
3488	3489	1.261623
3488	3500	0.999999
3488	4043	1.176469
3488	4044	2.857135
3489	2092	0.387835
3489	2093	2.874992
3489	3488	1.261623
3489	3490	0.302631
3489	3500	1.949779
3489	3505	21.447151
3489	3506	1.261623
3489	3507	1.340474
3489	4044	0.974890
3489	4045	1.642854
3490	2629	21.447151
3490	2630	4.599979
3490	2631	22.493938
3490	3489	0.302631
3490	3491	0.249391
3490	3500	7.149152
3490	3504	3.833319
3490	3505	1.261623
3490	3506	0.824907
3490	4044	10.723690
3491	2629	0.909090
3491	2630	1.261623
3491	2631	2.097613
3491	2632	19.999600
3491	3490	0.249391
3491	3492	0.243902
3491	3503	5.361874
3491	3504	1.261623
3491	3505	19.999600
3492	2629	0.999999
3492	2630	21.447151
3492	2631	20.975737
3492	2632	2.222217
3492	3491	0.243902
3492	3493	0.278540
3492	3503	1.261623
3492	3504	1.531970
3493	2531	5.623579
3493	2532	1.071163
3493	3492	0.278540
3493	3494	0.212353
3493	3499	11.247095
3493	3502	1.191533
3493	3503	0.418182
3494	2532	0.998865
3494	2533	9.999900
3494	3493	0.212353
3494	3495	0.289832
3494	3499	1.048808
3494	3502	4.999975
3495	2131	1.606743
3495	2132	0.884615
3495	2533	2.680944
3495	3494	0.289832
3495	3496	1.124721
3495	3497	0.562361
3495	3498	3.833319
3495	3499	0.459070
3496	2126	7.333280
3496	2127	5.244017
3496	2129	0.274322
3496	2130	0.318840
3496	2132	1.606743
3496	2534	10.999879
3496	3495	1.124721
3496	3497	0.564102
3496	3926	2.330681
3497	2129	22.493938
3497	2132	2.044945
3497	2511	0.374574
3497	3495	0.562361
3497	3496	0.564102
3497	3498	0.978018
3497	3881	5.623579
3497	3882	0.775670
3497	3883	20.975737
3497	3925	0.511614
3498	2133	7.149152
3498	3495	3.833319
3498	3497	0.978018
3498	3499	1.071163
3498	3880	7.498092
3498	3881	0.884615
3498	3882	4.599979
3498	3998	21.447151
3498	3999	0.523126
3499	2121	1.498296
3499	2131	0.733333
3499	2133	3.496017
3499	3493	11.247095
3499	3494	1.048808
3499	3495	0.459070
3499	3498	1.071163
3499	3500	0.635641
3499	3501	1.874533
3499	3502	0.499433
3500	2133	3.999984
3500	3486	1.311009
3500	3488	0.999999
3500	3489	1.949779
3500	3490	7.149152
3500	3499	0.635641
3500	3501	0.466252
3501	2094	0.523112
3501	2095	3.213482
3501	2121	4.289504
3501	3484	22.999471
3501	3485	1.606743
3501	3486	0.803372
3501	3499	1.874533
3501	3500	0.466252
3501	3502	0.670237
3502	2094	19.999600
3502	2121	0.625000
3502	2532	1.613549
3502	2533	9.999900
3502	3493	1.191533
3502	3494	4.999975
3502	3499	0.499433
3502	3501	0.670237
3502	3503	0.466252
3503	2531	0.899777
3503	2532	0.775670
3503	3491	5.361874
3503	3492	1.261623
3503	3493	0.418182
3503	3502	0.466252
3503	3504	0.242105
3504	2531	5.623579
3504	2631	5.623579
3504	2632	4.289504
3504	2634	1.437498
3504	2635	3.833319
3504	3490	3.833319
3504	3491	1.261623
3504	3492	1.531970
3504	3503	0.242105
3504	3505	0.216642
3505	2558	19.999600
3505	2631	2.097613
3505	2634	10.723690
3505	2635	3.063935
3505	3489	21.447151
3505	3490	1.261623
3505	3491	19.999600
3505	3504	0.216642
3505	3506	0.322581
3506	2630	2.680944
3506	3489	1.261623
3506	3490	0.824907
3506	3505	0.322581
3506	3507	0.250000
3507	2092	1.165342
3507	3489	1.340474
3507	3506	0.250000
3507	3508	0.283462
3508	2091	0.261905
3508	2092	0.500000
3508	3507	0.283462
3508	3509	0.839046
3509	2089	1.311009
3509	2090	0.952380
3509	2091	0.776895
3509	3508	0.839046
3509	3510	0.363636
3509	4052	1.072379
3509	4053	6.666622
3509	4205	0.376274
3509	4207	6.666622
3510	2089	1.233891
3510	2091	6.992010
3510	3509	0.363636
3510	3511	0.277778
3510	4051	1.021314
3510	4052	0.510657
3511	3510	0.277778
3511	3512	0.446825
3511	4050	1.072379
3511	4051	0.612788
3512	3511	0.446825
3512	3513	0.240984
3512	4048	22.493938
3512	4049	1.072379
3512	4050	0.319444
3513	3473	9.999900
3513	3512	0.240984
3513	3514	0.404672
3513	4048	1.498296
3513	4049	4.999975
3513	4248	1.906922
3513	4249	19.999600
3514	3145	2.499376
3514	3472	3.574589
3514	3473	10.723690
3514	3513	0.404672
3514	3515	0.250000
3514	4047	1.072379
3514	4048	0.459070
3514	4248	0.607958
3515	3145	2.811798
3515	3146	1.183917
3515	3471	7.498092
3515	3472	7.149152
3515	3514	0.250000
3515	3516	0.282205
3515	4045	22.999471
3515	4046	1.072379
3515	4047	0.630812
3516	3146	20.975737
3516	3515	0.282205
3516	3517	0.243909
3516	4045	1.128820
3516	4046	2.222217
3517	3516	0.243909
3517	3518	0.661601
3517	3519	11.247095
3517	4005	0.865170
3517	4041	0.314286
3517	4044	10.487978
3517	4045	7.498092
3518	3517	0.661601
3518	3519	0.255555
3518	4002	10.723690
3518	4004	22.493938
3518	4005	3.285703
3518	4044	1.261623
3518	4045	0.741935
3519	2133	21.447151
3519	3517	11.247095
3519	3518	0.255555
3519	3520	0.247192
3519	4004	2.811798
3519	4041	5.623579
3519	4043	0.974890
3519	4044	0.595767
3520	2133	2.330681
3520	3519	0.247192
3520	3521	0.537850
3520	3522	1.730339
3520	3999	21.999516
3520	4004	1.999996
3520	4041	10.999879
3520	4042	1.398410
3520	4043	0.749149
3521	2133	0.408163
3521	2134	2.622015
3521	3520	0.537850
3521	3522	0.765986
3521	3523	20.975737
3521	3926	3.999984
3521	3927	4.999975
3521	3931	1.999996
3521	3999	3.496017
3522	3520	1.730339
3522	3521	0.765986
3522	3523	0.284740
3522	3931	5.361874
3522	4004	0.261563
3523	3481	21.999516
3523	3482	4.195218
3523	3521	20.975737
3523	3522	0.284740
3523	3524	0.213592
3523	4038	1.311009
3524	3481	21.999516
3524	3482	2.996588
3524	3483	6.992010
3524	3523	0.213592
3524	3525	0.415094
3524	3932	22.493938
3524	4038	3.496017
3525	3482	20.975737
3525	3524	0.415094
3525	3526	0.879999
3525	3930	0.278481
3526	2365	1.613549
3526	2366	7.498092
3526	2754	1.613549
3526	3525	0.879999
3526	3527	1.249690
3526	3872	1.730339
3526	3873	11.247095
3526	3929	0.231901
3527	3526	1.249690
3527	3528	0.978018
3527	3529	0.446825
3527	3530	10.723690
3527	3873	11.499868
3527	3874	7.666608
3527	3878	1.874533
3527	3928	0.595767
3527	3929	2.555549
3527	3930	0.441067
3527	3931	10.723690
3528	3527	0.978018
3528	3529	0.839046
3528	3530	20.975737
3528	3872	22.493938
3529	3527	0.446825
3529	3528	0.839046
3529	3530	0.259740
3529	3873	21.447151
3529	3877	1.311009
3529	3878	1.613549
3529	3928	2.857135
3530	3527	10.723690
3530	3528	20.975737
3530	3529	0.259740
3530	3531	0.263158
3530	3678	3.063935
3530	3872	21.447151
3530	3873	1.261623
3530	3876	19.999600
3530	3877	0.524404
3530	3928	9.999900
3531	3530	0.263158
3531	3532	0.273973
3531	3678	7.149152
3531	3679	1.787298
3531	3872	1.261623
3531	3873	1.949779
3531	3876	1.111110
3532	3531	0.273973
3532	3533	0.412454
3532	3679	7.149152
3532	3871	1.072379
3532	3872	1.021314
3532	3876	4.999975
3533	2233	11.247095
3533	2363	22.999471
3533	3532	0.412454
3533	3534	0.794355
3533	3535	0.396552
3533	3870	1.261623
3533	3871	0.425926
3534	1727	4.195218
3534	1728	0.699205
3534	2363	0.549938
3534	2385	0.714285
3534	2386	1.538459
3534	3533	0.794355
3534	3535	1.072379
3534	3672	19.999600
3534	3857	1.613549
3535	1728	4.498869
3535	2233	7.498092
3535	2234	1.249690
3535	3533	0.396552
3535	3534	1.072379
3535	3536	0.270588
3535	3869	1.261623
3535	3870	0.536190
3536	2234	1.874533
3536	2235	1.874533
3536	3535	0.270588
3536	3537	0.216293
3536	3868	1.261623
3536	3869	0.456332
3537	2235	2.199995
3537	2236	2.996588
3537	2350	22.493938
3537	2351	3.666653
3537	3536	0.216293
3537	3538	0.340825
3537	3864	20.975737
3537	3865	1.498296
3537	3867	6.992010
3537	3868	1.498296
3538	2236	21.447151
3538	2334	1.916663
3538	2342	2.811798
3538	2350	0.793103
3538	2351	1.874533
3538	3537	0.340825
3538	3539	0.208229
3538	3863	11.499868
3538	3864	1.531970
3538	3865	0.670237
3538	3867	3.063935
3538	4025	22.493938
3539	2334	7.149152
3539	2342	20.975737
3539	2350	5.361874
3539	2351	6.992010
3539	3538	0.208229
3539	3540	0.416666
3539	3863	1.021314
3539	3864	1.818179
3539	4025	2.097613
3540	3539	0.416666
3540	3541	0.250000
3540	3543	20.975737
3540	3665	21.447151
3540	3670	19.999600
3540	3862	1.498296
3540	3863	0.579665
3540	4024	0.974890
3540	4025	1.165342
3541	3540	0.250000
3541	3542	0.740740
3541	3543	0.599319
3541	3665	0.329963
3541	3862	2.097613
3541	4023	1.249998
3541	4024	1.340474
3542	3541	0.740740
3542	3543	0.912007
3542	3544	19.999600
3542	3665	2.383062
3542	4023	0.952380
3543	3540	20.975737
3543	3541	0.599319
3543	3542	0.912007
3543	3544	0.313077
3543	3665	1.249690
3543	3669	4.498869
3543	3670	1.498296
3543	3671	1.613549
3543	3861	1.294116
3543	3862	0.285714
3544	1730	1.748012
3544	3542	19.999600
3544	3543	0.313077
3544	3545	0.232558
3544	3665	3.574589
3544	3668	10.487978
3544	3669	1.261623
3544	3860	2.330681
3544	3861	0.635641
3545	1730	3.496017
3545	3544	0.232558
3545	3546	0.345929
3545	3665	21.447151
3545	3668	1.498296
3545	3669	1.531970
3545	3860	2.622015
3546	3545	0.345929
3546	3547	0.233126
3546	3666	5.749967
3546	3667	1.021314
3546	3668	0.362813
3547	3546	0.233126
3547	3548	0.437003
3547	3664	1.340474
3547	3666	1.191533
3547	3667	1.999996
3548	3547	0.437003
3548	3549	0.220534
3548	3664	1.323201
3548	3666	0.401686
3549	3548	0.220534
3549	3550	0.233126
3549	3662	11.499868
3549	3663	1.072379
3549	3664	1.149999
3550	3549	0.233126
3550	3551	0.408163
3550	3662	1.261623
3550	3663	3.333322
3551	3356	2.330681
3551	3550	0.408163
3551	3552	0.273973
3551	3661	1.191533
3551	3662	0.612788
3552	3355	1.104008
3552	3356	0.998865
3552	3551	0.273973
3552	3553	0.487445
3552	3660	1.249998
3552	3661	0.691858
3553	3328	1.405901
3553	3329	1.124721
3553	3354	22.999471
3553	3355	1.124721
3553	3552	0.487445
3553	3554	0.242105
3553	3659	1.649813
3553	3660	0.404672
3554	3329	2.499376
3554	3330	22.999471
3554	3553	0.242105
3554	3555	0.238307
3554	3657	22.999471
3554	3658	1.340474
3554	3659	0.893650
3555	1963	4.289504
3555	3554	0.238307
3555	3556	0.428952
3555	3657	1.072379
3555	3658	4.999975
3556	1963	1.533331
3556	1964	4.599979
3556	3555	0.428952
3556	3557	0.230619
3556	3655	3.833319
3556	3656	1.191533
3556	3657	0.348485
3557	3556	0.230619
3557	3558	0.277778
3557	3559	21.447151
3557	3655	1.649813
3557	3656	9.999900
3558	3557	0.277778
3558	3559	0.649927
3558	3636	1.748012
3558	3652	1.165342
3558	3653	1.538459
3558	3654	5.244017
3558	3655	10.723690
3559	3557	21.447151
3559	3558	0.649927
3559	3560	0.377049
3559	3633	1.340474
3559	3634	0.893650
3559	3635	0.865170
3559	3652	0.362813
3560	3559	0.377049
3560	3561	0.240984
3560	3631	22.999471
3560	3632	1.021314
3560	3633	0.510657
3560	3635	3.213482
3561	3560	0.240984
3561	3562	0.317460
3561	3631	1.340474
3561	3632	1.818179
3562	3561	0.317460
3562	3563	0.363636
3562	3630	1.261623
3562	3631	0.893650
3563	3562	0.363636
3563	3564	0.256410
3563	3629	1.787298
3563	3630	0.579665
3564	3563	0.256410
3564	3565	0.294118
3564	3628	1.531970
3564	3629	1.191533
3565	3564	0.294118
3565	3566	0.612788
3565	3627	1.261623
3565	3628	0.595767
3566	3565	0.612788
3566	3567	0.230000
3566	3626	1.261623
3566	3627	0.280488
3567	3566	0.230000
3567	3568	0.255329
3567	3625	1.531970
3567	3626	0.857904
3568	3567	0.255329
3568	3569	0.344827
3568	3623	10.723690
3568	3624	1.949779
3568	3625	2.857135
3569	3568	0.344827
3569	3570	0.351600
3569	3623	1.649813
3569	3624	0.595767
3570	3569	0.351600
3570	3571	0.233126
3570	3622	2.144756
3570	3623	0.469388
3571	3570	0.233126
3571	3572	0.389956
3571	3621	1.340474
3571	3622	2.857135
3572	3571	0.389956
3572	3573	0.351600
3572	3619	7.666608
3572	3620	1.261623
3572	3621	0.365079
3573	3572	0.351600
3573	3574	0.289855
3573	3619	1.649813
3573	3620	6.666622
3574	3573	0.289855
3574	3575	0.277778
3574	3618	1.072379
3574	3619	0.739572
3575	3574	0.277778
3575	3576	0.282205
3575	3615	19.999600
3575	3616	6.666622
3575	3617	1.333332
3575	3618	0.476613
3576	3575	0.282205
3576	3577	1.128820
3576	3584	2.680944
3576	3586	0.359375
3576	3616	1.340474
3576	3617	1.429839
3577	3576	1.128820
3577	3578	0.974890
3577	3584	0.571428
3578	18	0.333333
3578	3577	0.974890
3578	3579	0.238307
3578	3606	7.666608
3578	3607	22.493938
3579	3578	0.238307
3579	3580	0.616946
3579	3581	21.447151
3579	3605	19.999600
3579	3607	10.487978
3580	3579	0.616946
3580	3581	0.368761
3580	3585	21.999516
3580	3604	1.183917
3580	3605	0.699205
3580	3608	5.499970
3581	3579	21.447151
3581	3580	0.368761
3581	3582	0.999999
3581	3583	0.624845
3581	3585	3.749060
3581	3603	11.499868
3581	3604	4.599979
3581	3608	5.623579
3582	3581	0.999999
3582	3583	0.661601
3582	3599	21.447151
3582	3601	21.447151
3582	3602	1.429839
3582	3603	3.833319
3582	3609	1.022474
3583	3581	0.624845
3583	3582	0.661601
3583	3584	0.839046
3583	3585	2.444438
3583	3604	22.493938
3583	3608	4.399981
3583	3609	1.833330
3584	3576	2.680944
3584	3577	0.571428
3584	3583	0.839046
3584	3585	0.998865
3585	3580	21.999516
3585	3581	3.749060
3585	3583	2.444438
3585	3584	0.998865
3585	3586	0.937268
3585	3587	11.247095
3585	3605	3.496017
3585	3607	0.423077
3585	3608	0.578947
3586	3576	0.359375
3586	3585	0.937268
3586	3587	0.280488
3586	3614	21.447151
3586	3615	1.191533
3586	3616	0.487445
3587	3585	11.247095
3587	3586	0.280488
3587	3588	0.223413
3587	3607	11.247095
3587	3613	1.606743
3587	3614	1.072379
3587	3615	1.128820
3588	3587	0.223413
3588	3589	0.446825
3588	3606	21.447151
3588	3613	1.613549
3589	3588	0.446825
3589	3590	0.383333
3589	3612	1.191533
3589	3613	0.459070
3590	3589	0.383333
3590	3591	0.315068
3590	3611	1.261623
3590	3612	0.765986
3591	3590	0.315068
3591	3592	0.401686
3591	3609	1.606743
3591	3610	1.787298
3591	3611	4.289504
3592	3591	0.401686
3592	3593	0.624845
3592	3600	1.071163
3592	3610	2.622015
3593	3592	0.624845
3593	3594	0.233126
3593	3597	22.999471
3593	3598	0.605263
3593	3599	0.510657
3593	3600	2.874992
3593	3610	4.289504
3594	3593	0.233126
3594	3595	0.714285
3594	3598	0.893650
3594	3610	6.666622
3594	3611	9.999900
3595	3594	0.714285
3595	3596	0.273973
3595	3597	0.536190
3595	3598	0.523112
3596	3595	0.273973
3596	3597	0.974890
3597	3593	22.999471
3597	3595	0.536190
3597	3596	0.974890
3597	3598	0.479166
3598	3593	0.605263
3598	3594	0.893650
3598	3595	0.523112
3598	3597	0.479166
3598	3599	0.612788
3598	3600	22.999471
3598	3610	4.289504
3599	3582	21.447151
3599	3593	0.510657
3599	3598	0.612788
3599	3600	0.297883
3599	3609	20.975737
3599	3610	2.857135
3600	3592	1.071163
3600	3593	2.874992
3600	3598	22.999471
3600	3599	0.297883
3600	3601	0.404672
3600	3609	1.730339
3600	3610	0.974890
3601	3582	21.447151
3601	3600	0.404672
3601	3602	0.363636
3601	3608	4.195218
3601	3609	1.613549
3602	3582	1.429839
3602	3601	0.363636
3602	3603	0.324964
3602	3604	1.191533
3602	3605	9.999900
3602	3608	6.992010
3602	3609	20.975737
3603	3581	11.499868
3603	3582	3.833319
3603	3602	0.324964
3603	3604	0.343283
3603	3609	22.493938
3604	3580	1.183917
3604	3581	4.599979
3604	3583	22.493938
3604	3602	1.191533
3604	3603	0.343283
3604	3605	0.476613
3604	3608	1.730339
3604	3609	11.247095
3605	3579	19.999600
3605	3580	0.699205
3605	3585	3.496017
3605	3602	9.999900
3605	3604	0.476613
3605	3606	0.794355
3605	3607	0.953462
3605	3608	0.998865
3606	18	7.666608
3606	54	21.447151
3606	55	0.324964
3606	3578	7.666608
3606	3588	21.447151
3606	3605	0.794355
3606	3607	0.264640
3607	3578	22.493938
3607	3579	10.487978
3607	3585	0.423077
3607	3587	11.247095
3607	3605	0.953462
3607	3606	0.264640
3607	3608	0.758620
3608	3580	5.499970
3608	3581	5.623579
3608	3583	4.399981
3608	3585	0.578947
3608	3601	4.195218
3608	3602	6.992010
3608	3604	1.730339
3608	3605	0.998865
3608	3607	0.758620
3608	3609	0.278481
3609	3582	1.022474
3609	3583	1.833330
3609	3591	1.606743
3609	3599	20.975737
3609	3600	1.730339
3609	3601	1.613549
3609	3602	20.975737
3609	3603	22.493938
3609	3604	11.247095
3609	3608	0.278481
3609	3610	0.953462
3610	3591	1.787298
3610	3592	2.622015
3610	3593	4.289504
3610	3594	6.666622
3610	3598	4.289504
3610	3599	2.857135
3610	3600	0.974890
3610	3609	0.953462
3610	3611	0.250000
3611	3590	1.261623
3611	3591	4.289504
3611	3594	9.999900
3611	3610	0.250000
3611	3612	0.416666
3612	3589	1.191533
3612	3590	0.765986
3612	3611	0.416666
3612	3613	0.395777
3613	3587	1.606743
3613	3588	1.613549
3613	3589	0.459070
3613	3612	0.395777
3613	3614	0.249716
3614	3586	21.447151
3614	3587	1.072379
3614	3613	0.249716
3614	3615	0.263158
3615	3575	19.999600
3615	3586	1.191533
3615	3587	1.128820
3615	3614	0.263158
3615	3616	0.540540
3616	3575	6.666622
3616	3576	1.340474
3616	3586	0.487445
3616	3615	0.540540
3616	3617	0.400000
3617	16	0.645161
3617	3575	1.333332
3617	3576	1.429839
3617	3616	0.400000
3617	3618	0.255329
3618	16	7.149152
3618	3574	1.072379
3618	3575	0.476613
3618	3617	0.255329
3618	3619	0.232323
3619	3572	7.666608
3619	3573	1.649813
3619	3574	0.739572
3619	3618	0.232323
3619	3620	0.230619
3620	3572	1.261623
3620	3573	6.666622
3620	3619	0.230619
3620	3621	0.345929
3621	3571	1.340474
3621	3572	0.365079
3621	3620	0.345929
3621	3622	0.282205
3622	3570	2.144756
3622	3571	2.857135
3622	3621	0.282205
3622	3623	0.510657
3623	3568	10.723690
3623	3569	1.649813
3623	3570	0.469388
3623	3622	0.510657
3623	3624	0.333333
3624	3568	1.949779
3624	3569	0.595767
3624	3623	0.333333
3624	3625	0.235688
3625	3567	1.531970
3625	3568	2.857135
3625	3624	0.235688
3625	3626	0.312500
3626	3331	21.447151
3626	3332	10.723690
3626	3566	1.261623
3626	3567	0.857904
3626	3625	0.312500
3626	3627	0.437706
3627	3565	1.261623
3627	3566	0.280488
3627	3626	0.437706
3627	3628	0.273809
3628	3564	1.531970
3628	3565	0.595767
3628	3627	0.273809
3628	3629	0.267442
3629	3563	1.787298
3629	3564	1.191533
3629	3628	0.267442
3629	3630	0.333333
3630	3562	1.261623
3630	3563	0.579665
3630	3629	0.333333
3630	3631	0.239583
3631	3560	22.999471
3631	3561	1.340474
3631	3562	0.893650
3631	3630	0.239583
3631	3632	0.255329
3632	3560	1.021314
3632	3561	1.818179
3632	3631	0.255329
3632	3633	0.312500
3633	3559	1.340474
3633	3560	0.510657
3633	3632	0.312500
3633	3634	0.338983
3633	3652	20.975737
3634	3559	0.893650
3634	3633	0.338983
3634	3635	0.343872
3634	3651	0.315406
3634	3652	1.165342
3635	3559	0.865170
3635	3560	3.213482
3635	3634	0.343872
3635	3636	0.758620
3635	3651	7.498092
3635	3652	4.399981
3636	3558	1.748012
3636	3635	0.758620
3636	3637	0.192442
3636	3650	22.493938
3636	3651	1.606743
3636	3652	0.360656
3636	3653	2.622015
3636	3654	10.999879
3637	3636	0.192442
3637	3638	0.425532
3637	3650	1.021314
3637	3651	7.149152
3637	3653	6.666622
3637	3654	2.097613
3638	3276	3.063935
3638	3637	0.425532
3638	3639	0.317460
3638	3649	1.072379
3638	3650	0.739572
3638	3654	20.975737
3639	3276	0.670237
3639	3638	0.317460
3639	3640	0.263158
3639	3648	1.261623
3639	3649	0.649927
3640	3639	0.263158
3640	3641	0.392157
3640	3646	21.447151
3640	3647	1.649813
3640	3648	0.893650
3641	3640	0.392157
3641	3642	0.932504
3641	3644	0.552004
3641	3646	1.072379
3641	3647	0.579665
3642	2992	2.680944
3642	3641	0.932504
3642	3643	0.676470
3642	3644	1.874533
3643	2992	7.149152
3643	3642	0.676470
3643	3644	0.749814
3644	3641	0.552004
3644	3642	1.874533
3644	3643	0.749814
3644	3645	0.912007
3644	3646	0.381262
3645	3644	0.912007
3645	3646	1.021314
3646	3640	21.447151
3646	3641	1.072379
3646	3644	0.381262
3646	3645	1.021314
3646	3647	0.298701
3647	3640	1.649813
3647	3641	0.579665
3647	3646	0.298701
3647	3648	0.258427
3648	3639	1.261623
3648	3640	0.893650
3648	3647	0.258427
3648	3649	0.270588
3649	3638	1.072379
3649	3639	0.649927
3649	3648	0.270588
3649	3650	0.225490
3650	3636	22.493938
3650	3637	1.021314
3650	3638	0.739572
3650	3649	0.225490
3650	3651	0.273809
3650	3653	7.149152
3651	3634	0.315406
3651	3635	7.498092
3651	3636	1.606743
3651	3637	7.149152
3651	3650	0.273809
3651	3652	0.562361
3651	3653	0.893650
3652	3558	1.165342
3652	3559	0.362813
3652	3633	20.975737
3652	3634	1.165342
3652	3635	4.399981
3652	3636	0.360656
3652	3651	0.562361
3652	3653	0.446301
3653	3558	1.538459
3653	3636	2.622015
3653	3637	6.666622
3653	3650	7.149152
3653	3651	0.893650
3653	3652	0.446301
3653	3654	0.249716
3654	3558	5.244017
3654	3636	10.999879
3654	3637	2.097613
3654	3638	20.975737
3654	3653	0.249716
3654	3655	0.274322
3655	3556	3.833319
3655	3557	1.649813
3655	3558	10.723690
3655	3654	0.274322
3655	3656	0.188137
3656	3556	1.191533
3656	3557	9.999900
3656	3655	0.188137
3656	3657	0.549938
3657	1961	22.999471
3657	1962	3.285703
3657	1963	22.999471
3657	3554	22.999471
3657	3555	1.072379
3657	3556	0.348485
3657	3656	0.549938
3657	3658	0.210271
3658	1943	19.999600
3658	1961	5.361874
3658	1962	0.932504
3658	3554	1.340474
3658	3555	4.999975
3658	3657	0.210271
3658	3659	0.266667
3659	1943	3.999984
3659	1944	1.429839
3659	3329	20.975737
3659	3553	1.649813
3659	3554	0.893650
3659	3658	0.266667
3659	3660	0.454545
3660	1944	21.447151
3660	3328	1.104008
3660	3329	1.906922
3660	3355	10.487978
3660	3552	1.249998
3660	3553	0.404672
3660	3659	0.454545
3660	3661	0.297883
3661	3328	1.874533
3661	3355	1.405901
3661	3356	1.405901
3661	3551	1.191533
3661	3552	0.691858
3661	3660	0.297883
3661	3662	0.252747
3662	3356	3.213482
3662	3357	2.874992
3662	3549	11.499868
3662	3550	1.261623
3662	3551	0.612788
3662	3661	0.252747
3662	3663	0.233126
3663	3357	21.447151
3663	3549	1.072379
3663	3550	3.333322
3663	3662	0.233126
3663	3664	0.233126
3664	3547	1.340474
3664	3548	1.323201
3664	3549	1.149999
3664	3663	0.233126
3664	3665	1.045453
3664	3666	1.916663
3665	3540	21.447151
3665	3541	0.329963
3665	3542	2.383062
3665	3543	1.249690
3665	3544	3.574589
3665	3545	21.447151
3665	3664	1.045453
3665	3666	0.851851
3665	3667	1.787298
3665	3668	11.247095
3666	3546	5.749967
3666	3547	1.191533
3666	3548	0.401686
3666	3664	1.916663
3666	3665	0.851851
3666	3667	0.230619
3667	2334	21.447151
3667	3546	1.021314
3667	3547	1.999996
3667	3665	1.787298
3667	3666	0.230619
3667	3668	0.395777
3668	2334	2.811798
3668	3544	10.487978
3668	3545	1.498296
3668	3546	0.362813
3668	3665	11.247095
3668	3667	0.395777
3668	3669	0.241876
3669	1723	21.447151
3669	1730	2.811798
3669	2237	21.447151
3669	3543	4.498869
3669	3544	1.261623
3669	3545	1.531970
3669	3668	0.241876
3669	3670	0.246524
3669	3861	4.498869
3670	1723	6.666622
3670	1729	1.176469
3670	1730	6.992010
3670	3540	19.999600
3670	3543	1.498296
3670	3669	0.246524
3670	3671	0.285714
3670	3861	1.104008
3670	3862	20.975737
3671	1728	2.330681
3671	1729	1.818179
3671	3543	1.613549
3671	3670	0.285714
3671	3672	0.289855
3671	3857	20.975737
3671	3861	0.487818
3671	3862	1.398410
3671	3863	10.723690
3672	2385	6.666622
3672	3534	19.999600
3672	3671	0.289855
3672	3673	0.893650
3672	3857	4.195218
3672	3862	0.912007
3672	3863	0.932504
3672	3864	6.666622
3673	2385	1.649813
3673	2386	21.447151
3673	3672	0.893650
3673	3674	0.229535
3673	3684	21.447151
3673	3685	1.261623
3673	3853	0.274322
3674	2386	2.097613
3674	2387	1.999996
3674	3673	0.229535
3674	3675	0.268925
3674	3683	22.493938
3674	3684	1.498296
3674	3685	1.311009
3675	2387	1.165342
3675	3674	0.268925
3675	3676	0.243902
3675	3682	10.723690
3675	3683	1.261623
3675	3684	6.666622
3675	3702	2.857135
3676	3675	0.243902
3676	3677	0.932504
3676	3679	0.824907
3676	3680	2.144756
3676	3682	21.447151
3676	3702	1.052630
3677	2505	21.447151
3677	2512	5.749967
3677	2513	1.191533
3677	3676	0.932504
3677	3678	1.210525
3677	3701	7.498092
3677	3702	0.974890
3677	3703	4.599979
3677	3923	1.261623
3677	3924	2.499376
3678	3530	3.063935
3678	3531	7.149152
3678	3677	1.210525
3678	3679	0.234694
3678	3876	2.680944
3678	3877	0.591959
3678	3924	11.247095
3679	3531	1.787298
3679	3532	7.149152
3679	3676	0.824907
3679	3678	0.234694
3679	3680	0.250000
3680	3676	2.144756
3680	3679	0.250000
3680	3681	0.218853
3681	3680	0.218853
3681	3682	0.302079
3682	3675	10.723690
3682	3676	21.447151
3682	3681	0.302079
3682	3683	0.232323
3682	3702	1.261623
3683	3674	22.493938
3683	3675	1.261623
3683	3682	0.232323
3683	3684	0.208229
3683	3702	1.128820
3684	3673	21.447151
3684	3674	1.498296
3684	3675	6.666622
3684	3683	0.208229
3684	3685	0.350877
3685	3673	1.261623
3685	3674	1.311009
3685	3684	0.350877
3685	3686	0.794355
3685	3853	0.806775
3685	3854	2.222217
3686	3685	0.794355
3686	3687	0.243723
3686	3707	22.999471
3686	3708	1.261623
3686	3709	0.589743
3686	3854	0.310835
3686	3855	11.499868
3687	3686	0.243723
3687	3688	0.370370
3687	3707	1.261623
3687	3708	1.538459
3687	3815	2.097613
3688	3687	0.370370
3688	3689	0.357143
3688	3706	1.340474
3688	3707	0.523112
3688	3754	1.748012
3688	3814	4.999975
3688	3815	0.635641
3689	3688	0.357143
3689	3690	0.400000
3689	3705	1.498296
3689	3706	0.670237
3689	3754	3.496017
3689	3755	1.233891
3689	3756	7.149152
3689	3814	2.222217
3690	2462	2.330681
3690	3689	0.400000
3690	3691	0.285714
3690	3704	1.021314
3690	3705	0.953462
3690	3755	6.992010
3690	3756	4.289504
3691	2461	1.048808
3691	2462	1.498296
3691	3690	0.285714
3691	3692	0.259740
3691	3703	1.340474
3691	3704	0.649927
3692	2461	4.195218
3692	2503	6.992010
3692	2504	7.149152
3692	3691	0.259740
3692	3693	0.265521
3692	3694	20.975737
3692	3700	4.195218
3692	3701	6.992010
3692	3703	1.261623
3693	2503	1.692305
3693	3692	0.265521
3693	3694	0.366667
3693	3699	0.655505
3693	3700	1.466665
3694	2418	2.097613
3694	2502	1.606743
3694	2516	1.071163
3694	3692	20.975737
3694	3693	0.366667
3694	3695	0.814814
3694	3698	5.623579
3694	3699	1.498296
3695	2416	0.361658
3695	2417	0.548645
3695	2418	0.349603
3695	2468	2.749992
3695	2469	1.222221
3695	2470	0.401686
3695	3694	0.814814
3695	3696	0.758620
3696	2415	20.975737
3696	2416	4.195218
3696	2470	5.623579
3696	2471	2.044945
3696	2472	0.749814
3696	3695	0.758620
3696	3697	0.244505
3696	3698	22.493938
3697	2417	22.999471
3697	3696	0.244505
3697	3698	0.184000
3698	2516	5.749967
3698	2517	10.723690
3698	3694	5.623579
3698	3696	22.493938
3698	3697	0.184000
3698	3699	0.223413
3699	2515	3.333322
3699	2516	2.383062
3699	3693	0.655505
3699	3694	1.498296
3699	3698	0.223413
3699	3700	0.723316
3700	2503	3.666653
3700	2504	2.499376
3700	2514	0.776895
3700	2515	0.599319
3700	3692	4.195218
3700	3693	1.466665
3700	3699	0.723316
3700	3701	0.258823
3701	2504	1.124721
3701	2505	10.487978
3701	2514	2.330681
3701	3677	7.498092
3701	3692	6.992010
3701	3700	0.258823
3701	3702	0.776895
3701	3703	0.351476
3702	3675	2.857135
3702	3676	1.052630
3702	3677	0.974890
3702	3682	1.261623
3702	3683	1.128820
3702	3701	0.776895
3702	3703	0.974890
3703	2461	11.247095
3703	2504	11.499868
3703	2505	5.361874
3703	3677	4.599979
3703	3691	1.340474
3703	3692	1.261623
3703	3701	0.351476
3703	3702	0.974890
3703	3704	0.365079
3704	2461	1.323201
3704	2462	1.323201
3704	3690	1.021314
3704	3691	0.649927
3704	3703	0.365079
3704	3705	0.252746
3705	2462	10.999879
3705	3689	1.498296
3705	3690	0.953462
3705	3704	0.252746
3705	3706	0.303979
3706	3688	1.340474
3706	3689	0.670237
3706	3705	0.303979
3706	3707	0.291139
3706	3754	2.044945
3707	3686	22.999471
3707	3687	1.261623
3707	3688	0.523112
3707	3706	0.291139
3707	3708	0.278540
3707	3754	0.937268
3707	3815	1.249690
3708	3686	1.261623
3708	3687	1.538459
3708	3707	0.278540
3708	3709	0.630812
3708	3815	1.048808
3708	3816	2.144756
3709	3686	0.589743
3709	3708	0.630812
3709	3710	0.456332
3709	3816	4.599979
3709	3817	1.191533
3709	3852	0.387835
3709	3854	1.261623
3710	3709	0.456332
3710	3711	0.298507
3710	3752	1.429839
3710	3753	19.999600
3710	3816	0.335119
3710	3817	6.666622
3711	3710	0.298507
3711	3712	0.370370
3711	3715	2.996588
3711	3752	1.340474
3711	3810	21.447151
3711	3811	1.261623
3712	3711	0.370370
3712	3713	0.912007
3712	3714	6.992010
3712	3715	0.466137
3712	3773	1.748012
3712	3810	1.261623
3712	3811	0.739572
3713	3712	0.912007
3713	3714	0.392857
3713	3771	20.975737
3713	3773	0.611111
3714	3712	6.992010
3714	3713	0.392857
3714	3715	0.611111
3714	3716	0.277709
3714	3771	1.613549
3714	3773	1.999996
3714	3810	22.493938
3715	3711	2.996588
3715	3712	0.466137
3715	3714	0.611111
3715	3716	1.022474
3715	3752	1.071163
3715	3810	22.493938
3715	3811	11.247095
3716	3714	0.277709
3716	3715	1.022474
3716	3717	0.396552
3716	3770	1.261623
3716	3771	1.261623
3716	3773	2.044945
3716	3810	1.277776
3716	3811	1.437498
3716	3812	7.149152
3717	3716	0.396552
3717	3718	0.208229
3717	3768	2.874992
3717	3769	1.261623
3717	3770	0.630812
3717	3772	11.499868
3717	3773	4.498869
3717	3800	4.599979
3717	3801	3.574589
3717	3808	3.063935
3717	3810	11.499868
3717	3811	5.749967
3717	3812	21.447151
3718	3717	0.208229
3718	3719	0.322581
3718	3767	21.447151
3718	3768	1.429839
3718	3769	19.999600
3718	3800	7.149152
3718	3801	0.740740
3718	3802	21.447151
3718	3806	3.574589
3718	3807	1.111110
3718	3808	2.499994
3719	1535	2.236063
3719	3718	0.322581
3719	3720	0.294118
3719	3767	0.974890
3719	3768	0.739572
3719	3801	3.333322
3719	3802	0.974890
3719	3804	20.975737
3719	3805	4.195218
3719	3806	3.574589
3720	1532	12.648951
3720	1535	13.416228
3720	1608	3.872968
3720	1609	4.472116
3720	3719	0.294118
3720	3721	0.317460
3720	3766	1.261623
3720	3767	1.072379
3720	3804	6.992010
3721	1532	1.581136
3721	1606	8.944192
3721	1608	7.745907
3721	1609	13.416228
3721	3720	0.317460
3721	3722	0.327869
3721	3765	1.191533
3721	3766	0.714920
3722	3721	0.327869
3722	3723	0.392157
3722	3764	1.261623
3722	3765	0.523112
3723	1527	13.416228
3723	1529	0.570476
3723	3722	0.392157
3723	3724	0.769230
3723	3760	1.498296
3723	3762	1.233891
3723	3764	0.536190
3724	3723	0.769230
3724	3725	0.349603
3724	3745	4.289504
3724	3746	21.447151
3724	3747	1.906922
3724	3748	1.261623
3724	3749	1.104008
3724	3760	0.912007
3725	3724	0.349603
3725	3726	0.288390
3725	3745	1.730339
3725	3746	22.493938
3725	3748	0.335738
3725	3749	1.833330
3726	3725	0.288390
3726	3727	0.261364
3726	3737	7.498092
3726	3743	21.447151
3726	3744	1.072379
3726	3745	0.821428
3727	3726	0.261364
3727	3728	0.289832
3727	3742	22.999471
3727	3743	1.261623
3727	3744	0.691858
3728	3727	0.289832
3728	3729	0.389956
3728	3742	1.261623
3728	3743	3.333322
3729	3728	0.389956
3729	3730	0.255555
3729	3741	1.340474
3729	3742	0.377049
3730	3729	0.255555
3730	3731	0.252747
3730	3740	1.021314
3730	3741	0.630812
3731	3730	0.252747
3731	3732	0.978018
3731	3739	1.649813
3731	3740	0.794355
3732	3731	0.978018
3732	3733	0.349603
3733	3732	0.349603
3733	3734	0.382993
3734	3733	0.382993
3734	3735	0.793103
3734	3736	11.247095
3734	3738	5.623579
3735	3734	0.793103
3735	3736	0.214233
3735	3737	0.624845
3736	3734	11.247095
3736	3735	0.214233
3736	3737	0.709677
3737	3726	7.498092
3737	3735	0.624845
3737	3736	0.709677
3737	3738	0.846153
3738	3734	5.623579
3738	3737	0.846153
3738	3739	0.437003
3739	3731	1.649813
3739	3738	0.437003
3739	3740	0.645161
3740	3730	1.021314
3740	3731	0.794355
3740	3739	0.645161
3740	3741	0.327869
3741	3729	1.340474
3741	3730	0.630812
3741	3740	0.327869
3741	3742	0.351600
3742	3727	22.999471
3742	3728	1.261623
3742	3729	0.377049
3742	3741	0.351600
3742	3743	0.289832
3743	3726	21.447151
3743	3727	1.261623
3743	3728	3.333322
3743	3742	0.289832
3743	3744	0.285714
3744	3726	1.072379
3744	3727	0.691858
3744	3743	0.285714
3744	3745	0.218853
3745	3724	4.289504
3745	3725	1.730339
3745	3726	0.821428
3745	3744	0.218853
3745	3746	1.149999
3745	3748	22.999471
3746	1527	4.795809
3746	3724	21.447151
3746	3725	22.493938
3746	3745	1.149999
3746	3747	0.255619
3746	3748	22.999471
3746	3761	1.769228
3747	3724	1.906922
3747	3746	0.255619
3747	3748	0.478605
3747	3749	21.999516
3747	3760	0.285714
3748	3724	1.261623
3748	3725	0.335738
3748	3745	22.999471
3748	3746	22.999471
3748	3747	0.478605
3748	3749	0.775670
3748	3759	21.447151
3748	3760	11.247095
3749	3724	1.104008
3749	3725	1.833330
3749	3747	21.999516
3749	3748	0.775670
3749	3750	0.261563
3749	3760	1.047618
3749	3762	2.199995
3749	3764	22.493938
3750	3749	0.261563
3750	3751	0.202336
3750	3758	3.285703
3750	3759	1.340474
3750	3762	3.749060
3750	3763	7.498092
3750	3764	0.999999
3750	3765	11.499868
3751	3750	0.202336
3751	3752	0.893650
3751	3758	1.261623
3751	3759	9.999900
3751	3763	6.992010
3751	3764	1.531970
3751	3765	21.447151
3751	3812	1.428569
3752	3710	1.429839
3752	3711	1.340474
3752	3715	1.071163
3752	3751	0.893650
3752	3753	0.264785
3752	3811	11.499868
3752	3816	4.599979
3753	3710	19.999600
3753	3752	0.264785
3753	3754	0.953462
3753	3815	6.992010
3753	3816	1.261623
3754	3688	1.748012
3754	3689	3.496017
3754	3706	2.044945
3754	3707	0.937268
3754	3753	0.953462
3754	3755	0.239130
3754	3814	2.622015
3754	3815	0.458333
3755	3689	1.233891
3755	3690	6.992010
3755	3754	0.239130
3755	3756	0.239303
3755	3813	20.975737
3755	3814	1.498296
3756	3689	7.149152
3756	3690	4.289504
3756	3755	0.239303
3756	3757	0.227723
3756	3812	21.447151
3756	3813	1.261623
3756	3814	3.063935
3757	2464	21.447151
3757	3756	0.227723
3757	3758	0.214953
3757	3812	1.261623
3757	3813	0.974890
3758	3750	3.285703
3758	3751	1.261623
3758	3757	0.214953
3758	3759	0.223413
3758	3763	1.022474
3758	3812	0.857904
3759	3748	21.447151
3759	3750	1.340474
3759	3751	9.999900
3759	3758	0.223413
3759	3760	0.912007
3759	3762	1.906922
3759	3763	0.776895
3760	3723	1.498296
3760	3724	0.912007
3760	3747	0.285714
3760	3748	11.247095
3760	3749	1.047618
3760	3759	0.912007
3760	3761	0.937268
3760	3762	0.309859
3761	1529	1.988243
3761	1531	0.691564
3761	1534	2.712925
3761	3746	1.769228
3761	3760	0.937268
3761	3762	1.022474
3762	3723	1.233891
3762	3749	2.199995
3762	3750	3.749060
3762	3759	1.906922
3762	3760	0.309859
3762	3761	1.022474
3762	3763	0.666666
3762	3764	0.368761
3763	3750	7.498092
3763	3751	6.992010
3763	3758	1.022474
3763	3759	0.776895
3763	3762	0.666666
3763	3764	0.978018
3763	3812	1.048808
3764	3722	1.261623
3764	3723	0.536190
3764	3749	22.493938
3764	3750	0.999999
3764	3751	1.531970
3764	3762	0.368761
3764	3763	0.978018
3764	3765	0.277108
3764	3812	10.723690
3765	3721	1.191533
3765	3722	0.523112
3765	3750	11.499868
3765	3751	21.447151
3765	3764	0.277108
3765	3766	0.283951
3766	3720	1.261623
3766	3721	0.714920
3766	3765	0.283951
3766	3767	0.252747
3767	3718	21.447151
3767	3719	0.974890
3767	3720	1.072379
3767	3766	0.252747
3767	3768	0.315068
3768	3717	2.874992
3768	3718	1.429839
3768	3719	0.739572
3768	3767	0.315068
3768	3769	0.214476
3768	3801	5.361874
3768	3802	7.666608
3769	3717	1.261623
3769	3718	19.999600
3769	3768	0.214476
3769	3770	0.465116
3769	3801	1.818179
3770	3716	1.261623
3770	3717	0.630812
3770	3769	0.465116
3770	3771	0.327869
3770	3800	1.340474
3770	3801	2.499994
3771	3713	20.975737
3771	3714	1.613549
3771	3716	1.261623
3771	3770	0.327869
3771	3772	0.893650
3771	3773	10.487978
3771	3800	5.361874
3772	3717	11.499868
3772	3771	0.893650
3772	3773	1.022474
3772	3774	0.363519
3772	3797	22.999471
3772	3798	2.090905
3772	3799	0.638888
3772	3808	0.306394
3772	3809	0.919999
3773	3712	1.748012
3773	3713	0.611111
3773	3714	1.999996
3773	3716	2.044945
3773	3717	4.498869
3773	3771	10.487978
3773	3772	1.022474
3773	3774	1.048808
3773	3808	20.975737
3773	3810	0.218393
3774	3772	0.363519
3774	3773	1.048808
3774	3775	0.322581
3774	3797	1.340474
3774	3798	2.680944
3774	3809	1.021314
3775	3774	0.322581
3775	3776	0.363519
3775	3796	1.498296
3775	3797	0.824907
3775	3809	1.191533
3776	2202	21.447151
3776	2203	3.285703
3776	2205	1.730339
3776	2207	7.498092
3776	3775	0.363519
3776	3777	0.243723
3776	3794	22.999471
3776	3795	1.072379
3776	3796	0.362813
3776	3809	1.916663
3777	2202	4.999975
3777	2203	21.447151
3777	2207	20.975737
3777	2208	2.383062
3777	3776	0.243723
3777	3778	0.238307
3777	3794	1.021314
3777	3795	6.666622
3777	3809	1.649813
3778	2208	4.599979
3778	2209	1.437498
3778	3777	0.238307
3778	3779	0.803372
3778	3792	0.621621
3778	3793	1.323201
3778	3794	1.533331
3779	2209	3.749060
3779	3778	0.803372
3779	3780	0.241876
3779	3792	1.874533
3779	3793	0.400000
3780	3779	0.241876
3780	3781	0.280488
3780	3791	1.340474
3780	3792	1.210525
3781	3780	0.280488
3781	3782	0.261556
3781	3790	1.261623
3781	3791	0.739572
3782	3781	0.261556
3782	3783	0.222222
3782	3789	1.261623
3782	3790	1.249998
3783	3782	0.222222
3783	3784	0.270270
3783	3788	4.195218
3783	3789	1.191533
3784	3783	0.270270
3784	3785	0.974890
3784	3786	1.666664
3784	3787	20.975737
3784	3788	6.992010
3785	2381	2.874992
3785	2382	0.978018
3785	2383	7.149152
3785	2391	21.447151
3785	2392	0.794355
3785	2393	1.323201
3785	3784	0.974890
3785	3786	0.206227
3785	3855	7.666608
3786	2382	20.975737
3786	3784	1.666664
3786	3785	0.206227
3786	3787	0.223151
3786	3855	1.191533
3787	3784	20.975737
3787	3786	0.223151
3787	3788	0.265060
3787	3855	1.874533
3788	3783	4.195218
3788	3784	6.992010
3788	3787	0.265060
3788	3789	0.284740
3789	3782	1.261623
3789	3783	1.191533
3789	3788	0.284740
3789	3790	0.243723
3790	3781	1.261623
3790	3782	1.249998
3790	3789	0.243723
3790	3791	0.400000
3791	3780	1.340474
3791	3781	0.739572
3791	3790	0.400000
3791	3792	0.278540
3792	3778	0.621621
3792	3779	1.874533
3792	3780	1.210525
3792	3791	0.278540
3792	3793	0.591959
3793	3778	1.323201
3793	3779	0.400000
3793	3792	0.591959
3793	3794	0.241876
3794	2208	22.999471
3794	3776	22.999471
3794	3777	1.021314
3794	3778	1.533331
3794	3793	0.241876
3794	3795	0.278540
3794	3809	22.999471
3795	2207	2.996588
3795	3776	1.072379
3795	3777	6.666622
3795	3794	0.278540
3795	3796	0.368003
3795	3809	7.149152
3796	2204	1.692305
3796	2205	3.142847
3796	3775	1.498296
3796	3776	0.362813
3796	3795	0.368003
3796	3797	0.227217
3796	3809	7.498092
3797	2204	3.213482
3797	3772	22.999471
3797	3774	1.340474
3797	3775	0.824907
3797	3796	0.227217
3797	3798	0.201754
3798	3772	2.090905
3798	3774	2.680944
3798	3797	0.201754
3798	3799	0.348485
3799	3772	0.638888
3799	3798	0.348485
3799	3800	0.273809
3799	3808	1.261623
3800	3717	4.599979
3800	3718	7.149152
3800	3770	1.340474
3800	3771	5.361874
3800	3799	0.273809
3800	3801	0.235688
3800	3806	3.833319
3800	3807	1.261623
3800	3808	0.649927
3801	3717	3.574589
3801	3718	0.740740
3801	3719	3.333322
3801	3768	5.361874
3801	3769	1.818179
3801	3770	2.499994
3801	3800	0.235688
3801	3802	0.329963
3801	3806	1.128820
3801	3807	9.999900
3802	3718	21.447151
3802	3719	0.974890
3802	3768	7.666608
3802	3801	0.329963
3802	3803	0.865170
3802	3804	0.523126
3802	3805	2.249439
3802	3806	0.450980
3803	1603	1.944540
3803	1608	4.062003
3803	1610	0.312463
3803	1622	5.185423
3803	1623	7.035574
3803	1624	0.852802
3803	3802	0.865170
3803	3804	0.239130
3804	1536	7.778114
3804	1622	3.889072
3804	1623	0.740591
3804	1624	2.345202
3804	3719	20.975737
3804	3720	6.992010
3804	3802	0.523126
3804	3803	0.239130
3804	3805	0.231579
3805	1535	3.517799
3805	1536	3.111260
3805	1601	6.204798
3805	1602	2.097613
3805	1623	14.071049
3805	3719	4.195218
3805	3802	2.249439
3805	3804	0.231579
3805	3806	0.381262
3806	3718	3.574589
3806	3719	3.574589
3806	3800	3.833319
3806	3801	1.128820
3806	3802	0.450980
3806	3805	0.381262
3806	3807	0.221109
3807	3718	1.111110
3807	3800	1.261623
3807	3801	9.999900
3807	3806	0.221109
3807	3808	0.327869
3808	3717	3.063935
3808	3718	2.499994
3808	3772	0.306394
3808	3773	20.975737
3808	3799	1.261623
3808	3800	0.649927
3808	3807	0.327869
3808	3809	0.974890
3809	3772	0.919999
3809	3774	1.021314
3809	3775	1.191533
3809	3776	1.916663
3809	3777	1.649813
3809	3794	22.999471
3809	3795	7.149152
3809	3796	7.498092
3809	3808	0.974890
3809	3810	1.045453
3810	3711	21.447151
3810	3712	1.261623
3810	3714	22.493938
3810	3715	22.493938
3810	3716	1.277776
3810	3717	11.499868
3810	3773	0.218393
3810	3809	1.045453
3810	3811	0.252747
3811	3711	1.261623
3811	3712	0.739572
3811	3715	11.247095
3811	3716	1.437498
3811	3717	5.749967
3811	3752	11.499868
3811	3810	0.252747
3811	3812	1.072379
3811	3813	1.649813
3812	3716	7.149152
3812	3717	21.447151
3812	3751	1.428569
3812	3756	21.447151
3812	3757	1.261623
3812	3758	0.857904
3812	3763	1.048808
3812	3764	10.723690
3812	3811	1.072379
3812	3813	0.277778
3813	3755	20.975737
3813	3756	1.261623
3813	3757	0.974890
3813	3811	1.649813
3813	3812	0.277778
3813	3814	0.312500
3814	3688	4.999975
3814	3689	2.222217
3814	3754	2.622015
3814	3755	1.498296
3814	3756	3.063935
3814	3813	0.312500
3814	3815	1.048808
3815	3687	2.097613
3815	3688	0.635641
3815	3707	1.249690
3815	3708	1.048808
3815	3753	6.992010
3815	3754	0.458333
3815	3814	1.048808
3815	3816	0.441067
3816	3708	2.144756
3816	3709	4.599979
3816	3710	0.335119
3816	3752	4.599979
3816	3753	1.261623
3816	3815	0.441067
3816	3817	0.456332
3817	3709	1.191533
3817	3710	6.666622
3817	3816	0.456332
3817	3818	0.765986
3817	3852	6.992010
3817	3854	19.999600
3818	3817	0.765986
3818	3819	0.899777
3818	3849	3.749060
3818	3851	0.487445
3818	3852	1.323201
3818	3854	0.932504
3818	3856	1.095237
3819	3818	0.899777
3819	3820	0.231579
3819	3849	10.999879
3819	3851	1.398410
3819	3856	0.267791
3820	75	10.999879
3820	3819	0.231579
3820	3821	0.225550
3820	3849	3.142847
3820	3851	10.487978
3821	75	1.048808
3821	1780	1.999996
3821	1781	5.361874
3821	3820	0.225550
3821	3822	0.307692
3821	3848	21.447151
3821	3849	10.487978
3822	75	0.912007
3822	1780	3.333322
3822	3821	0.307692
3822	3823	0.324964
3822	3848	1.261623
3823	3822	0.324964
3823	3824	0.319444
3823	3847	1.072379
3823	3848	0.383333
3824	3823	0.319444
3824	3825	0.274969
3824	3845	3.749060
3824	3846	1.429839
3824	3847	0.536190
3825	3824	0.274969
3825	3826	0.389956
3825	3845	1.311009
3825	3846	4.999975
3826	3825	0.389956
3826	3827	0.242105
3826	3843	21.447151
3826	3844	1.128820
3826	3845	0.368761
3827	3826	0.242105
3827	3828	0.249391
3827	3842	4.599979
3827	3843	1.261623
3827	3844	0.714920
3828	3827	0.249391
3828	3829	0.540540
3828	3830	3.333322
3828	3842	1.429839
3828	3843	19.999600
3829	2192	6.992010
3829	3828	0.540540
3829	3830	0.769230
3829	3842	10.723690
3829	3843	19.999600
3830	2192	2.622015
3830	2193	0.953462
3830	2194	1.165342
3830	3828	3.333322
3830	3829	0.769230
3830	3831	0.416666
3830	3841	1.340474
3830	3842	0.523112
3831	2193	4.195218
3831	2194	1.233891
3831	3830	0.416666
3831	3832	0.258405
3831	3840	1.191533
3831	3841	0.612788
3832	3831	0.258405
3832	3833	0.932504
3832	3838	2.044945
3832	3839	1.323201
3832	3840	1.210525
3833	1976	1.949779
3833	3832	0.932504
3833	3834	1.072379
3833	3835	3.999984
3833	3838	10.487978
3834	1757	22.999471
3834	1758	0.499876
3834	1975	0.479166
3834	1976	2.555549
3834	1980	22.493938
3834	1981	1.261623
3834	1982	0.824907
3834	3833	1.072379
3834	3835	0.268095
3835	1980	1.498296
3835	1981	1.666664
3835	3833	3.999984
3835	3834	0.268095
3835	3836	0.351600
3836	1979	1.072379
3836	1980	0.535582
3836	3339	21.447151
3836	3340	5.749967
3836	3835	0.351600
3836	3837	0.244681
3837	1977	22.493938
3837	1978	1.021314
3837	1979	0.794355
3837	3338	5.749967
3837	3339	2.383062
3837	3340	22.999471
3837	3836	0.244681
3837	3838	0.212212
3838	1977	1.374998
3838	1978	2.996588
3838	3338	1.730339
3838	3339	4.195218
3838	3832	2.044945
3838	3833	10.487978
3838	3837	0.212212
3838	3839	0.318840
3839	1954	1.606743
3839	1977	1.294116
3839	3832	1.323201
3839	3838	0.318840
3839	3840	0.229535
3840	1954	0.958332
3840	3831	1.191533
3840	3832	1.210525
3840	3839	0.229535
3840	3841	0.247312
3841	3830	1.340474
3841	3831	0.612788
3841	3840	0.247312
3841	3842	0.323944
3842	2192	0.978018
3842	3827	4.599979
3842	3828	1.429839
3842	3829	10.723690
3842	3830	0.523112
3842	3841	0.323944
3842	3843	0.196767
3843	2192	0.874007
3843	3826	21.447151
3843	3827	1.261623
3843	3828	19.999600
3843	3829	19.999600
3843	3842	0.196767
3843	3844	0.273973
3844	3826	1.128820
3844	3827	0.714920
3844	3843	0.273973
3844	3845	0.338325
3845	3824	3.749060
3845	3825	1.311009
3845	3826	0.368761
3845	3844	0.338325
3845	3846	0.205649
3846	3824	1.429839
3846	3825	4.999975
3846	3845	0.205649
3846	3847	0.434782
3847	3823	1.072379
3847	3824	0.536190
3847	3846	0.434782
3847	3848	0.487445
3848	74	21.447151
3848	75	0.316823
3848	3821	21.447151
3848	3822	1.261623
3848	3823	0.383333
3848	3847	0.487445
3848	3849	0.865170
3849	75	0.333333
3849	3818	3.749060
3849	3819	10.999879
3849	3820	3.142847
3849	3821	10.487978
3849	3848	0.865170
3849	3850	0.699205
3849	3851	0.374574
3850	3849	0.699205
3850	3851	0.999999
3850	3852	0.361658
3851	3818	0.487445
3851	3819	1.398410
3851	3820	10.487978
3851	3849	0.374574
3851	3850	0.999999
3851	3852	0.998865
3851	3853	20.975737
3851	3856	0.932504
3852	3709	0.387835
3852	3817	6.992010
3852	3818	1.323201
3852	3850	0.361658
3852	3851	0.998865
3852	3853	0.709677
3852	3854	0.322710
3852	3856	3.749060
3853	2385	3.496017
3853	3673	0.274322
3853	3685	0.806775
3853	3851	20.975737
3853	3852	0.709677
3853	3854	0.776895
3854	2384	19.999600
3854	3685	2.222217
3854	3686	0.310835
3854	3709	1.261623
3854	3817	19.999600
3854	3818	0.932504
3854	3852	0.322710
3854	3853	0.776895
3854	3855	0.739572
3854	3856	3.063935
3855	2382	22.493938
3855	2383	0.857904
3855	2384	1.021314
3855	3686	11.499868
3855	3785	7.666608
3855	3786	1.191533
3855	3787	1.874533
3855	3854	0.739572
3855	3856	0.377049
3855	3857	22.493938
3856	2384	1.787298
3856	2385	7.149152
3856	3818	1.095237
3856	3819	0.267791
3856	3851	0.932504
3856	3852	3.749060
3856	3854	3.063935
3856	3855	0.377049
3856	3857	0.937268
3857	1728	0.305555
3857	2385	0.388448
3857	3534	1.613549
3857	3671	20.975737
3857	3672	4.195218
3857	3855	22.493938
3857	3856	0.937268
3857	3858	0.676650
3858	1728	2.622015
3858	1729	19.999600
3858	1730	2.622015
3858	1779	0.714920
3858	3857	0.676650
3858	3859	0.582671
3858	3860	0.537850
3858	3861	3.496017
3859	75	3.142847
3859	1731	20.975737
3859	1779	3.749060
3859	1780	20.975737
3859	3858	0.582671
3859	3860	0.226804
3860	1730	0.297297
3860	1779	22.493938
3860	3544	2.330681
3860	3545	2.622015
3860	3858	0.537850
3860	3859	0.226804
3860	3861	0.814814
3861	1728	10.999879
3861	1729	3.496017
3861	1730	0.400000
3861	3543	1.294116
3861	3544	0.635641
3861	3669	4.498869
3861	3670	1.104008
3861	3671	0.487818
3861	3858	3.496017
3861	3860	0.814814
3861	3862	0.879999
3862	3540	1.498296
3862	3541	2.097613
3862	3543	0.285714
3862	3670	20.975737
3862	3671	1.398410
3862	3672	0.912007
3862	3861	0.879999
3862	3863	0.271017
3862	4024	11.247095
3863	3538	11.499868
3863	3539	1.021314
3863	3540	0.579665
3863	3671	10.723690
3863	3672	0.932504
3863	3862	0.271017
3863	3864	0.235688
3863	4024	3.833319
3863	4025	1.606743
3864	3537	20.975737
3864	3538	1.531970
3864	3539	1.818179
3864	3672	6.666622
3864	3863	0.235688
3864	3865	0.317460
3864	4025	1.498296
3864	4026	2.144756
3865	3537	1.498296
3865	3538	0.670237
3865	3864	0.317460
3865	3866	0.635641
3865	3867	1.249998
3865	3868	1.249998
3865	4026	2.680944
3865	4027	1.906922
3866	3865	0.635641
3866	3867	0.839046
3866	3868	1.498296
3866	4012	6.992010
3866	4013	1.398410
3866	4014	1.466665
3866	4027	3.142847
3866	4028	20.975737
3867	2350	0.289832
3867	3537	6.992010
3867	3538	3.063935
3867	3865	1.249998
3867	3866	0.839046
3867	3868	0.363636
3867	4014	2.622015
3867	4026	21.447151
3867	4027	20.975737
3868	3536	1.261623
3868	3537	1.498296
3868	3865	1.249998
3868	3866	1.498296
3868	3867	0.363636
3868	3869	0.500000
3868	4013	6.666622
3868	4014	3.496017
3869	2234	1.906922
3869	3535	1.261623
3869	3536	0.456332
3869	3868	0.500000
3869	3870	0.408163
3870	2233	1.104008
3870	2234	0.749149
3870	3533	1.261623
3870	3535	0.536190
3870	3869	0.408163
3870	3871	0.345929
3871	2232	5.749967
3871	2233	2.499376
3871	2362	22.493938
3871	2364	2.383062
3871	3532	1.072379
3871	3533	0.425926
3871	3870	0.345929
3871	3872	0.255555
3872	2232	7.666608
3872	2364	1.340474
3872	2365	0.932504
3872	2388	4.599979
3872	3526	1.730339
3872	3528	22.493938
3872	3530	21.447151
3872	3531	1.261623
3872	3532	1.021314
3872	3871	0.255555
3872	3873	0.261364
3872	3876	7.149152
3873	2365	3.574589
3873	2388	1.095237
3873	3526	11.247095
3873	3527	11.499868
3873	3529	21.447151
3873	3530	1.261623
3873	3531	1.949779
3873	3872	0.261364
3873	3874	0.718749
3873	3875	1.606743
3873	3876	2.383062
3873	3928	0.476613
3873	3929	22.999471
3874	2126	22.493938
3874	3527	7.666608
3874	3873	0.718749
3874	3875	0.978018
3874	3876	7.149152
3874	3877	2.499376
3874	3878	4.498869
3874	3879	5.361874
3874	3926	3.574589
3874	3927	0.466252
3874	3928	0.271489
3874	3931	3.574589
3875	2127	20.975737
3875	2129	22.493938
3875	2365	20.975737
3875	2388	0.247192
3875	2495	0.275000
3875	3873	1.606743
3875	3874	0.978018
3875	3876	0.699205
3875	3925	5.244017
3875	3926	2.330681
3875	3927	10.487978
3876	2388	5.361874
3876	3530	19.999600
3876	3531	1.111110
3876	3532	4.999975
3876	3678	2.680944
3876	3872	7.149152
3876	3873	2.383062
3876	3874	7.149152
3876	3875	0.699205
3876	3877	0.806775
3876	3924	4.195218
3876	3925	9.999900
3876	3928	6.666622
3877	3529	1.311009
3877	3530	0.524404
3877	3678	0.591959
3877	3874	2.499376
3877	3876	0.806775
3877	3878	0.247191
3877	3924	1.571426
3877	3928	1.613549
3878	3527	1.874533
3878	3529	1.613549
3878	3874	4.498869
3878	3877	0.247191
3878	3879	0.655505
3878	3924	2.444438
3878	3928	6.992010
3878	3933	5.244017
3879	3874	5.361874
3879	3878	0.655505
3879	3880	0.246778
3879	3927	9.999900
3879	3931	1.249998
3879	3933	1.249998
3880	3498	7.498092
3880	3879	0.246778
3880	3881	0.624845
3880	3926	6.992010
3880	3927	1.498296
3880	3931	1.498296
3880	3999	1.374998
3880	4000	1.748012
3881	3497	5.623579
3881	3498	0.884615
3881	3880	0.624845
3881	3882	0.239583
3881	3925	1.072379
3881	3926	0.932504
3881	3998	21.447151
3881	3999	11.247095
3881	4000	21.447151
3882	2511	21.447151
3882	3497	0.775670
3882	3498	4.599979
3882	3881	0.239583
3882	3883	0.212353
3882	3922	5.749967
3882	3923	1.191533
3882	3925	0.974890
3883	2510	2.097613
3883	2511	3.333322
3883	3497	20.975737
3883	3882	0.212353
3883	3884	0.333333
3883	3922	1.261623
3883	3923	3.999984
3884	2507	20.975737
3884	2509	1.165342
3884	2510	0.998865
3884	3883	0.333333
3884	3885	0.340438
3884	3921	1.949779
3884	3922	0.974890
3885	2507	2.499376
3885	2509	4.498869
3885	3884	0.340438
3885	3886	0.591959
3885	3887	1.531970
3885	3888	21.447151
3885	3916	11.499868
3885	3917	0.258427
3885	3919	4.289504
3885	3920	7.149152
3885	3921	7.666608
3886	2507	0.550000
3886	3885	0.591959
3886	3887	0.218502
3886	3888	20.975737
3886	3919	20.975737
3886	3920	1.498296
3886	3921	0.725627
3887	3885	1.531970
3887	3886	0.218502
3887	3888	0.243902
3887	3916	21.447151
3887	3917	4.289504
3887	3919	1.538459
3887	3920	1.333332
3888	3885	21.447151
3888	3886	20.975737
3888	3887	0.243902
3888	3889	0.298507
3888	3915	6.992010
3888	3916	1.261623
3888	3917	7.149152
3888	3919	0.952380
3889	3888	0.298507
3889	3890	0.294118
3889	3915	1.498296
3889	3916	0.932504
3889	3918	2.222217
3890	2626	1.906922
3890	3889	0.294118
3890	3891	0.400000
3890	3914	1.191533
3890	3915	0.874007
3890	3945	4.195218
3891	2626	20.975737
3891	3890	0.400000
3891	3892	0.281690
3891	3913	1.072379
3891	3914	0.612788
3892	2580	2.996588
3892	2624	21.447151
3892	3891	0.281690
3892	3893	0.400000
3892	3912	1.021314
3892	3913	0.739572
3893	2580	2.622015
3893	2581	1.949779
3893	3892	0.400000
3893	3894	0.263158
3893	3911	1.261623
3893	3912	0.487445
3894	2581	10.723690
3894	3893	0.263158
3894	3895	0.289832
3894	3904	19.999600
3894	3910	3.999984
3894	3911	1.021314
3895	3894	0.289832
3895	3896	0.607958
3895	3903	5.623579
3895	3904	3.063935
3895	3908	0.291139
3895	3909	2.299995
3895	3910	21.447151
3896	3895	0.607958
3896	3897	0.199066
3896	3903	5.499970
3896	3908	0.978018
3896	3909	0.340825
3897	3896	0.199066
3897	3898	0.310835
3897	3903	22.493938
3897	3907	1.021314
3897	3908	2.874992
3898	3897	0.310835
3898	3899	0.345929
3898	3904	4.999975
3898	3906	1.261623
3898	3907	1.111110
3899	3898	0.345929
3899	3900	1.021314
3899	3901	21.447151
3899	3902	0.289832
3899	3903	22.493938
3899	3904	1.429839
3899	3905	1.183917
3899	3906	2.555549
3899	3956	0.851851
3900	3899	1.021314
3900	3901	0.327869
3900	3902	3.999984
3900	3956	5.361874
3901	3899	21.447151
3901	3900	0.327869
3901	3902	0.377358
3901	3956	7.149152
3902	3899	0.289832
3902	3900	3.999984
3902	3901	0.377358
3902	3903	1.048808
3902	3904	4.999975
3902	3956	1.072379
3903	3895	5.623579
3903	3896	5.499970
3903	3897	22.493938
3903	3899	22.493938
3903	3902	1.048808
3903	3904	0.299660
3903	3908	22.493938
3904	3894	19.999600
3904	3895	3.063935
3904	3898	4.999975
3904	3899	1.429839
3904	3902	4.999975
3904	3903	0.299660
3904	3905	1.048808
3904	3906	5.361874
3904	3907	6.666622
3904	3908	1.429839
3905	3899	1.183917
3905	3904	1.048808
3905	3906	0.222717
3905	3954	20.975737
3905	3955	1.398410
3905	3956	0.284740
3905	3957	21.999516
3905	3963	11.247095
3906	3898	1.261623
3906	3899	2.555549
3906	3904	5.361874
3906	3905	0.222717
3906	3907	0.302079
3906	3954	21.447151
3906	3963	3.833319
3906	3964	1.340474
3907	3897	1.021314
3907	3898	1.111110
3907	3904	6.666622
3907	3906	0.302079
3907	3908	0.437706
3907	3964	3.999984
3908	3895	0.291139
3908	3896	0.978018
3908	3897	2.874992
3908	3903	22.493938
3908	3904	1.429839
3908	3907	0.437706
3908	3909	0.676470
3909	3895	2.299995
3909	3896	0.340825
3909	3908	0.676470
3909	3910	0.202336
3910	3894	3.999984
3910	3895	21.447151
3910	3909	0.202336
3910	3911	0.324964
3911	3893	1.261623
3911	3894	1.021314
3911	3910	0.324964
3911	3912	0.294872
3912	2580	4.498869
3912	3892	1.021314
3912	3893	0.487445
3912	3911	0.294872
3912	3913	0.287500
3913	2579	1.022474
3913	2580	1.124721
3913	3891	1.072379
3913	3892	0.739572
3913	3912	0.287500
3913	3914	0.250000
3914	2578	3.749060
3914	2579	0.749814
3914	2626	22.493938
3914	3890	1.191533
3914	3891	0.612788
3914	3913	0.250000
3914	3915	0.261563
3915	2578	2.444438
3915	2626	1.571426
3915	3888	6.992010
3915	3889	1.498296
3915	3890	0.874007
3915	3914	0.261563
3915	3916	0.220534
3916	2626	11.247095
3916	2627	3.213482
3916	3885	11.499868
3916	3887	21.447151
3916	3888	1.261623
3916	3889	0.932504
3916	3915	0.220534
3916	3917	0.287500
3916	3918	2.680944
3916	3945	2.044945
3917	2627	3.749060
3917	2628	7.498092
3917	3885	0.258427
3917	3887	4.289504
3917	3888	7.149152
3917	3916	0.287500
3917	3918	0.932504
3917	3919	7.149152
3918	2628	4.195218
3918	3889	2.222217
3918	3916	2.680944
3918	3917	0.932504
3918	3919	0.769230
3918	3996	2.383062
3918	3997	0.857904
3918	3998	19.999600
3919	3885	4.289504
3919	3886	20.975737
3919	3887	1.538459
3919	3888	0.952380
3919	3917	7.149152
3919	3918	0.769230
3919	3920	0.277778
3920	3885	7.149152
3920	3886	1.498296
3920	3887	1.333332
3920	3919	0.277778
3920	3921	0.310835
3921	2507	22.493938
3921	2509	11.247095
3921	3884	1.949779
3921	3885	7.666608
3921	3886	0.725627
3921	3920	0.310835
3921	3922	0.283951
3922	2509	1.606743
3922	2510	1.249690
3922	3882	5.749967
3922	3883	1.261623
3922	3884	0.974890
3922	3921	0.283951
3922	3923	0.255329
3923	2510	2.622015
3923	2512	1.261623
3923	2513	19.999600
3923	3677	1.261623
3923	3882	1.191533
3923	3883	3.999984
3923	3922	0.255329
3923	3924	0.313077
3924	2512	7.498092
3924	2513	4.195218
3924	3677	2.499376
3924	3678	11.247095
3924	3876	4.195218
3924	3877	1.571426
3924	3878	2.444438
3924	3923	0.313077
3924	3925	0.806775
3924	3926	20.975737
3925	2128	3.999984
3925	2129	1.531970
3925	3497	0.511614
3925	3875	5.244017
3925	3876	9.999900
3925	3881	1.072379
3925	3882	0.974890
3925	3924	0.806775
3925	3926	0.444444
3926	2128	9.999900
3926	2129	1.649813
3926	2130	3.496017
3926	2134	5.244017
3926	3496	2.330681
3926	3521	3.999984
3926	3874	3.574589
3926	3875	2.330681
3926	3880	6.992010
3926	3881	0.932504
3926	3924	20.975737
3926	3925	0.444444
3926	3927	0.298507
3927	2130	5.244017
3927	2134	1.398410
3927	3521	4.999975
3927	3874	0.466252
3927	3875	10.487978
3927	3879	9.999900
3927	3880	1.498296
3927	3926	0.298507
3927	3928	0.869564
3927	3931	0.606060
3928	2134	6.992010
3928	3527	0.595767
3928	3529	2.857135
3928	3530	9.999900
3928	3873	0.476613
3928	3874	0.271489
3928	3876	6.666622
3928	3877	1.613549
3928	3878	6.992010
3928	3927	0.869564
3928	3929	1.128820
3928	3930	1.613549
3928	3931	4.999975
3929	2135	0.691858
3929	2136	1.437498
3929	2365	10.723690
3929	2366	4.599979
3929	2754	3.063935
3929	3526	0.231901
3929	3527	2.555549
3929	3873	22.999471
3929	3928	1.128820
3929	3930	0.899777
3930	2134	21.999516
3930	2135	5.244017
3930	3525	0.278481
3930	3527	0.441067
3930	3928	1.613549
3930	3929	0.899777
3930	3931	0.776895
3930	3932	3.213482
3931	3521	1.999996
3931	3522	5.361874
3931	3527	10.723690
3931	3874	3.574589
3931	3879	1.249998
3931	3880	1.498296
3931	3927	0.606060
3931	3928	4.999975
3931	3930	0.776895
3931	3932	0.932504
3931	3999	2.622015
3932	3524	22.493938
3932	3930	3.213482
3932	3931	0.932504
3932	3933	0.893650
3932	4003	0.287500
3932	4004	22.493938
3932	4008	11.499868
3932	4037	1.261623
3933	3878	5.244017
3933	3879	1.249998
3933	3932	0.893650
3933	3934	0.769230
3933	4003	2.144756
3933	4012	3.999984
3934	3933	0.769230
3934	3935	0.255329
3934	3980	2.680944
3934	4000	2.499994
3934	4008	21.447151
3934	4009	1.261623
3934	4010	0.363519
3935	3163	21.447151
3935	3934	0.255329
3935	3936	0.232323
3935	3980	11.499868
3935	3981	2.144756
3935	3982	1.531970
3935	4000	21.447151
3935	4007	1.191533
3935	4008	11.499868
3935	4009	0.500000
3936	3163	10.723690
3936	3935	0.232323
3936	3937	0.238307
3936	3982	2.383062
3936	4006	1.261623
3936	4007	0.765986
3937	3936	0.238307
3937	3938	0.266667
3937	4002	3.333322
3937	4005	1.261623
3937	4006	1.818179
3938	3937	0.266667
3938	3939	0.266667
3938	4001	7.149152
3938	4002	1.538459
3938	4005	1.072379
3939	3938	0.266667
3939	3940	0.376274
3939	4001	1.261623
3939	4002	9.999900
3940	3939	0.376274
3940	3941	0.235688
3940	3997	3.833319
3940	3998	1.261623
3940	4001	0.479166
3941	3940	0.235688
3941	3942	0.289855
3941	3997	1.429839
3941	3998	19.999600
3942	2628	1.398410
3942	2629	3.333322
3942	2630	2.383062
3942	3941	0.289855
3942	3943	0.536190
3942	3996	1.191533
3942	3997	0.595767
3943	2627	0.803372
3943	2628	0.865170
3943	3942	0.536190
3943	3944	0.218853
3943	3994	3.285703
3943	3995	1.261623
3943	3996	0.365079
3944	2626	5.244017
3944	2627	4.195218
3944	3943	0.218853
3944	3945	0.635641
3944	3946	3.999984
3944	3969	0.388448
3944	3994	1.429839
3945	2626	0.297297
3945	2627	0.666666
3945	3890	4.195218
3945	3916	2.044945
3945	3944	0.635641
3945	3946	0.806775
3946	3944	3.999984
3946	3945	0.806775
3946	3947	0.645161
3946	3948	3.999984
3946	3949	9.999900
3946	3968	0.437003
3946	3969	0.317821
3946	3994	5.361874
3947	3946	0.645161
3947	3948	0.392157
3947	3969	5.244017
3947	3972	0.974890
3947	3973	3.333322
3947	3992	1.906922
3947	3994	0.329963
3948	3946	3.999984
3948	3947	0.392157
3948	3949	0.246914
3948	3969	20.975737
3948	3970	21.447151
3948	3971	1.261623
3948	3972	0.523112
3948	3991	0.874007
3948	3992	0.953462
3949	3946	9.999900
3949	3948	0.246914
3949	3950	0.794355
3949	3968	10.487978
3949	3970	1.429839
3949	3971	1.649813
3949	3991	4.195218
3949	4073	19.999600
3949	4074	0.833333
3949	4075	4.999975
3949	4193	1.165342
3950	3949	0.794355
3950	3951	0.252747
3950	3967	1.191533
3950	3968	1.405901
3950	4168	11.247095
3950	4192	1.183917
3950	4193	0.346068
3951	3950	0.252747
3951	3952	0.267442
3951	3966	1.261623
3951	3967	0.498781
3951	4168	5.623579
3951	4169	1.124721
3951	4191	22.999471
3951	4192	4.498869
3952	3951	0.267442
3952	3953	0.315068
3952	3964	21.447151
3952	3965	1.261623
3952	3966	0.510657
3952	4169	2.499376
3952	4170	1.949779
3953	3952	0.315068
3953	3954	0.208229
3953	3963	11.499868
3953	3964	1.340474
3953	3965	0.691858
3953	4170	1.949779
3953	4171	3.574589
3954	3905	20.975737
3954	3906	21.447151
3954	3953	0.208229
3954	3955	0.350877
3954	3963	1.261623
3954	3964	4.999975
3955	3905	1.398410
3955	3954	0.350877
3955	3956	0.595767
3955	3957	0.327753
3955	3962	1.649813
3955	3963	1.128820
3956	3899	0.851851
3956	3900	5.361874
3956	3901	7.149152
3956	3902	1.072379
3956	3905	0.284740
3956	3955	0.595767
3956	3957	0.624845
3957	3905	21.999516
3957	3955	0.327753
3957	3956	0.624845
3957	3958	0.916666
3957	3959	5.623579
3957	3961	10.999879
3957	3962	3.213482
3958	3957	0.916666
3958	3959	0.236784
3958	4085	1.311009
3958	4086	3.213482
3958	4087	10.999879
3958	4088	22.493938
3958	4089	7.333280
3958	4090	7.498092
3959	3957	5.623579
3959	3958	0.236784
3959	3960	0.216293
3959	4084	2.499376
3959	4085	5.361874
3959	4089	3.749060
3959	4090	1.149999
3959	4091	5.749967
3959	4092	5.623579
3960	3959	0.216293
3960	3961	0.261905
3960	4091	1.071163
3960	4092	2.199995
3961	3957	10.999879
3961	3960	0.261905
3961	3962	0.249938
3962	3955	1.649813
3962	3957	3.213482
3962	3961	0.249938
3962	3963	0.250000
3963	3905	11.247095
3963	3906	3.833319
3963	3953	11.499868
3963	3954	1.261623
3963	3955	1.128820
3963	3962	0.250000
3963	3964	0.223413
3964	3906	1.340474
3964	3907	3.999984
3964	3952	21.447151
3964	3953	1.340474
3964	3954	4.999975
3964	3963	0.223413
3964	3965	0.266667
3965	3952	1.261623
3965	3953	0.691858
3965	3964	0.266667
3965	3966	0.357143
3966	3951	1.261623
3966	3952	0.510657
3966	3965	0.357143
3966	3967	0.400000
3966	4169	2.622015
3967	3950	1.191533
3967	3951	0.498781
3967	3966	0.400000
3967	3968	0.233069
3967	4168	1.048808
3967	4169	2.097613
3968	3946	0.437003
3968	3949	10.487978
3968	3950	1.405901
3968	3967	0.233069
3968	3969	0.999999
3968	4192	3.142847
3968	4193	1.692305
3968	4194	5.623579
3969	3944	0.388448
3969	3946	0.317821
3969	3947	5.244017
3969	3948	20.975737
3969	3968	0.999999
3969	3970	0.576780
3969	3971	2.044945
3969	3972	22.493938
3969	3994	2.044945
3969	4194	22.493938
3970	3948	21.447151
3970	3949	1.429839
3970	3969	0.576780
3970	3971	0.198276
3970	4072	0.958332
3970	4073	3.574589
3970	4074	7.149152
3970	4193	0.468634
3970	4194	1.916663
3970	4195	3.063935
3971	3948	1.261623
3971	3949	1.649813
3971	3969	2.044945
3971	3970	0.198276
3971	3972	0.294872
3971	3991	11.247095
3971	4072	1.916663
3971	4073	1.649813
3972	3947	0.974890
3972	3948	0.523112
3972	3969	22.493938
3972	3971	0.294872
3972	3973	0.214476
3972	3991	7.498092
3972	3992	1.124721
3972	3994	3.833319
3973	3947	3.333322
3973	3972	0.214476
3973	3974	0.833333
3973	3992	1.233891
3973	3993	1.613549
3973	3994	1.531970
3974	3973	0.833333
3974	3975	0.315406
3974	3988	1.311009
3974	3989	2.222217
3974	3993	0.295439
3974	3994	21.447151
3975	3160	22.493938
3975	3418	11.247095
3975	3974	0.315406
3975	3976	0.287500
3975	3987	1.261623
3975	3988	0.562361
3976	3160	0.978018
3976	3161	2.383062
3976	3418	7.498092
3976	3419	1.071163
3976	3975	0.287500
3976	3977	0.315068
3976	3986	1.261623
3976	3987	0.564410
3977	3160	2.044945
3977	3161	3.063935
3977	3162	21.447151
3977	3419	0.702951
3977	3420	1.916663
3977	3976	0.315068
3977	3978	0.258405
3977	3984	22.999471
3977	3985	1.261623
3977	3986	0.630812
3978	3420	1.072379
3978	3421	1.538459
3978	3422	6.666622
3978	3452	20.975737
3978	3977	0.258405
3978	3979	0.294118
3978	3984	1.261623
3978	3985	9.999900
3979	3420	21.447151
3979	3421	0.869564
3979	3422	2.499994
3979	3451	21.447151
3979	3978	0.294118
3979	3980	1.021314
3979	3981	0.465116
3979	3983	6.666622
3980	3163	2.144756
3980	3934	2.680944
3980	3935	11.499868
3980	3979	1.021314
3980	3981	0.310835
3980	4009	0.696969
3980	4010	0.621621
3981	3163	3.333322
3981	3421	3.999984
3981	3935	2.144756
3981	3979	0.465116
3981	3980	0.310835
3981	3982	0.370370
3981	3983	6.666622
3982	3935	1.531970
3982	3936	2.383062
3982	3981	0.370370
3982	3983	0.273973
3983	3421	3.333322
3983	3979	6.666622
3983	3981	6.666622
3983	3982	0.273973
3983	3984	0.233126
3984	3410	3.574589
3984	3421	7.149152
3984	3977	22.999471
3984	3978	1.261623
3984	3983	0.233126
3984	3985	0.249391
3985	3977	1.261623
3985	3978	9.999900
3985	3984	0.249391
3985	3986	0.259740
3986	3419	1.748012
3986	3420	21.447151
3986	3976	1.261623
3986	3977	0.630812
3986	3985	0.259740
3986	3987	0.465116
3987	3418	0.912007
3987	3419	0.806775
3987	3975	1.261623
3987	3976	0.564410
3987	3986	0.465116
3987	3988	0.295439
3988	3418	10.999879
3988	3974	1.311009
3988	3975	0.562361
3988	3987	0.295439
3988	3989	0.252725
3989	3974	2.222217
3989	3988	0.252725
3989	3990	0.312500
3989	3993	1.233891
3990	3989	0.312500
3990	3991	0.749149
3990	3992	0.446301
3990	3993	0.487818
3991	3948	0.874007
3991	3949	4.195218
3991	3971	11.247095
3991	3972	7.498092
3991	3990	0.749149
3991	3992	0.234042
3991	4073	20.975737
3991	4074	0.676650
3991	4075	0.776895
3991	4101	22.493938
3992	3947	1.906922
3992	3948	0.953462
3992	3972	1.124721
3992	3973	1.233891
3992	3990	0.446301
3992	3991	0.234042
3992	3993	0.468085
3993	3973	1.613549
3993	3974	0.295439
3993	3989	1.233891
3993	3990	0.487818
3993	3992	0.468085
3993	3994	1.071163
3994	3943	3.285703
3994	3944	1.429839
3994	3946	5.361874
3994	3947	0.329963
3994	3969	2.044945
3994	3972	3.833319
3994	3973	1.531970
3994	3974	21.447151
3994	3993	1.071163
3994	3995	0.230619
3995	3943	1.261623
3995	3994	0.230619
3995	3996	0.335119
3996	2628	1.183917
3996	3918	2.383062
3996	3942	1.191533
3996	3943	0.365079
3996	3995	0.335119
3996	3997	0.328571
3997	2628	0.642698
3997	2629	4.289504
3997	3918	0.857904
3997	3940	3.833319
3997	3941	1.429839
3997	3942	0.595767
3997	3996	0.328571
3997	3998	0.221109
3997	4000	10.723690
3998	3498	21.447151
3998	3881	21.447151
3998	3918	19.999600
3998	3940	1.261623
3998	3941	19.999600
3998	3997	0.221109
3998	3999	0.874007
3998	4000	4.999975
3998	4001	0.476613
3999	3498	0.523126
3999	3520	21.999516
3999	3521	3.496017
3999	3880	1.374998
3999	3881	11.247095
3999	3931	2.622015
3999	3998	0.874007
3999	4000	0.998865
3999	4001	1.124721
3999	4002	3.496017
4000	3880	1.748012
4000	3881	21.447151
4000	3934	2.499994
4000	3935	21.447151
4000	3997	10.723690
4000	3998	4.999975
4000	3999	0.998865
4000	4001	0.630812
4000	4002	4.999975
4001	3938	7.149152
4001	3939	1.261623
4001	3940	0.479166
4001	3998	0.476613
4001	3999	1.124721
4001	4000	0.630812
4001	4002	0.191496
4002	3518	10.723690
4002	3937	3.333322
4002	3938	1.538459
4002	3939	9.999900
4002	3999	3.496017
4002	4000	4.999975
4002	4001	0.191496
4002	4003	0.824907
4002	4004	20.975737
4002	4005	1.128820
4003	3932	0.287500
4003	3933	2.144756
4003	4002	0.824907
4003	4004	0.775670
4003	4005	2.555549
4003	4006	1.072379
4003	4007	3.063935
4003	4008	3.833319
4004	3518	22.493938
4004	3519	2.811798
4004	3520	1.999996
4004	3522	0.261563
4004	3932	22.493938
4004	4002	20.975737
4004	4003	0.775670
4004	4005	0.899777
4004	4006	20.975737
4004	4041	0.733333
4004	4042	10.487978
4005	3517	0.865170
4005	3518	3.285703
4005	3937	1.261623
4005	3938	1.072379
4005	4002	1.128820
4005	4003	2.555549
4005	4004	0.899777
4005	4006	0.293803
4005	4041	4.498869
4006	3936	1.261623
4006	3937	1.818179
4006	4003	1.072379
4006	4004	20.975737
4006	4005	0.293803
4006	4007	0.285714
4007	3935	1.191533
4007	3936	0.765986
4007	4003	3.063935
4007	4006	0.285714
4007	4008	0.240984
4007	4037	19.999600
4008	3932	11.499868
4008	3934	21.447151
4008	3935	11.499868
4008	4003	3.833319
4008	4007	0.240984
4008	4009	0.589743
4008	4010	5.749967
4008	4011	21.447151
4008	4037	0.351600
4009	3163	0.739572
4009	3934	1.261623
4009	3935	0.500000
4009	3980	0.696969
4009	4008	0.589743
4009	4010	0.298701
4010	3934	0.363519
4010	3980	0.621621
4010	4008	5.749967
4010	4009	0.298701
4010	4011	0.228166
4011	4008	21.447151
4011	4010	0.228166
4011	4012	0.454545
4012	3866	6.992010
4012	3933	3.999984
4012	4011	0.454545
4012	4013	0.799999
4013	3257	1.052630
4013	3866	1.398410
4013	3868	6.666622
4013	4012	0.799999
4013	4014	0.343872
4013	4035	1.128820
4014	2343	22.493938
4014	3257	0.635641
4014	3258	0.379310
4014	3866	1.466665
4014	3867	2.622015
4014	3868	3.496017
4014	4013	0.343872
4014	4015	0.978018
4014	4034	4.498869
4014	4035	1.323201
4015	2341	1.323201
4015	2342	2.811798
4015	3254	3.574589
4015	3258	0.937268
4015	3260	1.606743
4015	4014	0.978018
4015	4016	0.234317
4015	4033	1.261623
4015	4034	0.403509
4016	2341	2.199995
4016	2342	2.444438
4016	3260	3.142847
4016	3261	21.999516
4016	3262	1.157893
4016	3404	10.999879
4016	4015	0.234317
4016	4017	0.293333
4016	4032	1.498296
4016	4033	1.048808
4017	3262	10.999879
4017	3404	1.692305
4017	4016	0.293333
4017	4018	0.276002
4017	4030	22.493938
4017	4031	1.498296
4017	4032	0.749149
4018	3404	6.992010
4018	3405	1.428569
4018	3438	20.975737
4018	4017	0.276002
4018	4019	0.268095
4018	4028	19.999600
4018	4030	1.261623
4018	4031	2.499994
4019	3405	1.072379
4019	3406	10.723690
4019	3432	1.323201
4019	3433	5.361874
4019	3434	7.666608
4019	3437	22.493938
4019	4018	0.268095
4019	4020	0.193222
4019	4027	3.749060
4019	4028	1.261623
4019	4030	0.489361
4020	3432	0.874007
4020	3433	19.999600
4020	3434	21.447151
4020	4019	0.193222
4020	4021	0.312500
4020	4027	1.398410
4020	4028	6.666622
4021	4020	0.312500
4021	4022	0.289832
4021	4026	1.261623
4021	4027	1.104008
4022	4021	0.289832
4022	4023	0.857904
4022	4024	0.589743
4022	4025	2.044945
4022	4026	0.547619
4023	3541	1.249998
4023	3542	0.952380
4023	4022	0.857904
4023	4024	0.282205
4024	3369	22.999471
4024	3540	0.974890
4024	3541	1.340474
4024	3862	11.247095
4024	3863	3.833319
4024	4022	0.589743
4024	4023	0.282205
4024	4025	0.274322
4025	3538	22.493938
4025	3539	2.097613
4025	3540	1.165342
4025	3863	1.606743
4025	3864	1.498296
4025	4022	2.044945
4025	4024	0.274322
4025	4026	0.499876
4026	3864	2.144756
4026	3865	2.680944
4026	3867	21.447151
4026	4021	1.261623
4026	4022	0.547619
4026	4025	0.499876
4026	4027	0.231901
4027	3865	1.906922
4027	3866	3.142847
4027	3867	20.975737
4027	4019	3.749060
4027	4020	1.398410
4027	4021	1.104008
4027	4026	0.231901
4027	4028	0.317821
4028	3866	20.975737
4028	4018	19.999600
4028	4019	1.261623
4028	4020	6.666622
4028	4027	0.317821
4028	4029	1.104008
4028	4030	0.649927
4029	4028	1.104008
4029	4030	0.803372
4030	3405	10.723690
4030	3406	5.361874
4030	4017	22.493938
4030	4018	1.261623
4030	4019	0.489361
4030	4028	0.649927
4030	4029	0.803372
4030	4031	0.246524
4031	3404	10.487978
4031	3405	2.857135
4031	3406	19.999600
4031	4017	1.498296
4031	4018	2.499994
4031	4030	0.246524
4031	4032	0.333333
4032	3261	6.992010
4032	3404	1.398410
4032	3405	19.999600
4032	4016	1.498296
4032	4017	0.749149
4032	4031	0.333333
4032	4033	0.317460
4033	3261	1.104008
4033	3404	20.975737
4033	3448	19.999600
4033	3449	1.538459
4033	4015	1.261623
4033	4016	1.048808
4033	4032	0.317460
4033	4034	0.363519
4034	3258	1.323201
4034	3259	22.493938
4034	3449	10.723690
4034	4014	4.498869
4034	4015	0.403509
4034	4033	0.363519
4034	4035	0.242105
4035	2299	22.999471
4035	3257	1.191533
4035	3258	2.044945
4035	4013	1.128820
4035	4014	1.323201
4035	4034	0.242105
4035	4036	0.893650
4036	2310	1.498296
4036	3256	19.999600
4036	3257	0.317460
4036	4035	0.893650
4036	4037	0.909090
4037	2304	5.244017
4037	3932	1.261623
4037	4007	19.999600
4037	4008	0.351600
4037	4036	0.909090
4037	4038	0.714285
4038	2304	0.749149
4038	2305	6.666622
4038	3523	1.311009
4038	3524	3.496017
4038	4037	0.714285
4038	4039	0.833333
4039	2304	0.487818
4039	2305	2.857135
4039	2306	3.063935
4039	4038	0.833333
4039	4040	0.454545
4040	2305	0.512820
4040	2306	21.447151
4040	2767	1.613549
4040	3479	1.498296
4040	3480	1.906922
4040	4039	0.454545
4040	4041	0.776895
4041	3517	0.314286
4041	3519	5.623579
4041	3520	10.999879
4041	4004	0.733333
4041	4005	4.498869
4041	4040	0.776895
4041	4042	0.699205
4041	4043	10.487978
4042	2763	3.063935
4042	2764	2.996588
4042	3520	1.398410
4042	4004	10.487978
4042	4041	0.699205
4042	4043	0.384615
4043	3488	1.176469
4043	3519	0.974890
4043	3520	0.749149
4043	4041	10.487978
4043	4042	0.384615
4043	4044	0.344827
4044	3488	2.857135
4044	3489	0.974890
4044	3490	10.723690
4044	3517	10.487978
4044	3518	1.261623
4044	3519	0.595767
4044	4043	0.344827
4044	4045	0.285968
4045	3489	1.642854
4045	3515	22.999471
4045	3516	1.128820
4045	3517	7.498092
4045	3518	0.741935
4045	4044	0.285968
4045	4046	0.238307
4046	3515	1.072379
4046	3516	2.222217
4046	4045	0.238307
4046	4047	0.363636
4047	3514	1.072379
4047	3515	0.630812
4047	4046	0.363636
4047	4048	0.283462
4048	3512	22.493938
4048	3513	1.498296
4048	3514	0.459070
4048	4047	0.283462
4048	4049	0.268925
4049	3512	1.072379
4049	3513	4.999975
4049	4048	0.268925
4049	4050	0.466252
4049	4249	3.999984
4049	4250	2.499994
4049	4251	20.975737
4050	3511	1.072379
4050	3512	0.319444
4050	4049	0.466252
4050	4051	0.277108
4050	4250	1.429839
4050	4251	0.978018
4051	3510	1.021314
4051	3511	0.612788
4051	4050	0.277108
4051	4052	0.273809
4051	4251	5.623579
4052	2089	1.022474
4052	3509	1.072379
4052	3510	0.510657
4052	4051	0.273809
4052	4053	0.218853
4052	4205	2.299995
4053	2089	0.839046
4053	3509	6.666622
4053	4052	0.218853
4053	4054	0.274969
4053	4205	1.128820
4054	4053	0.274969
4054	4055	0.235688
4054	4205	0.469388
4054	4207	21.447151
4054	4209	1.124721
4055	4054	0.235688
4055	4056	0.839046
4055	4205	21.447151
4055	4209	0.403388
4055	4210	7.149152
4056	4055	0.839046
4056	4057	0.978018
4056	4210	22.493938
4056	4319	2.097613
4057	4056	0.978018
4057	4058	0.239583
4057	4215	21.447151
4057	4216	1.072379
4057	4217	4.289504
4057	4234	5.623579
4057	4316	1.874533
4057	4318	0.383333
4058	4057	0.239583
4058	4059	0.258557
4058	4215	1.261623
4058	4216	0.974890
4058	4234	7.498092
4058	4235	1.183917
4058	4315	11.499868
4058	4316	3.749060
4059	4058	0.258557
4059	4060	0.330801
4059	4213	20.975737
4059	4214	1.311009
4059	4215	1.048808
4059	4235	7.333280
4059	4236	2.044945
4059	4237	22.493938
4060	4059	0.330801
4060	4061	0.261364
4060	4213	1.429839
4060	4214	1.531970
4060	4236	2.090905
4060	4237	1.916663
4061	4060	0.261364
4061	4062	0.261556
4061	4211	22.999471
4061	4212	1.340474
4061	4213	1.072379
4062	4061	0.261556
4062	4063	0.303030
4062	4211	1.261623
4062	4212	6.666622
4063	4062	0.303030
4063	4064	0.465116
4063	4210	1.128820
4063	4211	0.893650
4064	4063	0.465116
4064	4065	0.243723
4064	4204	1.104008
4064	4206	6.992010
4064	4210	0.510657
4065	4064	0.243723
4065	4066	0.562361
4065	4067	7.666608
4065	4203	0.335738
4065	4204	1.022474
4065	4206	1.405901
4066	4065	0.562361
4066	4067	0.244505
4066	4203	1.374998
4066	4206	0.318840
4067	4065	7.666608
4067	4066	0.244505
4067	4068	0.273809
4067	4202	1.261623
4067	4203	1.323201
4068	4067	0.273809
4068	4069	0.234694
4068	4200	21.447151
4068	4201	1.072379
4068	4202	0.536190
4069	4068	0.234694
4069	4070	0.255555
4069	4200	1.128820
4069	4201	0.765986
4070	4069	0.255555
4070	4071	0.239583
4070	4199	1.261623
4070	4200	0.595767
4071	4070	0.239583
4071	4072	0.252747
4071	4160	22.999471
4071	4198	11.499868
4071	4199	4.289504
4072	3970	0.958332
4072	3971	1.916663
4072	4071	0.252747
4072	4073	0.857904
4072	4160	1.533331
4072	4161	5.623579
4072	4193	22.493938
4072	4194	11.499868
4072	4195	5.361874
4073	3949	19.999600
4073	3970	3.574589
4073	3971	1.649813
4073	3991	20.975737
4073	4072	0.857904
4073	4074	0.327869
4073	4101	1.261623
4073	4102	1.104008
4073	4160	0.649927
4073	4161	4.195218
4073	4193	4.195218
4074	3949	0.833333
4074	3970	7.149152
4074	3991	0.676650
4074	4073	0.327869
4074	4075	0.465116
4074	4100	1.128820
4074	4101	1.128820
4074	4193	6.992010
4075	3949	4.999975
4075	3991	0.776895
4075	4074	0.465116
4075	4076	0.263158
4075	4099	1.128820
4075	4100	0.595767
4076	4075	0.263158
4076	4077	0.256410
4076	4098	1.498296
4076	4099	0.857904
4077	4076	0.256410
4077	4078	0.333333
4077	4097	1.233891
4077	4098	1.104008
4078	4077	0.333333
4078	4079	0.487805
4078	4096	1.340474
4078	4097	0.655505
4079	4078	0.487805
4079	4080	0.277778
4079	4095	1.021314
4079	4096	0.691858
4080	4079	0.277778
4080	4081	0.279682
4080	4082	7.149152
4080	4094	2.857135
4080	4095	0.974890
4081	4080	0.279682
4081	4082	0.978018
4081	4083	0.313077
4081	4092	1.374998
4081	4093	20.975737
4081	4094	20.975737
4082	4080	7.149152
4082	4081	0.978018
4082	4083	0.691858
4082	4090	22.999471
4082	4091	0.766666
4083	4081	0.313077
4083	4082	0.691858
4083	4084	0.537850
4083	4091	1.787298
4083	4092	1.104008
4084	3959	2.499376
4084	4083	0.537850
4084	4085	0.268925
4084	4086	22.493938
4084	4091	1.323201
4084	4092	0.318840
4085	3958	1.311009
4085	3959	5.361874
4085	4084	0.268925
4085	4086	0.428952
4085	4090	1.340474
4085	4091	2.383062
4086	3958	3.213482
4086	4084	22.493938
4086	4085	0.428952
4086	4087	0.899777
4086	4088	1.210525
4086	4089	22.493938
4086	4090	2.090905
4087	3958	10.999879
4087	4086	0.899777
4087	4088	0.394639
4088	3958	22.493938
4088	4086	1.210525
4088	4087	0.394639
4088	4089	0.394639
4089	3958	7.333280
4089	3959	3.749060
4089	4086	22.493938
4089	4088	0.394639
4089	4090	0.416564
4090	3958	7.498092
4090	3959	1.149999
4090	4082	22.999471
4090	4085	1.340474
4090	4086	2.090905
4090	4089	0.416564
4090	4091	0.207207
4091	3959	5.749967
4091	3960	1.071163
4091	4082	0.766666
4091	4083	1.787298
4091	4084	1.323201
4091	4085	2.383062
4091	4090	0.207207
4091	4092	0.775670
4092	3959	5.623579
4092	3960	2.199995
4092	4081	1.374998
4092	4083	1.104008
4092	4084	0.318840
4092	4091	0.775670
4092	4093	0.616946
4093	4081	20.975737
4093	4092	0.616946
4093	4094	0.363636
4093	4095	21.447151
4094	4080	2.857135
4094	4081	20.975737
4094	4093	0.363636
4094	4095	0.282205
4095	4079	1.021314
4095	4080	0.974890
4095	4093	21.447151
4095	4094	0.282205
4095	4096	0.273809
4096	4078	1.340474
4096	4079	0.691858
4096	4095	0.273809
4096	4097	0.288390
4097	4077	1.233891
4097	4078	0.655505
4097	4096	0.288390
4097	4098	0.271605
4098	4076	1.498296
4098	4077	1.104008
4098	4097	0.271605
4098	4099	0.274322
4099	4075	1.128820
4099	4076	0.857904
4099	4098	0.274322
4099	4100	0.306667
4100	4074	1.128820
4100	4075	0.595767
4100	4099	0.306667
4100	4101	0.270588
4101	3991	22.493938
4101	4073	1.261623
4101	4074	1.128820
4101	4100	0.270588
4101	4102	0.239303
4102	4073	1.104008
4102	4101	0.239303
4102	4103	0.235687
4102	4159	7.498092
4102	4160	1.730339
4103	4102	0.235687
4103	4104	0.404672
4103	4159	1.340474
4103	4160	3.063935
4104	4103	0.404672
4104	4105	0.285968
4104	4157	22.999471
4104	4158	1.340474
4104	4159	0.377049
4105	4104	0.285968
4105	4106	0.313077
4105	4157	1.072379
4106	4105	0.313077
4106	4107	0.246778
4106	4155	22.493938
4106	4156	1.498296
4106	4157	0.535582
4107	4106	0.246778
4107	4108	0.327869
4107	4109	19.999600
4107	4153	20.975737
4107	4155	1.128820
4107	4156	6.666622
4108	4107	0.327869
4108	4109	0.740740
4108	4110	9.999900
4108	4111	9.999900
4108	4151	19.999600
4108	4152	0.999999
4108	4153	1.906922
4108	4155	0.932504
4109	4107	19.999600
4109	4108	0.740740
4109	4110	0.240964
4109	4149	6.992010
4109	4150	21.447151
4109	4155	7.149152
4109	4156	1.333332
4110	4108	9.999900
4110	4109	0.240964
4110	4111	0.363636
4110	4153	20.975737
4110	4155	1.261623
4110	4156	2.857135
4111	4108	9.999900
4111	4110	0.363636
4111	4112	0.297883
4111	4153	1.498296
4111	4155	1.128820
4112	3155	2.044945
4112	4111	0.297883
4112	4113	0.328571
4112	4152	1.072379
4112	4153	0.489009
4112	4154	1.949779
4113	3153	21.447151
4113	3154	1.429839
4113	3155	2.499376
4113	3464	7.666608
4113	3465	2.680944
4113	4112	0.328571
4113	4114	0.206227
4113	4150	2.874992
4113	4151	1.261623
4113	4152	0.765986
4113	4154	10.723690
4114	3152	4.289504
4114	3153	1.333332
4114	3154	2.857135
4114	3464	5.361874
4114	3465	0.799999
4114	3466	4.289504
4114	4113	0.206227
4114	4115	0.273973
4114	4148	19.999600
4114	4150	1.649813
4115	3152	5.361874
4115	3466	2.680944
4115	4114	0.273973
4115	4116	0.999999
4115	4141	4.195218
4115	4147	0.612788
4115	4148	1.666664
4115	4149	3.496017
4115	4150	5.361874
4115	4298	20.975737
4116	3152	7.149152
4116	3466	1.949779
4116	3467	0.635641
4116	4115	0.999999
4116	4117	0.392157
4116	4118	2.857135
4116	4141	0.262202
4116	4147	2.144756
4116	4297	5.361874
4116	4298	20.975737
4117	4116	0.392157
4117	4118	0.833333
4117	4119	19.999600
4117	4141	1.613549
4117	4142	10.723690
4117	4297	10.723690
4118	4116	2.857135
4118	4117	0.833333
4118	4119	0.344827
4118	4146	1.191533
4118	4147	0.974890
4118	4271	5.361874
4118	4296	1.538459
4118	4297	0.345929
4119	4117	19.999600
4119	4118	0.344827
4119	4120	0.368003
4119	4145	1.261623
4119	4146	0.630812
4119	4271	2.144756
4119	4272	1.111110
4119	4294	3.574589
4119	4295	1.999996
4119	4296	2.857135
4120	3229	20.975737
4120	4119	0.368003
4120	4121	0.261563
4120	4144	1.498296
4120	4145	0.449889
4120	4272	10.487978
4120	4273	7.498092
4120	4274	20.975737
4120	4294	22.493938
4121	3228	22.999471
4121	3229	21.447151
4121	3230	1.606743
4121	4120	0.261563
4121	4122	0.246524
4121	4142	22.999471
4121	4143	1.261623
4121	4144	0.739572
4122	3230	3.496017
4122	3233	0.765986
4122	4121	0.246524
4122	4123	0.416666
4122	4142	1.128820
4122	4143	3.999984
4123	3233	0.794355
4123	3234	0.749149
4123	4122	0.416666
4123	4124	0.306394
4123	4138	1.498296
4123	4142	1.340474
4124	3120	2.090905
4124	3128	3.749060
4124	3129	3.574589
4124	3234	2.499376
4124	4123	0.306394
4124	4125	0.230619
4124	4136	11.499868
4124	4137	1.261623
4124	4138	0.661601
4125	3118	10.723690
4125	3119	1.249998
4125	3120	2.680944
4125	3128	20.975737
4125	3129	1.052630
4125	3130	19.999600
4125	4124	0.230619
4125	4126	0.312500
4125	4136	1.649813
4125	4137	4.999975
4126	3118	5.361874
4126	3119	3.999984
4126	3129	4.999975
4126	3130	0.869564
4126	4125	0.312500
4126	4127	0.350877
4126	4135	1.340474
4126	4136	0.857904
4127	4126	0.350877
4127	4128	0.487805
4127	4134	1.340474
4127	4135	0.765986
4128	4127	0.487805
4128	4129	0.476190
4128	4130	3.999984
4128	4133	1.261623
4128	4134	0.857904
4129	2953	0.566923
4129	2954	1.999996
4129	2962	19.999600
4129	4128	0.476190
4129	4130	0.500000
4129	4131	6.666622
4129	4132	4.195218
4130	2953	5.244017
4130	2956	1.261623
4130	2957	0.953462
4130	2962	1.538459
4130	2963	9.999900
4130	4128	3.999984
4130	4129	0.500000
4130	4131	0.312500
4131	2955	1.429839
4131	2956	0.536190
4131	4129	6.666622
4131	4130	0.312500
4131	4132	0.241105
4131	4133	21.447151
4132	2954	6.992010
4132	2955	1.323201
4132	4129	4.195218
4132	4131	0.241105
4132	4133	0.212212
4132	4276	21.999516
4132	4277	3.749060
4133	4128	1.261623
4133	4131	21.447151
4133	4132	0.212212
4133	4134	0.267442
4133	4276	3.213482
4133	4277	3.833319
4134	4127	1.340474
4134	4128	0.857904
4134	4133	0.267442
4134	4135	0.294872
4135	4126	1.340474
4135	4127	0.765986
4135	4134	0.294872
4135	4136	0.298701
4136	2795	2.090905
4136	2796	21.447151
4136	3129	3.063935
4136	3130	4.289504
4136	4124	11.499868
4136	4125	1.649813
4136	4126	0.857904
4136	4135	0.298701
4136	4137	0.235688
4137	2774	20.975737
4137	2795	7.149152
4137	2796	1.818179
4137	3128	10.487978
4137	3129	1.111110
4137	4124	1.261623
4137	4125	4.999975
4137	4136	0.235688
4137	4138	0.313077
4137	4140	10.487978
4138	2796	10.487978
4138	3128	1.294116
4138	3129	2.097613
4138	3234	2.749992
4138	3235	4.399981
4138	4123	1.498296
4138	4124	0.661601
4138	4137	0.313077
4138	4139	0.599319
4138	4140	1.999996
4138	4142	0.346068
4139	3151	4.999975
4139	3152	3.063935
4139	3235	4.195218
4139	4138	0.599319
4139	4140	0.437003
4139	4141	1.498296
4139	4142	1.531970
4139	4143	3.999984
4140	2772	5.244017
4140	3150	2.330681
4140	3151	2.097613
4140	3467	10.999879
4140	3468	2.811798
4140	4137	10.487978
4140	4138	1.999996
4140	4139	0.437003
4140	4141	0.999999
4140	4142	22.493938
4141	3152	11.247095
4141	3467	10.999879
4141	4115	4.195218
4141	4116	0.262202
4141	4117	1.613549
4141	4139	1.498296
4141	4140	0.999999
4141	4142	0.865170
4141	4143	3.496017
4142	3234	1.323201
4142	3235	7.498092
4142	4117	10.723690
4142	4121	22.999471
4142	4122	1.128820
4142	4123	1.340474
4142	4138	0.346068
4142	4139	1.531970
4142	4140	22.493938
4142	4141	0.865170
4142	4143	0.243723
4143	3230	20.975737
4143	3234	1.398410
4143	3235	5.244017
4143	4121	1.261623
4143	4122	3.999984
4143	4139	3.999984
4143	4141	3.496017
4143	4142	0.243723
4143	4144	0.281690
4144	3229	1.249998
4144	3230	1.498296
4144	4120	1.498296
4144	4121	0.739572
4144	4143	0.281690
4144	4145	0.466252
4145	3229	0.824907
4145	4119	1.261623
4145	4120	0.449889
4145	4144	0.466252
4145	4146	0.283951
4145	4272	21.447151
4145	4273	5.749967
4146	4118	1.191533
4146	4119	0.630812
4146	4145	0.283951
4146	4147	0.212963
4146	4271	4.599979
4146	4272	1.261623
4147	4115	0.612788
4147	4116	2.144756
4147	4118	0.974890
4147	4146	0.212963
4147	4148	0.739572
4147	4271	1.277776
4147	4272	2.383062
4147	4297	4.599979
4148	4114	19.999600
4148	4115	1.666664
4148	4147	0.739572
4148	4149	0.327753
4148	4269	21.447151
4148	4270	2.383062
4148	4271	21.447151
4148	4297	0.857904
4148	4298	1.498296
4149	4109	6.992010
4149	4115	3.496017
4149	4148	0.327753
4149	4150	0.227217
4149	4298	1.047618
4149	4299	2.330681
4150	3465	3.574589
4150	3466	7.666608
4150	4109	21.447151
4150	4113	2.874992
4150	4114	1.649813
4150	4115	5.361874
4150	4149	0.227217
4150	4151	0.210271
4150	4245	4.498869
4151	3464	10.723690
4151	3465	1.176469
4151	4108	19.999600
4151	4113	1.261623
4151	4150	0.210271
4151	4152	0.384615
4151	4245	6.992010
4152	3464	1.340474
4152	3465	2.499994
4152	4108	0.999999
4152	4112	1.072379
4152	4113	0.765986
4152	4151	0.384615
4152	4153	0.635641
4153	3464	22.493938
4153	4107	20.975737
4153	4108	1.906922
4153	4110	20.975737
4153	4111	1.498296
4153	4112	0.489009
4153	4152	0.635641
4153	4154	0.349603
4153	4155	0.299926
4154	3155	0.322710
4154	3462	6.666622
4154	4112	1.949779
4154	4113	10.723690
4154	4153	0.349603
4154	4155	0.739572
4155	4106	22.493938
4155	4107	1.128820
4155	4108	0.932504
4155	4109	7.149152
4155	4110	1.261623
4155	4111	1.128820
4155	4153	0.299926
4155	4154	0.739572
4155	4156	0.278540
4156	4106	1.498296
4156	4107	6.666622
4156	4109	1.333332
4156	4110	2.857135
4156	4155	0.278540
4156	4157	0.369786
4157	4104	22.999471
4157	4105	1.072379
4157	4106	0.535582
4157	4156	0.369786
4157	4158	0.221109
4158	4104	1.340474
4158	4157	0.221109
4158	4159	0.397178
4159	4102	7.498092
4159	4103	1.340474
4159	4104	0.377049
4159	4158	0.397178
4159	4160	0.291139
4160	4071	22.999471
4160	4072	1.533331
4160	4073	0.649927
4160	4102	1.730339
4160	4103	3.063935
4160	4159	0.291139
4160	4161	0.499876
4161	4072	5.623579
4161	4073	4.195218
4161	4160	0.499876
4161	4162	0.244444
4161	4198	2.811798
4161	4199	20.975737
4162	4161	0.244444
4162	4163	0.264640
4162	4198	1.405901
4163	4162	0.264640
4163	4164	0.328571
4163	4197	1.787298
4163	4198	1.210525
4164	4163	0.328571
4164	4165	0.230000
4164	4196	1.261623
4164	4197	0.612788
4165	4164	0.230000
4165	4166	0.264640
4165	4195	1.261623
4165	4196	0.670237
4166	4165	0.264640
4166	4167	0.299660
4166	4194	1.405901
4166	4195	0.953462
4167	4166	0.299660
4167	4168	0.524404
4167	4191	0.765986
4167	4192	1.233891
4167	4194	1.531970
4168	3950	11.247095
4168	3951	5.623579
4168	3967	1.048808
4168	4167	0.524404
4168	4169	0.220000
4168	4170	20.975737
4168	4191	1.124721
4168	4192	0.301370
4169	3951	1.124721
4169	3952	2.499376
4169	3966	2.622015
4169	3967	2.097613
4169	4168	0.220000
4169	4170	0.276002
4169	4191	1.071163
4170	3952	1.949779
4170	3953	1.949779
4170	4168	20.975737
4170	4169	0.276002
4170	4171	0.392157
4170	4190	1.649813
4170	4191	1.191533
4171	3953	3.574589
4171	4170	0.392157
4171	4172	0.510657
4171	4183	1.428569
4171	4189	1.261623
4171	4190	0.765986
4172	4171	0.510657
4172	4173	0.293803
4172	4183	0.670237
4172	4188	1.261623
4172	4189	0.315068
4173	4172	0.293803
4173	4174	0.285714
4173	4183	1.999996
4173	4187	1.072379
4173	4188	1.333332
4174	4173	0.285714
4174	4175	0.289832
4174	4183	3.999984
4174	4184	1.428569
4174	4186	4.195218
4174	4187	0.739572
4175	4174	0.289832
4175	4176	0.499876
4175	4182	0.412454
4175	4183	1.949779
4175	4184	0.739572
4175	4185	1.730339
4175	4186	11.247095
4176	4175	0.499876
4176	4177	0.184874
4176	4182	1.311009
4176	4184	20.975737
4176	4185	0.333333
4177	4176	0.184874
4177	4178	0.247191
4177	4179	4.498869
4177	4181	1.833330
4177	4182	6.992010
4178	2584	1.048808
4178	4177	0.247191
4178	4179	0.978018
4178	4180	2.996588
4178	4181	3.142847
4179	2600	1.949779
4179	2601	0.295979
4179	4177	4.498869
4179	4178	0.978018
4179	4180	0.739572
4180	2601	1.906922
4180	2602	5.361874
4180	4178	2.996588
4180	4179	0.739572
4180	4181	0.395777
4181	4177	1.833330
4181	4178	3.142847
4181	4180	0.395777
4181	4182	0.313077
4182	4175	0.412454
4182	4176	1.311009
4182	4177	6.992010
4182	4181	0.313077
4182	4183	0.625000
4182	4184	1.428569
4183	4171	1.428569
4183	4172	0.670237
4183	4173	1.999996
4183	4174	3.999984
4183	4175	1.949779
4183	4182	0.625000
4183	4184	0.645161
4184	4174	1.428569
4184	4175	0.739572
4184	4176	20.975737
4184	4182	1.428569
4184	4183	0.645161
4184	4185	0.332955
4184	4186	1.104008
4184	4187	0.765986
4185	4175	1.730339
4185	4176	0.333333
4185	4184	0.332955
4185	4186	0.536585
4186	4174	4.195218
4186	4175	11.247095
4186	4184	1.104008
4186	4185	0.536585
4186	4187	0.271017
4187	4173	1.072379
4187	4174	0.739572
4187	4184	0.765986
4187	4186	0.271017
4187	4188	0.243723
4188	4172	1.261623
4188	4173	1.333332
4188	4187	0.243723
4188	4189	0.630812
4189	4171	1.261623
4189	4172	0.315068
4189	4188	0.630812
4189	4190	0.252747
4190	4170	1.649813
4190	4171	0.765986
4190	4189	0.252747
4190	4191	0.291139
4191	3951	22.999471
4191	4167	0.765986
4191	4168	1.124721
4191	4169	1.071163
4191	4170	1.191533
4191	4190	0.291139
4191	4192	0.978018
4192	3950	1.183917
4192	3951	4.498869
4192	3968	3.142847
4192	4167	1.233891
4192	4168	0.301370
4192	4191	0.978018
4192	4193	0.916666
4192	4194	0.288390
4193	3949	1.165342
4193	3950	0.346068
4193	3968	1.692305
4193	3970	0.468634
4193	4072	22.493938
4193	4073	4.195218
4193	4074	6.992010
4193	4192	0.916666
4193	4194	0.607958
4194	3968	5.623579
4194	3969	22.493938
4194	3970	1.916663
4194	4072	11.499868
4194	4166	1.405901
4194	4167	1.531970
4194	4192	0.288390
4194	4193	0.607958
4194	4195	0.268095
4195	3970	3.063935
4195	4072	5.361874
4195	4165	1.261623
4195	4166	0.953462
4195	4194	0.268095
4195	4196	0.303030
4196	4164	1.261623
4196	4165	0.670237
4196	4195	0.303030
4196	4197	0.327869
4197	4163	1.787298
4197	4164	0.612788
4197	4196	0.327869
4197	4198	0.264785
4198	4071	11.499868
4198	4161	2.811798
4198	4162	1.405901
4198	4163	1.210525
4198	4197	0.264785
4198	4199	0.523112
4199	4070	1.261623
4199	4071	4.289504
4199	4161	20.975737
4199	4198	0.523112
4199	4200	0.303030
4200	4068	21.447151
4200	4069	1.128820
4200	4070	0.595767
4200	4199	0.303030
4200	4201	0.256410
4201	4068	1.072379
4201	4069	0.765986
4201	4200	0.256410
4201	4202	0.434782
4202	4067	1.261623
4202	4068	0.536190
4202	4201	0.434782
4202	4203	0.243909
4203	4065	0.335738
4203	4066	1.374998
4203	4067	1.323201
4203	4202	0.243909
4203	4204	1.047618
4204	4064	1.104008
4204	4065	1.022474
4204	4203	1.047618
4204	4205	0.978018
4204	4206	0.255814
4204	4209	2.749992
4204	4210	0.374907
4205	2090	4.289504
4205	3509	0.376274
4205	4052	2.299995
4205	4053	1.128820
4205	4054	0.469388
4205	4055	21.447151
4205	4204	0.978018
4205	4206	0.803372
4205	4207	1.429839
4205	4209	2.499376
4206	4064	6.992010
4206	4065	1.405901
4206	4066	0.318840
4206	4204	0.255814
4206	4205	0.803372
4206	4207	1.104008
4206	4208	4.498869
4206	4209	4.399981
4207	2090	0.645161
4207	3509	6.666622
4207	4054	21.447151
4207	4205	1.429839
4207	4206	1.104008
4207	4208	0.510657
4207	4209	0.295439
4208	4206	4.498869
4208	4207	0.510657
4208	4209	0.978018
4209	4054	1.124721
4209	4055	0.403388
4209	4204	2.749992
4209	4205	2.499376
4209	4206	4.399981
4209	4207	0.295439
4209	4208	0.978018
4209	4210	0.702951
4210	4055	7.149152
4210	4056	22.493938
4210	4063	1.128820
4210	4064	0.510657
4210	4204	0.374907
4210	4209	0.702951
4210	4211	0.270588
4211	4061	22.999471
4211	4062	1.261623
4211	4063	0.893650
4211	4210	0.270588
4211	4212	0.218853
4212	4061	1.340474
4212	4062	6.666622
4212	4211	0.218853
4212	4213	0.307692
4213	4059	20.975737
4213	4060	1.429839
4213	4061	1.072379
4213	4212	0.307692
4213	4214	0.277778
4214	4059	1.311009
4214	4060	1.531970
4214	4213	0.277778
4214	4215	0.392157
4215	4057	21.447151
4215	4058	1.261623
4215	4059	1.048808
4215	4214	0.392157
4215	4216	0.322581
4215	4235	3.496017
4216	4057	1.072379
4216	4058	0.974890
4216	4215	0.322581
4216	4217	0.298507
4216	4234	0.806775
4216	4235	0.998865
4217	4057	4.289504
4217	4216	0.298507
4217	4218	1.165342
4217	4234	6.992010
4217	4316	4.195218
4217	4318	1.949779
4218	4217	1.165342
4218	4219	0.749149
4218	4317	1.499627
4218	4318	4.498869
4219	4218	0.749149
4219	4220	0.523112
4219	4221	5.361874
4219	4317	0.974890
4219	4318	3.574589
4220	4219	0.523112
4220	4221	0.287500
4220	4230	1.429839
4220	4231	0.489361
4220	4317	1.277776
4221	4219	5.361874
4221	4220	0.287500
4221	4222	0.324964
4221	4229	1.072379
4221	4230	0.765986
4222	4221	0.324964
4222	4223	1.021314
4222	4227	6.992010
4222	4229	0.952380
4223	4222	1.021314
4223	4224	0.630812
4223	4225	1.649813
4223	4227	2.249439
4223	4228	2.090905
4224	4223	0.630812
4224	4225	0.833333
4225	4223	1.649813
4225	4224	0.833333
4225	4226	0.655505
4225	4227	2.996588
4226	4225	0.655505
4226	4227	0.628571
4226	4228	22.493938
4226	4319	2.097613
4227	4222	6.992010
4227	4223	2.249439
4227	4225	2.996588
4227	4226	0.628571
4227	4228	0.523126
4227	4229	0.953462
4228	4223	2.090905
4228	4226	22.493938
4228	4227	0.523126
4228	4229	0.691858
4228	4230	21.447151
4229	4221	1.072379
4229	4222	0.952380
4229	4227	0.953462
4229	4228	0.691858
4229	4230	0.384615
4230	4220	1.429839
4230	4221	0.765986
4230	4228	21.447151
4230	4229	0.384615
4230	4231	0.320113
4231	4220	0.489361
4231	4230	0.320113
4231	4232	0.370968
4231	4317	1.916663
4232	4231	0.370968
4232	4233	0.329963
4232	4316	1.874533
4232	4317	0.851851
4233	4232	0.329963
4233	4234	0.276002
4233	4315	1.340474
4233	4316	0.599319
4234	4057	5.623579
4234	4058	7.498092
4234	4216	0.806775
4234	4217	6.992010
4234	4233	0.276002
4234	4235	0.289474
4234	4315	1.499627
4234	4316	0.578947
4235	4058	1.183917
4235	4059	7.333280
4235	4215	3.496017
4235	4216	0.998865
4235	4234	0.289474
4235	4236	0.316823
4235	4315	1.323201
4236	4059	2.044945
4236	4060	2.090905
4236	4235	0.316823
4236	4237	0.306667
4236	4314	1.261623
4236	4315	0.718749
4237	4059	22.493938
4237	4060	1.916663
4237	4236	0.306667
4237	4238	0.249938
4237	4313	1.072379
4237	4314	0.549938
4238	4237	0.249938
4238	4239	0.255807
4238	4311	22.493938
4238	4312	1.498296
4238	4313	1.048808
4239	4238	0.255807
4239	4240	0.322581
4239	4311	1.261623
4239	4312	2.222217
4240	4239	0.322581
4240	4241	0.285714
4240	4256	1.261623
4241	4240	0.285714
4241	4242	0.476613
4241	4255	1.261623
4241	4256	0.691858
4241	4308	1.498296
4242	4241	0.476613
4242	4243	0.242105
4242	4254	1.261623
4242	4255	0.353846
4242	4261	1.340474
4242	4262	2.555549
4242	4307	11.247095
4242	4308	1.730339
4243	4242	0.242105
4243	4244	0.277108
4243	4252	21.447151
4243	4253	1.072379
4243	4254	0.670237
4243	4261	3.063935
4243	4262	0.741935
4244	4243	0.277108
4244	4245	0.937268
4244	4246	0.261563
4244	4251	7.498092
4244	4252	1.191533
4244	4253	0.714920
4244	4262	22.999471
4245	4150	4.498869
4245	4151	6.992010
4245	4244	0.937268
4245	4246	0.758620
4245	4247	22.493938
4245	4300	10.487978
4246	4244	0.261563
4246	4245	0.758620
4246	4247	0.241876
4246	4251	1.222221
4246	4252	6.992010
4247	3143	11.247095
4247	3144	1.533331
4247	4245	22.493938
4247	4246	0.241876
4247	4248	0.833127
4247	4249	1.191533
4247	4250	2.680944
4247	4251	2.499376
4248	3143	21.999516
4248	3145	0.814814
4248	3472	1.398410
4248	3473	10.487978
4248	3513	1.906922
4248	3514	0.607958
4248	4247	0.833127
4248	4249	0.233069
4249	3143	20.975737
4249	3472	19.999600
4249	3473	1.249998
4249	3513	19.999600
4249	4049	3.999984
4249	4247	1.191533
4249	4248	0.233069
4249	4250	0.217391
4250	4049	2.499994
4250	4050	1.429839
4250	4247	2.680944
4250	4249	0.217391
4250	4251	0.291336
4251	4049	20.975737
4251	4050	0.978018
4251	4051	5.623579
4251	4244	7.498092
4251	4246	1.222221
4251	4247	2.499376
4251	4250	0.291336
4251	4252	0.223151
4252	4243	21.447151
4252	4244	1.191533
4252	4246	6.992010
4252	4251	0.223151
4252	4253	0.303030
4253	4243	1.072379
4253	4244	0.714920
4253	4252	0.303030
4253	4254	0.344827
4254	4242	1.261623
4254	4243	0.670237
4254	4253	0.344827
4254	4255	0.320113
4255	4241	1.261623
4255	4242	0.353846
4255	4254	0.320113
4255	4256	0.267442
4255	4259	11.499868
4255	4261	3.063935
4255	4308	1.124721
4256	4240	1.261623
4256	4241	0.691858
4256	4255	0.267442
4256	4257	0.670237
4256	4259	1.642854
4256	4308	0.408990
4256	4309	1.191533
4257	4256	0.670237
4257	4258	0.739572
4257	4259	0.335119
4257	4308	1.398410
4257	4309	3.999984
4258	4257	0.739572
4258	4259	1.095237
4259	4255	11.499868
4259	4256	1.642854
4259	4257	0.335119
4259	4258	1.095237
4259	4260	0.833127
4259	4261	7.149152
4259	4304	0.428952
4259	4307	2.811798
4259	4308	1.249690
4260	4259	0.833127
4260	4261	0.776895
4260	4262	11.247095
4260	4263	11.247095
4260	4303	0.582671
4260	4304	0.343872
4260	4305	4.195218
4260	4306	10.487978
4260	4307	21.999516
4261	4242	1.340474
4261	4243	3.063935
4261	4255	3.063935
4261	4259	7.149152
4261	4260	0.776895
4261	4262	0.315406
4261	4304	4.999975
4261	4307	1.398410
4261	4308	0.511614
4262	4242	2.555549
4262	4243	0.741935
4262	4244	22.999471
4262	4260	11.247095
4262	4261	0.315406
4262	4263	0.252747
4262	4306	1.261623
4262	4307	0.576780
4263	4260	11.247095
4263	4262	0.252747
4263	4264	0.225490
4263	4305	1.340474
4263	4306	0.612788
4264	4263	0.225490
4264	4265	0.189802
4264	4302	3.833319
4264	4303	1.649813
4264	4305	0.794355
4265	4264	0.189802
4265	4266	0.333333
4265	4302	1.261623
4265	4303	6.666622
4266	4265	0.333333
4266	4267	0.382993
4266	4301	1.128820
4266	4302	0.579665
4267	4266	0.382993
4267	4268	0.242105
4267	4300	1.128820
4267	4301	0.323944
4268	4267	0.242105
4268	4269	0.230000
4268	4299	1.340474
4268	4300	0.649927
4269	4148	21.447151
4269	4268	0.230000
4269	4270	0.212963
4269	4299	1.191533
4270	4148	2.383062
4270	4269	0.212963
4270	4271	0.348485
4270	4296	2.680944
4271	4118	5.361874
4271	4119	2.144756
4271	4146	4.599979
4271	4147	1.277776
4271	4148	21.447151
4271	4270	0.348485
4271	4272	0.202336
4271	4294	3.285703
4271	4295	1.261623
4271	4296	1.340474
4272	4119	1.111110
4272	4120	10.487978
4272	4145	21.447151
4272	4146	1.261623
4272	4147	2.383062
4272	4271	0.202336
4272	4273	0.340438
4272	4293	6.992010
4272	4294	1.649813
4273	4120	7.498092
4273	4145	5.749967
4273	4272	0.340438
4273	4274	1.072379
4273	4292	0.328571
4273	4293	3.213482
4274	4120	20.975737
4274	4273	1.072379
4274	4275	1.048808
4274	4291	1.111110
4274	4292	0.340438
4274	4293	0.635641
4275	4274	1.048808
4275	4276	0.196429
4275	4290	10.487978
4275	4291	1.906922
4275	4293	0.846153
4275	4294	0.511237
4276	4132	21.999516
4276	4133	3.213482
4276	4275	0.196429
4276	4277	0.214233
4276	4291	3.496017
4277	2955	3.833319
4277	4132	3.749060
4277	4133	3.833319
4277	4276	0.214233
4277	4278	0.210271
4277	4289	4.599979
4277	4290	1.429839
4277	4291	7.149152
4278	2955	3.063935
4278	2956	21.447151
4278	4277	0.210271
4278	4279	0.466252
4278	4289	1.261623
4278	4290	19.999600
4279	4278	0.466252
4279	4280	0.225764
4279	4287	22.999471
4279	4288	1.128820
4279	4289	0.396552
4280	4279	0.225764
4280	4281	0.322581
4280	4287	1.261623
4280	4288	2.222217
4281	4280	0.322581
4281	4282	0.335119
4281	4286	1.128820
4281	4287	0.595767
4282	4281	0.335119
4282	4283	0.714920
4282	4284	0.511111
4282	4285	3.749060
4282	4286	0.479166
4283	3201	1.999996
4283	4282	0.714920
4283	4284	0.329963
4284	3200	1.191533
4284	3201	3.063935
4284	3225	22.999471
4284	4282	0.511111
4284	4283	0.329963
4284	4285	0.234317
4284	4286	22.999471
4285	3199	2.996588
4285	3200	0.953462
4285	3225	1.323201
4285	3226	0.953462
4285	4282	3.749060
4285	4284	0.234317
4285	4286	0.523126
4286	3226	1.949779
4286	3227	3.063935
4286	4281	1.128820
4286	4282	0.479166
4286	4284	22.999471
4286	4285	0.523126
4286	4287	0.227723
4287	3227	2.144756
4287	3228	11.499868
4287	4279	22.999471
4287	4280	1.261623
4287	4281	0.595767
4287	4286	0.227723
4287	4288	0.246524
4288	1426	1.949779
4288	4279	1.128820
4288	4280	2.222217
4288	4287	0.246524
4288	4289	0.476613
4289	1426	3.833319
4289	1645	1.106729
4289	4277	4.599979
4289	4278	1.261623
4289	4279	0.396552
4289	4288	0.476613
4289	4290	0.212353
4290	1645	1.916626
4290	4275	10.487978
4290	4277	1.429839
4290	4278	19.999600
4290	4289	0.212353
4290	4291	0.263158
4290	4292	7.149152
4291	1645	6.708159
4291	4274	1.111110
4291	4275	1.906922
4291	4276	3.496017
4291	4277	7.149152
4291	4290	0.263158
4291	4292	0.739572
4291	4293	0.566923
4292	1645	2.877491
4292	4273	0.328571
4292	4274	0.340438
4292	4290	7.149152
4292	4291	0.739572
4292	4293	0.865170
4293	4272	6.992010
4293	4273	3.213482
4293	4274	0.635641
4293	4275	0.846153
4293	4291	0.566923
4293	4292	0.865170
4293	4294	0.212212
4294	4119	3.574589
4294	4120	22.493938
4294	4271	3.285703
4294	4272	1.649813
4294	4275	0.511237
4294	4293	0.212212
4294	4295	0.200445
4295	4119	1.999996
4295	4271	1.261623
4295	4294	0.200445
4295	4296	0.222222
4296	4118	1.538459
4296	4119	2.857135
4296	4270	2.680944
4296	4271	1.340474
4296	4295	0.222222
4296	4297	0.794355
4297	4116	5.361874
4297	4117	10.723690
4297	4118	0.345929
4297	4147	4.599979
4297	4148	0.857904
4297	4296	0.794355
4297	4298	0.303979
4298	4115	20.975737
4298	4116	20.975737
4298	4148	1.498296
4298	4149	1.047618
4298	4297	0.303979
4298	4299	0.537850
4299	4149	2.330681
4299	4268	1.340474
4299	4269	1.191533
4299	4298	0.537850
4299	4300	0.444444
4300	1628	3.708085
4300	1629	1.788851
4300	1630	0.769230
4300	1631	12.648951
4300	4245	10.487978
4300	4267	1.128820
4300	4268	0.649927
4300	4299	0.444444
4300	4301	0.329963
4301	1626	6.782284
4301	1627	0.904310
4301	1628	0.441832
4301	1629	1.918329
4301	4266	1.128820
4301	4267	0.323944
4301	4300	0.329963
4301	4302	0.252747
4302	1627	4.521533
4302	1628	1.590595
4302	4264	3.833319
4302	4265	1.261623
4302	4266	0.579665
4302	4301	0.252747
4302	4303	0.278540
4303	4260	0.582671
4303	4264	1.649813
4303	4265	6.666622
4303	4302	0.278540
4303	4304	0.952380
4303	4305	4.999975
4304	4259	0.428952
4304	4260	0.343872
4304	4261	4.999975
4304	4303	0.952380
4304	4305	0.689655
4304	4306	3.999984
4304	4307	2.622015
4304	4308	20.975737
4305	4260	4.195218
4305	4263	1.340474
4305	4264	0.794355
4305	4303	4.999975
4305	4304	0.689655
4305	4306	0.384615
4306	4260	10.487978
4306	4262	1.261623
4306	4263	0.612788
4306	4304	3.999984
4306	4305	0.384615
4306	4307	0.283462
4307	4242	11.247095
4307	4259	2.811798
4307	4260	21.999516
4307	4261	1.398410
4307	4262	0.576780
4307	4304	2.622015
4307	4306	0.283462
4307	4308	0.423077
4308	4241	1.498296
4308	4242	1.730339
4308	4255	1.124721
4308	4256	0.408990
4308	4257	1.398410
4308	4259	1.249690
4308	4261	0.511614
4308	4304	20.975737
4308	4307	0.423077
4308	4309	0.749149
4309	4256	1.191533
4309	4257	3.999984
4309	4308	0.749149
4309	4310	0.232558
4310	4309	0.232558
4310	4311	0.289832
4311	4238	22.493938
4311	4239	1.261623
4311	4310	0.289832
4311	4312	0.258405
4312	4238	1.498296
4312	4239	2.222217
4312	4311	0.258405
4312	4313	0.312500
4313	4237	1.072379
4313	4238	1.048808
4313	4312	0.312500
4313	4314	0.327869
4314	4236	1.261623
4314	4237	0.549938
4314	4313	0.327869
4314	4315	0.243723
4315	4058	11.499868
4315	4233	1.340474
4315	4234	1.499627
4315	4235	1.323201
4315	4236	0.718749
4315	4314	0.243723
4315	4316	0.937268
4316	4057	1.874533
4316	4058	3.749060
4316	4217	4.195218
4316	4232	1.874533
4316	4233	0.599319
4316	4234	0.578947
4316	4315	0.937268
4316	4317	0.244505
4316	4318	3.749060
4317	4218	1.499627
4317	4219	0.974890
4317	4220	1.277776
4317	4231	1.916663
4317	4232	0.851851
4317	4316	0.244505
4317	4318	0.534883
4318	4057	0.383333
4318	4217	1.949779
4318	4218	4.498869
4318	4219	3.574589
4318	4316	3.749060
4318	4317	0.534883
4318	4319	1.072379
4319	4056	2.097613
4319	4226	2.097613
4319	4318	1.072379
4319	4320	0.606060
4320	4319	0.606060
4320	4321	1.111110
4321	4320	1.111110
