# shape 4323 4323
# row_index	column_index	value
0	1	3.377622
0	70	0.127688
0	71	0.730297
0	72	1.610218
1	0	3.377622
1	2	2.650000
1	70	0.979130
1	71	0.150000
2	1	2.650000
2	3	3.000000
2	69	0.652753
2	70	1.492008
2	3351	0.047673
3	2	3.000000
3	4	2.191386
3	68	0.512878
3	69	1.445382
4	3	2.191386
4	5	4.000000
4	67	0.792629
4	68	2.869565
5	4	4.000000
5	6	3.867622
5	65	0.046625
5	66	0.746004
5	67	1.398757
6	5	3.867622
6	7	1.096482
6	48	2.669695
6	64	0.133366
6	65	0.572078
6	66	0.476731
7	6	1.096482
7	8	1.048809
7	12	1.500000
7	13	1.001136
7	14	0.419627
7	20	0.333712
7	45	0.139876
7	47	0.600000
7	48	0.350000
8	7	1.048809
8	9	1.289207
8	10	0.143019
8	11	0.095346
8	21	1.022475
8	22	0.545455
8	23	0.088911
8	44	1.906925
8	45	2.533959
9	8	1.289207
9	10	2.890765
9	23	0.043478
9	24	0.606128
9	25	2.356137
9	43	0.043478
9	44	0.466252
10	8	0.143019
10	9	2.890765
10	11	4.150000
10	22	0.047673
10	23	0.512878
10	24	0.700000
11	8	0.095346
11	10	4.150000
11	12	2.600000
11	22	0.619751
11	23	0.652753
12	7	1.500000
12	11	2.600000
12	13	1.716233
12	21	0.746004
12	22	1.239501
13	7	1.001136
13	12	1.716233
13	14	4.134354
13	20	0.181818
13	21	2.889602
14	7	0.419627
14	13	4.134354
14	15	1.305507
14	19	0.046625
14	47	0.233126
14	58	0.699379
15	14	1.305507
15	16	1.900000
15	17	0.979130
15	18	1.119006
16	15	1.900000
16	17	0.979130
16	3617	1.550000
16	3618	0.139876
17	15	0.979130
17	16	0.979130
17	18	1.000000
17	54	1.072381
17	56	1.478261
17	57	3.378612
17	59	0.139876
17	60	0.139876
18	15	1.119006
18	17	1.000000
18	19	0.932505
18	55	0.652753
18	56	2.086957
18	58	0.139876
18	59	0.233126
18	3578	3.000000
18	3606	0.130435
19	14	0.046625
19	18	0.932505
19	20	2.622022
19	21	0.512878
19	58	0.150000
20	7	0.333712
20	13	0.181818
20	19	2.622022
20	21	1.644851
20	45	2.845147
20	47	1.716233
21	8	1.022475
21	12	0.746004
21	13	2.889602
21	19	0.512878
21	20	1.644851
21	22	3.022969
21	45	0.391304
22	8	0.545455
22	10	0.047673
22	11	0.619751
22	12	1.239501
22	21	3.022969
22	23	4.312176
23	8	0.088911
23	9	0.043478
23	10	0.512878
23	11	0.652753
23	22	4.312176
23	24	4.149646
24	9	0.606128
24	10	0.700000
24	23	4.149646
24	25	2.717368
25	9	2.356137
25	24	2.717368
25	26	3.689800
25	43	0.622376
26	25	3.689800
26	27	4.130435
26	42	0.746004
26	43	0.565217
27	26	4.130435
27	28	3.000000
27	41	0.839254
27	42	1.119006
28	27	3.000000
28	29	4.217391
28	40	0.699379
28	41	1.958260
29	28	4.217391
29	30	3.956533
29	39	0.746004
29	40	1.258881
30	29	3.956533
30	31	3.051080
30	38	0.476731
30	39	1.382521
31	30	3.051080
31	32	1.600000
31	37	0.238366
31	38	0.450000
32	31	1.600000
32	33	0.932505
32	34	0.619751
32	35	0.143019
33	32	0.932505
33	34	5.023463
34	32	0.619751
34	33	5.023463
34	35	4.409091
34	773	0.095346
34	1322	0.136364
35	32	0.143019
35	34	4.409091
35	36	3.590909
36	35	3.590909
36	37	3.954545
36	677	0.044455
37	31	0.238366
37	36	3.954545
37	38	4.004543
37	678	0.090909
37	679	0.090909
38	30	0.476731
38	31	0.450000
38	37	4.004543
38	39	3.000000
39	29	0.746004
39	30	1.382521
39	38	3.000000
39	40	2.850000
40	28	0.699379
40	29	1.258881
40	39	2.850000
40	41	2.450000
41	27	0.839254
41	28	1.958260
41	40	2.450000
41	42	3.650000
42	26	0.746004
42	27	1.119006
42	41	3.650000
42	43	1.865010
43	9	0.043478
43	25	0.622376
43	26	0.565217
43	42	1.865010
43	44	3.123891
44	8	1.906925
44	9	0.466252
44	43	3.123891
44	45	1.398757
45	7	0.139876
45	8	2.533959
45	20	2.845147
45	21	0.391304
45	44	1.398757
45	46	1.258881
45	47	0.186501
46	45	1.258881
46	47	1.150000
46	49	0.150000
46	50	0.050000
47	7	0.600000
47	14	0.233126
47	20	1.716233
47	45	0.186501
47	46	1.150000
47	48	1.050000
47	49	0.050000
47	58	2.600000
48	6	2.669695
48	7	0.350000
48	47	1.050000
48	49	3.150000
48	63	0.047673
48	64	0.979130
48	65	0.250000
49	46	0.150000
49	47	0.050000
49	48	3.150000
49	50	2.950000
49	63	0.667424
49	64	0.839254
50	46	0.050000
50	49	2.950000
50	51	2.238012
50	62	0.839254
50	63	1.525540
51	50	2.238012
51	52	4.782609
51	61	0.466252
51	62	2.391304
52	51	4.782609
52	53	3.170516
52	60	0.186501
52	61	0.746004
53	52	3.170516
53	54	3.200000
53	57	0.715097
53	60	0.350000
54	17	1.072381
54	53	3.200000
54	55	1.500000
54	56	1.212256
54	57	0.333712
54	3606	0.046625
55	18	0.652753
55	54	1.500000
55	56	2.564388
55	3606	3.077266
56	17	1.478261
56	18	2.086957
56	54	1.212256
56	55	2.564388
56	57	1.022475
56	59	0.046625
57	17	3.378612
57	53	0.715097
57	54	0.333712
57	56	1.022475
57	58	0.858116
57	59	1.811579
57	60	3.098753
58	14	0.699379
58	18	0.139876
58	19	0.150000
58	47	2.600000
58	57	0.858116
58	59	3.600000
59	17	0.139876
59	18	0.233126
59	56	0.046625
59	57	1.811579
59	58	3.600000
59	60	1.800000
60	17	0.139876
60	52	0.186501
60	53	0.350000
60	57	3.098753
60	59	1.800000
60	61	3.100000
61	51	0.466252
61	52	0.746004
61	60	3.100000
61	62	2.377887
62	50	0.839254
62	51	2.391304
62	61	2.377887
62	63	3.511978
63	48	0.047673
63	49	0.667424
63	50	1.525540
63	62	3.511978
63	64	3.778711
64	6	0.133366
64	48	0.979130
64	49	0.839254
64	63	3.778711
64	65	3.683394
65	5	0.046625
65	6	0.572078
65	48	0.250000
65	64	3.683394
65	66	4.000000
66	5	0.746004
66	6	0.476731
66	65	4.000000
66	67	3.750000
67	4	0.792629
67	5	1.398757
67	66	3.750000
67	68	2.424513
68	3	0.512878
68	4	2.869565
68	67	2.424513
68	69	3.217391
69	2	0.652753
69	3	1.445382
69	68	3.217391
69	70	3.739130
70	0	0.127688
70	1	0.979130
70	2	1.492008
70	69	3.739130
70	71	3.357017
70	3326	0.606128
70	3327	0.093250
71	0	0.730297
71	1	0.150000
71	70	3.357017
71	72	3.480138
71	3326	0.700000
71	3327	0.300000
72	0	1.610218
72	71	3.480138
72	73	3.146427
73	72	3.146427
73	74	3.150000
74	73	3.150000
74	75	1.239501
74	3848	0.046625
75	74	1.239501
75	3820	0.090909
75	3821	0.953463
75	3822	1.096482
75	3848	3.156335
75	3849	3.000000
75	3859	0.318182
76	77	2.913043
76	88	0.419627
76	89	1.304348
77	76	2.913043
77	78	1.217391
77	87	0.233126
77	88	0.839254
78	77	1.217391
78	79	1.434783
78	87	0.699379
79	78	1.434783
79	80	1.445382
79	83	0.046625
79	84	0.088911
79	85	0.279751
80	79	1.445382
80	81	1.950000
80	82	1.100000
80	83	0.150000
80	84	0.238366
81	80	1.950000
81	82	1.250000
82	80	1.100000
82	81	1.250000
82	83	2.000000
83	79	0.046625
83	80	0.150000
83	82	2.000000
83	84	1.382521
84	79	0.088911
84	80	0.238366
84	83	1.382521
84	85	1.525540
84	86	0.238366
85	79	0.279751
85	84	1.525540
85	86	2.700000
86	84	0.238366
86	85	2.700000
86	87	1.900000
87	77	0.233126
87	78	0.699379
87	86	1.900000
87	88	2.050000
88	76	0.419627
88	77	0.839254
88	87	2.050000
88	89	2.424513
89	76	1.304348
89	88	2.424513
89	90	3.217142
90	89	3.217142
90	91	1.865010
91	90	1.865010
91	92	2.826087
92	91	2.826087
92	93	5.082151
93	92	5.082151
93	94	2.900000
94	93	2.900000
94	95	3.718504
95	94	3.718504
95	96	3.467523
95	147	0.090909
96	95	3.467523
96	97	4.336147
96	146	1.022475
96	147	0.355643
96	166	0.088911
97	96	4.336147
97	98	3.916520
97	146	0.190693
97	166	0.476731
97	167	0.524404
98	97	3.916520
98	99	3.347826
98	167	0.222277
98	168	0.046625
98	169	0.512878
99	98	3.347826
99	100	4.476023
99	169	0.139876
99	375	0.373002
99	376	0.173913
100	99	4.476023
100	101	3.123891
100	374	0.046625
100	375	0.700000
101	100	3.123891
101	102	3.478261
101	129	0.088911
101	321	0.222277
101	322	0.130435
101	374	0.521739
101	375	0.233126
102	101	3.478261
102	103	2.267227
102	104	0.139876
102	321	0.044455
102	322	0.652174
102	323	0.222277
103	102	2.267227
103	104	1.716233
103	105	0.088911
103	320	0.489010
103	322	3.556434
103	323	3.045455
103	327	0.044455
104	102	0.139876
104	103	1.716233
104	105	4.103021
104	327	0.046625
104	373	0.046625
105	103	0.088911
105	104	4.103021
105	106	2.347826
105	326	0.233126
105	327	0.478261
105	385	0.266733
106	105	2.347826
106	107	3.565217
106	311	0.622376
106	326	1.119006
106	349	0.044455
106	350	0.869565
106	385	0.711287
107	106	3.565217
107	108	4.009771
107	309	0.266733
107	310	0.792629
107	311	1.422574
107	349	1.066930
107	350	0.913043
107	351	0.186501
108	107	4.009771
108	109	3.450268
108	308	0.050000
108	309	0.858116
108	310	0.050000
108	349	0.572078
109	108	3.450268
109	110	2.089405
109	111	0.304348
109	285	2.434783
109	308	0.839254
109	309	1.422574
110	109	2.089405
110	111	5.023463
110	285	0.489010
110	309	0.590909
110	310	0.429058
111	109	0.304348
111	110	5.023463
111	112	3.776644
111	285	0.347826
111	309	0.489010
112	111	3.776644
112	113	1.191828
112	114	0.429058
112	284	2.431330
112	285	0.839254
113	112	1.191828
113	114	3.090909
113	236	2.860388
113	282	0.088911
113	283	0.762770
113	284	2.590909
114	112	0.429058
114	113	3.090909
114	115	1.334848
114	116	4.045443
114	284	0.090909
115	114	1.334848
115	116	1.025755
115	117	0.050000
115	118	0.139876
115	119	0.050000
115	231	1.250000
115	232	0.606128
115	233	0.250000
116	114	4.045443
116	115	1.025755
116	117	4.755775
116	234	0.130435
116	235	0.699379
116	285	0.043478
116	286	0.233126
116	308	0.466252
117	115	0.050000
117	116	4.755775
117	118	2.750889
117	234	0.979130
117	235	0.350000
117	285	0.139876
117	286	1.300000
117	287	0.100000
117	306	0.186501
117	307	0.900000
117	308	0.500000
118	115	0.139876
118	117	2.750889
118	119	4.849025
118	232	0.260870
118	233	0.792629
118	234	3.043478
118	287	0.606128
118	306	0.217391
118	307	0.326377
119	115	0.050000
119	118	4.849025
119	120	3.450268
119	232	0.885880
119	233	0.250000
119	617	0.326377
120	119	3.450268
120	121	3.739130
120	231	0.792629
120	232	1.956522
120	588	0.086957
120	589	0.326377
120	590	0.130435
120	617	0.260870
120	618	0.839254
120	619	0.304348
121	120	3.739130
121	122	3.347826
121	230	0.792629
121	231	1.445382
121	588	0.173913
121	619	0.217391
122	121	3.347826
122	123	4.009771
122	125	0.177822
122	228	0.130435
122	229	0.792629
122	230	1.678509
123	122	4.009771
123	124	1.258881
123	125	0.381385
123	126	0.800000
123	228	0.699379
123	229	0.100000
124	123	1.258881
124	125	0.933564
124	126	0.046625
124	188	0.559503
124	189	1.165631
124	190	2.424513
124	191	0.565217
124	192	2.782609
125	122	0.177822
125	123	0.381385
125	124	0.933564
125	126	1.144155
125	190	1.144155
125	191	0.577920
125	228	0.311188
125	229	1.048809
125	230	0.333712
125	259	0.863636
125	260	2.145291
126	123	0.800000
126	124	0.046625
126	125	1.144155
126	127	2.250000
126	191	0.326377
126	192	0.139876
126	227	0.932505
126	228	1.585258
126	258	0.905789
126	259	0.381385
127	126	2.250000
127	128	3.250000
127	226	0.839254
127	227	1.818384
127	258	0.572078
128	127	3.250000
128	129	1.477867
128	224	0.143019
128	225	0.650000
128	226	1.538633
128	321	0.143019
129	101	0.088911
129	128	1.477867
129	130	4.385928
129	321	2.590909
130	129	4.385928
130	131	2.000000
130	224	0.095346
131	130	2.000000
131	132	2.500000
131	223	0.932505
131	224	0.286039
132	131	2.500000
132	133	2.611013
132	222	0.932505
132	223	1.911635
133	132	2.611013
133	134	4.478261
133	221	0.792629
133	222	2.826087
134	133	4.478261
134	135	3.245246
134	220	0.839254
134	221	1.119006
135	134	3.245246
135	136	4.090909
135	177	0.238366
135	219	0.858116
135	220	0.858116
136	135	4.090909
136	137	3.467523
136	177	1.001136
136	218	0.810443
136	219	0.953463
137	136	3.467523
137	138	3.556434
137	202	0.133366
137	203	0.666831
137	217	0.792629
137	218	1.492008
138	137	3.556434
138	139	1.333663
138	203	1.045455
138	204	0.090909
138	216	0.666831
138	217	1.048809
139	138	1.333663
139	140	3.739130
139	173	0.746004
139	174	2.133860
139	203	0.044455
140	139	3.739130
140	141	3.521739
140	172	0.746004
140	173	1.398757
141	140	3.521739
141	142	4.304348
141	171	0.606128
141	172	1.445382
142	141	4.304348
142	143	3.217391
142	170	0.419627
142	171	1.445382
143	142	3.217391
143	144	3.111880
143	167	0.044455
143	169	0.699379
143	170	1.212256
144	143	3.111880
144	145	3.909197
144	167	0.409091
144	169	0.572078
145	144	3.909197
145	146	2.240637
145	165	1.500000
145	166	0.572078
146	96	1.022475
146	97	0.190693
146	145	2.240637
146	147	4.818182
146	165	0.810443
146	166	1.136364
147	95	0.090909
147	96	0.355643
147	146	4.818182
147	148	4.099889
147	164	0.476731
147	165	0.953463
148	147	4.099889
148	149	2.550000
148	162	0.046625
148	163	0.746004
148	164	1.050000
149	148	2.550000
149	150	2.800000
149	162	1.025755
149	163	1.398757
150	149	2.800000
150	151	3.450268
150	161	0.559503
150	162	1.445382
151	150	3.450268
151	152	3.217391
151	160	0.279751
151	161	2.086957
152	151	3.217391
152	153	2.826087
152	159	0.373002
152	160	1.352132
153	152	2.826087
153	154	3.043478
153	157	0.044455
153	158	0.326377
153	159	1.305507
154	153	3.043478
154	155	1.244752
154	156	1.689306
154	157	0.311188
154	158	1.445382
155	154	1.244752
155	156	3.909091
155	339	0.572078
155	340	1.318182
155	342	0.800198
155	343	0.533465
156	154	1.689306
156	155	3.909091
156	157	4.090909
156	343	0.311188
156	344	0.311188
157	153	0.044455
157	154	0.311188
157	156	4.090909
157	158	2.812715
157	344	0.400099
157	345	0.136364
158	153	0.326377
158	154	1.445382
158	157	2.812715
158	159	2.650000
159	152	0.373002
159	153	1.305507
159	158	2.650000
159	160	2.350000
160	151	0.279751
160	152	1.352132
160	159	2.350000
160	161	2.191386
161	150	0.559503
161	151	2.086957
161	160	2.191386
161	162	3.391304
162	148	0.046625
162	149	1.025755
162	150	1.445382
162	161	3.391304
162	163	3.913043
163	148	0.746004
163	149	1.398757
163	162	3.913043
163	164	3.357017
164	147	0.476731
164	148	1.050000
164	163	3.357017
164	165	3.000000
165	145	1.500000
165	146	0.810443
165	147	0.953463
165	164	3.000000
165	166	1.573213
166	96	0.088911
166	97	0.476731
166	145	0.572078
166	146	1.136364
166	165	1.573213
166	167	4.318182
167	97	0.524404
167	98	0.222277
167	143	0.044455
167	144	0.409091
167	166	4.318182
167	168	1.096482
167	169	2.097618
168	98	0.046625
168	167	1.096482
168	169	1.250000
168	204	4.147562
168	205	0.932505
168	206	0.233126
169	98	0.512878
169	99	0.139876
169	143	0.699379
169	144	0.572078
169	167	2.097618
169	168	1.250000
169	170	3.350000
169	204	0.095346
170	142	0.419627
170	143	1.212256
170	169	3.350000
170	171	2.850000
171	141	0.606128
171	142	1.445382
171	170	2.850000
171	172	2.950000
171	1432	0.047673
172	140	0.746004
172	141	1.445382
172	171	2.950000
172	173	3.350000
172	202	0.047673
173	139	0.746004
173	140	1.398757
173	172	3.350000
173	174	2.669695
173	203	0.047673
174	139	2.133860
174	173	2.669695
174	175	4.481274
174	203	0.681818
175	174	4.481274
175	176	2.284637
175	202	0.619751
175	203	0.190693
176	175	2.284637
176	177	1.072381
176	178	1.739130
176	201	2.611013
176	202	2.533959
176	219	0.139876
177	135	0.238366
177	136	1.001136
177	176	1.072381
177	178	3.217142
177	202	0.381385
177	219	0.350000
178	176	1.739130
178	177	3.217142
178	179	4.478261
178	201	0.792629
178	219	0.326377
178	220	0.466252
179	178	4.478261
179	180	3.467523
179	200	0.746004
179	201	1.352132
179	220	0.979130
179	221	0.233126
180	179	3.467523
180	181	3.623158
180	199	0.619751
180	200	1.144155
181	180	3.623158
181	182	2.650000
181	198	0.699379
181	199	0.200000
182	181	2.650000
182	183	3.550000
182	197	0.050000
182	198	0.839254
183	182	3.550000
183	184	2.611013
183	196	0.792629
183	197	0.150000
184	183	2.611013
184	185	3.730019
184	195	0.559503
184	196	2.173913
185	184	3.730019
185	186	3.050000
185	194	0.699379
185	195	0.450000
186	185	3.050000
186	187	2.250000
186	193	0.233126
186	194	1.119006
187	186	2.250000
187	188	2.600000
187	192	0.792629
187	193	1.258881
188	124	0.559503
188	187	2.600000
188	189	3.550000
188	192	1.492008
189	124	1.165631
189	188	3.550000
189	190	1.300000
189	191	0.046625
190	124	2.424513
190	125	1.144155
190	189	1.300000
190	191	1.165631
191	124	0.565217
191	125	0.577920
191	126	0.326377
191	189	0.046625
191	190	1.165631
191	192	1.086957
191	259	0.177822
191	260	0.373002
191	261	0.043478
192	124	2.782609
192	126	0.139876
192	187	0.792629
192	188	1.492008
192	191	1.086957
192	193	3.826087
193	186	0.233126
193	187	1.258881
193	192	3.826087
193	194	3.608696
194	185	0.699379
194	186	1.119006
194	193	3.608696
194	195	4.429398
195	184	0.559503
195	185	0.450000
195	194	4.429398
195	196	1.958260
196	183	0.792629
196	184	2.173913
196	195	1.958260
196	197	3.869895
197	182	0.050000
197	183	0.150000
197	196	3.869895
197	198	2.937390
198	181	0.699379
198	182	0.839254
198	197	2.937390
198	199	4.242897
199	180	0.619751
199	181	0.200000
199	198	4.242897
199	200	3.050000
200	179	0.746004
200	180	1.144155
200	199	3.050000
200	201	2.850000
201	176	2.611013
201	178	0.792629
201	179	1.352132
201	200	2.850000
201	202	1.477867
202	137	0.133366
202	172	0.047673
202	175	0.619751
202	176	2.533959
202	177	0.381385
202	201	1.477867
202	203	3.409091
202	218	0.810443
202	219	0.333712
203	137	0.666831
203	138	1.045455
203	139	0.044455
203	173	0.047673
203	174	0.681818
203	175	0.190693
203	202	3.409091
203	204	1.227273
203	217	0.381385
203	218	0.858116
204	138	0.090909
204	168	4.147562
204	169	0.095346
204	203	1.227273
204	205	2.445048
204	216	1.200296
204	217	1.716233
205	168	0.932505
205	204	2.445048
205	206	4.173913
205	215	0.792629
205	216	1.956522
206	168	0.233126
206	205	4.173913
206	207	3.521739
206	214	0.606128
206	215	1.212256
207	206	3.521739
207	208	3.030641
207	213	0.839254
207	214	1.492008
208	207	3.030641
208	209	1.400000
208	210	1.000000
208	212	0.419627
208	213	0.250000
209	208	1.400000
209	210	0.950000
209	212	0.046625
210	208	1.000000
210	209	0.950000
210	211	1.250000
210	212	1.818384
211	210	1.250000
211	212	1.072381
212	208	0.419627
212	209	0.046625
212	210	1.818384
212	211	1.072381
212	213	4.149646
213	207	0.839254
213	208	0.250000
213	212	4.149646
213	214	2.600000
213	456	0.050000
214	206	0.606128
214	207	1.492008
214	213	2.600000
214	215	2.800000
214	456	0.250000
215	205	0.792629
215	206	1.212256
215	214	2.800000
215	216	2.797514
215	377	0.100000
216	138	0.666831
216	204	1.200296
216	205	1.956522
216	215	2.797514
216	217	3.310392
217	137	0.792629
217	138	1.048809
217	203	0.381385
217	204	1.716233
217	216	3.310392
217	218	3.350000
218	136	0.810443
218	137	1.492008
218	202	0.810443
218	203	0.858116
218	217	3.350000
218	219	3.650000
219	135	0.858116
219	136	0.953463
219	176	0.139876
219	177	0.350000
219	178	0.326377
219	202	0.333712
219	218	3.650000
219	220	3.550000
220	134	0.839254
220	135	0.858116
220	178	0.466252
220	179	0.979130
220	219	3.550000
220	221	3.400000
221	133	0.792629
221	134	1.119006
221	179	0.233126
221	220	3.400000
221	222	2.611013
222	132	0.932505
222	133	2.826087
222	221	2.611013
222	223	3.652174
223	131	0.932505
223	132	1.911635
223	222	3.652174
223	224	4.756730
224	128	0.143019
224	130	0.095346
224	131	0.286039
224	223	4.756730
224	225	4.290582
225	128	0.650000
225	224	4.290582
225	226	3.077266
226	127	0.839254
226	128	1.538633
226	225	3.077266
226	227	3.478261
227	126	0.932505
227	127	1.818384
227	226	3.478261
227	228	3.478261
227	258	0.133366
228	122	0.130435
228	123	0.699379
228	125	0.311188
228	126	1.585258
228	227	3.478261
228	229	5.175402
228	258	0.666831
228	259	0.711287
228	308	0.046625
229	122	0.792629
229	123	0.100000
229	125	1.048809
229	228	5.175402
229	230	2.950000
229	259	0.381385
229	260	0.250000
230	121	0.792629
230	122	1.678509
230	125	0.333712
230	229	2.950000
230	231	3.200000
230	260	0.050000
231	115	1.250000
231	120	0.792629
231	121	1.445382
231	230	3.200000
231	232	2.144761
232	115	0.606128
232	118	0.260870
232	119	0.885880
232	120	1.956522
232	231	2.144761
232	233	4.755775
233	115	0.250000
233	118	0.792629
233	119	0.250000
233	232	4.755775
233	234	3.030641
234	116	0.130435
234	117	0.979130
234	118	3.043478
234	233	3.030641
234	235	3.683394
235	116	0.699379
235	117	0.350000
235	234	3.683394
235	236	1.300000
236	113	2.860388
236	235	1.300000
236	237	2.200000
236	282	0.746004
236	283	0.300000
237	236	2.200000
237	238	2.650000
237	281	0.792629
237	282	1.538633
238	237	2.650000
238	239	1.239501
238	241	0.950000
238	280	0.839254
238	281	1.538633
239	238	1.239501
239	240	1.430194
239	241	3.146427
239	242	1.500000
239	277	1.733761
239	278	0.727273
239	279	0.476731
240	239	1.430194
240	241	1.050000
240	242	0.047673
240	870	0.333712
240	871	0.850000
240	872	2.517763
240	883	0.400000
240	884	0.652753
241	238	0.950000
241	239	3.146427
241	240	1.050000
241	242	1.048809
241	278	0.047673
241	279	0.700000
241	280	2.564388
242	239	1.500000
242	240	0.047673
242	241	1.048809
242	243	2.267227
242	274	0.577920
242	275	3.227273
242	277	0.622376
242	278	2.454545
243	242	2.267227
243	244	3.263767
243	273	0.885880
243	274	2.695652
243	278	0.933564
244	243	3.263767
244	245	3.100000
244	272	0.792629
244	273	1.050000
244	278	0.286039
244	279	0.650000
245	244	3.100000
245	246	1.001136
245	248	0.550000
245	271	0.606128
245	272	1.352132
246	245	1.001136
246	247	1.555940
246	248	2.765042
246	270	0.454545
247	246	1.555940
247	248	2.424513
247	249	0.839254
247	250	0.608696
247	251	0.043478
247	262	3.391304
247	264	0.186501
247	267	0.046625
247	268	0.139876
248	245	0.550000
248	246	2.765042
248	247	2.424513
248	249	2.300000
248	269	0.047673
248	270	0.762770
248	271	0.373002
249	247	0.839254
249	248	2.300000
249	250	3.310392
249	269	0.619751
249	270	0.715097
249	271	1.398757
249	272	1.025755
250	247	0.608696
250	249	3.310392
250	251	3.565217
250	262	0.043478
250	268	0.699379
250	269	2.267227
251	247	0.043478
251	250	3.565217
251	252	3.683394
251	262	0.391304
251	266	0.177822
251	267	0.792629
251	268	1.725134
252	251	3.683394
252	253	3.263767
252	262	0.046625
252	266	0.619751
252	267	0.250000
253	252	3.263767
253	254	4.304348
253	265	0.839254
253	266	1.778217
254	253	4.304348
254	255	4.000000
254	262	0.043478
254	263	0.046625
254	264	0.792629
254	265	1.445382
255	254	4.000000
255	256	4.826087
255	263	0.839254
255	264	1.492008
256	255	4.826087
256	257	3.823270
256	260	0.279751
256	261	0.260870
256	263	0.139876
257	256	3.823270
257	258	1.334848
257	259	1.906925
257	260	0.400000
258	126	0.905789
258	127	0.572078
258	227	0.133366
258	228	0.666831
258	257	1.334848
258	259	4.227273
259	125	0.863636
259	126	0.381385
259	191	0.177822
259	228	0.711287
259	229	0.381385
259	257	1.906925
259	258	4.227273
259	260	1.477867
260	125	2.145291
260	191	0.373002
260	229	0.250000
260	230	0.050000
260	256	0.279751
260	257	0.400000
260	259	1.477867
260	261	4.569274
261	191	0.043478
261	256	0.260870
261	260	4.569274
261	262	0.913043
261	263	2.564388
262	247	3.391304
262	250	0.043478
262	251	0.391304
262	252	0.046625
262	254	0.043478
262	261	0.913043
262	263	1.818384
262	264	1.025755
262	265	0.512878
262	266	0.222277
262	267	0.186501
262	268	0.046625
263	254	0.046625
263	255	0.839254
263	256	0.139876
263	261	2.564388
263	262	1.818384
263	264	2.900000
264	247	0.186501
264	254	0.792629
264	255	1.492008
264	262	1.025755
264	263	2.900000
264	265	2.400000
265	253	0.839254
265	254	1.445382
265	262	0.512878
265	264	2.400000
265	266	2.955734
266	251	0.177822
266	252	0.619751
266	253	1.778217
266	262	0.222277
266	265	2.955734
266	267	4.385928
267	247	0.046625
267	251	0.792629
267	252	0.250000
267	262	0.186501
267	266	4.385928
267	268	3.400000
268	247	0.139876
268	250	0.699379
268	251	1.725134
268	262	0.046625
268	267	3.400000
268	269	2.192964
269	248	0.047673
269	249	0.619751
269	250	2.267227
269	268	2.192964
269	270	3.590909
270	246	0.454545
270	248	0.762770
270	249	0.715097
270	269	3.590909
270	271	2.533959
271	245	0.606128
271	248	0.373002
271	249	1.398757
271	270	2.533959
271	272	3.782609
272	244	0.792629
272	245	1.352132
272	249	1.025755
272	271	3.782609
272	273	3.963145
273	243	0.885880
273	244	1.050000
273	272	3.963145
273	274	2.331262
273	278	0.381385
274	242	0.577920
274	243	2.695652
274	273	2.331262
274	275	1.644851
274	276	0.046625
274	277	0.217391
274	278	0.933564
275	242	3.227273
275	274	1.644851
275	276	1.382521
275	277	2.445048
275	743	0.045455
276	274	0.046625
276	275	1.382521
276	277	1.165631
277	239	1.733761
277	242	0.622376
277	274	0.217391
277	275	2.445048
277	276	1.165631
277	278	1.244752
278	239	0.727273
278	241	0.047673
278	242	2.454545
278	243	0.933564
278	244	0.286039
278	273	0.381385
278	274	0.933564
278	277	1.244752
278	279	4.958005
278	280	0.044455
279	239	0.476731
279	241	0.700000
279	244	0.650000
279	278	4.958005
279	280	3.123891
280	238	0.839254
280	241	2.564388
280	278	0.044455
280	279	3.123891
280	281	3.608696
281	237	0.792629
281	238	1.538633
281	280	3.608696
281	282	4.260870
282	113	0.088911
282	236	0.746004
282	237	1.538633
282	281	4.260870
282	283	4.615899
283	113	0.762770
283	236	0.300000
283	282	4.615899
283	284	2.717368
284	112	2.431330
284	113	2.590909
284	114	0.090909
284	283	2.717368
284	285	1.333663
284	286	0.143019
285	109	2.434783
285	110	0.489010
285	111	0.347826
285	112	0.839254
285	116	0.043478
285	117	0.139876
285	284	1.333663
285	286	3.590144
285	307	0.792629
285	308	1.631883
286	116	0.233126
286	117	1.300000
286	284	0.143019
286	285	3.590144
286	287	2.850000
286	301	0.093250
286	306	0.792629
286	307	0.700000
287	117	0.100000
287	118	0.606128
287	286	2.850000
287	288	1.865010
287	301	1.492008
287	305	0.792629
287	306	1.631883
288	287	1.865010
288	289	2.826087
288	301	0.521739
288	303	0.046625
288	304	0.932505
288	305	2.913043
288	592	0.666831
288	593	0.444554
289	288	2.826087
289	290	4.849025
289	299	0.044455
289	300	0.606128
289	301	2.347826
289	303	0.046625
289	593	0.533465
289	594	0.260870
290	289	4.849025
290	291	3.450000
290	299	0.667424
290	300	0.350000
290	302	0.233126
290	594	0.419627
290	595	0.143019
291	290	3.450000
291	292	4.050000
291	298	0.652753
291	299	0.858116
291	539	0.050000
292	291	4.050000
292	293	3.123891
292	297	0.606128
292	298	0.885880
292	540	1.150000
292	541	0.186501
293	292	3.123891
293	294	1.244752
293	295	1.869565
293	296	0.533465
293	297	1.000000
293	540	0.046625
293	541	0.695652
294	293	1.244752
294	295	4.089899
294	544	0.143019
294	550	0.044455
295	293	1.869565
295	294	4.089899
295	296	4.756730
295	542	0.043478
295	549	0.466252
295	550	0.608696
296	293	0.533465
296	295	4.756730
296	297	3.600889
296	548	0.381385
296	549	1.001136
296	550	0.311188
297	292	0.606128
297	293	1.000000
297	296	3.600889
297	298	4.217391
297	540	0.279751
297	541	0.173913
297	548	0.139876
298	291	0.652753
298	292	0.885880
298	297	4.217391
298	299	4.089899
298	539	0.046625
298	540	1.258881
299	289	0.044455
299	290	0.667424
299	291	0.858116
299	298	4.089899
299	300	4.195235
299	539	0.619751
299	540	0.429058
300	289	0.606128
300	290	0.350000
300	299	4.195235
300	301	2.890765
301	286	0.093250
301	287	1.492008
301	288	0.521739
301	289	2.347826
301	300	2.890765
301	302	0.869565
302	290	0.233126
302	301	0.869565
302	303	3.217142
303	288	0.046625
303	289	0.046625
303	302	3.217142
303	304	2.950000
304	288	0.932505
304	303	2.950000
304	305	2.657639
305	287	0.792629
305	288	2.913043
305	304	2.657639
305	306	3.478261
305	591	0.489010
305	592	0.622376
306	117	0.186501
306	118	0.217391
306	286	0.792629
306	287	1.631883
306	305	3.478261
306	307	3.916520
306	591	0.222277
307	117	0.900000
307	118	0.326377
307	285	0.792629
307	286	0.700000
307	306	3.916520
307	308	2.800000
308	108	0.050000
308	109	0.839254
308	116	0.466252
308	117	0.500000
308	228	0.046625
308	285	1.631883
308	307	2.800000
308	309	3.766177
309	107	0.266733
309	108	0.858116
309	109	1.422574
309	110	0.590909
309	111	0.489010
309	308	3.766177
309	310	3.432465
310	107	0.792629
310	108	0.050000
310	110	0.429058
310	309	3.432465
310	311	2.526676
310	349	0.238366
311	106	0.622376
311	107	1.422574
311	310	2.526676
311	312	1.066930
311	313	0.444554
311	314	0.044455
311	326	2.908061
311	349	0.772727
311	350	0.133366
312	311	1.066930
312	313	3.478261
312	333	0.746004
312	334	1.956039
312	347	1.478261
312	348	0.139876
312	349	0.266733
313	311	0.444554
313	312	3.478261
313	314	3.956522
313	332	0.746004
313	333	1.445382
313	349	0.177822
314	311	0.044455
314	313	3.956522
314	315	3.695652
314	331	0.652753
314	332	1.352132
314	1416	0.088911
314	1446	0.444554
315	314	3.695652
315	316	4.056396
315	330	0.792629
315	331	1.165631
315	1416	0.088911
315	1417	0.533465
315	1445	0.043478
315	1446	0.577920
316	315	4.056396
316	317	2.574349
316	324	0.100000
316	325	0.047673
316	329	0.792629
316	330	0.450000
316	1417	0.381385
316	1418	0.279751
317	316	2.574349
317	318	4.099889
317	324	1.287174
317	325	0.136364
317	328	0.844653
317	329	1.822672
317	1418	0.222277
317	1419	0.619751
318	317	4.099889
318	319	3.400000
318	323	0.143019
318	324	0.600000
318	325	0.572078
318	328	0.419627
318	1419	0.100000
319	318	3.400000
319	320	3.636769
319	323	0.858116
319	324	0.050000
319	325	0.238366
320	103	0.489010
320	319	3.636769
320	321	0.933564
320	322	1.608696
320	323	1.111386
321	101	0.222277
321	102	0.044455
321	128	0.143019
321	129	2.590909
321	320	0.933564
321	322	4.979007
322	101	0.130435
322	102	0.652174
322	103	3.556434
322	320	1.608696
322	321	4.979007
322	323	1.022475
323	102	0.222277
323	103	3.045455
323	318	0.143019
323	319	0.858116
323	320	1.111386
323	322	1.022475
323	324	1.668560
323	325	4.681818
324	316	0.100000
324	317	1.287174
324	318	0.600000
324	319	0.050000
324	323	1.668560
324	325	1.763906
325	316	0.047673
325	317	0.136364
325	318	0.572078
325	319	0.238366
325	323	4.681818
325	324	1.763906
325	326	1.287174
325	327	0.088911
325	328	3.778711
325	329	0.044455
326	105	0.233126
326	106	1.119006
326	311	2.908061
326	325	1.287174
326	327	1.538633
326	348	0.050000
326	350	0.046625
327	103	0.044455
327	104	0.046625
327	105	0.478261
327	325	0.088911
327	326	1.538633
327	328	1.478261
328	317	0.844653
328	318	0.419627
328	325	3.778711
328	327	1.478261
328	329	3.608696
329	316	0.792629
329	317	1.822672
329	325	0.044455
329	328	3.608696
329	330	3.636769
330	315	0.792629
330	316	0.450000
330	329	3.636769
330	331	3.450000
330	1417	0.667424
331	314	0.652753
331	315	1.165631
331	330	3.450000
331	332	2.850000
331	1416	1.001136
331	1417	0.762770
332	313	0.746004
332	314	1.352132
332	331	2.850000
332	333	3.150000
332	1416	0.047673
332	1446	0.095346
332	1447	0.046625
333	312	0.746004
333	313	1.445382
333	332	3.150000
333	334	2.860388
334	312	1.956039
334	333	2.860388
334	335	4.624294
334	346	0.044455
334	347	0.622376
335	334	4.624294
335	336	3.500000
335	346	0.699379
335	347	0.326377
336	335	3.500000
336	337	3.150000
336	345	0.619751
336	346	0.979130
337	336	3.150000
337	338	2.500000
337	344	0.792629
337	345	1.334848
338	337	2.500000
338	339	3.700000
338	343	0.979130
338	344	1.305507
339	155	0.572078
339	338	3.700000
339	340	1.430194
339	341	1.600000
339	342	0.652753
339	343	1.025755
340	155	1.318182
340	339	1.430194
340	341	1.239501
340	342	0.533465
341	339	1.600000
341	340	1.239501
341	342	2.284637
342	155	0.800198
342	339	0.652753
342	340	0.533465
342	341	2.284637
342	343	1.652174
343	155	0.533465
343	156	0.311188
343	338	0.979130
343	339	1.025755
343	342	1.652174
343	344	4.782609
344	156	0.311188
344	157	0.400099
344	337	0.792629
344	338	1.305507
344	343	4.782609
344	345	3.423068
345	157	0.136364
345	336	0.619751
345	337	1.334848
345	344	3.423068
345	346	3.200790
346	334	0.044455
346	335	0.699379
346	336	0.979130
346	345	3.200790
346	347	3.608696
347	312	1.478261
347	334	0.622376
347	335	0.326377
347	346	3.608696
347	348	0.746004
348	312	0.139876
348	326	0.050000
348	347	0.746004
348	349	1.191828
348	350	0.606128
348	351	0.150000
348	352	0.476731
348	353	0.932505
349	106	0.044455
349	107	1.066930
349	108	0.572078
349	310	0.238366
349	311	0.772727
349	312	0.266733
349	313	0.177822
349	348	1.191828
349	350	0.978019
350	106	0.869565
350	107	0.913043
350	311	0.133366
350	326	0.046625
350	348	0.606128
350	349	0.978019
350	351	3.403643
350	384	0.347826
350	385	0.177822
351	107	0.186501
351	348	0.150000
351	350	3.403643
351	352	3.909197
351	384	1.958260
351	385	0.429058
352	348	0.476731
352	351	3.909197
352	353	4.445542
352	362	0.047673
352	363	0.715097
352	364	1.048809
352	384	0.222277
353	348	0.932505
353	352	4.445542
353	354	3.123891
353	362	0.373002
353	363	0.746004
353	364	0.373002
354	353	3.123891
354	355	3.750000
355	354	3.750000
355	356	2.812715
356	355	2.812715
356	357	4.534453
357	356	4.534453
357	358	3.391304
358	357	3.391304
358	359	1.022475
358	360	1.600395
358	361	0.373002
359	358	1.022475
359	360	4.181818
360	358	1.600395
360	359	4.181818
360	361	2.669695
361	358	0.373002
361	360	2.669695
361	362	1.500000
362	352	0.047673
362	353	0.373002
362	361	1.500000
362	363	1.800000
362	390	0.559503
362	391	0.450000
363	352	0.715097
363	353	0.746004
363	362	1.800000
363	364	1.400000
363	365	1.250000
363	389	0.810443
363	390	2.937390
363	391	0.350000
364	352	1.048809
364	353	0.373002
364	363	1.400000
364	365	1.050000
365	363	1.250000
365	364	1.050000
365	366	2.550000
365	384	0.373002
365	388	0.792629
365	389	1.096482
366	365	2.550000
366	367	3.030641
366	387	0.792629
366	388	1.771759
366	467	0.524404
367	366	3.030641
367	368	3.823270
367	369	0.577920
367	370	0.133366
367	384	0.086957
367	386	0.792629
367	387	2.304348
367	467	0.622376
368	367	3.823270
368	369	1.001136
368	370	0.190693
368	371	0.150000
368	372	0.046625
368	383	1.700000
368	384	0.186501
368	385	0.619751
368	386	0.400000
369	367	0.577920
369	368	1.001136
369	370	2.590909
369	387	0.622376
369	446	0.500000
369	447	0.045455
369	465	0.238366
369	466	1.689306
369	467	3.363636
370	367	0.133366
370	368	0.190693
370	369	2.590909
370	371	4.481274
370	385	0.090909
370	386	0.476731
370	387	0.800198
370	446	0.863636
370	447	0.363636
370	448	0.045455
370	465	0.047673
370	466	0.222277
371	368	0.150000
371	370	4.481274
371	372	3.496893
371	385	0.667424
371	386	0.150000
371	447	0.143019
372	368	0.046625
372	371	3.496893
372	373	3.782609
372	383	0.606128
372	385	2.178316
373	104	0.046625
373	372	3.782609
373	374	3.173913
373	382	0.746004
373	383	1.025755
374	100	0.046625
374	101	0.521739
374	373	3.173913
374	375	3.636769
374	381	0.652753
374	382	1.258881
375	99	0.373002
375	100	0.700000
375	101	0.233126
375	374	3.636769
375	376	2.517763
375	380	0.839254
375	381	0.250000
376	99	0.173913
376	375	2.517763
376	377	1.165631
376	378	1.822672
376	379	0.444554
376	380	2.000000
377	215	0.100000
377	376	1.165631
377	378	4.242909
378	376	1.822672
378	377	4.242909
378	379	4.454545
378	449	0.095346
378	450	0.143019
379	376	0.444554
379	378	4.454545
379	380	2.934058
379	449	0.381385
379	450	0.143019
380	375	0.839254
380	376	2.000000
380	379	2.934058
380	381	3.123891
380	449	0.046625
381	374	0.652753
381	375	0.250000
381	380	3.123891
381	382	2.400000
382	373	0.746004
382	374	1.258881
382	381	2.400000
382	383	2.650000
383	368	1.700000
383	372	0.606128
383	373	1.025755
383	382	2.650000
383	384	1.305507
383	385	0.333712
384	350	0.347826
384	351	1.958260
384	352	0.222277
384	365	0.373002
384	367	0.086957
384	368	0.186501
384	383	1.305507
384	385	0.933564
384	386	0.139876
385	105	0.266733
385	106	0.711287
385	350	0.177822
385	351	0.429058
385	368	0.619751
385	370	0.090909
385	371	0.667424
385	372	2.178316
385	383	0.333712
385	384	0.933564
385	386	4.242909
386	367	0.792629
386	368	0.400000
386	370	0.476731
386	371	0.150000
386	384	0.139876
386	385	4.242909
386	387	3.357017
387	366	0.792629
387	367	2.304348
387	369	0.622376
387	370	0.800198
387	386	3.357017
387	388	3.869565
387	467	0.222277
388	365	0.792629
388	366	1.771759
388	387	3.869565
388	389	4.578909
388	467	0.266733
388	468	0.419627
389	363	0.810443
389	365	1.096482
389	388	4.578909
389	390	2.978513
389	468	0.286039
390	362	0.559503
390	363	2.937390
390	389	2.978513
390	391	4.149646
391	362	0.450000
391	363	0.350000
391	390	4.149646
391	392	2.331262
392	391	2.331262
392	393	1.200296
392	394	2.471138
393	392	1.200296
393	394	1.573213
393	395	0.311188
393	531	0.500000
393	532	2.000494
394	392	2.471138
394	393	1.573213
394	395	1.911635
395	393	0.311188
395	394	1.911635
395	396	3.776644
396	395	3.776644
396	397	3.350000
396	606	0.381385
397	396	3.350000
397	398	2.984015
397	605	0.715097
397	606	0.810443
398	397	2.984015
398	399	4.056396
398	604	0.699379
398	605	0.355643
399	398	4.056396
399	400	2.600000
399	531	0.095346
399	532	0.046625
400	399	2.600000
400	401	3.150000
400	481	0.047673
400	482	0.600000
400	483	0.047673
400	531	0.095346
401	400	3.150000
401	402	2.284637
401	480	0.333712
401	481	0.333712
401	482	1.750000
401	483	0.762770
402	401	2.284637
402	403	3.695652
402	432	0.792629
402	433	1.072381
402	480	3.689800
403	402	3.695652
403	404	3.956533
403	430	0.046625
403	431	0.746004
403	432	1.631883
404	403	3.956533
404	405	4.356631
404	430	0.667424
404	431	0.572078
405	404	4.356631
405	406	4.086957
405	427	0.044455
405	429	0.932505
405	430	1.352132
406	405	4.086957
406	407	1.066930
406	425	2.471138
406	426	0.044455
406	427	0.577920
406	428	0.889108
406	429	0.279751
407	406	1.066930
407	408	1.409091
407	409	3.200790
407	424	0.444554
407	425	2.002271
407	426	0.454545
407	427	0.318182
408	407	1.409091
408	409	1.644851
409	407	3.200790
409	408	1.644851
409	410	0.978019
409	424	1.043478
409	425	0.373002
410	409	0.978019
410	411	4.772727
410	424	0.400099
410	426	0.454545
410	427	1.454545
411	410	4.772727
411	412	4.489998
411	423	0.047673
411	424	0.222277
411	426	0.090909
412	411	4.489998
412	413	4.662524
412	422	0.217391
412	423	0.606128
412	424	0.086957
413	412	4.662524
413	414	2.850000
413	422	0.792629
413	524	0.093250
414	413	2.850000
414	415	3.800000
414	421	0.839254
414	422	1.398757
414	523	0.095346
414	524	1.072381
415	414	3.800000
415	416	2.950000
415	420	0.792629
415	421	1.585258
415	496	0.100000
415	497	0.700000
416	415	2.950000
416	417	1.300000
416	418	1.700000
416	419	0.606128
416	420	1.352132
416	497	0.200000
417	416	1.300000
417	418	1.300000
417	419	0.233126
418	416	1.700000
418	417	1.300000
418	419	2.191386
419	416	0.606128
419	417	0.233126
419	418	2.191386
419	420	3.130435
420	415	0.792629
420	416	1.352132
420	419	3.130435
420	421	3.652174
421	414	0.839254
421	415	1.585258
421	420	3.652174
421	422	3.739130
422	412	0.217391
422	413	0.792629
422	414	1.398757
422	421	3.739130
422	423	4.382773
422	524	0.086957
422	525	0.130435
423	411	0.047673
423	412	0.606128
423	422	4.382773
423	424	3.263767
423	525	0.652753
423	526	0.419627
424	407	0.444554
424	409	1.043478
424	410	0.400099
424	411	0.222277
424	412	0.086957
424	423	3.263767
424	425	1.538633
424	426	3.734255
425	406	2.471138
425	407	2.002271
425	409	0.373002
425	424	1.538633
425	426	2.669695
425	427	0.667424
425	428	0.143019
426	406	0.044455
426	407	0.454545
426	410	0.454545
426	411	0.090909
426	424	3.734255
426	425	2.669695
426	427	3.136364
427	405	0.044455
427	406	0.577920
427	407	0.318182
427	410	1.454545
427	425	0.667424
427	426	3.136364
427	428	4.272727
428	406	0.889108
428	425	0.143019
428	427	4.272727
428	429	4.338255
429	405	0.932505
429	406	0.279751
429	428	4.338255
429	430	2.500000
430	403	0.046625
430	404	0.667424
430	405	1.352132
430	429	2.500000
430	431	4.050000
431	403	0.746004
431	404	0.572078
431	430	4.050000
431	432	2.400000
432	402	0.792629
432	403	1.631883
432	431	2.400000
432	433	3.850000
433	402	1.072381
433	432	3.850000
433	434	3.496893
433	480	0.667424
434	433	3.496893
434	435	1.333663
434	478	0.869565
434	479	2.657639
434	480	0.800198
434	481	0.755742
435	434	1.333663
435	436	3.318182
435	478	0.577920
435	479	0.715097
435	481	3.045455
436	435	3.318182
436	437	4.242909
436	477	0.044455
436	478	0.533465
436	479	2.192964
437	436	4.242909
437	438	2.600000
437	477	0.839254
437	478	0.466252
438	437	2.600000
438	439	3.000000
438	476	0.839254
438	477	1.305507
439	438	3.000000
439	440	2.564388
439	475	0.652753
439	476	1.398757
440	439	2.564388
440	441	4.130435
440	474	0.792629
440	475	2.782609
441	440	4.130435
441	442	3.826087
441	472	0.044455
441	473	0.559503
441	474	1.352132
442	441	3.826087
442	443	1.244752
442	470	2.391304
442	471	0.606128
442	472	0.444554
442	473	0.419627
443	442	1.244752
443	444	3.146427
443	469	0.355643
443	470	0.533465
443	471	0.476731
443	472	2.909091
444	443	3.146427
444	445	4.009771
444	466	0.046625
444	469	0.186501
445	444	4.009771
445	446	1.689306
445	447	0.266733
445	466	2.434783
445	467	0.311188
445	468	0.979130
445	469	0.652174
446	369	0.500000
446	370	0.863636
446	445	1.689306
446	447	2.772727
446	465	2.479003
446	466	3.912077
447	369	0.045455
447	370	0.363636
447	371	0.143019
447	445	0.266733
447	446	2.772727
447	448	5.181818
447	464	0.095346
447	465	0.762770
448	370	0.045455
448	447	5.181818
448	449	4.433601
448	464	0.524404
448	465	0.238366
449	378	0.095346
449	379	0.381385
449	380	0.046625
449	448	4.433601
449	450	2.200000
449	463	0.190693
449	464	0.300000
450	378	0.143019
450	379	0.143019
450	449	2.200000
450	451	2.300000
450	462	0.699379
450	463	1.001136
451	450	2.300000
451	452	1.900000
451	461	0.559503
451	462	1.631883
452	451	1.900000
452	453	2.450000
452	460	0.466252
452	461	1.352132
453	452	2.450000
453	454	3.636769
453	459	0.233126
453	460	1.165631
454	453	3.636769
454	455	1.555940
454	456	0.885880
454	457	0.652174
454	458	0.489010
454	459	0.608696
455	454	1.555940
455	456	0.858116
455	457	3.111880
456	213	0.050000
456	214	0.250000
456	454	0.885880
456	455	0.858116
456	457	1.072381
457	454	0.652174
457	455	3.111880
457	456	1.072381
457	458	3.511978
457	459	0.043478
458	454	0.489010
458	457	3.511978
458	459	2.800692
459	453	0.233126
459	454	0.608696
459	457	0.043478
459	458	2.800692
459	460	3.304348
460	452	0.466252
460	453	1.165631
460	459	3.304348
460	461	3.652174
461	451	0.559503
461	452	1.352132
461	460	3.652174
461	462	3.391304
462	450	0.699379
462	451	1.631883
462	461	3.391304
462	463	4.356631
463	449	0.190693
463	450	1.001136
463	462	4.356631
463	464	2.812715
464	447	0.095346
464	448	0.524404
464	449	0.300000
464	463	2.812715
464	465	3.300000
465	369	0.238366
465	370	0.047673
465	446	2.479003
465	447	0.762770
465	448	0.238366
465	464	3.300000
465	466	1.025755
466	369	1.689306
466	370	0.222277
466	444	0.046625
466	445	2.434783
466	446	3.912077
466	465	1.025755
466	467	1.511484
466	468	0.373002
467	366	0.524404
467	367	0.622376
467	369	3.363636
467	387	0.222277
467	388	0.266733
467	445	0.311188
467	466	1.511484
467	468	4.338255
468	388	0.419627
468	389	0.286039
468	445	0.979130
468	466	0.373002
468	467	4.338255
468	469	3.869895
468	470	0.046625
469	443	0.355643
469	444	0.186501
469	445	0.652174
469	468	3.869895
469	470	1.652174
469	471	3.217142
470	442	2.391304
470	443	0.533465
470	468	0.046625
470	469	1.652174
470	471	1.631883
471	442	0.606128
471	443	0.476731
471	469	3.217142
471	470	1.631883
471	472	1.477867
472	441	0.044455
472	442	0.444554
472	443	2.909091
472	471	1.477867
472	473	5.339390
473	441	0.559503
473	442	0.419627
473	472	5.339390
473	474	2.600000
474	440	0.792629
474	441	1.352132
474	473	2.600000
474	475	2.750889
475	439	0.652753
475	440	2.782609
475	474	2.750889
475	476	3.782609
476	438	0.839254
476	439	1.398757
476	475	3.782609
476	477	4.043478
477	436	0.044455
477	437	0.839254
477	438	1.305507
477	476	4.043478
477	478	4.478261
478	434	0.869565
478	435	0.577920
478	436	0.533465
478	437	0.466252
478	477	4.478261
478	479	1.631883
479	434	2.657639
479	435	0.715097
479	436	2.192964
479	478	1.631883
479	480	1.048809
479	481	0.572078
480	401	0.333712
480	402	3.689800
480	433	0.667424
480	434	0.800198
480	479	1.048809
480	481	4.136364
481	400	0.047673
481	401	0.333712
481	434	0.755742
481	435	3.045455
481	479	0.572078
481	480	4.136364
481	482	1.048809
482	400	0.600000
482	401	1.750000
482	481	1.048809
482	483	2.288310
482	531	0.762770
483	400	0.047673
483	401	0.762770
483	482	2.288310
483	484	2.667325
483	530	1.200296
483	531	3.727273
484	483	2.667325
484	485	3.730019
484	528	0.217391
484	529	0.792629
484	530	2.130435
484	531	0.533465
484	532	0.304348
484	533	0.139876
485	484	3.730019
485	486	3.077266
485	528	0.792629
485	529	0.100000
485	532	0.186501
485	533	1.350000
485	534	0.093250
486	485	3.077266
486	487	4.942275
486	493	0.088911
486	526	0.043478
486	527	0.746004
486	528	2.434783
486	533	0.279751
486	534	0.869565
487	486	4.942275
487	488	2.850000
487	494	0.572078
487	526	0.792629
487	527	0.450000
488	487	2.850000
488	489	1.025755
488	490	0.046625
488	494	2.431330
488	495	0.700000
488	525	0.792629
488	526	1.725134
489	488	1.025755
489	490	3.956522
489	509	0.046625
489	510	0.792629
489	511	0.130435
489	518	0.699379
489	519	3.423068
490	488	0.046625
490	489	3.956522
490	491	4.755775
490	508	0.391304
490	509	0.792629
490	510	0.885880
491	490	4.755775
491	492	3.850000
491	493	0.190693
491	508	0.932505
492	491	3.850000
492	493	1.620886
492	494	0.143019
492	508	0.233126
493	486	0.088911
493	491	0.190693
493	492	1.620886
493	494	4.090909
493	527	0.810443
493	528	0.266733
494	487	0.572078
494	488	2.431330
494	492	0.143019
494	493	4.090909
494	495	1.001136
494	525	0.088911
494	526	1.155841
494	527	1.001136
495	488	0.700000
495	494	1.001136
495	496	3.900000
495	518	0.300000
495	523	0.047673
495	524	0.792629
495	525	1.072381
496	415	0.100000
496	495	3.900000
496	497	2.900000
496	518	0.050000
496	523	0.667424
496	524	0.932505
497	415	0.700000
497	416	0.200000
497	496	2.900000
497	498	3.550000
497	521	0.046625
497	522	0.792629
497	523	1.191828
498	497	3.550000
498	499	2.657639
498	521	0.839254
498	522	1.258881
498	1190	0.050000
499	498	2.657639
499	500	4.382773
499	517	0.177822
499	520	0.885880
499	521	2.695652
500	499	4.382773
500	501	3.030641
500	503	0.500000
500	517	0.762770
500	520	0.150000
501	500	3.030641
501	502	0.932505
501	503	0.932505
501	513	0.043478
501	514	0.391304
501	515	3.170516
501	516	0.088911
501	517	0.444554
502	501	0.932505
502	503	1.650000
502	513	3.030641
502	514	3.357017
502	1470	0.238366
503	500	0.500000
503	501	0.932505
503	502	1.650000
503	504	4.481274
503	513	0.512878
503	517	0.095346
503	1470	0.143019
504	503	4.481274
504	505	3.689800
504	513	0.355643
504	517	0.318182
504	520	0.762770
505	504	3.689800
505	506	3.450268
505	512	0.839254
505	513	1.000000
505	519	0.044455
505	520	0.885880
505	521	0.086957
506	505	3.450268
506	507	4.385928
506	511	0.792629
506	512	0.950000
506	520	0.650000
506	521	0.093250
507	506	4.385928
507	508	0.889108
507	509	0.095346
507	511	0.711287
508	490	0.391304
508	491	0.932505
508	492	0.233126
508	507	0.889108
508	509	4.103021
509	489	0.046625
509	490	0.792629
509	507	0.095346
509	508	4.103021
509	510	3.400000
509	891	0.095346
510	489	0.792629
510	490	0.885880
510	509	3.400000
510	511	2.098136
510	519	0.095346
510	891	0.429058
510	892	0.047673
511	489	0.130435
511	506	0.792629
511	507	0.711287
511	510	2.098136
511	512	3.123891
511	519	0.622376
511	891	0.044455
511	892	0.044455
512	505	0.839254
512	506	0.950000
512	511	3.123891
512	513	2.890765
512	517	0.095346
512	519	1.668560
513	501	0.043478
513	502	3.030641
513	503	0.512878
513	504	0.355643
513	505	1.000000
513	512	2.890765
513	514	1.130435
513	517	0.933564
514	501	0.391304
514	502	3.357017
514	513	1.130435
514	515	1.025755
514	1470	0.577920
515	501	3.170516
515	514	1.025755
515	516	1.001136
516	501	0.088911
516	515	1.001136
516	517	0.909091
516	1038	0.181818
516	1188	0.533465
516	1189	0.622376
517	499	0.177822
517	500	0.762770
517	501	0.444554
517	503	0.095346
517	504	0.318182
517	512	0.095346
517	513	0.933564
517	516	0.909091
517	518	1.430194
517	519	0.590909
517	520	2.765042
518	489	0.699379
518	495	0.300000
518	496	0.050000
518	517	1.430194
518	519	1.239501
519	489	3.423068
519	505	0.044455
519	510	0.095346
519	511	0.622376
519	512	1.668560
519	517	0.590909
519	518	1.239501
519	520	1.573213
520	499	0.885880
520	500	0.150000
520	504	0.762770
520	505	0.885880
520	506	0.650000
520	517	2.765042
520	519	1.573213
520	521	2.611013
521	497	0.046625
521	498	0.839254
521	499	2.695652
521	505	0.086957
521	506	0.093250
521	520	2.611013
521	522	4.130435
522	497	0.792629
522	498	1.258881
522	521	4.130435
522	523	4.134354
523	414	0.095346
523	495	0.047673
523	496	0.667424
523	497	1.191828
523	522	4.134354
523	524	3.645345
524	413	0.093250
524	414	1.072381
524	422	0.086957
524	495	0.792629
524	496	0.932505
524	523	3.645345
524	525	4.565217
525	422	0.130435
525	423	0.652753
525	488	0.792629
525	494	0.088911
525	495	1.072381
525	524	4.565217
525	526	3.913043
526	423	0.419627
526	486	0.043478
526	487	0.792629
526	488	1.725134
526	494	1.155841
526	525	3.913043
526	527	4.289522
527	486	0.746004
527	487	0.450000
527	493	0.810443
527	494	1.001136
527	526	4.289522
527	528	3.263767
528	484	0.217391
528	485	0.792629
528	486	2.434783
528	493	0.266733
528	527	3.263767
528	529	4.429398
528	533	0.186501
528	534	0.086957
529	484	0.792629
529	485	0.100000
529	528	4.429398
529	530	3.030641
529	532	0.046625
529	533	0.600000
530	483	1.200296
530	484	2.130435
530	529	3.030641
530	531	1.111386
530	532	0.826087
530	533	0.279751
531	393	0.500000
531	399	0.095346
531	400	0.095346
531	482	0.762770
531	483	3.727273
531	484	0.533465
531	530	1.111386
531	532	1.956039
532	393	2.000494
532	399	0.046625
532	484	0.304348
532	485	0.186501
532	529	0.046625
532	530	0.826087
532	531	1.956039
532	533	4.429398
533	484	0.139876
533	485	1.350000
533	486	0.279751
533	528	0.186501
533	529	0.600000
533	530	0.279751
533	532	4.429398
533	534	2.797514
534	485	0.093250
534	486	0.869565
534	528	0.086957
534	533	2.797514
534	535	4.196272
535	534	4.196272
535	536	3.350000
536	535	3.350000
536	537	3.384792
537	536	3.384792
537	538	3.909197
538	537	3.909197
538	539	2.400000
539	291	0.050000
539	298	0.046625
539	299	0.619751
539	538	2.400000
539	540	2.700000
540	292	1.150000
540	293	0.046625
540	297	0.279751
540	298	1.258881
540	299	0.429058
540	539	2.700000
540	541	2.844140
541	292	0.186501
541	293	0.695652
541	297	0.173913
541	540	2.844140
541	542	4.478261
542	295	0.043478
542	541	4.478261
542	543	3.956533
542	544	0.373002
543	542	3.956533
543	544	1.430194
543	545	1.811579
544	294	0.143019
544	542	0.373002
544	543	1.430194
544	545	1.750000
544	547	0.143019
544	550	3.869895
545	543	1.811579
545	544	1.750000
545	546	1.150000
545	547	0.238366
546	545	1.150000
546	547	2.192964
546	550	0.046625
546	862	2.500000
547	544	0.143019
547	545	0.238366
547	546	2.192964
547	548	1.096482
547	549	0.333712
547	550	1.155841
547	551	4.178810
547	862	0.667424
548	296	0.381385
548	297	0.139876
548	547	1.096482
548	549	3.800000
548	550	0.046625
549	295	0.466252
549	296	1.001136
549	547	0.333712
549	548	3.800000
549	550	4.242897
549	551	0.233126
550	294	0.044455
550	295	0.608696
550	296	0.311188
550	544	3.869895
550	546	0.046625
550	547	1.155841
550	548	0.046625
550	549	4.242897
550	551	1.130435
551	547	4.178810
551	549	0.233126
551	550	1.130435
551	552	3.608696
551	557	0.088911
551	861	0.792629
551	862	0.279751
552	551	3.608696
552	553	3.403643
552	557	0.044455
552	558	0.933564
552	859	0.086957
552	860	0.979130
552	861	1.911635
553	552	3.403643
553	554	0.979130
553	555	0.100000
553	558	2.526676
553	559	0.326377
553	859	0.839254
553	860	0.400000
554	553	0.979130
554	555	3.450268
554	803	0.266733
554	804	1.958260
554	843	0.266733
554	844	0.792629
554	851	2.756236
555	553	0.100000
555	554	3.450268
555	556	1.096482
555	803	0.953463
555	842	0.429058
555	843	0.762770
555	844	0.100000
555	895	0.512878
555	896	0.429058
556	555	1.096482
556	557	1.818182
556	558	0.136364
556	803	0.136364
556	842	1.727273
556	894	0.622376
556	895	1.200296
557	551	0.088911
557	552	0.044455
557	556	1.818182
557	558	3.954545
557	861	0.905789
557	862	0.047673
557	864	0.044455
558	552	0.933564
558	553	2.526676
558	556	0.136364
558	557	3.954545
558	559	1.200296
558	859	0.044455
558	860	0.524404
558	861	1.287174
559	553	0.326377
559	558	1.200296
559	560	1.782609
559	804	0.139876
559	805	2.913043
559	858	0.792629
559	859	2.956522
560	559	1.782609
560	561	1.043478
560	562	0.279751
560	742	0.173913
560	743	0.311188
560	744	0.173913
560	804	0.046625
560	858	0.512878
560	859	1.478261
561	560	1.043478
561	562	4.196272
561	713	0.133366
561	747	0.130435
561	748	0.792629
561	749	1.173913
561	797	0.046625
561	800	3.022969
561	801	0.279751
562	560	0.279751
562	561	4.196272
562	563	2.471138
562	712	0.953463
562	713	0.953463
562	747	0.792629
562	748	0.200000
563	562	2.471138
563	564	4.522648
563	712	0.933564
563	745	0.260870
563	746	0.792629
563	747	3.173913
564	563	4.522648
564	565	4.009771
564	745	0.792629
564	746	0.050000
565	564	4.009771
565	566	2.284637
565	742	2.043478
565	743	0.266733
565	744	0.304348
565	745	0.782609
566	565	2.284637
566	567	3.670831
566	742	1.398757
566	743	0.858116
566	744	1.771759
567	566	3.670831
567	568	4.356631
567	742	0.889108
567	743	1.818182
568	567	4.356631
568	569	4.086957
568	740	0.046625
568	741	0.932505
568	742	0.304348
568	857	0.186501
569	568	4.086957
569	570	4.802400
569	739	0.173913
569	740	0.932505
569	741	0.746004
569	856	0.130435
569	857	0.979130
570	569	4.802400
570	571	2.144761
570	739	0.792629
570	740	0.400000
570	856	1.072381
570	857	0.400000
571	570	2.144761
571	572	0.956522
571	629	0.046625
571	737	0.177822
571	738	0.326377
571	739	2.782609
572	571	0.956522
572	573	4.289522
572	635	0.932505
572	636	0.512878
572	637	0.088911
572	737	4.267721
573	572	4.289522
573	574	2.800000
573	634	0.746004
573	635	0.600000
573	637	0.238366
574	573	2.800000
574	575	3.050000
574	633	0.746004
574	634	1.725134
575	574	3.050000
575	576	2.797514
575	632	0.619751
575	633	1.165631
576	575	2.797514
576	577	2.913043
576	630	0.046625
576	631	0.839254
576	632	2.133860
577	576	2.913043
577	578	3.695652
577	630	0.652753
577	631	1.305507
578	577	3.695652
578	579	3.521739
578	580	0.559503
578	629	0.792629
578	630	0.885880
579	578	3.521739
579	580	1.398757
579	581	0.043478
579	624	0.044455
579	625	2.797514
579	627	0.046625
579	628	0.086957
579	629	0.139876
580	578	0.559503
580	579	1.398757
580	581	1.958260
580	628	0.792629
580	629	0.700000
581	579	0.043478
581	580	1.958260
581	582	4.662524
581	625	0.046625
581	626	0.177822
581	627	0.792629
581	628	3.652174
582	581	4.662524
582	583	3.500000
582	624	0.667424
582	626	0.190693
583	582	3.500000
583	584	2.300000
583	623	0.699379
583	624	1.144155
584	583	2.300000
584	585	3.050000
584	622	0.792629
584	623	1.538633
585	584	3.050000
585	586	3.241773
585	621	0.792629
585	622	1.398757
586	585	3.241773
586	587	4.338255
586	619	0.088911
586	620	0.667424
586	621	2.133860
587	586	4.338255
587	588	1.725134
587	619	0.652753
587	620	0.350000
588	120	0.086957
588	121	0.173913
588	587	1.725134
588	589	4.662524
588	618	0.792629
588	619	3.130435
589	120	0.326377
589	588	4.662524
589	590	3.823270
589	617	0.606128
589	618	0.550000
590	120	0.130435
590	589	3.823270
590	591	1.155841
590	615	2.260870
590	616	0.489010
590	617	0.826087
591	305	0.489010
591	306	0.222277
591	590	1.155841
591	592	4.636364
591	615	0.355643
592	288	0.666831
592	305	0.622376
592	591	4.636364
592	593	4.590909
593	288	0.444554
593	289	0.533465
593	592	4.590909
593	594	3.734255
594	289	0.260870
594	290	0.419627
594	593	3.734255
594	595	4.356631
594	609	0.043478
595	290	0.143019
595	594	4.356631
595	596	2.860388
595	613	0.533465
595	614	0.088911
596	595	2.860388
596	597	2.000000
596	612	0.792629
596	613	0.792629
597	596	2.000000
597	598	2.383656
597	611	0.839254
597	612	1.305507
598	597	2.383656
598	599	4.862659
598	609	0.133366
598	610	0.715097
598	611	2.000494
599	598	4.862659
599	600	3.217142
599	609	0.792629
599	610	0.300000
600	599	3.217142
600	601	2.652174
600	608	0.466252
600	609	2.608696
601	600	2.652174
601	602	3.590144
601	605	0.088911
601	606	0.044455
601	607	0.885880
601	608	1.445382
602	601	3.590144
602	603	1.150000
602	604	0.800000
602	605	0.667424
602	606	0.476731
602	607	0.250000
603	602	1.150000
603	604	1.450000
604	398	0.699379
604	602	0.800000
604	603	1.450000
604	605	3.909197
605	397	0.715097
605	398	0.355643
605	601	0.088911
605	602	0.667424
605	604	3.909197
605	606	4.136364
606	396	0.381385
606	397	0.810443
606	601	0.044455
606	602	0.476731
606	605	4.136364
606	607	3.813850
607	601	0.885880
607	602	0.250000
607	606	3.813850
607	608	3.650000
608	600	0.466252
608	601	1.445382
608	607	3.650000
608	609	2.098136
609	594	0.043478
609	598	0.133366
609	599	0.792629
609	600	2.608696
609	608	2.098136
609	610	4.569274
610	598	0.715097
610	599	0.300000
610	609	4.569274
610	611	3.403643
611	597	0.839254
611	598	2.000494
611	610	3.403643
611	612	4.130435
612	596	0.792629
612	597	1.305507
612	611	4.130435
612	613	3.695652
613	595	0.533465
613	596	0.792629
613	612	3.695652
613	614	3.521739
614	595	0.088911
614	613	3.521739
614	615	2.739130
615	590	2.260870
615	591	0.355643
615	614	2.739130
615	616	2.044949
616	590	0.489010
616	615	2.044949
616	617	3.423068
617	119	0.326377
617	120	0.260870
617	589	0.606128
617	590	0.826087
617	616	3.423068
617	618	3.590144
618	120	0.839254
618	588	0.792629
618	589	0.550000
618	617	3.590144
618	619	1.725134
619	120	0.304348
619	121	0.217391
619	586	0.088911
619	587	0.652753
619	588	3.130435
619	618	1.725134
619	620	4.802400
620	586	0.667424
620	587	0.350000
620	619	4.802400
620	621	2.564388
621	585	0.792629
621	586	2.133860
621	620	2.564388
621	622	3.695652
622	584	0.792629
622	585	1.398757
622	621	3.695652
622	623	3.652174
623	583	0.699379
623	584	1.538633
623	622	3.652174
623	624	3.378612
624	579	0.044455
624	582	0.667424
624	583	1.144155
624	623	3.378612
624	625	3.289446
624	626	0.045455
625	579	2.797514
625	581	0.046625
625	624	3.289446
625	626	1.477867
625	627	0.150000
626	581	0.177822
626	582	0.190693
626	624	0.045455
626	625	1.477867
626	627	4.481274
627	579	0.046625
627	581	0.792629
627	625	0.150000
627	626	4.481274
627	628	2.144761
628	579	0.086957
628	580	0.792629
628	581	3.652174
628	627	2.144761
628	629	3.823270
629	571	0.046625
629	578	0.792629
629	579	0.139876
629	580	0.700000
629	628	3.823270
629	630	3.850000
630	576	0.046625
630	577	0.652753
630	578	0.885880
630	629	3.850000
630	631	3.450000
631	576	0.839254
631	577	1.305507
631	630	3.450000
631	632	3.146427
632	575	0.619751
632	576	2.133860
632	631	3.146427
632	633	3.734255
633	574	0.746004
633	575	1.165631
633	632	3.734255
633	634	3.739130
634	573	0.746004
634	574	1.725134
634	633	3.739130
634	635	3.450268
635	572	0.932505
635	573	0.600000
635	634	3.450268
635	636	3.700000
635	637	0.095346
635	736	0.186501
635	737	0.190693
636	572	0.512878
636	635	3.700000
636	637	2.097618
636	638	0.093250
636	736	3.263767
636	737	0.619751
637	572	0.088911
637	573	0.238366
637	635	0.095346
637	636	2.097618
637	638	1.111386
637	737	0.090909
638	636	0.093250
638	637	1.111386
638	639	4.401087
638	736	0.260870
638	737	3.912077
638	738	0.792629
638	739	0.260870
639	638	4.401087
639	640	4.004543
639	735	0.810443
639	736	0.400099
639	738	1.001136
639	739	0.222277
640	639	4.004543
640	641	2.051511
640	734	0.932505
640	735	0.350000
641	640	2.051511
641	642	2.695652
641	733	0.932505
641	734	2.869565
642	641	2.695652
642	643	4.196272
642	730	0.266733
642	731	0.932505
642	733	1.818384
643	642	4.196272
643	644	3.636769
643	730	0.715097
643	731	0.150000
644	643	3.636769
644	645	3.956522
644	729	0.839254
644	730	1.911583
645	644	3.956522
645	646	2.826087
645	728	0.932505
645	729	1.025755
646	645	2.826087
646	647	4.178810
646	726	0.043478
646	727	0.606128
646	728	1.678509
646	819	0.046625
646	820	0.391304
647	646	4.178810
647	648	4.312176
647	726	0.577920
647	727	0.286039
647	819	0.381385
647	820	0.177822
648	647	4.312176
648	649	1.200296
648	650	0.913043
648	709	0.391304
648	710	1.025755
648	711	0.043478
648	725	0.608696
648	726	0.913043
649	648	1.200296
649	650	0.933564
649	651	0.044455
649	708	0.489010
649	709	1.422574
649	716	2.622022
649	717	3.727273
650	648	0.913043
650	649	0.933564
650	651	3.217391
650	709	0.260870
650	710	1.165631
650	711	0.217391
650	715	0.130435
650	716	0.373002
650	724	0.606128
650	725	3.434783
651	649	0.044455
651	650	3.217391
651	652	4.130435
651	716	0.699379
651	723	0.979130
651	724	1.585258
652	651	4.130435
652	653	3.543518
652	722	0.746004
652	723	1.538633
653	652	3.543518
653	654	3.123891
653	721	0.667424
653	722	0.200000
653	791	0.047673
654	653	3.123891
654	655	4.043478
654	720	0.792629
654	721	1.733761
655	654	4.043478
655	656	4.196272
655	719	0.839254
655	720	1.445382
656	655	4.196272
656	657	1.958260
656	718	0.699379
656	719	0.400000
657	656	1.958260
657	658	4.478261
657	700	0.088911
657	701	0.792629
657	718	2.826087
658	657	4.478261
658	659	3.556434
658	699	0.044455
658	700	0.622376
658	701	0.559503
659	658	3.556434
659	660	4.227273
659	699	0.318182
659	700	0.500000
660	659	4.227273
660	661	3.718504
660	697	0.044455
660	698	0.666831
660	699	0.454545
661	660	3.718504
661	662	3.500000
661	696	0.047673
661	697	0.606128
661	698	0.746004
661	761	0.286039
661	762	0.279751
662	661	3.500000
662	663	3.600000
662	696	0.667424
662	697	0.606128
662	761	0.762770
662	762	0.792629
663	662	3.600000
663	664	2.650000
663	695	0.839254
663	696	0.905789
664	663	2.650000
664	665	2.550000
664	694	0.792629
664	695	1.352132
665	664	2.550000
665	666	2.704264
665	693	0.792629
665	694	1.212256
666	665	2.704264
666	667	3.652174
666	692	0.792629
666	693	2.608696
667	666	3.652174
667	668	5.423562
667	691	0.792629
667	692	1.445382
668	667	5.423562
668	669	4.578909
668	688	0.045455
668	690	0.181818
668	691	0.286039
669	668	4.578909
669	670	2.331262
669	687	0.130435
669	688	0.400099
669	689	0.139876
669	690	0.444554
670	669	2.331262
670	671	2.431330
670	687	1.165631
670	688	0.905789
670	689	0.100000
671	670	2.431330
671	672	2.489504
671	684	0.755742
671	685	1.048809
671	687	0.577920
671	688	2.090909
672	671	2.489504
672	673	4.103021
672	682	0.043478
672	683	0.792629
672	684	3.043478
672	688	0.711287
672	689	0.093250
673	672	4.103021
673	674	3.683394
673	682	0.699379
673	683	0.450000
673	688	0.286039
673	689	0.950000
674	673	3.683394
674	675	5.260870
674	680	0.177822
674	681	0.233126
674	682	1.000000
674	689	0.046625
675	674	5.260870
675	676	2.890765
675	679	0.177822
675	680	0.800198
675	781	0.746004
675	782	0.304348
676	675	2.890765
676	677	1.165631
676	678	1.525540
676	679	1.287174
676	780	0.150000
676	781	0.200000
677	36	0.044455
677	676	1.165631
677	678	4.667819
677	772	0.139876
678	37	0.090909
678	676	1.525540
678	677	4.667819
678	679	3.318182
678	771	0.318182
678	772	0.095346
679	37	0.090909
679	675	0.177822
679	676	1.287174
679	678	3.318182
679	680	4.636364
679	770	0.311188
679	771	0.500000
679	781	0.429058
680	674	0.177822
680	675	0.800198
680	679	4.636364
680	681	4.052216
680	770	0.755742
680	771	0.136364
680	781	0.476731
680	782	0.044455
681	674	0.233126
681	680	4.052216
681	682	3.496893
681	769	0.279751
681	770	0.839254
681	781	0.100000
681	782	0.885880
682	672	0.043478
682	673	0.699379
682	674	1.000000
682	681	3.496893
682	683	4.103021
682	782	0.173913
683	672	0.792629
683	673	0.450000
683	682	4.103021
683	684	2.564388
683	688	0.047673
684	671	0.755742
684	672	3.043478
684	683	2.564388
684	685	1.258881
684	687	0.086957
684	688	0.489010
685	671	1.048809
685	684	1.258881
685	686	1.477867
685	687	2.750889
686	685	1.477867
686	687	1.378118
686	3321	0.489010
686	3323	3.545455
686	3361	0.143019
687	669	0.130435
687	670	1.165631
687	671	0.577920
687	684	0.086957
687	685	2.750889
687	686	1.378118
687	688	1.022475
688	668	0.045455
688	669	0.400099
688	670	0.905789
688	671	2.090909
688	672	0.711287
688	673	0.286039
688	683	0.047673
688	684	0.489010
688	687	1.022475
688	689	4.099889
689	669	0.139876
689	670	0.100000
689	672	0.093250
689	673	0.950000
689	674	0.046625
689	688	4.099889
689	690	3.575485
690	668	0.181818
690	669	0.444554
690	689	3.575485
690	691	2.431330
691	667	0.792629
691	668	0.286039
691	690	2.431330
691	692	3.400000
692	666	0.792629
692	667	1.445382
692	691	3.400000
692	693	2.797514
693	665	0.792629
693	666	2.608696
693	692	2.797514
693	694	4.130435
694	664	0.792629
694	665	1.212256
694	693	4.130435
694	695	3.869565
695	663	0.839254
695	664	1.352132
695	694	3.869565
695	696	3.511978
696	661	0.047673
696	662	0.667424
696	663	0.905789
696	695	3.511978
696	697	4.223265
697	660	0.044455
697	661	0.606128
697	662	0.606128
697	696	4.223265
697	698	3.782609
697	760	0.130435
697	761	0.133366
698	660	0.666831
698	661	0.746004
698	697	3.782609
698	699	4.223265
698	759	0.086957
698	760	0.304348
698	761	1.511484
699	658	0.044455
699	659	0.318182
699	660	0.454545
699	698	4.223265
699	700	3.318182
699	761	0.954545
699	789	0.715097
700	657	0.088911
700	658	0.622376
700	659	0.500000
700	699	3.318182
700	701	4.004543
700	789	0.190693
701	657	0.792629
701	658	0.559503
701	700	4.004543
701	702	0.792629
701	717	0.143019
701	718	1.771759
702	701	0.792629
702	703	3.776644
702	704	0.186501
702	705	0.043478
703	702	3.776644
703	704	3.100000
703	705	0.046625
704	702	0.186501
704	703	3.100000
704	705	3.823270
704	706	0.095346
705	702	0.043478
705	703	0.046625
705	704	3.823270
705	706	3.423068
705	717	1.867128
706	704	0.095346
706	705	3.423068
706	707	2.669695
706	708	3.289701
706	717	0.318182
707	706	2.669695
707	708	1.025755
708	649	0.489010
708	706	3.289701
708	707	1.025755
708	709	3.565217
708	717	0.355643
708	818	0.186501
708	831	0.043478
708	832	0.086957
709	648	0.391304
709	649	1.422574
709	650	0.260870
709	708	3.565217
709	710	4.009771
709	716	0.792629
709	818	0.093250
709	831	0.173913
709	832	0.478261
710	648	1.025755
710	650	1.165631
710	709	4.009771
710	711	2.844140
710	715	0.792629
710	716	0.400000
710	725	0.046625
710	726	0.139876
710	831	0.046625
711	648	0.043478
711	650	0.217391
711	710	2.844140
711	712	1.155841
711	713	1.289207
711	714	0.565217
711	715	2.739130
711	725	0.086957
711	726	0.347826
711	727	0.093250
712	562	0.953463
712	563	0.933564
712	711	1.155841
712	713	4.090909
712	726	0.133366
712	747	0.088911
713	561	0.133366
713	562	0.953463
713	711	1.289207
713	712	4.090909
713	714	3.511978
713	748	0.381385
713	749	0.266733
713	800	0.045455
714	711	0.565217
714	713	3.511978
714	715	2.826087
714	749	0.782609
714	750	0.933564
714	798	0.177822
714	800	0.044455
715	650	0.130435
715	710	0.792629
715	711	2.739130
715	714	2.826087
715	716	3.683394
715	750	0.666831
715	1503	0.043478
715	1504	0.086957
716	649	2.622022
716	650	0.373002
716	651	0.699379
716	709	0.792629
716	710	0.400000
716	715	3.683394
716	717	1.048809
717	649	3.727273
717	701	0.143019
717	705	1.867128
717	706	0.318182
717	708	0.355643
717	716	1.048809
717	718	1.066930
718	656	0.699379
718	657	2.826087
718	701	1.771759
718	717	1.066930
718	719	4.242897
719	655	0.839254
719	656	0.400000
719	718	4.242897
719	720	3.400000
720	654	0.792629
720	655	1.445382
720	719	3.400000
720	721	3.337119
721	653	0.667424
721	654	1.733761
721	720	3.337119
721	722	4.242909
722	652	0.746004
722	653	0.200000
722	721	4.242909
722	723	2.950000
723	651	0.979130
723	652	1.538633
723	722	2.950000
723	724	3.500000
724	650	0.606128
724	651	1.585258
724	723	3.500000
724	725	1.538633
725	648	0.608696
725	650	3.434783
725	710	0.046625
725	711	0.086957
725	724	1.538633
725	726	4.521739
726	646	0.043478
726	647	0.577920
726	648	0.913043
726	710	0.139876
726	711	0.347826
726	712	0.133366
726	725	4.521739
726	727	4.429398
727	646	0.606128
727	647	0.286039
727	711	0.093250
727	726	4.429398
727	728	2.000000
728	645	0.932505
728	646	1.678509
728	727	2.000000
728	729	2.100000
728	829	0.093250
728	830	0.559503
729	644	0.839254
729	645	1.025755
729	728	2.100000
729	730	3.003407
729	820	0.839254
729	821	0.139876
729	829	0.559503
729	830	0.373002
730	642	0.266733
730	643	0.715097
730	644	1.911583
730	729	3.003407
730	731	4.147562
730	820	0.044455
730	821	0.088911
730	829	0.044455
731	642	0.932505
731	643	0.150000
731	730	4.147562
731	732	1.250000
731	733	0.150000
732	731	1.250000
732	733	2.150000
733	641	0.932505
733	642	1.818384
733	731	0.150000
733	732	2.150000
733	734	1.538633
734	640	0.932505
734	641	2.869565
734	733	1.538633
734	735	3.869895
735	639	0.810443
735	640	0.350000
735	734	3.869895
735	736	3.683394
735	738	0.300000
736	635	0.186501
736	636	3.263767
736	638	0.260870
736	639	0.400099
736	735	3.683394
736	737	0.889108
736	738	0.932505
737	571	0.177822
737	572	4.267721
737	635	0.190693
737	636	0.619751
737	637	0.090909
737	638	3.912077
737	736	0.889108
737	738	2.240637
738	571	0.326377
738	638	0.792629
738	639	1.001136
738	735	0.300000
738	736	0.932505
738	737	2.240637
738	739	1.538633
739	569	0.173913
739	570	0.792629
739	571	2.782609
739	638	0.260870
739	639	0.222277
739	738	1.538633
739	740	3.916520
740	568	0.046625
740	569	0.932505
740	570	0.400000
740	739	3.916520
740	741	3.900000
740	806	0.050000
740	807	0.979130
740	856	0.186501
741	568	0.932505
741	569	0.746004
741	740	3.900000
741	742	3.543518
741	805	0.186501
741	806	0.700000
741	807	0.512878
741	856	0.139876
741	857	1.150000
741	858	0.050000
742	560	0.173913
742	565	2.043478
742	566	1.398757
742	567	0.889108
742	568	0.304348
742	741	3.543518
742	743	1.200296
742	805	0.260870
742	857	0.046625
742	858	0.839254
743	275	0.045455
743	560	0.311188
743	565	0.266733
743	566	0.858116
743	567	1.818182
743	742	1.200296
743	744	3.022969
743	858	0.333712
743	859	0.222277
744	560	0.173913
744	565	0.304348
744	566	1.771759
744	743	3.022969
744	745	3.434783
745	563	0.260870
745	564	0.792629
745	565	0.782609
745	744	3.434783
745	746	4.709149
746	563	0.792629
746	564	0.050000
746	745	4.709149
746	747	2.611013
747	561	0.130435
747	562	0.792629
747	563	3.173913
747	712	0.088911
747	746	2.611013
747	748	4.336147
748	561	0.792629
748	562	0.200000
748	713	0.381385
748	747	4.336147
748	749	4.382773
749	561	1.173913
749	713	0.266733
749	714	0.782609
749	748	4.382773
749	750	1.022475
749	796	2.611013
749	797	0.466252
749	798	0.044455
749	800	0.444554
750	714	0.933564
750	715	0.666831
750	749	1.022475
750	751	4.500000
750	797	0.715097
750	798	2.590909
750	1489	0.355643
750	1503	0.933564
750	1504	0.133366
751	750	4.500000
751	752	4.545455
751	797	0.476731
751	1489	0.533465
751	1490	0.333712
751	1502	0.667424
751	1503	0.844653
752	751	4.545455
752	753	3.467523
752	787	0.044455
752	788	0.381385
752	795	0.238366
752	1489	0.088911
752	1490	1.287174
752	1491	0.272727
752	1501	0.355643
752	1502	0.476731
753	752	3.467523
753	754	3.963145
753	786	0.044455
753	787	0.347826
753	794	0.792629
753	795	1.072381
753	877	0.046625
753	878	0.355643
753	879	0.044455
753	1490	0.046625
753	1491	0.444554
754	753	3.963145
754	755	2.098136
754	787	0.046625
754	793	0.792629
754	794	1.000000
754	877	0.600000
754	878	0.429058
755	754	2.098136
755	756	3.543518
755	791	0.133366
755	792	0.792629
755	793	2.826087
755	877	0.046625
756	755	3.543518
756	757	3.496893
756	791	0.762770
756	792	0.100000
757	756	3.496893
757	758	3.652174
757	790	0.792629
757	791	2.178316
758	757	3.652174
758	759	4.130435
758	789	0.932505
758	790	1.678509
759	698	0.086957
759	758	4.130435
759	760	4.434783
759	787	0.043478
759	788	0.233126
759	789	0.979130
760	697	0.130435
760	698	0.304348
760	759	4.434783
760	761	1.155841
760	762	0.043478
760	786	0.355643
760	787	0.260870
760	788	0.186501
761	661	0.286039
761	662	0.762770
761	697	0.133366
761	698	1.511484
761	699	0.954545
761	760	1.155841
761	762	4.890096
762	661	0.279751
762	662	0.792629
762	760	0.043478
762	761	4.890096
762	763	4.615899
762	787	0.173913
762	788	0.606128
763	762	4.615899
763	764	3.575485
763	787	0.792629
763	788	0.150000
763	1502	0.050000
764	763	3.575485
764	765	1.045455
764	784	1.066930
764	785	1.430194
764	786	0.545455
764	787	1.066930
764	1501	0.666831
764	1502	0.095346
765	764	1.045455
765	766	3.181818
765	783	0.044455
765	784	0.489010
765	785	0.810443
765	786	1.954545
765	1491	0.227273
765	1492	0.333712
765	1499	0.088911
765	1500	0.953463
765	1501	1.022475
766	765	3.181818
766	767	4.052216
766	778	0.045455
766	784	0.889108
766	785	2.240637
766	1492	0.429058
766	1493	0.762770
766	1499	0.222277
766	1500	0.143019
767	766	4.052216
767	768	2.850000
767	778	0.047673
767	783	0.792629
767	784	0.606128
767	1493	0.400000
767	3311	0.300000
767	3312	0.050000
768	767	2.850000
768	769	3.030641
768	782	0.792629
768	783	1.538633
768	3311	0.250000
768	3312	0.300000
769	681	0.279751
769	768	3.030641
769	770	3.260870
769	781	0.792629
769	782	2.652174
770	679	0.311188
770	680	0.755742
770	681	0.839254
770	769	3.260870
770	771	4.890096
770	780	0.792629
770	781	1.771759
771	678	0.318182
771	679	0.500000
771	680	0.136364
771	770	4.890096
771	772	3.956870
771	776	0.090909
771	777	0.143019
771	779	0.238366
771	780	0.810443
772	677	0.139876
772	678	0.095346
772	771	3.956870
772	773	3.500000
772	776	0.572078
772	778	0.143019
772	779	0.200000
773	34	0.095346
773	772	3.500000
773	774	1.334848
773	775	1.865010
773	776	0.810443
774	773	1.334848
774	775	4.489998
774	1475	0.266733
774	1476	0.429058
774	3388	0.044455
775	773	1.865010
775	774	4.489998
775	776	3.067424
775	1475	0.304348
775	1476	0.373002
776	771	0.090909
776	772	0.572078
776	773	0.810443
776	775	3.067424
776	777	1.096482
776	778	3.181818
776	779	0.047673
776	1476	0.095346
777	771	0.143019
777	776	1.096482
777	778	1.382521
777	1493	0.050000
777	1494	1.585258
777	1495	0.885880
777	3386	0.050000
778	766	0.045455
778	767	0.047673
778	772	0.143019
778	776	3.181818
778	777	1.382521
778	779	4.147562
778	1484	0.476731
778	1498	0.044455
778	1499	0.577920
778	1500	0.190693
779	771	0.238366
779	772	0.200000
779	776	0.047673
779	778	4.147562
779	780	1.850000
779	1484	1.750000
779	1500	0.400000
780	676	0.150000
780	770	0.792629
780	771	0.810443
780	779	1.850000
780	781	2.100000
781	675	0.746004
781	676	0.200000
781	679	0.429058
781	680	0.476731
781	681	0.100000
781	769	0.792629
781	770	1.771759
781	780	2.100000
781	782	1.958260
782	675	0.304348
782	680	0.044455
782	681	0.885880
782	682	0.173913
782	768	0.792629
782	769	2.652174
782	781	1.958260
782	783	3.521739
783	765	0.044455
783	767	0.792629
783	768	1.538633
783	782	3.521739
783	784	4.478261
784	764	1.066930
784	765	0.489010
784	766	0.889108
784	767	0.606128
784	783	4.478261
784	785	2.238012
785	764	1.430194
785	765	0.810443
785	766	2.240637
785	784	2.238012
785	786	3.527812
786	753	0.044455
786	760	0.355643
786	764	0.545455
786	765	1.954545
786	785	3.527812
786	787	3.734255
787	752	0.044455
787	753	0.347826
787	754	0.046625
787	759	0.043478
787	760	0.260870
787	762	0.173913
787	763	0.792629
787	764	1.066930
787	786	3.734255
787	788	4.382773
788	752	0.381385
788	759	0.233126
788	760	0.186501
788	762	0.606128
788	763	0.150000
788	787	4.382773
788	789	1.650000
789	699	0.715097
789	700	0.190693
789	758	0.932505
789	759	0.979130
789	788	1.650000
789	790	3.050000
790	757	0.792629
790	758	1.678509
790	789	3.050000
790	791	2.622022
791	653	0.047673
791	755	0.133366
791	756	0.762770
791	757	2.178316
791	790	2.622022
791	792	4.719640
792	755	0.792629
792	756	0.100000
792	791	4.719640
792	793	2.797514
793	754	0.792629
793	755	2.826087
793	792	2.797514
793	794	3.496893
793	877	0.046625
794	753	0.792629
794	754	1.000000
794	793	3.496893
794	795	3.900000
794	876	0.093250
794	877	0.500000
794	878	0.190693
795	752	0.238366
795	753	1.072381
795	794	3.900000
795	796	2.150000
795	875	0.050000
795	876	0.326377
795	878	0.429058
795	879	1.048809
795	880	0.046625
796	749	2.611013
796	795	2.150000
796	797	2.000000
796	800	0.047673
796	879	0.095346
796	880	0.233126
796	881	0.466252
797	561	0.046625
797	749	0.466252
797	750	0.715097
797	751	0.476731
797	796	2.000000
797	798	2.955734
797	800	1.001136
797	881	0.466252
797	882	0.300000
797	1489	0.512878
798	714	0.177822
798	749	0.044455
798	750	2.590909
798	797	2.955734
798	799	1.181818
798	800	3.545455
798	882	0.047673
798	1488	0.047673
798	1489	0.711287
799	798	1.181818
799	800	1.363636
799	801	1.001136
799	1486	0.400099
799	1487	0.953463
799	1488	0.143019
799	1504	0.311188
799	1505	1.859252
799	1506	0.238366
799	1507	3.289701
800	561	3.022969
800	713	0.045455
800	714	0.044455
800	749	0.444554
800	796	0.047673
800	797	1.001136
800	798	3.545455
800	799	1.363636
800	801	1.144155
800	1504	0.222277
800	1505	0.381385
801	561	0.279751
801	799	1.001136
801	800	1.144155
801	802	1.212256
801	803	2.812715
801	804	0.300000
801	1505	0.450000
801	1507	0.932505
802	801	1.212256
802	803	1.333663
802	804	2.517763
802	851	0.133366
803	554	0.266733
803	555	0.953463
803	556	0.136364
803	801	2.812715
803	802	1.333663
803	804	1.096482
803	1507	2.578415
804	554	1.958260
804	559	0.139876
804	560	0.046625
804	801	0.300000
804	802	2.517763
804	803	1.096482
804	805	1.119006
804	851	0.810443
805	559	2.913043
805	741	0.186501
805	742	0.260870
805	804	1.119006
805	806	4.242897
805	856	0.086957
805	857	0.792629
805	858	2.051511
806	740	0.050000
806	741	0.700000
806	805	4.242897
806	807	3.077266
806	856	0.792629
806	857	0.350000
807	740	0.979130
807	741	0.512878
807	806	3.077266
807	808	3.450268
807	854	0.086957
807	855	0.792629
807	856	2.130435
808	807	3.450268
808	809	2.284637
808	854	0.792629
808	855	0.200000
809	808	2.284637
809	810	4.662524
809	852	0.260870
809	853	0.885880
809	854	2.478261
810	809	4.662524
810	811	3.450000
810	852	0.932505
810	853	0.450000
811	810	3.450000
811	812	1.191828
811	837	0.715097
811	838	0.143019
811	848	2.350000
811	850	0.667424
811	852	1.165631
812	811	1.191828
812	813	3.467523
812	836	0.666831
812	837	3.500000
812	848	0.190693
813	812	3.467523
813	814	4.000000
813	835	0.885880
813	836	0.869565
814	813	4.000000
814	815	4.009771
814	834	0.932505
814	835	1.445382
815	814	4.009771
815	816	2.450000
815	833	0.606128
815	834	0.550000
816	815	2.450000
816	817	4.300000
816	832	0.792629
816	833	1.865010
817	816	4.300000
817	818	2.800000
817	831	0.699379
817	832	1.072381
818	708	0.186501
818	709	0.093250
818	817	2.800000
818	819	3.950000
818	830	0.746004
818	831	1.725134
819	646	0.046625
819	647	0.381385
819	818	3.950000
819	820	1.678509
819	829	0.652753
819	830	1.258881
820	646	0.391304
820	647	0.177822
820	729	0.839254
820	730	0.044455
820	819	1.678509
820	821	3.434783
820	828	0.606128
820	829	3.260870
821	729	0.139876
821	730	0.088911
821	820	3.434783
821	822	3.260870
821	827	0.839254
821	828	1.119006
822	821	3.260870
822	823	1.165631
822	824	2.657639
822	826	0.792629
822	827	1.631883
823	822	1.165631
823	824	1.200000
824	822	2.657639
824	823	1.200000
824	825	0.900000
824	826	0.950000
825	824	0.900000
825	826	2.350000
826	822	0.792629
826	824	0.950000
826	825	2.350000
826	827	2.700000
827	821	0.839254
827	822	1.631883
827	826	2.700000
827	828	3.150000
828	820	0.606128
828	821	1.119006
828	827	3.150000
828	829	1.492008
829	728	0.093250
829	729	0.559503
829	730	0.044455
829	819	0.652753
829	820	3.260870
829	828	1.492008
829	830	3.826087
830	728	0.559503
830	729	0.373002
830	818	0.746004
830	819	1.258881
830	829	3.826087
830	831	3.086957
831	708	0.043478
831	709	0.173913
831	710	0.046625
831	817	0.699379
831	818	1.725134
831	830	3.086957
831	832	3.956522
832	708	0.086957
832	709	0.478261
832	816	0.792629
832	817	1.072381
832	831	3.956522
832	833	3.478261
832	849	2.051511
833	815	0.606128
833	816	1.865010
833	832	3.478261
833	834	4.009771
833	849	0.839254
834	814	0.932505
834	815	0.550000
834	833	4.009771
834	835	2.550000
835	813	0.885880
835	814	1.445382
835	834	2.550000
835	836	3.963145
835	848	0.050000
836	812	0.666831
836	813	0.869565
836	835	3.963145
836	837	1.066930
836	847	3.391304
836	848	0.606128
837	811	0.715097
837	812	3.500000
837	836	1.066930
837	838	4.363636
837	847	0.444554
837	848	0.238366
837	850	0.045455
838	811	0.143019
838	837	4.363636
838	839	4.979007
838	847	0.533465
838	850	0.363636
838	852	0.177822
839	838	4.979007
839	840	3.730019
839	846	0.746004
839	847	0.478261
839	850	0.088911
839	852	0.652174
839	853	0.046625
840	839	3.730019
840	841	3.100000
840	845	0.792629
840	846	0.200000
840	852	0.792629
840	853	0.300000
841	840	3.100000
841	842	1.477867
841	843	1.096482
841	844	0.400000
841	845	0.885880
842	555	0.429058
842	556	1.727273
842	841	1.477867
842	843	4.727273
842	895	0.889108
842	896	0.227273
842	1061	0.429058
843	554	0.266733
843	555	0.762770
843	841	1.096482
843	842	4.727273
843	844	4.242909
843	896	1.000000
843	897	0.363636
843	1061	0.858116
843	1062	0.088911
844	554	0.792629
844	555	0.100000
844	841	0.400000
844	843	4.242909
844	845	2.797514
844	851	0.143019
844	896	0.286039
844	897	0.953463
845	840	0.792629
845	841	0.885880
845	844	2.797514
845	846	3.823270
845	851	0.622376
846	839	0.746004
846	840	0.200000
846	845	3.823270
846	847	4.242897
846	850	0.238366
846	851	1.525540
847	836	3.391304
847	837	0.444554
847	838	0.533465
847	839	0.478261
847	846	4.242897
847	848	0.932505
847	849	0.046625
847	850	1.733761
848	811	2.350000
848	812	0.190693
848	835	0.050000
848	836	0.606128
848	837	0.238366
848	847	0.932505
848	849	1.150000
848	850	0.381385
849	832	2.051511
849	833	0.839254
849	847	0.046625
849	848	1.150000
849	850	1.001136
850	811	0.667424
850	837	0.045455
850	838	0.363636
850	839	0.088911
850	846	0.238366
850	847	1.733761
850	848	0.381385
850	849	1.001136
850	851	1.590909
850	852	3.423068
851	554	2.756236
851	802	0.133366
851	804	0.810443
851	844	0.143019
851	845	0.622376
851	846	1.525540
851	850	1.590909
851	852	1.022475
852	809	0.260870
852	810	0.932505
852	811	1.165631
852	838	0.177822
852	839	0.652174
852	840	0.792629
852	850	3.423068
852	851	1.022475
852	853	4.289522
853	809	0.885880
853	810	0.450000
853	839	0.046625
853	840	0.300000
853	852	4.289522
853	854	2.331262
854	807	0.086957
854	808	0.792629
854	809	2.478261
854	853	2.331262
854	855	3.636769
855	807	0.792629
855	808	0.200000
855	854	3.636769
855	856	2.098136
856	569	0.130435
856	570	1.072381
856	740	0.186501
856	741	0.139876
856	805	0.086957
856	806	0.792629
856	807	2.130435
856	855	2.098136
856	857	4.009771
857	568	0.186501
857	569	0.979130
857	570	0.400000
857	741	1.150000
857	742	0.046625
857	805	0.792629
857	806	0.350000
857	856	4.009771
857	858	2.500000
858	559	0.792629
858	560	0.512878
858	741	0.050000
858	742	0.839254
858	743	0.333712
858	805	2.051511
858	857	2.500000
858	859	2.890765
859	552	0.086957
859	553	0.839254
859	558	0.044455
859	559	2.956522
859	560	1.478261
859	743	0.222277
859	858	2.890765
859	860	5.035526
860	552	0.979130
860	553	0.400000
860	558	0.524404
860	859	5.035526
860	861	1.850000
861	551	0.792629
861	552	1.911635
861	557	0.905789
861	558	1.287174
861	860	1.850000
861	862	3.150000
862	546	2.500000
862	547	0.667424
862	551	0.279751
862	557	0.047673
862	861	3.150000
862	863	1.025755
863	862	1.025755
863	864	3.347826
863	890	0.792629
863	891	1.600395
863	892	1.200296
863	893	0.222277
864	557	0.044455
864	863	3.347826
864	865	3.739130
864	889	0.699379
864	890	1.398757
864	892	0.266733
864	893	0.533465
865	864	3.739130
865	866	3.869565
865	888	0.792629
865	889	1.258881
865	1467	0.304348
866	865	3.869565
866	867	4.089899
866	868	0.173913
866	886	0.666831
866	887	0.800198
866	888	0.512878
866	1466	0.782609
866	1467	0.260870
867	866	4.089899
867	868	1.289207
867	869	3.718504
867	885	0.409091
867	886	0.772727
867	1465	0.044455
867	1466	0.177822
868	866	0.173913
868	867	1.289207
868	869	1.631883
868	884	2.217391
868	885	0.266733
869	867	3.718504
869	868	1.631883
869	870	2.145291
869	884	1.025755
869	885	0.858116
869	886	0.047673
870	240	0.333712
870	869	2.145291
870	871	4.958005
870	884	0.711287
870	885	3.045455
870	1398	0.577920
871	240	0.850000
871	870	4.958005
871	872	3.403643
871	883	0.100000
871	884	0.093250
871	1398	0.233126
871	1399	0.373002
872	240	2.517763
872	871	3.403643
872	873	4.521739
872	883	0.699379
873	872	4.521739
873	874	4.382773
873	881	0.173913
873	882	0.792629
873	883	0.652753
874	873	4.382773
874	875	3.150000
874	881	0.932505
874	882	0.300000
875	795	0.050000
875	874	3.150000
875	876	2.704264
875	880	0.792629
875	881	1.631883
876	794	0.093250
876	795	0.326377
876	875	2.704264
876	877	1.398757
876	878	1.555940
876	879	0.489010
876	880	2.304348
877	753	0.046625
877	754	0.600000
877	755	0.046625
877	793	0.046625
877	794	0.500000
877	876	1.398757
877	878	3.766177
877	3306	0.093250
877	3307	0.350000
878	753	0.355643
878	754	0.429058
878	794	0.190693
878	795	0.429058
878	876	1.555940
878	877	3.766177
878	879	4.590909
878	3307	0.190693
879	753	0.044455
879	795	1.048809
879	796	0.095346
879	876	0.489010
879	878	4.590909
879	880	2.356137
879	1491	0.272727
880	795	0.046625
880	796	0.233126
880	875	0.792629
880	876	2.304348
880	879	2.356137
880	881	3.565217
881	796	0.466252
881	797	0.466252
881	873	0.173913
881	874	0.932505
881	875	1.631883
881	880	3.565217
881	882	4.382773
881	1490	0.046625
882	797	0.300000
882	798	0.047673
882	873	0.792629
882	874	0.300000
882	881	4.382773
882	883	3.000000
883	240	0.400000
883	871	0.100000
883	872	0.699379
883	873	0.652753
883	882	3.000000
883	884	3.310392
884	240	0.652753
884	868	2.217391
884	869	1.025755
884	870	0.711287
884	871	0.093250
884	883	3.310392
884	885	1.333663
885	867	0.409091
885	868	0.266733
885	869	0.858116
885	870	3.045455
885	884	1.333663
885	886	4.272727
886	866	0.666831
886	867	0.772727
886	869	0.047673
886	885	4.272727
886	887	3.954545
887	866	0.800198
887	886	3.954545
887	888	4.767313
887	1396	0.954545
887	1397	0.143019
888	865	0.792629
888	866	0.512878
888	887	4.767313
888	889	3.150000
888	1396	0.190693
889	864	0.699379
889	865	1.258881
889	888	3.150000
889	890	2.600000
889	1467	0.186501
889	1468	0.100000
890	863	0.792629
890	864	1.398757
890	889	2.600000
890	891	2.431330
891	509	0.095346
891	510	0.429058
891	511	0.044455
891	863	1.600395
891	890	2.431330
891	892	2.909091
892	510	0.047673
892	511	0.044455
892	863	1.200296
892	864	0.266733
892	891	2.909091
892	893	4.409091
893	863	0.222277
893	864	0.533465
893	892	4.409091
893	894	3.156335
894	556	0.622376
894	893	3.156335
894	895	3.000000
895	555	0.512878
895	556	1.200296
895	842	0.889108
895	894	3.000000
895	896	4.667819
896	555	0.429058
896	842	0.227273
896	843	1.000000
896	844	0.286039
896	895	4.667819
896	897	5.000000
896	1062	0.044455
897	843	0.363636
897	844	0.953463
897	896	5.000000
897	898	2.908061
897	1062	0.088911
897	1063	0.545455
898	897	2.908061
898	899	3.650000
898	1063	0.905789
898	1064	0.512878
898	1379	0.047673
899	898	3.650000
899	900	3.450268
899	1064	0.373002
899	1065	0.466252
899	1379	0.667424
900	899	3.450268
900	901	4.979007
900	1376	0.373002
900	1378	0.932505
900	1379	1.600395
900	1381	0.755742
901	900	4.979007
901	902	4.290582
901	1375	0.400099
901	1376	0.762770
901	1378	0.333712
901	1381	1.090909
901	1382	0.238366
902	901	4.290582
902	903	2.797514
902	1374	0.100000
902	1375	0.932505
902	1382	0.950000
902	1480	0.381385
903	902	2.797514
903	904	1.043478
903	905	1.956522
903	1374	0.885880
903	1375	1.956522
903	1382	0.046625
903	1480	2.044949
903	1481	0.088911
903	1483	0.130435
904	903	1.043478
904	905	1.086957
904	1481	0.088911
904	1483	4.173913
905	903	1.956522
905	904	1.086957
905	906	3.521739
905	1373	0.792629
905	1374	2.144761
905	1480	0.044455
905	1481	0.133366
905	1483	0.173913
906	905	3.521739
906	907	4.043478
906	1372	0.792629
906	1373	1.492008
907	906	4.043478
907	908	4.149646
907	1370	0.043478
907	1371	0.932505
907	1372	1.538633
908	907	4.149646
908	909	3.000000
908	1370	0.839254
908	1371	0.550000
909	908	3.000000
909	910	2.300000
909	1369	0.699379
909	1370	1.398757
910	909	2.300000
910	911	2.424513
910	1368	0.885880
910	1369	1.631883
911	910	2.424513
911	912	1.492008
911	913	3.378612
911	1367	0.792629
911	1368	2.304348
912	911	1.492008
912	913	0.905789
912	915	0.190693
912	916	0.619751
912	917	0.419627
912	1326	2.200000
912	1327	1.800000
912	1358	0.047673
913	911	3.378612
913	912	0.905789
913	914	4.433601
913	1363	0.667424
913	1365	0.047673
913	1366	0.715097
913	1367	0.905789
914	913	4.433601
914	915	4.147562
914	1362	0.792629
914	1363	0.450000
914	1364	0.050000
914	1365	0.750000
914	1366	0.750000
915	912	0.190693
915	914	4.147562
915	916	3.272727
915	1327	0.333712
915	1360	0.272727
915	1361	0.333712
915	1362	1.066930
916	912	0.619751
916	915	3.272727
916	917	4.401087
916	1326	0.047673
916	1327	0.572078
916	1358	0.181818
916	1359	1.191828
916	1360	0.181818
917	912	0.419627
917	916	4.401087
917	918	4.429398
917	1325	0.347826
917	1326	0.839254
917	1358	0.933564
917	1359	0.512878
918	917	4.429398
918	919	3.310392
918	1325	0.792629
918	1326	0.100000
918	1331	0.047673
918	1357	0.190693
918	1358	0.095346
919	918	3.310392
919	920	2.782609
919	1324	0.792629
919	1325	2.086957
919	1332	0.266733
920	919	2.782609
920	921	4.382773
920	1323	0.559503
920	1324	2.331262
921	920	4.382773
921	922	2.937390
921	923	0.093250
921	1214	0.050000
921	1217	0.050000
921	1218	0.143019
921	1319	0.046625
921	1322	0.619751
921	1323	0.400000
922	921	2.937390
922	923	1.608696
922	924	0.088911
922	1215	0.043478
922	1319	0.565217
922	1320	0.913043
922	1321	0.844653
922	1322	2.222771
923	921	0.093250
923	922	1.608696
923	924	3.156335
923	1218	0.711287
923	1316	0.260870
923	1319	3.739130
923	1320	0.043478
924	922	0.088911
924	923	3.156335
924	925	3.956533
924	1216	0.190693
924	1217	0.715097
924	1218	1.409091
924	1315	0.863636
924	1316	0.088911
925	924	3.956533
925	926	4.942275
925	1215	0.173913
925	1216	0.979130
925	1217	1.072381
925	1288	0.489010
925	1314	0.222277
925	1315	0.177822
926	925	4.942275
926	927	1.716233
926	1215	0.979130
926	1216	0.450000
926	1288	0.619751
926	1289	0.150000
926	1347	0.050000
927	926	1.716233
927	928	4.385928
927	949	0.844653
927	1213	0.133366
927	1214	0.667424
927	1215	2.311682
927	1345	0.095346
927	1346	0.045455
927	1347	0.715097
928	927	4.385928
928	929	2.471138
928	949	2.051511
928	1213	0.746004
928	1214	0.200000
928	1345	0.150000
928	1346	0.095346
929	928	2.471138
929	930	4.056396
929	948	1.119006
929	949	0.217391
929	950	0.186501
929	1212	0.792629
929	1213	3.043478
930	929	4.056396
930	931	2.004885
930	941	0.139876
930	942	0.524404
930	943	0.381385
930	947	0.095346
930	948	0.200000
930	950	0.100000
930	1206	0.046625
930	1211	0.667424
930	1212	0.550000
931	930	2.004885
931	932	4.695652
931	942	0.088911
931	943	0.355643
931	1210	0.792629
931	1211	2.622870
932	931	4.695652
932	933	5.035526
932	1207	0.355643
932	1208	0.839254
932	1209	0.311188
932	1210	0.606128
933	932	5.035526
933	934	4.050000
933	1207	0.762770
933	1209	0.143019
934	933	4.050000
934	935	3.750000
934	938	0.850000
934	1207	1.430194
935	934	3.750000
935	936	1.144155
935	937	1.430194
935	938	2.200000
936	935	1.144155
936	937	5.045455
936	963	0.953463
936	964	0.045455
936	1202	0.088911
936	1203	0.400099
937	935	1.430194
937	936	5.045455
937	938	1.859252
937	939	0.143019
937	962	0.524404
937	963	0.572078
937	1203	0.622376
937	1204	0.889108
938	934	0.850000
938	935	2.200000
938	937	1.859252
938	939	1.200000
938	940	0.050000
938	1204	0.326377
938	1205	0.700000
938	1207	3.051080
939	937	0.143019
939	938	1.200000
939	940	3.100000
939	952	0.143019
939	961	2.622022
939	962	1.000000
939	1183	0.429058
939	1204	0.046625
939	1205	0.850000
940	938	0.050000
940	939	3.100000
940	941	2.937390
940	951	0.792629
940	952	0.238366
940	1183	0.810443
941	930	0.139876
941	940	2.937390
941	942	4.134354
941	950	0.885880
941	951	1.782609
941	1181	0.139876
942	930	0.524404
942	931	0.088911
942	941	4.134354
942	943	1.909091
942	947	1.045455
942	948	0.143019
942	950	0.238366
942	1180	0.133366
942	1181	0.381385
943	930	0.381385
943	931	0.355643
943	942	1.909091
943	944	1.022475
943	947	2.772727
943	1179	0.044455
943	1180	0.266733
944	943	1.022475
944	945	4.849025
944	947	0.088911
944	1383	0.093250
945	944	4.849025
945	946	4.290582
945	947	0.476731
946	945	4.290582
946	947	1.045455
946	1044	0.133366
946	1045	1.620886
946	1046	0.143019
947	930	0.095346
947	942	1.045455
947	943	2.772727
947	944	0.088911
947	945	0.476731
947	946	1.045455
947	948	3.956870
947	950	0.143019
947	1044	0.044455
948	929	1.119006
948	930	0.200000
948	942	0.143019
948	947	3.956870
948	949	1.165631
948	950	0.900000
948	1212	0.050000
948	1213	0.699379
949	927	0.844653
949	928	2.051511
949	929	0.217391
949	948	1.165631
949	950	1.445382
949	1213	0.260870
949	1214	0.233126
949	1215	0.173913
949	1346	0.444554
949	1347	0.326377
949	1348	1.391304
949	1349	0.139876
950	929	0.186501
950	930	0.100000
950	941	0.885880
950	942	0.238366
950	947	0.143019
950	948	0.900000
950	949	1.445382
950	951	1.398757
950	1348	0.139876
950	1349	0.200000
951	940	0.792629
951	941	1.782609
951	950	1.398757
951	952	3.956533
951	953	0.088911
951	1183	0.088911
952	939	0.143019
952	940	0.238366
952	951	3.956533
952	953	0.818182
952	954	0.088911
953	951	0.088911
953	952	0.818182
953	954	1.244752
953	1339	1.000000
953	1340	1.001136
953	1346	0.363636
953	1348	0.222277
953	1349	0.429058
953	1350	0.286039
954	952	0.088911
954	953	1.244752
954	955	0.844653
954	1340	2.657639
954	1341	0.279751
954	1343	0.043478
954	1344	3.077266
954	1345	0.279751
954	1346	1.911583
955	954	0.844653
955	956	1.181818
955	957	0.238366
955	958	0.429058
955	959	0.572078
955	960	0.381385
955	1205	0.905789
955	1206	1.822672
955	1345	0.143019
956	955	1.181818
956	957	1.287174
956	958	0.095346
956	1206	0.177822
956	1298	0.533465
956	1300	2.863636
956	1301	3.090909
956	1303	0.047673
956	1304	1.001136
956	1342	0.318182
956	1343	0.755742
956	1344	0.047673
956	1345	0.238366
957	955	0.238366
957	956	1.287174
957	958	3.450000
957	959	0.550000
957	1201	0.100000
957	1202	0.046625
957	1204	0.279751
957	1205	0.200000
957	1299	0.250000
957	1300	1.287174
957	1342	0.047673
958	955	0.429058
958	956	0.095346
958	957	3.450000
958	959	4.350000
958	960	0.050000
958	1203	0.046625
958	1204	0.046625
959	955	0.572078
959	957	0.550000
959	958	4.350000
959	960	4.050000
959	1204	0.233126
959	1205	0.250000
960	955	0.381385
960	958	0.050000
960	959	4.050000
960	961	3.432465
960	1204	0.373002
960	1205	0.550000
961	939	2.622022
961	960	3.432465
961	962	1.430194
961	1032	0.715097
961	1033	0.400099
961	1183	0.636364
961	1204	0.266733
961	1205	0.047673
962	937	0.524404
962	939	1.000000
962	961	1.430194
962	963	3.000000
962	1033	0.093250
962	1203	1.025755
962	1204	1.352132
963	936	0.953463
963	937	0.572078
963	962	3.000000
963	964	2.908061
963	1202	0.792629
963	1203	1.865010
964	936	0.045455
964	963	2.908061
964	965	4.712275
964	1200	0.047673
964	1201	0.572078
964	1202	2.089405
965	964	4.712275
965	966	3.086957
965	993	0.088911
965	994	0.044455
965	1200	0.792629
965	1201	0.932505
966	965	3.086957
966	967	4.056396
966	993	0.177822
966	994	0.400099
966	995	0.533465
966	1199	0.792629
966	1200	1.305507
967	966	4.056396
967	968	2.150000
967	995	0.238366
967	996	0.373002
967	1198	0.932505
967	1199	1.050000
968	967	2.150000
968	969	3.200000
968	996	0.139876
968	1197	0.792629
968	1198	1.958260
969	968	3.200000
969	970	1.350000
969	971	0.606128
969	1194	1.250000
969	1195	0.619751
969	1197	0.885880
970	969	1.350000
970	971	2.890765
970	974	0.047673
970	1025	0.046625
970	1027	0.905789
970	1028	1.700000
970	1194	0.050000
971	969	0.606128
971	970	2.890765
971	972	1.333663
971	973	0.512878
971	974	0.044455
971	1028	0.792629
971	1029	3.022969
971	1195	0.088911
972	971	1.333663
972	973	3.337119
972	1029	0.136364
972	1030	0.444554
972	1197	0.088911
972	1198	0.889108
973	971	0.512878
973	972	3.337119
973	974	1.144155
973	1029	0.572078
973	1030	0.186501
974	970	0.047673
974	971	0.044455
974	973	1.144155
974	975	3.575485
974	1027	0.227273
974	1028	0.429058
974	1029	1.090909
975	974	3.575485
975	976	2.937390
975	1027	0.810443
975	1028	0.050000
976	975	2.937390
976	977	4.056396
976	1026	0.512878
976	1027	2.000494
977	976	4.056396
977	978	3.100000
977	1025	0.326377
977	1026	0.300000
978	977	3.100000
978	979	2.288310
978	1024	0.619751
978	1025	1.025755
979	978	2.288310
979	980	2.000494
979	981	0.355643
979	1023	0.429058
979	1024	0.681818
980	979	2.000494
980	981	2.304348
980	1023	0.233126
981	979	0.355643
981	980	2.304348
981	982	4.086957
981	1022	0.746004
981	1023	0.373002
982	981	4.086957
982	983	4.401087
982	1021	0.559503
982	1022	1.025755
983	982	4.401087
983	984	1.045455
983	1003	0.133366
983	1004	0.715097
983	1019	0.711287
983	1020	0.667424
983	1021	0.667424
984	983	1.045455
984	985	2.574349
984	1004	0.858116
984	1005	0.311188
984	1020	0.190693
984	1021	0.095346
985	984	2.574349
985	986	2.950000
985	1002	0.652753
985	1003	0.186501
985	1021	0.100000
986	985	2.950000
986	987	2.100000
986	1001	0.652753
986	1002	0.699379
986	1003	0.046625
987	986	2.100000
987	988	1.678509
987	1000	0.419627
987	1001	1.445382
988	987	1.678509
988	989	3.826087
988	999	0.606128
988	1000	2.347826
989	988	3.826087
989	990	3.434783
989	998	0.559503
989	999	0.746004
990	989	3.434783
990	991	4.149646
990	996	0.130435
990	997	0.839254
990	998	1.352132
991	990	4.149646
991	992	3.683394
991	996	0.606128
991	997	0.100000
992	991	3.683394
992	993	1.422574
992	994	1.555940
992	995	0.622376
992	996	0.869565
993	965	0.088911
993	966	0.177822
993	992	1.422574
993	994	3.590909
993	1201	0.858116
994	965	0.044455
994	966	0.400099
994	992	1.555940
994	993	3.590909
994	995	4.681818
994	1200	0.953463
994	1201	0.667424
995	966	0.533465
995	967	0.238366
995	992	0.622376
995	994	4.681818
995	996	3.689800
995	1199	0.667424
995	1200	1.048809
996	967	0.373002
996	968	0.139876
996	990	0.130435
996	991	0.606128
996	992	0.869565
996	995	3.689800
996	997	4.476023
997	990	0.839254
997	991	0.100000
997	996	4.476023
997	998	2.750000
998	989	0.559503
998	990	1.352132
998	997	2.750000
998	999	2.300000
999	988	0.606128
999	989	0.746004
999	998	2.300000
999	1000	1.865010
1000	987	0.419627
1000	988	2.347826
1000	999	1.865010
1000	1001	2.739130
1001	986	0.652753
1001	987	1.445382
1001	1000	2.739130
1001	1002	1.391304
1001	1003	0.043478
1002	985	0.652753
1002	986	0.699379
1002	1001	1.391304
1002	1003	1.913043
1003	983	0.133366
1003	985	0.186501
1003	986	0.046625
1003	1001	0.043478
1003	1002	1.913043
1003	1004	1.538633
1004	983	0.715097
1004	984	0.858116
1004	1003	1.538633
1004	1005	1.352132
1005	984	0.311188
1005	1004	1.352132
1005	1006	1.212256
1005	1019	0.043478
1006	1005	1.212256
1006	1007	2.450000
1006	1017	0.466252
1006	1018	0.619751
1007	1006	2.450000
1007	1008	2.850000
1007	1016	0.606128
1007	1017	1.025755
1008	1007	2.850000
1008	1009	2.450000
1008	1015	0.373002
1008	1016	0.699379
1009	1008	2.450000
1009	1010	3.217142
1009	1014	0.373002
1009	1015	1.165631
1010	1009	3.217142
1010	1011	0.979130
1010	1012	1.000000
1010	1013	0.088911
1010	1014	1.086957
1011	1010	0.979130
1011	1012	2.937390
1012	1010	1.000000
1012	1011	2.937390
1012	1013	4.356631
1013	1010	0.088911
1013	1012	4.356631
1013	1014	2.934058
1014	1009	0.373002
1014	1010	1.086957
1014	1013	2.934058
1014	1015	3.173913
1015	1008	0.373002
1015	1009	1.165631
1015	1014	3.173913
1015	1016	3.260870
1016	1007	0.606128
1016	1008	0.699379
1016	1015	3.260870
1016	1017	1.956522
1017	1006	0.466252
1017	1007	1.025755
1017	1016	1.956522
1017	1018	2.222771
1018	1006	0.619751
1018	1017	2.222771
1018	1019	1.289207
1019	983	0.711287
1019	1005	0.043478
1019	1018	1.289207
1019	1020	3.963145
1020	983	0.667424
1020	984	0.190693
1020	1019	3.963145
1020	1021	3.450000
1021	982	0.559503
1021	983	0.667424
1021	984	0.095346
1021	985	0.100000
1021	1020	3.450000
1021	1022	2.950000
1022	981	0.746004
1022	982	1.025755
1022	1021	2.950000
1022	1023	2.700000
1023	979	0.429058
1023	980	0.233126
1023	981	0.373002
1023	1022	2.700000
1023	1024	2.955734
1024	978	0.619751
1024	979	0.681818
1024	1023	2.955734
1024	1025	4.534453
1025	970	0.046625
1025	977	0.326377
1025	978	1.025755
1025	1024	4.534453
1025	1026	3.916520
1026	976	0.512878
1026	977	0.300000
1026	1025	3.916520
1026	1027	2.192964
1027	970	0.905789
1027	974	0.227273
1027	975	0.810443
1027	976	2.000494
1027	1026	2.192964
1027	1028	2.669695
1028	970	1.700000
1028	971	0.792629
1028	974	0.429058
1028	975	0.050000
1028	1027	2.669695
1028	1029	2.192964
1029	971	3.022969
1029	972	0.136364
1029	973	0.572078
1029	974	1.090909
1029	1028	2.192964
1029	1030	3.778711
1029	1193	0.143019
1029	1195	0.363636
1029	1197	0.088911
1030	972	0.444554
1030	973	0.186501
1030	1029	3.778711
1030	1031	2.695652
1030	1192	0.792629
1030	1193	0.606128
1030	1195	0.222277
1030	1197	0.739130
1030	1198	0.086957
1031	1030	2.695652
1031	1032	1.538633
1031	1033	1.608696
1031	1191	0.746004
1031	1192	1.492008
1031	1196	0.233126
1031	1197	0.521739
1031	1198	0.086957
1032	961	0.715097
1032	1031	1.538633
1032	1033	1.305507
1032	1183	3.051080
1032	1184	0.279751
1032	1185	0.300000
1033	961	0.400099
1033	962	0.093250
1033	1031	1.608696
1033	1032	1.305507
1033	1034	3.450268
1033	1183	0.044455
1033	1190	0.885880
1033	1191	1.678509
1033	1196	0.139876
1033	1197	0.043478
1034	1033	3.450268
1034	1035	3.750000
1034	1183	0.047673
1034	1189	0.792629
1034	1190	0.700000
1035	1034	3.750000
1035	1036	1.119006
1035	1037	0.100000
1035	1038	0.762770
1035	1182	2.300000
1035	1188	0.606128
1035	1189	1.072381
1036	1035	1.119006
1036	1037	1.725134
1036	1038	0.355643
1036	1039	0.932505
1036	1040	0.521739
1036	1041	0.521739
1036	1179	0.043478
1036	1180	0.043478
1036	1181	4.289522
1036	1182	1.538633
1036	1185	0.139876
1036	1186	0.133366
1037	1035	0.100000
1037	1036	1.725134
1037	1038	1.191828
1037	1039	0.100000
1037	1178	1.600000
1037	1179	0.606128
1037	1180	0.186501
1038	516	0.181818
1038	1035	0.762770
1038	1036	0.355643
1038	1037	1.191828
1038	1039	3.384792
1038	1182	0.667424
1038	1187	0.286039
1038	1188	3.111880
1039	1036	0.932505
1039	1037	0.100000
1039	1038	3.384792
1039	1040	1.725134
1039	1182	1.200000
1039	1186	0.762770
1039	1187	0.550000
1040	1036	0.521739
1040	1039	1.725134
1040	1041	4.782609
1040	1185	0.792629
1040	1186	2.889602
1041	1036	0.521739
1041	1040	4.782609
1041	1042	4.709149
1041	1180	0.304348
1041	1181	0.746004
1041	1184	0.260870
1041	1185	0.326377
1042	1041	4.709149
1042	1043	2.750000
1042	1180	0.792629
1042	1181	0.050000
1043	1042	2.750000
1043	1044	2.238012
1043	1179	0.699379
1043	1180	1.305507
1044	946	0.133366
1044	947	0.044455
1044	1043	2.238012
1044	1045	3.357017
1044	1176	0.139876
1044	1177	0.792629
1044	1179	2.565217
1045	946	1.620886
1045	1044	3.357017
1045	1046	3.200000
1045	1175	0.046625
1045	1176	0.800000
1046	946	0.143019
1046	1045	3.200000
1046	1047	3.590144
1046	1048	0.050000
1046	1175	0.746004
1046	1176	0.200000
1046	1369	0.046625
1047	1046	3.590144
1047	1048	1.585258
1047	1049	3.590144
1047	1172	1.000000
1047	1173	0.577920
1047	1174	0.093250
1047	1175	0.347826
1047	1368	0.043478
1047	1369	0.608696
1048	1046	0.050000
1048	1047	1.585258
1048	1049	2.150000
1048	1050	0.190693
1048	1092	0.350000
1048	1171	1.050000
1048	1172	1.725134
1049	1047	3.590144
1049	1048	2.150000
1049	1050	2.335983
1049	1172	0.046625
1049	1173	0.619751
1049	1369	0.046625
1050	1048	0.190693
1050	1049	2.335983
1050	1051	3.156335
1050	1075	0.090909
1050	1076	1.000000
1050	1077	0.622376
1050	1078	0.047673
1050	1091	0.711287
1050	1092	0.190693
1050	1173	0.681818
1050	1370	0.133366
1051	1050	3.156335
1051	1052	3.590144
1051	1076	0.044455
1051	1077	1.695652
1051	1090	0.746004
1051	1091	1.608696
1051	1173	1.467029
1051	1370	0.043478
1051	1371	0.373002
1052	1051	3.590144
1052	1053	3.250000
1052	1077	0.932505
1052	1089	0.792629
1052	1090	0.100000
1052	1173	0.286039
1052	1174	0.650000
1053	1052	3.250000
1053	1054	3.050000
1053	1068	0.700000
1053	1077	0.233126
1053	1088	0.667424
1053	1089	1.212256
1054	1053	3.050000
1054	1055	2.191386
1054	1067	0.559503
1054	1068	0.250000
1054	1087	0.699379
1054	1088	1.382521
1055	1054	2.191386
1055	1056	4.988901
1055	1067	0.217391
1055	1085	0.222277
1055	1086	0.792629
1055	1087	2.173913
1056	1055	4.988901
1056	1057	3.123891
1056	1067	0.186501
1056	1085	0.810443
1057	1056	3.123891
1057	1058	4.849025
1057	1065	0.043478
1057	1066	0.606128
1057	1084	0.978019
1057	1085	2.533959
1058	1057	4.849025
1058	1059	2.300000
1058	1065	0.792629
1058	1066	0.300000
1058	1084	1.144155
1059	1058	2.300000
1059	1060	2.844140
1059	1064	0.932505
1059	1065	1.818384
1060	1059	2.844140
1060	1061	1.119006
1060	1062	1.608696
1060	1063	0.489010
1060	1064	2.478261
1061	842	0.429058
1061	843	0.858116
1061	1060	1.119006
1061	1062	4.242897
1062	843	0.088911
1062	896	0.044455
1062	897	0.088911
1062	1060	1.608696
1062	1061	4.242897
1062	1063	4.134354
1063	897	0.545455
1063	898	0.905789
1063	1060	0.489010
1063	1062	4.134354
1063	1064	1.822672
1064	898	0.512878
1064	899	0.373002
1064	1059	0.932505
1064	1060	2.478261
1064	1063	1.822672
1064	1065	3.782609
1065	899	0.466252
1065	1057	0.043478
1065	1058	0.792629
1065	1059	1.818384
1065	1064	3.782609
1065	1066	3.823270
1066	1057	0.606128
1066	1058	0.300000
1066	1065	3.823270
1066	1067	3.030641
1066	1069	0.100000
1066	1084	0.095346
1066	1085	0.286039
1067	1054	0.559503
1067	1055	0.217391
1067	1056	0.186501
1067	1066	3.030641
1067	1068	3.963145
1067	1069	0.559503
1067	1085	0.711287
1067	1086	0.279751
1067	1087	0.086957
1068	1053	0.700000
1068	1054	0.250000
1068	1067	3.963145
1068	1069	1.050000
1068	1077	2.144761
1068	1082	0.046625
1068	1088	0.047673
1069	1066	0.100000
1069	1067	0.559503
1069	1068	1.050000
1069	1070	1.678509
1069	1082	0.139876
1069	1083	0.100000
1069	1085	0.143019
1069	1372	0.150000
1070	1069	1.678509
1070	1071	3.347826
1070	1081	0.559503
1070	1082	2.217391
1070	1372	0.186501
1071	1070	3.347826
1071	1072	4.043478
1071	1080	0.792629
1071	1081	1.165631
1071	1151	0.088911
1072	1071	4.043478
1072	1073	4.149646
1072	1079	0.932505
1072	1080	0.932505
1072	1151	0.222277
1072	1152	0.400099
1073	1072	4.149646
1073	1074	3.550000
1073	1078	0.650000
1073	1079	0.550000
1073	1152	0.143019
1073	1153	0.093250
1073	1154	0.100000
1074	1073	3.550000
1074	1075	1.287174
1074	1076	1.859252
1074	1077	0.326377
1074	1078	1.900000
1074	1154	0.200000
1075	1050	0.090909
1075	1074	1.287174
1075	1076	3.136364
1075	1093	0.136364
1075	1165	1.909091
1076	1050	1.000000
1076	1051	0.044455
1076	1074	1.859252
1076	1075	3.136364
1076	1077	1.333663
1076	1078	2.192964
1076	1091	0.044455
1076	1092	0.524404
1076	1093	0.227273
1077	1050	0.622376
1077	1051	1.695652
1077	1052	0.932505
1077	1053	0.233126
1077	1068	2.144761
1077	1074	0.326377
1077	1076	1.333663
1077	1078	1.305507
1077	1079	0.046625
1077	1091	0.304348
1078	1050	0.047673
1078	1073	0.650000
1078	1074	1.900000
1078	1076	2.192964
1078	1077	1.305507
1078	1079	4.400000
1078	1091	0.606128
1078	1092	0.550000
1079	1072	0.932505
1079	1073	0.550000
1079	1077	0.046625
1079	1078	4.400000
1079	1080	2.850000
1079	1152	0.524404
1080	1071	0.792629
1080	1072	0.932505
1080	1079	2.850000
1080	1081	4.050000
1080	1151	0.715097
1080	1152	0.667424
1081	1070	0.559503
1081	1071	1.165631
1081	1080	4.050000
1081	1082	2.797514
1081	1150	0.190693
1082	1068	0.046625
1082	1069	0.139876
1082	1070	2.217391
1082	1081	2.797514
1082	1083	4.569274
1083	1069	0.100000
1083	1082	4.569274
1083	1084	1.287174
1083	1085	1.001136
1083	1086	0.250000
1084	1057	0.978019
1084	1058	1.144155
1084	1066	0.095346
1084	1083	1.287174
1084	1085	2.181818
1085	1055	0.222277
1085	1056	0.810443
1085	1057	2.533959
1085	1066	0.286039
1085	1067	0.711287
1085	1069	0.143019
1085	1083	1.001136
1085	1084	2.181818
1085	1086	3.956870
1086	1055	0.792629
1086	1067	0.279751
1086	1083	0.250000
1086	1085	3.956870
1086	1087	3.496893
1087	1054	0.699379
1087	1055	2.173913
1087	1067	0.086957
1087	1086	3.496893
1087	1088	4.089899
1088	1053	0.667424
1088	1054	1.382521
1088	1068	0.047673
1088	1087	4.089899
1088	1089	3.067424
1089	1052	0.792629
1089	1053	1.212256
1089	1088	3.067424
1089	1090	4.242897
1090	1051	0.746004
1090	1052	0.100000
1090	1089	4.242897
1090	1091	2.750889
1090	1173	0.476731
1091	1050	0.711287
1091	1051	1.608696
1091	1076	0.044455
1091	1077	0.304348
1091	1078	0.606128
1091	1090	2.750889
1091	1092	3.543518
1091	1173	0.489010
1092	1048	0.350000
1092	1050	0.190693
1092	1076	0.524404
1092	1078	0.550000
1092	1091	3.543518
1092	1093	3.623158
1093	1075	0.136364
1093	1076	0.227273
1093	1092	3.623158
1093	1094	4.000000
1094	1093	4.000000
1094	1095	3.337119
1094	1165	0.045455
1095	1094	3.337119
1095	1096	1.500000
1096	1095	1.500000
1096	1097	3.200000
1096	1169	0.885880
1096	1170	0.429058
1097	1096	3.200000
1097	1098	2.300000
1097	1168	0.746004
1097	1169	1.631883
1098	1097	2.300000
1098	1099	2.900000
1098	1166	0.046625
1098	1167	0.792629
1098	1168	1.585258
1099	1098	2.900000
1099	1100	3.030641
1099	1166	0.746004
1099	1167	0.885880
1100	1099	3.030641
1100	1101	1.212256
1100	1139	0.347826
1100	1161	0.311188
1100	1162	0.355643
1100	1166	1.956522
1101	1100	1.212256
1101	1102	3.700000
1101	1138	0.932505
1101	1139	0.606128
1101	1161	3.146427
1102	1101	3.700000
1102	1103	1.771759
1102	1137	0.652753
1102	1138	1.119006
1103	1102	1.771759
1103	1104	3.217142
1103	1135	0.133366
1103	1136	0.746004
1103	1137	2.434783
1104	1103	3.217142
1104	1105	3.750000
1104	1134	0.047673
1104	1135	0.572078
1104	1136	0.100000
1105	1104	3.750000
1105	1106	3.337119
1105	1134	0.667424
1105	1135	0.333712
1106	1105	3.337119
1106	1107	1.822672
1106	1132	0.095346
1106	1133	0.572078
1106	1134	1.090909
1107	1106	1.822672
1107	1108	1.025755
1107	1109	0.699379
1107	1110	0.260870
1107	1128	0.512878
1107	1131	0.326377
1107	1132	0.652753
1107	1133	0.139876
1107	1262	0.044455
1108	1107	1.025755
1108	1109	1.450000
1108	1110	0.093250
1108	1128	0.050000
1108	1263	0.100000
1109	1107	0.699379
1109	1108	1.450000
1109	1110	4.009771
1109	1131	0.400000
1109	1132	0.500000
1109	1262	1.811579
1109	1263	0.300000
1110	1107	0.260870
1110	1108	0.093250
1110	1109	4.009771
1110	1111	1.725134
1110	1122	0.043478
1110	1127	0.782609
1110	1128	0.932505
1110	1130	0.979130
1110	1131	0.932505
1111	1110	1.725134
1111	1112	1.150000
1111	1113	1.477867
1111	1122	2.657639
1111	1126	0.186501
1111	1127	0.699379
1111	1129	0.715097
1111	1130	0.050000
1112	1111	1.150000
1112	1113	2.002271
1112	1114	0.419627
1112	1115	0.200000
1112	1116	0.606128
1112	1117	0.093250
1112	1118	0.200000
1112	1122	0.046625
1113	1111	1.477867
1113	1112	2.002271
1113	1114	2.400593
1113	1122	0.133366
1113	1126	0.044455
1113	1127	0.489010
1113	1129	2.454545
1114	1112	0.419627
1114	1113	2.400593
1114	1115	3.030641
1114	1116	0.608696
1114	1122	0.043478
1114	1126	0.043478
1114	1127	0.260870
1115	1112	0.200000
1115	1114	3.030641
1115	1116	3.310392
1116	1112	0.606128
1116	1114	0.608696
1116	1115	3.310392
1116	1117	2.260870
1116	1122	0.043478
1116	1125	1.521739
1116	1126	0.173913
1117	1112	0.093250
1117	1116	2.260870
1117	1118	3.170516
1117	1124	1.398757
1117	1125	2.391304
1118	1112	0.200000
1118	1117	3.170516
1118	1119	1.900000
1118	1121	0.093250
1118	1123	0.350000
1118	1124	0.600000
1119	1118	1.900000
1119	1120	1.250000
1119	1124	0.050000
1120	1119	1.250000
1120	1121	2.564388
1121	1118	0.093250
1121	1120	2.564388
1121	1122	1.086957
1121	1123	2.704264
1122	1110	0.043478
1122	1111	2.657639
1122	1112	0.046625
1122	1113	0.133366
1122	1114	0.043478
1122	1116	0.043478
1122	1121	1.086957
1122	1123	1.398757
1122	1124	0.046625
1122	1125	0.304348
1122	1126	0.869565
1123	1118	0.350000
1123	1121	2.704264
1123	1122	1.398757
1123	1124	2.400000
1124	1117	1.398757
1124	1118	0.600000
1124	1119	0.050000
1124	1122	0.046625
1124	1123	2.400000
1124	1125	2.471138
1125	1116	1.521739
1125	1117	2.391304
1125	1122	0.304348
1125	1124	2.471138
1125	1126	2.826087
1126	1111	0.186501
1126	1113	0.044455
1126	1114	0.043478
1126	1116	0.173913
1126	1122	0.869565
1126	1125	2.826087
1126	1127	3.391304
1127	1110	0.782609
1127	1111	0.699379
1127	1113	0.489010
1127	1114	0.260870
1127	1126	3.391304
1127	1128	2.424513
1127	1129	0.177822
1127	1130	0.046625
1128	1107	0.512878
1128	1108	0.050000
1128	1110	0.932505
1128	1127	2.424513
1128	1129	1.620886
1129	1111	0.715097
1129	1113	2.454545
1129	1127	0.177822
1129	1128	1.620886
1129	1130	3.670831
1130	1110	0.979130
1130	1111	0.050000
1130	1127	0.046625
1130	1129	3.670831
1130	1131	3.650000
1131	1107	0.326377
1131	1109	0.400000
1131	1110	0.932505
1131	1130	3.650000
1131	1132	4.150000
1132	1106	0.095346
1132	1107	0.652753
1132	1109	0.500000
1132	1131	4.150000
1132	1133	3.700000
1132	1262	0.667424
1133	1106	0.572078
1133	1107	0.139876
1133	1132	3.700000
1133	1134	2.383656
1133	1262	1.001136
1134	1104	0.047673
1134	1105	0.667424
1134	1106	1.090909
1134	1133	2.383656
1134	1135	4.318182
1135	1103	0.133366
1135	1104	0.572078
1135	1105	0.333712
1135	1134	4.318182
1135	1136	3.861523
1136	1103	0.746004
1136	1104	0.100000
1136	1135	3.861523
1136	1137	2.284637
1137	1102	0.652753
1137	1103	2.434783
1137	1136	2.284637
1137	1138	3.652174
1138	1101	0.932505
1138	1102	1.119006
1138	1137	3.652174
1138	1139	4.478261
1138	1161	0.044455
1139	1100	0.347826
1139	1101	0.606128
1139	1138	4.478261
1139	1140	1.733761
1139	1161	0.311188
1139	1162	0.222277
1140	1139	1.733761
1140	1141	3.194100
1140	1160	0.533465
1140	1162	2.409091
1140	1163	1.467029
1141	1140	3.194100
1141	1142	1.300000
1141	1143	2.004885
1141	1163	0.699379
1142	1141	1.300000
1142	1143	0.932505
1142	1164	3.217142
1143	1141	2.004885
1143	1142	0.932505
1143	1144	1.865010
1143	1159	0.043478
1143	1163	0.434783
1143	1164	0.173913
1144	1143	1.865010
1144	1145	2.800000
1144	1157	0.606128
1144	1158	0.905789
1144	1163	0.046625
1144	1164	0.139876
1145	1144	2.800000
1145	1146	3.550000
1145	1156	0.419627
1145	1157	1.072381
1146	1145	3.550000
1146	1147	2.471138
1146	1155	0.139876
1146	1156	1.212256
1147	1146	2.471138
1147	1148	3.496893
1147	1154	0.746004
1147	1155	2.217391
1148	1147	3.496893
1148	1149	2.611013
1148	1153	0.652753
1148	1154	0.500000
1149	1148	2.611013
1149	1150	1.378118
1149	1151	1.644851
1149	1152	0.400099
1149	1153	1.782609
1150	1081	0.190693
1150	1149	1.378118
1150	1151	4.500000
1151	1071	0.088911
1151	1072	0.222277
1151	1080	0.715097
1151	1149	1.644851
1151	1150	4.500000
1151	1152	5.272727
1152	1072	0.400099
1152	1073	0.143019
1152	1079	0.524404
1152	1080	0.667424
1152	1149	0.400099
1152	1151	5.272727
1152	1153	3.467523
1152	1154	0.047673
1153	1073	0.093250
1153	1148	0.652753
1153	1149	1.782609
1153	1152	3.467523
1153	1154	2.937390
1154	1073	0.100000
1154	1074	0.200000
1154	1147	0.746004
1154	1148	0.500000
1154	1152	0.047673
1154	1153	2.937390
1154	1155	2.191386
1155	1146	0.139876
1155	1147	2.217391
1155	1154	2.191386
1155	1156	3.521739
1156	1145	0.419627
1156	1146	1.212256
1156	1155	3.521739
1156	1157	3.869565
1157	1144	0.606128
1157	1145	1.072381
1157	1156	3.869565
1157	1158	3.067424
1157	1164	0.173913
1158	1144	0.905789
1158	1157	3.067424
1158	1159	4.356631
1158	1163	0.177822
1158	1164	0.044455
1159	1143	0.043478
1159	1158	4.356631
1159	1160	2.478261
1159	1163	0.347826
1160	1140	0.533465
1160	1159	2.478261
1160	1161	1.422574
1160	1162	2.267227
1160	1163	0.478261
1161	1100	0.311188
1161	1101	3.146427
1161	1138	0.044455
1161	1139	0.311188
1161	1160	1.422574
1161	1162	4.636364
1162	1100	0.355643
1162	1139	0.222277
1162	1140	2.409091
1162	1160	2.267227
1162	1161	4.636364
1162	1163	1.022475
1162	1166	0.177822
1163	1140	1.467029
1163	1141	0.699379
1163	1143	0.434783
1163	1144	0.046625
1163	1158	0.177822
1163	1159	0.347826
1163	1160	0.478261
1163	1162	1.022475
1163	1164	3.782609
1163	1166	0.347826
1164	1142	3.217142
1164	1143	0.173913
1164	1144	0.139876
1164	1157	0.173913
1164	1158	0.044455
1164	1163	3.782609
1164	1165	0.889108
1164	1166	0.173913
1165	1075	1.909091
1165	1094	0.045455
1165	1164	0.889108
1165	1166	1.066930
1165	1167	0.044455
1166	1098	0.046625
1166	1099	0.746004
1166	1100	1.956522
1166	1162	0.177822
1166	1163	0.347826
1166	1164	0.173913
1166	1165	1.066930
1166	1167	4.130435
1167	1098	0.792629
1167	1099	0.885880
1167	1165	0.044455
1167	1166	4.130435
1167	1168	3.086957
1168	1097	0.746004
1168	1098	1.585258
1168	1167	3.086957
1168	1169	3.043478
1169	1096	0.885880
1169	1097	1.631883
1169	1168	3.043478
1169	1170	4.356631
1170	1096	0.429058
1170	1169	4.356631
1170	1171	3.718504
1171	1048	1.050000
1171	1170	3.718504
1171	1172	0.885880
1172	1047	1.000000
1172	1048	1.725134
1172	1049	0.046625
1172	1171	0.885880
1172	1173	0.978019
1173	1047	0.577920
1173	1049	0.619751
1173	1050	0.681818
1173	1051	1.467029
1173	1052	0.286039
1173	1090	0.476731
1173	1091	0.489010
1173	1172	0.978019
1173	1174	3.098753
1173	1175	0.044455
1174	1047	0.093250
1174	1052	0.650000
1174	1173	3.098753
1174	1175	3.916520
1175	1045	0.046625
1175	1046	0.746004
1175	1047	0.347826
1175	1173	0.044455
1175	1174	3.916520
1175	1176	3.030641
1176	1044	0.139876
1176	1045	0.800000
1176	1046	0.200000
1176	1175	3.030641
1176	1177	4.000000
1177	1044	0.792629
1177	1176	4.000000
1177	1178	1.150000
1177	1179	1.771759
1178	1037	1.600000
1178	1177	1.150000
1178	1179	1.165631
1179	943	0.044455
1179	1036	0.043478
1179	1037	0.606128
1179	1043	0.699379
1179	1044	2.565217
1179	1177	1.771759
1179	1178	1.165631
1179	1180	3.695652
1180	942	0.133366
1180	943	0.266733
1180	1036	0.043478
1180	1037	0.186501
1180	1041	0.304348
1180	1042	0.792629
1180	1043	1.305507
1180	1179	3.695652
1180	1181	4.755775
1181	941	0.139876
1181	942	0.381385
1181	1036	4.289522
1181	1041	0.746004
1181	1042	0.050000
1181	1180	4.755775
1181	1182	1.150000
1181	1183	0.190693
1181	1184	0.139876
1181	1185	0.050000
1182	1035	2.300000
1182	1036	1.538633
1182	1038	0.667424
1182	1039	1.200000
1182	1181	1.150000
1182	1183	1.811579
1182	1186	0.143019
1182	1187	0.400000
1182	1188	0.373002
1183	939	0.429058
1183	940	0.810443
1183	951	0.088911
1183	961	0.636364
1183	1032	3.051080
1183	1033	0.044455
1183	1034	0.047673
1183	1181	0.190693
1183	1182	1.811579
1183	1184	1.289207
1183	1185	0.238366
1184	1032	0.279751
1184	1041	0.260870
1184	1181	0.139876
1184	1183	1.289207
1184	1185	4.755775
1185	1032	0.300000
1185	1036	0.139876
1185	1040	0.792629
1185	1041	0.326377
1185	1181	0.050000
1185	1183	0.238366
1185	1184	4.755775
1185	1186	2.812715
1186	1036	0.133366
1186	1039	0.762770
1186	1040	2.889602
1186	1182	0.143019
1186	1185	2.812715
1186	1187	4.862659
1187	1038	0.286039
1187	1039	0.550000
1187	1182	0.400000
1187	1186	4.862659
1187	1188	1.725134
1188	516	0.533465
1188	1035	0.606128
1188	1038	3.111880
1188	1182	0.373002
1188	1187	1.725134
1188	1189	4.739130
1189	516	0.622376
1189	1034	0.792629
1189	1035	1.072381
1189	1188	4.739130
1189	1190	4.522648
1190	498	0.050000
1190	1033	0.885880
1190	1034	0.700000
1190	1189	4.522648
1190	1191	3.550000
1191	1031	0.746004
1191	1033	1.678509
1191	1190	3.550000
1191	1192	1.800000
1191	1196	0.150000
1192	1030	0.792629
1192	1031	1.492008
1192	1191	1.800000
1192	1193	2.700000
1192	1195	0.143019
1192	1196	1.250000
1193	1029	0.143019
1193	1030	0.606128
1193	1192	2.700000
1193	1194	1.050000
1193	1195	1.048809
1194	969	1.250000
1194	970	0.050000
1194	1193	1.050000
1194	1195	1.001136
1195	969	0.619751
1195	971	0.088911
1195	1029	0.363636
1195	1030	0.222277
1195	1192	0.143019
1195	1193	1.048809
1195	1194	1.001136
1195	1196	1.144155
1195	1197	3.778711
1196	1031	0.233126
1196	1033	0.139876
1196	1191	0.150000
1196	1192	1.250000
1196	1195	1.144155
1196	1197	1.119006
1197	968	0.792629
1197	969	0.885880
1197	972	0.088911
1197	1029	0.088911
1197	1030	0.739130
1197	1031	0.521739
1197	1033	0.043478
1197	1195	3.778711
1197	1196	1.119006
1197	1198	4.000000
1198	967	0.932505
1198	968	1.958260
1198	972	0.889108
1198	1030	0.086957
1198	1031	0.086957
1198	1197	4.000000
1198	1199	3.263767
1199	966	0.792629
1199	967	1.050000
1199	995	0.667424
1199	1198	3.263767
1199	1200	3.650000
1200	964	0.047673
1200	965	0.792629
1200	966	1.305507
1200	994	0.953463
1200	995	1.048809
1200	1199	3.650000
1200	1201	3.450000
1201	957	0.100000
1201	964	0.572078
1201	965	0.932505
1201	993	0.858116
1201	994	0.667424
1201	1200	3.450000
1201	1202	2.657639
1202	936	0.088911
1202	957	0.046625
1202	963	0.792629
1202	964	2.089405
1202	1201	2.657639
1202	1203	4.043478
1202	1302	0.046625
1203	936	0.400099
1203	937	0.622376
1203	958	0.046625
1203	962	1.025755
1203	963	1.865010
1203	1202	4.043478
1203	1204	4.130435
1203	1302	0.279751
1203	1303	0.419627
1203	1304	0.046625
1204	937	0.889108
1204	938	0.326377
1204	939	0.046625
1204	957	0.279751
1204	958	0.046625
1204	959	0.233126
1204	960	0.373002
1204	961	0.266733
1204	962	1.352132
1204	1203	4.130435
1204	1205	4.289522
1204	1303	0.512878
1204	1304	0.233126
1205	938	0.700000
1205	939	0.850000
1205	955	0.905789
1205	957	0.200000
1205	959	0.250000
1205	960	0.550000
1205	961	0.047673
1205	1204	4.289522
1205	1206	1.818384
1205	1207	0.381385
1206	930	0.046625
1206	955	1.822672
1206	956	0.177822
1206	1205	1.818384
1206	1207	1.111386
1206	1304	2.331262
1206	1305	0.173913
1206	1345	0.606128
1207	932	0.355643
1207	933	0.762770
1207	934	1.430194
1207	938	3.051080
1207	1205	0.381385
1207	1206	1.111386
1207	1208	3.527812
1207	1304	0.047673
1208	932	0.839254
1208	1207	3.527812
1208	1209	1.048809
1208	1210	0.400000
1209	932	0.311188
1209	933	0.143019
1209	1208	1.048809
1209	1210	2.717368
1210	931	0.792629
1210	932	0.606128
1210	1208	0.400000
1210	1209	2.717368
1210	1211	2.288310
1211	930	0.667424
1211	931	2.622870
1211	1210	2.288310
1211	1212	3.766177
1212	929	0.792629
1212	930	0.550000
1212	948	0.050000
1212	1211	3.766177
1212	1213	1.771759
1213	927	0.133366
1213	928	0.746004
1213	929	3.043478
1213	948	0.699379
1213	949	0.260870
1213	1212	1.771759
1213	1214	4.289522
1214	921	0.050000
1214	927	0.667424
1214	928	0.200000
1214	949	0.233126
1214	1213	4.289522
1214	1215	3.170516
1215	922	0.043478
1215	925	0.173913
1215	926	0.979130
1215	927	2.311682
1215	949	0.173913
1215	1214	3.170516
1215	1216	4.056396
1215	1347	0.466252
1215	1348	0.391304
1216	924	0.190693
1216	925	0.979130
1216	926	0.450000
1216	1215	4.056396
1216	1217	3.150000
1216	1347	1.500000
1216	1348	0.279751
1217	921	0.050000
1217	924	0.715097
1217	925	1.072381
1217	1216	3.150000
1217	1218	3.384792
1217	1286	0.046625
1217	1287	0.373002
1218	921	0.143019
1218	923	0.711287
1218	924	1.409091
1218	1217	3.384792
1218	1219	3.766177
1218	1286	1.333663
1218	1287	0.266733
1218	1316	0.133366
1218	1319	0.311188
1219	1218	3.766177
1219	1220	1.859252
1219	1282	0.839254
1219	1283	0.050000
1219	1285	0.600000
1219	1286	0.373002
1219	1316	0.979130
1219	1317	0.600000
1219	1318	2.900000
1219	1319	0.839254
1220	1219	1.859252
1220	1221	1.681818
1220	1223	1.155841
1220	1224	0.286039
1220	1281	0.318182
1220	1282	0.133366
1220	1283	0.762770
1220	1284	0.047673
1220	1285	2.240637
1220	1317	0.810443
1220	1318	0.572078
1221	1220	1.681818
1221	1222	0.953463
1221	1223	3.200790
1221	1278	0.858116
1221	1279	0.715097
1221	1280	1.620886
1221	1281	0.318182
1222	1221	0.953463
1222	1223	1.072381
1223	1220	1.155841
1223	1221	3.200790
1223	1222	1.072381
1223	1224	4.289522
1223	1277	0.217391
1223	1278	0.932505
1224	1220	0.286039
1224	1223	4.289522
1224	1225	2.950000
1224	1277	0.792629
1224	1278	0.100000
1224	1284	0.050000
1224	1285	0.200000
1224	1286	0.279751
1225	1224	2.950000
1225	1226	3.050000
1225	1276	1.025755
1225	1277	1.025755
1226	1225	3.050000
1226	1227	3.003407
1226	1275	0.792629
1226	1276	0.885880
1227	1226	3.003407
1227	1228	4.099889
1227	1273	0.044455
1227	1274	0.667424
1227	1275	1.867128
1228	1227	4.099889
1228	1229	3.750000
1228	1273	0.746004
1228	1274	0.450000
1229	1228	3.750000
1229	1230	1.859252
1229	1272	0.512878
1229	1273	1.025755
1230	1229	1.859252
1230	1231	3.384792
1230	1270	0.090909
1230	1271	0.545455
1230	1272	2.934058
1231	1230	3.384792
1231	1232	1.287174
1231	1269	0.572078
1231	1270	0.524404
1231	1271	0.190693
1231	1354	0.046625
1232	1231	1.287174
1232	1233	4.318182
1232	1269	3.318182
1232	1335	0.266733
1232	1336	0.476731
1232	1352	0.095346
1232	1353	0.889108
1232	1354	0.044455
1233	1232	4.318182
1233	1234	5.045455
1233	1267	0.045455
1233	1336	0.429058
1233	1351	0.044455
1233	1352	0.905789
1233	1353	1.022475
1234	1233	5.045455
1234	1235	3.823166
1234	1267	0.454545
1234	1336	0.095346
1234	1337	0.533465
1234	1352	0.762770
1235	1234	3.823166
1235	1236	4.476023
1235	1266	0.792629
1235	1267	0.355643
1235	1337	0.913043
1235	1338	0.434783
1236	1235	4.476023
1236	1237	2.564388
1236	1265	0.746004
1236	1266	0.450000
1236	1338	0.559503
1236	1339	0.047673
1237	1236	2.564388
1237	1238	0.933564
1237	1240	0.565217
1237	1241	0.466252
1237	1259	0.046625
1237	1261	3.334157
1237	1264	0.466252
1237	1265	1.739130
1238	1237	0.933564
1238	1239	1.382521
1238	1240	1.200296
1238	1260	1.096482
1239	1238	1.382521
1239	1240	1.119006
1240	1237	0.565217
1240	1238	1.200296
1240	1239	1.119006
1240	1241	3.543518
1240	1259	0.746004
1240	1261	0.044455
1241	1237	0.466252
1241	1240	3.543518
1241	1242	2.100000
1241	1258	0.559503
1241	1259	0.250000
1241	1265	0.699379
1241	1266	0.750000
1242	1241	2.100000
1242	1243	1.525540
1242	1256	0.699379
1242	1257	0.286039
1242	1265	0.559503
1242	1266	1.250000
1243	1242	1.525540
1243	1244	5.434737
1243	1255	0.044455
1243	1256	0.400099
1243	1257	3.363636
1243	1265	0.444554
1243	1266	0.286039
1244	1243	5.434737
1244	1245	2.950000
1244	1255	0.792629
1244	1256	0.093250
1245	1244	2.950000
1245	1246	3.550000
1245	1253	0.093250
1245	1254	0.746004
1245	1255	1.492008
1246	1245	3.550000
1246	1247	2.471138
1246	1253	1.025755
1246	1254	0.839254
1247	1246	2.471138
1247	1248	3.739130
1247	1252	0.652753
1247	1253	2.652174
1248	1247	3.739130
1248	1249	1.212256
1248	1250	2.000494
1248	1251	0.355643
1248	1252	0.979130
1249	1248	1.212256
1249	1250	2.812715
1249	1309	0.700000
1250	1248	2.000494
1250	1249	2.812715
1250	1251	3.681818
1250	1294	0.044455
1250	1308	0.667424
1250	1309	0.143019
1251	1248	0.355643
1251	1250	3.681818
1251	1252	3.003407
1251	1294	0.622376
1251	1295	0.905789
1251	1307	0.476731
1251	1308	0.667424
1252	1247	0.652753
1252	1248	0.979130
1252	1251	3.003407
1252	1253	1.631883
1252	1295	0.600000
1252	1296	0.600000
1253	1245	0.093250
1253	1246	1.025755
1253	1247	2.652174
1253	1252	1.631883
1253	1254	3.608696
1253	1295	0.046625
1253	1296	0.466252
1253	1297	0.046625
1254	1245	0.746004
1254	1246	0.839254
1254	1253	3.608696
1254	1255	3.260870
1255	1243	0.044455
1255	1244	0.792629
1255	1245	1.492008
1255	1254	3.260870
1255	1256	4.347826
1256	1242	0.699379
1256	1243	0.400099
1256	1244	0.093250
1256	1255	4.347826
1256	1257	1.511484
1257	1242	0.286039
1257	1243	3.363636
1257	1256	1.511484
1257	1258	4.401087
1257	1264	0.095346
1258	1241	0.559503
1258	1257	4.401087
1258	1259	2.331262
1258	1264	0.885880
1258	1265	0.086957
1259	1237	0.046625
1259	1240	0.746004
1259	1241	0.250000
1259	1258	2.331262
1259	1260	1.250000
1259	1261	0.715097
1259	1264	1.000000
1260	1238	1.096482
1260	1259	1.250000
1260	1261	2.240637
1261	1237	3.334157
1261	1240	0.044455
1261	1259	0.715097
1261	1260	2.240637
1261	1262	0.909091
1261	1263	0.333712
1261	1264	0.524404
1262	1107	0.044455
1262	1109	1.811579
1262	1132	0.667424
1262	1133	1.001136
1262	1261	0.909091
1262	1263	1.191828
1263	1108	0.100000
1263	1109	0.300000
1263	1261	0.333712
1263	1262	1.191828
1263	1264	1.750000
1264	1237	0.466252
1264	1257	0.095346
1264	1258	0.885880
1264	1259	1.000000
1264	1261	0.524404
1264	1263	1.750000
1264	1265	2.424513
1265	1236	0.746004
1265	1237	1.739130
1265	1241	0.699379
1265	1242	0.559503
1265	1243	0.444554
1265	1258	0.086957
1265	1264	2.424513
1265	1266	2.471138
1266	1235	0.792629
1266	1236	0.450000
1266	1241	0.750000
1266	1242	1.250000
1266	1243	0.286039
1266	1265	2.471138
1266	1267	4.338255
1266	1338	0.046625
1267	1233	0.045455
1267	1234	0.454545
1267	1235	0.355643
1267	1266	4.338255
1267	1268	2.954545
1267	1337	0.088911
1268	1267	2.954545
1268	1269	1.454545
1268	1270	0.227273
1268	1336	0.572078
1268	1337	0.266733
1269	1231	0.572078
1269	1232	3.318182
1269	1268	1.454545
1269	1270	3.681818
1269	1335	0.978019
1269	1336	0.095346
1269	1353	0.311188
1269	1354	0.444554
1270	1230	0.090909
1270	1231	0.524404
1270	1268	0.227273
1270	1269	3.681818
1270	1271	5.000000
1270	1334	1.048809
1270	1335	1.378118
1270	1353	0.088911
1270	1354	0.889108
1271	1230	0.545455
1271	1231	0.190693
1271	1270	5.000000
1271	1272	2.089405
1271	1334	0.381385
1271	1354	0.577920
1271	1355	0.381385
1272	1229	0.512878
1272	1230	2.934058
1272	1271	2.089405
1272	1273	3.739130
1273	1227	0.044455
1273	1228	0.746004
1273	1229	1.025755
1273	1272	3.739130
1273	1274	3.823270
1274	1227	0.667424
1274	1228	0.450000
1274	1273	3.823270
1274	1275	3.077266
1275	1226	0.792629
1275	1227	1.867128
1275	1274	3.077266
1275	1276	4.173913
1276	1225	1.025755
1276	1226	0.885880
1276	1275	4.173913
1276	1277	3.434783
1277	1223	0.217391
1277	1224	0.792629
1277	1225	1.025755
1277	1276	3.434783
1277	1278	3.683394
1277	1284	0.279751
1278	1221	0.858116
1278	1223	0.932505
1278	1224	0.100000
1278	1277	3.683394
1278	1279	2.400000
1278	1284	1.500000
1279	1221	0.715097
1279	1278	2.400000
1279	1280	1.650000
1280	1221	1.620886
1280	1279	1.650000
1280	1281	3.575485
1281	1220	0.318182
1281	1221	0.318182
1281	1280	3.575485
1281	1282	0.933564
1281	1283	2.812715
1282	1219	0.839254
1282	1220	0.133366
1282	1281	0.933564
1282	1283	2.051511
1282	1285	0.746004
1282	1316	2.869565
1282	1317	2.984015
1283	1219	0.050000
1283	1220	0.762770
1283	1281	2.812715
1283	1282	2.051511
1283	1284	1.450000
1283	1285	2.400000
1283	1317	0.050000
1284	1220	0.047673
1284	1224	0.050000
1284	1277	0.279751
1284	1278	1.500000
1284	1283	1.450000
1284	1285	1.050000
1285	1219	0.600000
1285	1220	2.240637
1285	1224	0.200000
1285	1282	0.746004
1285	1283	2.400000
1285	1284	1.050000
1285	1286	4.149646
1285	1287	0.046625
1285	1316	0.792629
1286	1217	0.046625
1286	1218	1.333663
1286	1219	0.373002
1286	1224	0.279751
1286	1285	4.149646
1286	1287	3.478261
1286	1313	0.304348
1286	1314	0.489010
1286	1315	0.577920
1286	1316	0.869565
1287	1217	0.373002
1287	1218	0.266733
1287	1285	0.046625
1287	1286	3.478261
1287	1288	1.911583
1287	1313	3.260870
1287	1314	0.800198
1288	925	0.489010
1288	926	0.619751
1288	1287	1.911583
1288	1289	4.671967
1288	1312	0.047673
1288	1313	0.755742
1288	1314	3.545455
1289	926	0.150000
1289	1288	4.671967
1289	1290	4.350000
1289	1312	0.650000
1289	1313	0.186501
1290	1289	4.350000
1290	1291	2.471138
1290	1311	0.667424
1290	1312	0.700000
1291	1290	2.471138
1291	1292	4.260870
1291	1310	0.792629
1291	1311	2.222771
1292	1291	4.260870
1292	1293	3.521739
1292	1309	0.839254
1292	1310	1.445382
1293	1292	3.521739
1293	1294	3.565217
1293	1308	0.932505
1293	1309	1.445382
1294	1250	0.044455
1294	1251	0.622376
1294	1293	3.565217
1294	1295	3.776644
1294	1306	0.044455
1294	1307	0.932505
1294	1308	1.678509
1295	1251	0.905789
1295	1252	0.600000
1295	1253	0.046625
1295	1294	3.776644
1295	1296	3.150000
1295	1305	0.046625
1295	1306	0.572078
1295	1307	0.150000
1296	1252	0.600000
1296	1253	0.466252
1296	1295	3.150000
1296	1297	2.250000
1296	1305	0.699379
1296	1306	0.429058
1297	1253	0.046625
1297	1296	2.250000
1297	1298	3.543518
1297	1301	0.572078
1297	1305	0.512878
1297	1342	1.334848
1297	1343	0.792629
1298	956	0.533465
1298	1297	3.543518
1298	1299	1.119006
1298	1300	2.222771
1298	1301	1.022475
1298	1342	0.577920
1299	957	0.250000
1299	1298	1.119006
1299	1300	2.049945
1300	956	2.863636
1300	957	1.287174
1300	1298	2.222771
1300	1299	2.049945
1300	1301	0.863636
1300	1342	0.136364
1301	956	3.090909
1301	1297	0.572078
1301	1298	1.022475
1301	1300	0.863636
1301	1302	0.905789
1301	1304	0.047673
1301	1305	3.956533
1301	1342	0.090909
1301	1343	0.622376
1302	1202	0.046625
1302	1203	0.279751
1302	1301	0.905789
1302	1303	4.200000
1303	956	0.047673
1303	1203	0.419627
1303	1204	0.512878
1303	1302	4.200000
1303	1304	4.300000
1303	1305	0.139876
1304	956	1.001136
1304	1203	0.046625
1304	1204	0.233126
1304	1206	2.331262
1304	1207	0.047673
1304	1301	0.047673
1304	1303	4.300000
1304	1305	1.025755
1305	1206	0.173913
1305	1295	0.046625
1305	1296	0.699379
1305	1297	0.512878
1305	1301	3.956533
1305	1303	0.139876
1305	1304	1.025755
1305	1306	4.534453
1305	1343	0.173913
1305	1344	0.279751
1305	1345	1.258881
1306	1294	0.044455
1306	1295	0.572078
1306	1296	0.429058
1306	1305	4.534453
1306	1307	3.432465
1306	1344	0.953463
1306	1345	0.905789
1307	1251	0.476731
1307	1294	0.932505
1307	1295	0.150000
1307	1306	3.432465
1307	1308	2.850000
1307	1345	0.050000
1308	1250	0.667424
1308	1251	0.667424
1308	1293	0.932505
1308	1294	1.678509
1308	1307	2.850000
1308	1309	3.450000
1309	1249	0.700000
1309	1250	0.143019
1309	1292	0.839254
1309	1293	1.445382
1309	1308	3.450000
1309	1310	2.750000
1310	1291	0.792629
1310	1292	1.445382
1310	1309	2.750000
1310	1311	3.432465
1311	1290	0.667424
1311	1291	2.222771
1311	1310	3.432465
1311	1312	3.861523
1312	1288	0.047673
1312	1289	0.650000
1312	1290	0.700000
1312	1311	3.861523
1312	1313	2.984015
1313	1286	0.304348
1313	1287	3.260870
1313	1288	0.755742
1313	1289	0.186501
1313	1312	2.984015
1313	1314	1.022475
1314	925	0.222277
1314	1286	0.489010
1314	1287	0.800198
1314	1288	3.545455
1314	1313	1.022475
1314	1315	4.045455
1315	924	0.863636
1315	925	0.177822
1315	1286	0.577920
1315	1314	4.045455
1315	1316	4.312176
1316	923	0.260870
1316	924	0.088911
1316	1218	0.133366
1316	1219	0.979130
1316	1282	2.869565
1316	1285	0.792629
1316	1286	0.869565
1316	1315	4.312176
1316	1317	1.072381
1316	1319	0.217391
1317	1219	0.600000
1317	1220	0.810443
1317	1282	2.984015
1317	1283	0.050000
1317	1316	1.072381
1317	1318	1.500000
1317	1319	0.373002
1318	1219	2.900000
1318	1220	0.572078
1318	1317	1.500000
1318	1319	3.077266
1319	921	0.046625
1319	922	0.565217
1319	923	3.739130
1319	1218	0.311188
1319	1219	0.839254
1319	1316	0.217391
1319	1317	0.373002
1319	1318	3.077266
1319	1320	1.000000
1320	922	0.913043
1320	923	0.043478
1320	1319	1.000000
1320	1321	4.667819
1321	922	0.844653
1321	1320	4.667819
1321	1322	3.000000
1322	34	0.136364
1322	921	0.619751
1322	922	2.222771
1322	1321	3.000000
1322	1323	2.955734
1323	920	0.559503
1323	921	0.400000
1323	1322	2.955734
1323	1324	1.500000
1324	919	0.792629
1324	920	2.331262
1324	1323	1.500000
1324	1325	2.704264
1325	917	0.347826
1325	918	0.792629
1325	919	2.086957
1325	1324	2.704264
1325	1326	4.336147
1325	1331	0.044455
1326	912	2.200000
1326	916	0.047673
1326	917	0.839254
1326	918	0.100000
1326	1325	4.336147
1326	1327	1.100000
1326	1330	0.250000
1326	1331	0.667424
1327	912	1.800000
1327	915	0.333712
1327	916	0.572078
1327	1326	1.100000
1327	1328	1.048809
1327	1330	0.150000
1327	1358	0.333712
1327	1359	0.650000
1327	1360	2.765042
1328	1327	1.048809
1328	1329	1.333663
1328	1330	3.241773
1328	1357	1.227273
1328	1358	0.727273
1328	1359	0.333712
1329	1328	1.333663
1329	1330	1.725134
1329	1356	3.347826
1329	1357	0.489010
1330	1326	0.250000
1330	1327	0.150000
1330	1328	3.241773
1330	1329	1.725134
1330	1331	3.003407
1330	1332	0.047673
1330	1355	0.050000
1330	1356	0.652753
1330	1357	0.858116
1330	1358	0.047673
1331	918	0.047673
1331	1325	0.044455
1331	1326	0.667424
1331	1330	3.003407
1331	1332	4.545455
1331	1356	0.622376
1331	1357	2.772727
1332	919	0.266733
1332	1330	0.047673
1332	1331	4.545455
1332	1333	4.624294
1332	1354	0.222277
1332	1355	0.619751
1332	1356	0.489010
1333	1332	4.624294
1333	1334	2.900000
1333	1354	0.652753
1334	1270	1.048809
1334	1271	0.381385
1334	1333	2.900000
1334	1335	3.543518
1334	1353	0.839254
1334	1354	1.725134
1335	1232	0.266733
1335	1269	0.978019
1335	1270	1.378118
1335	1334	3.543518
1335	1336	3.543518
1335	1352	0.885880
1335	1353	2.000000
1336	1232	0.476731
1336	1233	0.429058
1336	1234	0.095346
1336	1268	0.572078
1336	1269	0.095346
1336	1335	3.543518
1336	1337	1.585258
1336	1351	0.932505
1336	1352	0.950000
1337	1234	0.533465
1337	1235	0.913043
1337	1267	0.088911
1337	1268	0.266733
1337	1336	1.585258
1337	1338	4.434783
1337	1349	0.046625
1337	1350	0.932505
1337	1351	3.260870
1338	1235	0.434783
1338	1236	0.559503
1338	1266	0.046625
1338	1337	4.434783
1338	1339	3.956533
1338	1348	0.173913
1338	1349	0.792629
1338	1350	0.932505
1339	953	1.000000
1339	1236	0.047673
1339	1338	3.956533
1339	1340	4.338255
1339	1341	0.429058
1339	1346	0.500000
1339	1348	0.622376
1339	1349	0.143019
1340	953	1.001136
1340	954	2.657639
1340	1339	4.338255
1340	1341	3.700000
1340	1346	0.762770
1341	954	0.279751
1341	1339	0.429058
1341	1340	3.700000
1341	1342	1.048809
1341	1343	0.326377
1341	1344	0.350000
1342	956	0.318182
1342	957	0.047673
1342	1297	1.334848
1342	1298	0.577920
1342	1300	0.136364
1342	1301	0.090909
1342	1341	1.048809
1342	1343	4.445542
1343	954	0.043478
1343	956	0.755742
1343	1297	0.792629
1343	1301	0.622376
1343	1305	0.173913
1343	1341	0.326377
1343	1342	4.445542
1343	1344	3.310392
1344	954	3.077266
1344	956	0.047673
1344	1305	0.279751
1344	1306	0.953463
1344	1341	0.350000
1344	1343	3.310392
1344	1345	1.950000
1345	927	0.095346
1345	928	0.150000
1345	954	0.279751
1345	955	0.143019
1345	956	0.238366
1345	1206	0.606128
1345	1305	1.258881
1345	1306	0.905789
1345	1307	0.050000
1345	1344	1.950000
1345	1346	1.477867
1346	927	0.045455
1346	928	0.095346
1346	949	0.444554
1346	953	0.363636
1346	954	1.911583
1346	1339	0.500000
1346	1340	0.762770
1346	1345	1.477867
1346	1347	1.191828
1346	1348	3.200790
1347	926	0.050000
1347	927	0.715097
1347	949	0.326377
1347	1215	0.466252
1347	1216	1.500000
1347	1346	1.191828
1347	1348	1.119006
1348	949	1.391304
1348	950	0.139876
1348	953	0.222277
1348	1215	0.391304
1348	1216	0.279751
1348	1338	0.173913
1348	1339	0.622376
1348	1346	3.200790
1348	1347	1.119006
1348	1349	5.222027
1349	949	0.139876
1349	950	0.200000
1349	953	0.429058
1349	1337	0.046625
1349	1338	0.792629
1349	1339	0.143019
1349	1348	5.222027
1349	1350	3.850000
1350	953	0.286039
1350	1337	0.932505
1350	1338	0.932505
1350	1349	3.850000
1350	1351	2.984015
1351	1233	0.044455
1351	1336	0.932505
1351	1337	3.260870
1351	1350	2.984015
1351	1352	3.590144
1352	1232	0.095346
1352	1233	0.905789
1352	1234	0.762770
1352	1335	0.885880
1352	1336	0.950000
1352	1351	3.590144
1352	1353	3.450268
1353	1232	0.889108
1353	1233	1.022475
1353	1269	0.311188
1353	1270	0.088911
1353	1334	0.839254
1353	1335	2.000000
1353	1352	3.450268
1353	1354	3.043478
1354	1231	0.046625
1354	1232	0.044455
1354	1269	0.444554
1354	1270	0.889108
1354	1271	0.577920
1354	1332	0.222277
1354	1333	0.652753
1354	1334	1.725134
1354	1353	3.043478
1354	1355	4.009771
1355	1271	0.381385
1355	1330	0.050000
1355	1332	0.619751
1355	1354	4.009771
1355	1356	4.709149
1356	1329	3.347826
1356	1330	0.652753
1356	1331	0.622376
1356	1332	0.489010
1356	1355	4.709149
1356	1357	1.289207
1357	918	0.190693
1357	1328	1.227273
1357	1329	0.489010
1357	1330	0.858116
1357	1331	2.772727
1357	1356	1.289207
1357	1358	3.500000
1358	912	0.047673
1358	916	0.181818
1358	917	0.933564
1358	918	0.095346
1358	1327	0.333712
1358	1328	0.727273
1358	1330	0.047673
1358	1357	3.500000
1358	1359	4.767313
1359	916	1.191828
1359	917	0.512878
1359	1327	0.650000
1359	1328	0.333712
1359	1358	4.767313
1359	1360	2.717368
1360	915	0.272727
1360	916	0.181818
1360	1327	2.765042
1360	1359	2.717368
1360	1361	1.048809
1360	1362	0.266733
1361	915	0.333712
1361	1360	1.048809
1361	1362	3.869895
1362	914	0.792629
1362	915	1.066930
1362	1360	0.266733
1362	1361	3.869895
1362	1363	3.403643
1362	1364	0.186501
1362	1365	0.046625
1363	913	0.667424
1363	914	0.450000
1363	1362	3.403643
1363	1364	1.350000
1363	1365	0.200000
1364	914	0.050000
1364	1362	0.186501
1364	1363	1.350000
1364	1365	3.200000
1365	913	0.047673
1365	914	0.750000
1365	1362	0.046625
1365	1363	0.200000
1365	1364	3.200000
1365	1366	1.800000
1366	913	0.715097
1366	914	0.750000
1366	1365	1.800000
1366	1367	3.000000
1367	911	0.792629
1367	913	0.905789
1367	1366	3.000000
1367	1368	3.357017
1368	910	0.885880
1368	911	2.304348
1368	1047	0.043478
1368	1367	3.357017
1368	1369	3.434783
1369	909	0.699379
1369	910	1.631883
1369	1046	0.046625
1369	1047	0.608696
1369	1049	0.046625
1369	1368	3.434783
1369	1370	3.086957
1370	907	0.043478
1370	908	0.839254
1370	909	1.398757
1370	1050	0.133366
1370	1051	0.043478
1370	1369	3.086957
1370	1371	3.496893
1371	907	0.932505
1371	908	0.550000
1371	1051	0.373002
1371	1370	3.496893
1371	1372	3.750000
1372	906	0.792629
1372	907	1.538633
1372	1069	0.150000
1372	1070	0.186501
1372	1371	3.750000
1372	1373	3.250000
1373	905	0.792629
1373	906	1.492008
1373	1372	3.250000
1373	1374	2.850000
1374	902	0.100000
1374	903	0.885880
1374	905	2.144761
1374	1373	2.850000
1374	1375	3.450268
1375	901	0.400099
1375	902	0.932505
1375	903	1.956522
1375	1374	3.450268
1375	1376	3.730019
1375	1480	0.933564
1375	1481	0.177822
1375	1509	0.044455
1376	900	0.373002
1376	901	0.762770
1376	1375	3.730019
1376	1377	1.096482
1376	1378	0.900000
1376	1479	0.500000
1376	1480	0.381385
1376	1508	0.046625
1377	1376	1.096482
1377	1378	1.430194
1377	1384	0.044455
1377	1478	0.727273
1377	1479	2.383656
1378	900	0.932505
1378	901	0.333712
1378	1376	0.900000
1378	1377	1.430194
1378	1379	2.335983
1378	1381	0.238366
1378	1382	0.100000
1378	1384	0.885880
1378	1385	0.650000
1379	898	0.047673
1379	899	0.667424
1379	900	1.600395
1379	1378	2.335983
1379	1380	1.001136
1379	1381	0.909091
1379	1384	0.222277
1379	1385	0.143019
1380	1379	1.001136
1380	1381	0.953463
1381	900	0.755742
1381	901	1.090909
1381	1378	0.238366
1381	1379	0.909091
1381	1380	0.953463
1381	1382	1.144155
1381	1384	0.266733
1382	901	0.238366
1382	902	0.950000
1382	903	0.046625
1382	1378	0.100000
1382	1381	1.144155
1382	1383	1.250000
1382	1384	3.170516
1382	1480	1.239501
1382	1482	0.792629
1383	944	0.093250
1383	1382	1.250000
1383	1384	1.258881
1384	1377	0.044455
1384	1378	0.885880
1384	1379	0.222277
1384	1381	0.266733
1384	1382	3.170516
1384	1383	1.258881
1384	1385	3.963145
1384	1478	0.044455
1384	1479	0.885880
1384	1482	0.434783
1385	1378	0.650000
1385	1379	0.143019
1385	1384	3.963145
1385	1386	4.200000
1385	1478	0.572078
1385	1479	0.250000
1386	1385	4.200000
1386	1387	1.750000
1386	1476	0.050000
1386	1477	0.476731
1386	1478	0.905789
1387	1386	1.750000
1387	1388	3.123891
1387	1475	0.792629
1387	1476	0.100000
1387	1477	1.906925
1387	1497	0.619751
1387	1498	0.046625
1388	1387	3.123891
1388	1389	3.310392
1388	1474	0.839254
1388	1475	1.521739
1388	1495	0.086957
1388	1496	1.200296
1388	1497	1.289207
1389	1388	3.310392
1389	1390	3.900000
1389	1466	0.046625
1389	1473	0.450000
1389	1474	0.500000
1389	1495	0.279751
1389	1496	0.715097
1389	3385	0.143019
1390	1389	3.900000
1390	1391	2.479003
1390	1472	0.839254
1390	1473	0.800000
1390	3378	0.667424
1390	3385	0.572078
1391	1390	2.479003
1391	1392	3.766177
1391	1469	0.044455
1391	1472	2.000494
1391	3378	1.181818
1391	3382	0.636364
1391	3383	0.143019
1392	1391	3.766177
1392	1393	2.704264
1392	1469	0.932505
1392	3380	0.350000
1392	3381	0.400000
1392	3382	0.619751
1393	1392	2.704264
1393	1394	3.730019
1393	1467	0.086957
1393	1468	0.699379
1393	1469	2.739130
1393	3380	0.093250
1394	1393	3.730019
1394	1395	2.650000
1394	1467	0.979130
1394	1468	0.150000
1395	1394	2.650000
1395	1396	3.432465
1395	1466	0.792629
1395	1467	1.305507
1396	887	0.954545
1396	888	0.190693
1396	1395	3.432465
1396	1397	4.433601
1396	1464	0.044455
1396	1465	0.533465
1396	1466	1.555940
1397	887	0.143019
1397	1396	4.433601
1397	1398	1.771759
1397	1464	0.606128
1397	1465	0.512878
1398	870	0.577920
1398	871	0.233126
1398	1397	1.771759
1398	1399	4.130435
1398	1463	0.606128
1398	1464	3.652174
1399	871	0.373002
1399	1398	4.130435
1399	1400	4.695652
1399	1462	0.885880
1399	1463	1.212256
1400	1399	4.695652
1400	1401	1.066930
1400	1460	3.217391
1400	1461	0.577920
1400	1462	0.699379
1401	1400	1.066930
1401	1402	2.178316
1401	1460	0.533465
1401	1461	2.045455
1401	3414	0.755742
1401	3415	0.133366
1401	3424	0.095346
1401	3425	1.289207
1402	1401	2.178316
1402	1403	4.242897
1402	1458	0.130435
1402	1459	0.652753
1402	1460	2.478261
1402	3415	0.130435
1403	1402	4.242897
1403	1404	2.657639
1403	1458	0.839254
1403	1459	0.200000
1403	3415	0.046625
1403	3416	0.233126
1404	1403	2.657639
1404	1405	3.652174
1404	1457	0.746004
1404	1458	2.695652
1405	1404	3.652174
1405	1406	3.260870
1405	1456	0.792629
1405	1457	1.398757
1406	1405	3.260870
1406	1407	4.382773
1406	1455	0.792629
1406	1456	1.305507
1407	1406	4.382773
1407	1408	3.650000
1407	1454	0.932505
1407	1455	0.450000
1408	1407	3.650000
1408	1409	2.800000
1408	1453	0.885880
1408	1454	1.585258
1409	1408	2.800000
1409	1410	2.700000
1409	1452	0.746004
1409	1453	1.538633
1410	1409	2.700000
1410	1411	2.908061
1410	1451	0.715097
1410	1452	1.119006
1411	1410	2.908061
1411	1412	4.004543
1411	1449	0.133366
1411	1450	0.667424
1411	1451	1.318182
1412	1411	4.004543
1412	1413	2.900000
1412	1449	0.792629
1412	1450	0.100000
1412	3194	0.746004
1412	3195	0.652753
1413	1412	2.900000
1413	1414	2.700000
1413	1448	0.932505
1413	1449	1.631883
1413	3195	0.466252
1414	1413	2.700000
1414	1415	4.242897
1414	1447	0.792629
1414	1448	1.398757
1415	1414	4.242897
1415	1416	1.200296
1415	1445	1.652174
1415	1446	0.622376
1415	1447	0.869565
1416	314	0.088911
1416	315	0.088911
1416	331	1.001136
1416	332	0.047673
1416	1415	1.200296
1416	1417	4.409091
1416	1445	0.577920
1416	1446	3.136364
1417	315	0.533465
1417	316	0.381385
1417	330	0.667424
1417	331	0.762770
1417	1416	4.409091
1417	1418	4.045443
1417	1445	0.533465
1418	316	0.279751
1418	317	0.222277
1418	1417	4.045443
1418	1419	3.730019
1418	1443	0.139876
1418	1444	0.979130
1418	1445	0.434783
1419	317	0.619751
1419	318	0.100000
1419	1418	3.730019
1419	1420	4.100000
1419	1442	0.046625
1419	1443	0.300000
1419	1444	0.200000
1420	1419	4.100000
1420	1421	2.937390
1420	1442	0.792629
1420	1443	0.050000
1421	1420	2.937390
1421	1422	4.336147
1421	1440	0.043478
1421	1441	0.792629
1421	1442	2.695652
1422	1421	4.336147
1422	1423	2.650000
1422	1440	0.839254
1422	1441	0.200000
1423	1422	2.650000
1423	1424	4.615899
1423	1425	0.139876
1423	1439	0.979130
1423	1440	2.051511
1424	1423	4.615899
1424	1425	1.478261
1424	1437	0.373002
1424	1438	0.666831
1424	1439	0.739130
1425	1423	0.139876
1425	1424	1.478261
1425	1426	1.086957
1425	1427	1.689306
1425	1439	0.217391
1425	1440	0.086957
1425	1644	0.943042
1426	1425	1.086957
1426	1427	1.200296
1426	1644	2.263301
1426	1645	0.486534
1426	1648	0.147442
1426	4288	0.512878
1426	4289	0.260870
1427	1425	1.689306
1427	1426	1.200296
1427	1428	1.289207
1427	1644	0.771389
1427	1648	0.904534
1428	1427	1.289207
1428	1429	3.310392
1428	1436	0.043478
1428	1437	0.839254
1428	1438	2.578415
1429	1428	3.310392
1429	1430	2.150000
1429	1436	0.652753
1429	1437	0.650000
1430	1429	2.150000
1430	1431	3.150000
1430	1435	0.792629
1430	1436	1.305507
1431	1430	3.150000
1431	1432	1.525540
1431	1433	1.000000
1431	1434	0.652753
1431	1435	1.258881
1432	171	0.047673
1432	1431	1.525540
1432	1433	1.668560
1433	1431	1.000000
1433	1432	1.668560
1433	1434	4.336147
1434	1431	0.652753
1434	1433	4.336147
1434	1435	3.652174
1435	1430	0.792629
1435	1431	1.258881
1435	1434	3.652174
1435	1436	3.391304
1436	1428	0.043478
1436	1429	0.652753
1436	1430	1.305507
1436	1435	3.391304
1436	1437	4.662524
1437	1424	0.373002
1437	1428	0.839254
1437	1429	0.650000
1437	1436	4.662524
1437	1438	2.622022
1438	1424	0.666831
1438	1428	2.578415
1438	1437	2.622022
1438	1439	4.667819
1439	1423	0.979130
1439	1424	0.739130
1439	1425	0.217391
1439	1438	4.667819
1439	1440	3.347826
1440	1421	0.043478
1440	1422	0.839254
1440	1423	2.051511
1440	1425	0.086957
1440	1439	3.347826
1440	1441	4.242897
1440	1641	0.502956
1441	1421	0.792629
1441	1422	0.200000
1441	1440	4.242897
1441	1442	2.937390
1441	1637	0.741620
1441	1641	0.404520
1442	1419	0.046625
1442	1420	0.792629
1442	1421	2.695652
1442	1441	2.937390
1442	1443	3.263767
1442	1637	0.062869
1443	1418	0.139876
1443	1419	0.300000
1443	1420	0.050000
1443	1442	3.263767
1443	1444	3.150000
1444	1418	0.979130
1444	1419	0.200000
1444	1443	3.150000
1444	1445	3.170516
1445	315	0.043478
1445	1415	1.652174
1445	1416	0.577920
1445	1417	0.533465
1445	1418	0.434783
1445	1444	3.170516
1445	1446	1.378118
1446	314	0.444554
1446	315	0.577920
1446	332	0.095346
1446	1415	0.622376
1446	1416	3.136364
1446	1445	1.378118
1446	1447	4.178810
1447	332	0.046625
1447	1414	0.792629
1447	1415	0.869565
1447	1446	4.178810
1447	1448	3.565217
1448	1413	0.932505
1448	1414	1.398757
1448	1447	3.565217
1448	1449	4.260870
1449	1411	0.133366
1449	1412	0.792629
1449	1413	1.631883
1449	1448	4.260870
1449	1450	3.963145
1450	1411	0.667424
1450	1412	0.100000
1450	1449	3.963145
1450	1451	3.003407
1450	3194	0.046625
1451	1410	0.715097
1451	1411	1.318182
1451	1450	3.003407
1451	1452	3.467523
1451	3192	0.045455
1451	3193	0.311188
1452	1409	0.746004
1452	1410	1.119006
1452	1451	3.467523
1452	1453	3.304348
1452	3179	0.046625
1452	3180	0.044455
1452	3191	0.222277
1452	3192	0.577920
1453	1408	0.885880
1453	1409	1.538633
1453	1452	3.304348
1453	1454	3.782609
1453	3180	0.889108
1453	3191	0.133366
1454	1407	0.932505
1454	1408	1.585258
1454	1453	3.782609
1454	1455	3.496893
1454	3180	0.044455
1455	1406	0.792629
1455	1407	0.450000
1455	1454	3.496893
1455	1456	3.600000
1456	1405	0.792629
1456	1406	1.305507
1456	1455	3.600000
1456	1457	2.900000
1457	1404	0.746004
1457	1405	1.398757
1457	1456	2.900000
1457	1458	2.844140
1458	1402	0.130435
1458	1403	0.839254
1458	1404	2.695652
1458	1457	2.844140
1458	1459	4.709149
1459	1402	0.652753
1459	1403	0.200000
1459	1458	4.709149
1459	1460	2.890765
1460	1400	3.217391
1460	1401	0.533465
1460	1402	2.478261
1460	1459	2.890765
1460	1461	1.289207
1460	3414	0.043478
1461	1400	0.577920
1461	1401	2.045455
1461	1460	1.289207
1461	1462	3.241773
1461	3413	0.619751
1461	3414	0.577920
1461	3425	0.889108
1461	3426	0.318182
1462	1399	0.885880
1462	1400	0.699379
1462	1461	3.241773
1462	1463	3.500000
1462	3426	0.524404
1462	3427	0.450000
1463	1398	0.606128
1463	1399	1.212256
1463	1462	3.500000
1463	1464	1.492008
1463	3427	0.300000
1464	1396	0.044455
1464	1397	0.606128
1464	1398	3.652174
1464	1463	1.492008
1464	1465	4.565217
1465	867	0.044455
1465	1396	0.533465
1465	1397	0.512878
1465	1464	4.565217
1465	1466	3.478261
1466	866	0.782609
1466	867	0.177822
1466	1389	0.046625
1466	1395	0.792629
1466	1396	1.555940
1466	1465	3.478261
1466	1467	3.913043
1467	865	0.304348
1467	866	0.260870
1467	889	0.186501
1467	1393	0.086957
1467	1394	0.979130
1467	1395	1.305507
1467	1466	3.913043
1467	1468	4.522648
1468	889	0.100000
1468	1393	0.699379
1468	1394	0.150000
1468	1467	4.522648
1468	1469	2.750889
1469	1391	0.044455
1469	1392	0.932505
1469	1393	2.739130
1469	1468	2.750889
1469	1470	1.111386
1470	502	0.238366
1470	503	0.143019
1470	514	0.577920
1470	1469	1.111386
1470	1471	4.227273
1471	1470	4.227273
1471	1472	1.155841
1471	3379	0.500000
1472	1390	0.839254
1472	1391	2.000494
1472	1471	1.155841
1472	1473	3.450268
1472	3378	0.889108
1472	3379	1.289207
1473	1389	0.450000
1473	1390	0.800000
1473	1472	3.450268
1473	1474	3.150000
1473	3378	0.715097
1473	3385	0.667424
1474	1388	0.839254
1474	1389	0.500000
1474	1473	3.150000
1474	1475	3.869895
1474	1495	0.792629
1474	1496	0.095346
1474	3385	0.286039
1474	3386	0.900000
1475	774	0.266733
1475	775	0.304348
1475	1387	0.792629
1475	1388	1.521739
1475	1474	3.869895
1475	1476	2.657639
1475	1477	0.044455
1475	1495	0.130435
1475	1496	0.533465
1475	1497	0.622376
1476	774	0.429058
1476	775	0.373002
1476	776	0.095346
1476	1386	0.050000
1476	1387	0.100000
1476	1475	2.657639
1476	1477	2.049945
1476	1497	0.333712
1477	1386	0.476731
1477	1387	1.906925
1477	1475	0.044455
1477	1476	2.049945
1477	1478	2.681818
1477	1483	0.177822
1477	1497	0.500000
1477	1498	0.577920
1477	1499	0.088911
1478	1377	0.727273
1478	1384	0.044455
1478	1385	0.572078
1478	1386	0.905789
1478	1477	2.681818
1478	1479	3.575485
1478	1482	0.444554
1478	1483	0.355643
1478	1486	0.355643
1478	1487	0.238366
1479	1376	0.500000
1479	1377	2.383656
1479	1384	0.885880
1479	1385	0.250000
1479	1478	3.575485
1479	1480	1.287174
1479	1482	3.683394
1479	1485	0.047673
1479	1486	0.233126
1480	902	0.381385
1480	903	2.044949
1480	905	0.044455
1480	1375	0.933564
1480	1376	0.381385
1480	1382	1.239501
1480	1479	1.287174
1480	1481	1.090909
1480	1482	3.467523
1480	1483	0.711287
1481	903	0.088911
1481	904	0.088911
1481	905	0.133366
1481	1375	0.177822
1481	1480	1.090909
1481	1482	1.200296
1481	1483	0.266733
1481	1485	0.409091
1482	1382	0.792629
1482	1384	0.434783
1482	1478	0.444554
1482	1479	3.683394
1482	1480	3.467523
1482	1481	1.200296
1482	1483	2.304348
1482	1485	0.666831
1482	1486	0.130435
1483	903	0.130435
1483	904	4.173913
1483	905	0.173913
1483	1477	0.177822
1483	1478	0.355643
1483	1480	0.711287
1483	1481	0.266733
1483	1482	2.304348
1483	1484	1.119006
1484	778	0.476731
1484	779	1.750000
1484	1483	1.119006
1484	1485	1.048809
1484	1486	0.046625
1484	1499	0.233126
1484	1500	0.500000
1485	1479	0.047673
1485	1481	0.409091
1485	1482	0.666831
1485	1484	1.048809
1485	1486	3.334157
1485	1506	0.762770
1485	1508	3.289701
1486	799	0.400099
1486	1478	0.355643
1486	1479	0.233126
1486	1482	0.130435
1486	1484	0.046625
1486	1485	3.334157
1486	1487	4.942275
1486	1504	0.217391
1486	1505	0.932505
1486	1506	0.932505
1487	799	0.953463
1487	1478	0.238366
1487	1486	4.942275
1487	1488	3.400000
1487	1504	0.792629
1487	1505	0.200000
1488	798	0.047673
1488	799	0.143019
1488	1487	3.400000
1488	1489	2.471138
1488	1502	0.050000
1488	1503	0.699379
1488	1504	1.352132
1489	750	0.355643
1489	751	0.533465
1489	752	0.088911
1489	797	0.512878
1489	798	0.711287
1489	1488	2.471138
1489	1490	4.336147
1489	1501	0.130435
1489	1502	0.932505
1489	1503	1.782609
1490	751	0.333712
1490	752	1.287174
1490	753	0.046625
1490	881	0.046625
1490	1489	4.336147
1490	1491	3.051080
1490	1501	0.699379
1490	1502	0.150000
1491	752	0.272727
1491	753	0.444554
1491	765	0.227273
1491	879	0.272727
1491	1490	3.051080
1491	1492	4.385928
1491	1499	0.533465
1491	1500	0.810443
1491	1501	2.267227
1492	765	0.333712
1492	766	0.429058
1492	1491	4.385928
1492	1493	3.600000
1492	1498	0.046625
1492	1499	0.792629
1492	1500	0.050000
1493	766	0.762770
1493	767	0.400000
1493	777	0.050000
1493	1492	3.600000
1493	1494	3.077266
1493	1498	0.932505
1493	1499	0.932505
1494	777	1.585258
1494	1493	3.077266
1494	1495	0.956522
1494	1496	0.844653
1494	1497	0.489010
1494	1498	2.521739
1495	777	0.885880
1495	1388	0.086957
1495	1389	0.279751
1495	1474	0.792629
1495	1475	0.130435
1495	1494	0.956522
1495	1496	4.267721
1495	3385	0.889108
1495	3386	1.212256
1496	1388	1.200296
1496	1389	0.715097
1496	1474	0.095346
1496	1475	0.533465
1496	1494	0.844653
1496	1495	4.267721
1496	1497	4.136364
1497	1387	0.619751
1497	1388	1.289207
1497	1475	0.622376
1497	1476	0.333712
1497	1477	0.500000
1497	1494	0.489010
1497	1496	4.136364
1497	1498	2.267227
1498	778	0.044455
1498	1387	0.046625
1498	1477	0.577920
1498	1492	0.046625
1498	1493	0.932505
1498	1494	2.521739
1498	1497	2.267227
1498	1499	3.652174
1499	765	0.088911
1499	766	0.222277
1499	778	0.577920
1499	1477	0.088911
1499	1484	0.233126
1499	1491	0.533465
1499	1492	0.792629
1499	1493	0.932505
1499	1498	3.652174
1499	1500	4.522648
1500	765	0.953463
1500	766	0.143019
1500	778	0.190693
1500	779	0.400000
1500	1484	0.500000
1500	1491	0.810443
1500	1492	0.050000
1500	1499	4.522648
1500	1501	2.611013
1501	752	0.355643
1501	764	0.666831
1501	765	1.022475
1501	1489	0.130435
1501	1490	0.699379
1501	1491	2.267227
1501	1500	2.611013
1501	1502	3.776644
1502	751	0.667424
1502	752	0.476731
1502	763	0.050000
1502	764	0.095346
1502	1488	0.050000
1502	1489	0.932505
1502	1490	0.150000
1502	1501	3.776644
1502	1503	3.263767
1503	715	0.043478
1503	750	0.933564
1503	751	0.844653
1503	1488	0.699379
1503	1489	1.782609
1503	1502	3.263767
1503	1504	3.565217
1504	715	0.086957
1504	750	0.133366
1504	799	0.311188
1504	800	0.222277
1504	1486	0.217391
1504	1487	0.792629
1504	1488	1.352132
1504	1503	3.565217
1504	1505	3.869895
1505	799	1.859252
1505	800	0.381385
1505	801	0.450000
1505	1486	0.932505
1505	1487	0.200000
1505	1504	3.869895
1505	1506	3.100000
1505	1507	0.139876
1506	799	0.238366
1506	1485	0.762770
1506	1486	0.932505
1506	1505	3.100000
1506	1507	1.818384
1506	1508	1.631883
1507	799	3.289701
1507	801	0.932505
1507	803	2.578415
1507	1505	0.139876
1507	1506	1.818384
1507	1508	1.086957
1508	1376	0.046625
1508	1485	3.289701
1508	1506	1.631883
1508	1507	1.086957
1508	1509	3.912077
1509	1375	0.044455
1509	1508	3.912077
1510	1511	2.683282
1510	1512	1.078720
1511	1510	2.683282
1511	1512	1.708564
1512	1510	1.078720
1512	1511	1.708564
1513	1514	2.474874
1514	1513	2.474874
1515	1516	3.875000
1515	1517	0.158114
1515	1521	0.500000
1516	1515	3.875000
1516	1517	2.687936
1516	1518	0.500000
1516	1521	0.625000
1517	1515	0.158114
1517	1516	2.687936
1517	1518	2.529822
1517	1519	1.420094
1517	1520	0.912871
1517	1521	1.264911
1518	1516	0.500000
1518	1517	2.529822
1518	1519	1.837117
1518	1520	0.866025
1518	1521	2.000000
1518	1522	0.471405
1519	1517	1.420094
1519	1518	1.837117
1519	1520	2.121320
1519	1521	0.510310
1519	1522	0.481125
1519	1523	0.306186
1520	1517	0.912871
1520	1518	0.866025
1520	1519	2.121320
1520	1521	2.742414
1520	1522	0.816497
1520	1523	0.866025
1520	1524	0.866025
1521	1515	0.500000
1521	1516	0.625000
1521	1517	1.264911
1521	1518	2.000000
1521	1519	0.510310
1521	1520	2.742414
1521	1522	2.239171
1521	1523	0.750000
1521	1524	0.625000
1521	1525	0.875000
1522	1518	0.471405
1522	1519	0.481125
1522	1520	0.816497
1522	1521	2.239171
1522	1523	2.474874
1522	1524	0.471405
1522	1525	0.824958
1523	1519	0.306186
1523	1520	0.866025
1523	1521	0.750000
1523	1522	2.474874
1523	1524	3.125000
1523	1525	1.000000
1524	1520	0.866025
1524	1521	0.625000
1524	1522	0.471405
1524	1523	3.125000
1524	1525	2.125000
1525	1521	0.875000
1525	1522	0.824958
1525	1523	1.000000
1525	1524	2.125000
1527	1528	1.608061
1527	1529	0.904534
1527	3723	0.074536
1527	3746	0.208514
1528	1527	1.608061
1528	1529	1.636364
1528	1530	0.683763
1529	1527	0.904534
1529	1528	1.636364
1529	1530	1.937330
1529	1531	1.181818
1529	3723	1.752920
1529	3761	0.502956
1530	1528	0.683763
1530	1529	1.937330
1530	1531	2.735054
1530	1532	1.737198
1530	1606	0.944911
1530	1607	0.857143
1531	1529	1.181818
1531	1530	2.735054
1531	1532	1.705606
1531	1533	1.454545
1531	1534	0.639602
1531	3761	1.445998
1532	1530	1.737198
1532	1531	1.705606
1532	1533	2.132007
1532	1534	0.250000
1532	1535	0.707107
1532	1536	0.959403
1532	1606	1.060660
1532	1608	1.020621
1532	3720	0.079057
1532	3721	0.632456
1533	1531	1.454545
1533	1532	2.132007
1533	1534	2.665009
1533	1535	1.005038
1533	1536	1.545455
1533	1541	0.727273
1533	1604	0.213201
1533	1605	1.636364
1533	1606	0.150756
1534	1531	0.639602
1534	1532	0.250000
1534	1533	2.665009
1534	1535	2.357023
1534	1536	1.172604
1534	3761	0.368605
1535	1532	0.707107
1535	1533	1.005038
1535	1534	2.357023
1535	1536	3.115617
1535	1537	0.251976
1535	3719	0.447214
1535	3720	0.074536
1535	3805	0.284268
1536	1532	0.959403
1536	1533	1.545455
1536	1534	1.172604
1536	1535	3.115617
1536	1537	1.823369
1536	1538	0.150756
1536	1541	0.181818
1536	1604	0.106600
1536	3804	0.128565
1536	3805	0.321412
1537	1535	0.251976
1537	1536	1.823369
1537	1538	2.456769
1537	1539	0.455842
1538	1536	0.150756
1538	1537	2.456769
1538	1539	2.864358
1538	1540	0.353553
1539	1537	0.455842
1539	1538	2.864358
1539	1540	2.451808
1539	1541	0.181818
1539	1559	0.301511
1540	1538	0.353553
1540	1539	2.451808
1540	1541	1.385805
1540	1542	0.250000
1540	1555	0.125000
1540	1556	0.500000
1540	1558	0.125000
1540	1601	1.202676
1540	1602	0.790569
1541	1533	0.727273
1541	1536	0.181818
1541	1539	0.181818
1541	1540	1.385805
1541	1542	1.492405
1541	1543	1.969464
1541	1554	0.301511
1541	1555	0.852803
1541	1556	1.918806
1541	1558	0.639602
1541	1602	0.269680
1541	1603	0.272727
1541	1604	1.385805
1541	1605	0.545455
1542	1540	0.250000
1542	1541	1.492405
1542	1543	3.031089
1542	1544	0.935414
1542	1553	0.316228
1542	1554	0.942809
1542	1555	0.625000
1542	1589	0.375000
1542	1602	0.474342
1542	1603	1.812206
1542	1604	1.500000
1542	1605	0.106600
1542	1622	0.106600
1543	1541	1.969464
1543	1542	3.031089
1543	1544	2.931764
1543	1545	0.123091
1543	1552	0.117851
1543	1553	1.095445
1543	1554	1.769076
1543	1556	0.433013
1543	1604	1.587713
1543	1605	2.338738
1544	1542	0.935414
1544	1543	2.931764
1544	1545	2.393172
1544	1551	0.267261
1544	1552	0.981981
1544	1553	0.169031
1544	1603	0.455842
1544	1604	0.133631
1544	1605	2.962975
1544	1613	1.709409
1544	1615	0.125988
1545	1543	0.123091
1545	1544	2.393172
1545	1546	2.000000
1545	1547	0.246183
1545	1550	0.095346
1545	1551	0.746203
1545	1552	1.566699
1545	1605	0.363636
1545	1613	0.090909
1546	1545	2.000000
1546	1547	3.446562
1546	1548	0.106600
1546	1549	0.100504
1546	1550	0.381385
1546	1551	0.533002
1546	1578	1.105542
1547	1545	0.246183
1547	1546	3.446562
1547	1548	3.175426
1547	1549	0.680414
1547	1550	1.420094
1547	1552	0.117851
1548	1546	0.106600
1548	1547	3.175426
1548	1549	1.885618
1548	1550	0.223607
1548	1578	0.353553
1549	1546	0.100504
1549	1547	0.680414
1549	1548	1.885618
1549	1550	3.267687
1549	1551	0.235702
1549	1569	0.136083
1549	1576	0.333333
1549	1578	1.333333
1550	1545	0.095346
1550	1546	0.381385
1550	1547	1.420094
1550	1548	0.223607
1550	1549	3.267687
1550	1551	1.565248
1550	1552	1.095445
1550	1569	1.420094
1550	1570	2.571478
1550	1571	0.141421
1551	1544	0.267261
1551	1545	0.746203
1551	1546	0.533002
1551	1549	0.235702
1551	1550	1.565248
1551	1552	2.857738
1551	1553	0.316228
1551	1567	0.158114
1551	1568	0.577350
1551	1569	2.020726
1551	1581	0.133631
1551	1582	0.158114
1551	1585	0.534522
1551	1613	0.106600
1551	1615	0.235702
1552	1543	0.117851
1552	1544	0.981981
1552	1545	1.566699
1552	1547	0.117851
1552	1550	1.095445
1552	1551	2.857738
1552	1553	1.807392
1552	1554	0.096225
1552	1567	0.258199
1552	1568	0.589256
1552	1569	0.117851
1553	1542	0.316228
1553	1543	1.095445
1553	1544	0.169031
1553	1551	0.316228
1553	1552	1.807392
1553	1554	2.385139
1553	1566	0.547723
1553	1567	2.000000
1553	1589	0.474342
1553	1615	0.596285
1554	1541	0.301511
1554	1542	0.942809
1554	1543	1.769076
1554	1552	0.096225
1554	1553	2.385139
1554	1555	2.474874
1554	1556	1.296362
1554	1563	1.133893
1554	1565	0.503953
1555	1540	0.125000
1555	1541	0.852803
1555	1542	0.625000
1555	1554	2.474874
1555	1556	2.125000
1555	1563	0.935414
1555	1564	0.750000
1555	1565	2.138090
1556	1540	0.500000
1556	1541	1.918806
1556	1543	0.433013
1556	1554	1.296362
1556	1555	2.125000
1556	1557	2.250000
1556	1558	0.500000
1556	1562	0.668153
1556	1563	1.069045
1557	1556	2.250000
1557	1558	3.875000
1557	1559	0.235702
1557	1560	1.649916
1557	1561	0.530330
1557	1562	1.336306
1557	1564	0.250000
1558	1540	0.125000
1558	1541	0.639602
1558	1556	0.500000
1558	1557	3.875000
1558	1559	2.592725
1558	1560	1.060660
1558	1561	0.176777
1559	1539	0.301511
1559	1557	0.235702
1559	1558	2.592725
1559	1560	1.777778
1559	1561	0.500000
1560	1557	1.649916
1560	1558	1.060660
1560	1559	1.777778
1560	1561	2.166667
1560	1562	0.755929
1561	1557	0.530330
1561	1558	0.176777
1561	1559	0.500000
1561	1560	2.166667
1561	1562	2.834734
1562	1556	0.668153
1562	1557	1.336306
1562	1560	0.755929
1562	1561	2.834734
1562	1563	3.285714
1562	1564	0.534522
1563	1554	1.133893
1563	1555	0.935414
1563	1556	1.069045
1563	1562	3.285714
1563	1564	3.207135
1563	1565	0.285714
1564	1555	0.750000
1564	1557	0.250000
1564	1562	0.534522
1564	1563	3.207135
1564	1565	2.672612
1564	1566	0.288675
1565	1554	0.503953
1565	1555	2.138090
1565	1563	0.285714
1565	1564	2.672612
1565	1566	2.777460
1565	1589	0.935414
1565	1592	0.251976
1565	1593	1.352247
1565	1596	0.267261
1566	1553	0.547723
1566	1564	0.288675
1566	1565	2.777460
1566	1567	2.373464
1566	1568	0.166667
1566	1589	0.577350
1566	1592	0.272166
1567	1551	0.158114
1567	1552	0.258199
1567	1553	2.000000
1567	1566	2.373464
1567	1568	3.103761
1567	1569	0.365148
1567	1585	0.845154
1567	1588	0.400000
1567	1589	1.264911
1568	1551	0.577350
1568	1552	0.589256
1568	1566	0.166667
1568	1567	3.103761
1568	1569	3.166667
1568	1570	0.433013
1568	1571	1.825742
1568	1572	1.154701
1568	1585	0.462910
1569	1549	0.136083
1569	1550	1.420094
1569	1551	2.020726
1569	1552	0.117851
1569	1567	0.365148
1569	1568	3.166667
1569	1570	3.175426
1569	1571	0.730297
1569	1572	1.299038
1569	1573	0.680414
1569	1581	0.308607
1569	1585	0.308607
1570	1550	2.571478
1570	1568	0.433013
1570	1569	3.175426
1570	1571	2.529822
1570	1572	1.250000
1570	1573	2.357023
1570	1574	0.500000
1570	1575	0.471405
1571	1550	0.141421
1571	1568	1.825742
1571	1569	0.730297
1571	1570	2.529822
1571	1572	2.687936
1571	1573	0.298142
1572	1568	1.154701
1572	1569	1.299038
1572	1570	1.250000
1572	1571	2.687936
1572	1573	2.828427
1572	1574	0.375000
1572	1588	0.158114
1573	1569	0.680414
1573	1570	2.357023
1573	1571	0.298142
1573	1572	2.828427
1573	1574	2.121320
1573	1575	0.333333
1574	1570	0.500000
1574	1572	0.375000
1574	1573	2.121320
1574	1575	3.064129
1574	1576	0.353553
1574	1581	1.069045
1574	1584	1.296362
1575	1570	0.471405
1575	1573	0.333333
1575	1574	3.064129
1575	1576	2.000000
1575	1577	0.235702
1575	1580	0.333333
1575	1581	0.377964
1575	1584	0.888889
1576	1549	0.333333
1576	1574	0.353553
1576	1575	2.000000
1576	1577	2.298097
1576	1578	0.333333
1576	1581	0.188982
1577	1575	0.235702
1577	1576	2.298097
1577	1578	2.828427
1577	1579	1.603567
1577	1580	3.181981
1577	1581	1.336306
1577	1582	0.158114
1578	1546	1.105542
1578	1548	0.353553
1578	1549	1.333333
1578	1576	0.333333
1578	1577	2.828427
1578	1579	2.393775
1578	1580	0.666667
1578	1581	1.259882
1578	1582	1.043498
1579	1577	1.603567
1579	1578	2.393775
1579	1580	3.401680
1579	1581	1.285714
1579	1582	2.704494
1579	1583	0.341882
1580	1575	0.333333
1580	1577	3.181981
1580	1578	0.666667
1580	1579	3.401680
1580	1581	2.393775
1580	1582	1.490712
1580	1583	0.402015
1580	1584	1.000000
1581	1551	0.133631
1581	1569	0.308607
1581	1574	1.069045
1581	1575	0.377964
1581	1576	0.188982
1581	1577	1.336306
1581	1578	1.259882
1581	1579	1.285714
1581	1580	2.393775
1581	1582	3.549648
1581	1583	1.139606
1581	1584	1.259882
1581	1585	1.285714
1582	1551	0.158114
1582	1577	0.158114
1582	1578	1.043498
1582	1579	2.704494
1582	1580	1.490712
1582	1581	3.549648
1582	1583	2.292280
1582	1584	0.298142
1582	1585	0.676123
1582	1614	0.845154
1583	1579	0.341882
1583	1580	0.402015
1583	1581	1.139606
1583	1582	2.292280
1583	1584	2.110579
1583	1585	1.709409
1583	1586	1.356801
1583	1587	0.545455
1583	1614	0.341882
1583	1616	0.134840
1584	1574	1.296362
1584	1575	0.888889
1584	1580	1.000000
1584	1581	1.259882
1584	1582	0.298142
1584	1583	2.110579
1584	1585	2.393775
1584	1586	0.666667
1584	1587	1.206045
1584	1588	0.596285
1585	1551	0.534522
1585	1567	0.845154
1585	1568	0.462910
1585	1569	0.308607
1585	1581	1.285714
1585	1582	0.676123
1585	1583	1.709409
1585	1584	2.393775
1585	1586	3.212698
1585	1587	0.455842
1585	1588	1.352247
1585	1589	0.267261
1585	1615	0.125988
1586	1583	1.356801
1586	1584	0.666667
1586	1585	3.212698
1586	1587	2.562846
1586	1588	2.012461
1586	1589	1.590990
1586	1590	0.894427
1586	1615	0.500000
1587	1583	0.545455
1587	1584	1.206045
1587	1585	0.455842
1587	1586	2.562846
1587	1588	2.427120
1587	1589	0.852803
1587	1590	1.213560
1587	1591	0.502519
1587	1617	1.172604
1588	1567	0.400000
1588	1572	0.158114
1588	1584	0.596285
1588	1585	1.352247
1588	1586	2.012461
1588	1587	2.427120
1588	1589	2.846050
1588	1590	1.400000
1588	1591	0.745356
1588	1592	1.043498
1589	1542	0.375000
1589	1553	0.474342
1589	1565	0.935414
1589	1566	0.577350
1589	1567	1.264911
1589	1585	0.267261
1589	1586	1.590990
1589	1587	0.852803
1589	1588	2.846050
1589	1590	2.687936
1589	1591	0.707107
1589	1592	1.060660
1589	1593	1.106797
1589	1594	0.125000
1589	1615	0.117851
1590	1586	0.894427
1590	1587	1.213560
1590	1588	1.400000
1590	1589	2.687936
1590	1591	2.683282
1590	1592	0.894427
1590	1593	1.400000
1590	1594	1.423025
1590	1617	0.158114
1590	1619	0.745356
1591	1587	0.502519
1591	1588	0.745356
1591	1589	0.707107
1591	1590	2.683282
1591	1592	2.000000
1591	1593	1.490712
1591	1594	0.589256
1591	1595	0.745356
1592	1565	0.251976
1592	1566	0.272166
1592	1588	1.043498
1592	1589	1.060660
1592	1590	0.894427
1592	1591	2.000000
1592	1593	2.683282
1592	1594	0.235702
1592	1595	1.043498
1592	1596	0.353553
1593	1565	1.352247
1593	1589	1.106797
1593	1590	1.400000
1593	1591	1.490712
1593	1592	2.683282
1593	1594	2.846050
1593	1595	2.200000
1593	1596	1.581139
1593	1597	0.223607
1593	1598	1.423025
1594	1589	0.125000
1594	1590	1.423025
1594	1591	0.589256
1594	1592	0.235702
1594	1593	2.846050
1594	1595	2.687936
1594	1596	0.875000
1594	1597	0.883883
1594	1598	1.125000
1594	1599	0.117851
1594	1619	1.178511
1594	1620	0.176777
1595	1591	0.745356
1595	1592	1.043498
1595	1593	2.200000
1595	1594	2.687936
1595	1596	2.371708
1595	1597	0.894427
1596	1565	0.267261
1596	1592	0.353553
1596	1593	1.581139
1596	1594	0.875000
1596	1595	2.371708
1596	1597	2.474874
1596	1598	1.000000
1597	1593	0.223607
1597	1594	0.883883
1597	1595	0.894427
1597	1596	2.474874
1597	1598	3.181981
1597	1599	0.333333
1598	1593	1.423025
1598	1594	1.125000
1598	1596	1.000000
1598	1597	3.181981
1598	1599	2.357023
1598	1601	0.133631
1599	1594	0.117851
1599	1597	0.333333
1599	1598	2.357023
1599	1600	2.444444
1599	1601	0.881917
1599	1619	0.111111
1599	1620	0.333333
1599	1621	1.937926
1599	1622	0.100504
1600	1599	2.444444
1600	1601	2.393775
1600	1621	2.683282
1601	1540	1.202676
1601	1598	0.133631
1601	1599	0.881917
1601	1600	2.393775
1601	1602	3.042555
1601	1603	0.113961
1601	1621	0.676123
1601	1622	2.279212
1601	3805	0.161165
1602	1540	0.790569
1602	1541	0.269680
1602	1542	0.474342
1602	1601	3.042555
1602	1603	2.292280
1602	1604	0.316228
1602	1622	0.809040
1602	3805	0.476731
1603	1541	0.272727
1603	1542	1.812206
1603	1544	0.455842
1603	1601	0.113961
1603	1602	2.292280
1603	1604	3.517812
1603	1608	0.087039
1603	1610	0.174078
1603	1613	0.727273
1603	1615	0.100504
1603	1622	1.636364
1603	3803	0.514259
1604	1533	0.213201
1604	1536	0.106600
1604	1541	1.385805
1604	1542	1.500000
1604	1543	1.587713
1604	1544	0.133631
1604	1602	0.316228
1604	1603	3.517812
1604	1605	4.264014
1604	1606	0.530330
1604	1608	0.510310
1604	1613	0.319801
1605	1533	1.636364
1605	1541	0.545455
1605	1542	0.106600
1605	1543	2.338738
1605	1544	2.962975
1605	1545	0.363636
1605	1604	4.264014
1605	1606	2.261335
1605	1607	0.341882
1605	1608	1.566699
1605	1613	1.000000
1606	1530	0.944911
1606	1532	1.060660
1606	1533	0.150756
1606	1604	0.530330
1606	1605	2.261335
1606	1607	4.346591
1606	1608	3.175426
1606	1609	0.166667
1606	3721	0.111803
1607	1530	0.857143
1607	1605	0.341882
1607	1606	4.346591
1607	1608	2.509506
1607	1609	0.755929
1608	1532	1.020621
1608	1603	0.087039
1608	1604	0.510310
1608	1605	1.566699
1608	1606	3.175426
1608	1607	2.509506
1608	1609	3.079201
1608	1610	1.000000
1608	1613	0.870388
1608	3720	0.258199
1608	3721	0.129099
1608	3803	0.246183
1609	1606	0.166667
1609	1607	0.755929
1609	1608	3.079201
1609	1610	2.020726
1609	1611	0.843274
1609	3720	0.223607
1609	3721	0.074536
1610	1603	0.174078
1610	1608	1.000000
1610	1609	2.020726
1610	1611	1.825742
1610	1624	0.433013
1610	3803	3.200379
1611	1609	0.843274
1611	1610	1.825742
1611	1612	3.320392
1611	1613	0.953463
1611	1614	0.358569
1612	1611	3.320392
1612	1613	2.713602
1612	1614	1.133893
1613	1544	1.709409
1613	1545	0.090909
1613	1551	0.106600
1613	1603	0.727273
1613	1604	0.319801
1613	1605	1.000000
1613	1608	0.870388
1613	1611	0.953463
1613	1612	2.713602
1613	1614	2.165251
1614	1582	0.845154
1614	1583	0.341882
1614	1611	0.358569
1614	1612	1.133893
1614	1613	2.165251
1614	1615	2.897728
1614	1616	1.521278
1615	1544	0.125988
1615	1551	0.235702
1615	1553	0.596285
1615	1585	0.125988
1615	1586	0.500000
1615	1589	0.117851
1615	1603	0.100504
1615	1614	2.897728
1615	1616	2.385139
1615	1617	1.060660
1615	1622	0.402015
1616	1583	0.134840
1616	1614	1.521278
1616	1615	2.385139
1616	1617	2.529822
1616	1624	0.223607
1617	1587	1.172604
1617	1590	0.158114
1617	1615	1.060660
1617	1616	2.529822
1617	1618	4.743416
1617	1619	0.589256
1618	1617	4.743416
1618	1619	3.875851
1618	1620	0.894427
1619	1590	0.745356
1619	1594	1.178511
1619	1599	0.111111
1619	1617	0.589256
1619	1618	3.875851
1619	1620	2.500000
1619	1621	0.447214
1620	1594	0.176777
1620	1599	0.333333
1620	1618	0.894427
1620	1619	2.500000
1620	1621	2.683282
1620	1622	0.753778
1620	1623	0.166667
1621	1599	1.937926
1621	1600	2.683282
1621	1601	0.676123
1621	1619	0.447214
1621	1620	2.683282
1621	1622	2.157440
1621	1623	0.894427
1622	1542	0.106600
1622	1599	0.100504
1622	1601	2.279212
1622	1602	0.809040
1622	1603	1.636364
1622	1615	0.402015
1622	1620	0.753778
1622	1621	2.157440
1622	1623	3.417129
1622	1624	1.206045
1622	3803	0.192847
1622	3804	0.257130
1623	1620	0.166667
1623	1621	0.894427
1623	1622	3.417129
1623	1624	2.333333
1623	1625	0.333333
1623	3803	0.142134
1623	3804	1.350271
1623	3805	0.071067
1624	1610	0.433013
1624	1616	0.223607
1624	1622	1.206045
1624	1623	2.333333
1624	1625	1.000000
1624	3803	1.172604
1624	3804	0.426401
1625	1623	0.333333
1625	1624	1.000000
1626	1627	2.875000
1626	1628	0.959403
1626	1629	0.530330
1626	1632	0.500000
1626	4301	0.147442
1627	1626	2.875000
1627	1628	2.238608
1627	1629	0.353553
1627	4301	1.105815
1627	4302	0.221163
1628	1626	0.959403
1628	1627	2.238608
1628	1629	2.110579
1628	1630	1.483240
1628	1631	1.705606
1628	1632	0.852803
1628	4300	0.269680
1628	4301	2.263301
1628	4302	0.628695
1629	1626	0.530330
1629	1627	0.353553
1629	1628	2.110579
1629	1630	3.354102
1629	1631	0.353553
1629	1632	1.767767
1629	1633	0.666667
1629	4300	0.559017
1629	4301	0.521286
1630	1628	1.483240
1630	1629	3.354102
1630	1631	2.687936
1630	1632	1.581139
1630	1633	1.192570
1630	1634	1.581139
1630	4300	1.300000
1631	1628	1.705606
1631	1629	0.353553
1631	1630	2.687936
1631	1632	2.875000
1631	1633	0.471405
1631	1634	2.000000
1631	1635	0.935414
1631	4300	0.079057
1632	1626	0.500000
1632	1628	0.852803
1632	1629	1.767767
1632	1630	1.581139
1632	1631	2.875000
1632	1633	2.239171
1632	1634	1.250000
1632	1635	1.469937
1633	1629	0.666667
1633	1630	1.192570
1633	1631	0.471405
1633	1632	2.239171
1633	1634	2.239171
1633	1635	1.007905
1634	1630	1.581139
1634	1631	2.000000
1634	1632	1.250000
1634	1633	2.239171
1634	1635	2.538982
1635	1631	0.935414
1635	1632	1.469937
1635	1633	1.007905
1635	1634	2.538982
1636	1637	1.918806
1636	1638	0.746203
1636	1639	1.565248
1636	1640	1.500000
1637	1441	0.741620
1637	1442	0.062869
1637	1636	1.918806
1637	1638	1.636364
1637	1639	0.381385
1637	1640	0.959403
1637	1641	0.454545
1638	1636	0.746203
1638	1637	1.636364
1638	1639	2.192964
1638	1640	0.426401
1639	1636	1.565248
1639	1637	0.381385
1639	1638	2.192964
1639	1640	2.459675
1639	1641	0.190693
1640	1636	1.500000
1640	1637	0.959403
1640	1638	0.426401
1640	1639	2.459675
1640	1641	1.812206
1640	1642	0.316228
1641	1440	0.502956
1641	1441	0.404520
1641	1637	0.454545
1641	1639	0.190693
1641	1640	1.812206
1641	1642	2.292280
1642	1640	0.316228
1642	1641	2.292280
1642	1643	2.371708
1642	1644	0.539360
1643	1642	2.371708
1643	1644	2.345208
1643	1645	1.649916
1643	1646	2.665009
1643	1647	0.875000
1644	1425	0.943042
1644	1426	2.263301
1644	1427	0.771389
1644	1642	0.539360
1644	1643	2.345208
1644	1645	1.809068
1644	1646	0.818182
1644	1647	1.385805
1644	1648	1.172604
1645	1426	0.486534
1645	1643	1.649916
1645	1644	1.809068
1645	1646	1.809068
1645	1647	0.471405
1645	1648	0.707107
1645	1649	1.111111
1645	4289	0.903562
1645	4290	0.521749
1645	4291	0.149071
1645	4292	0.347524
1646	1643	2.665009
1646	1644	0.818182
1646	1645	1.809068
1646	1647	1.705606
1646	1648	0.746203
1646	1649	2.613098
1646	1650	0.852803
1647	1643	0.875000
1647	1644	1.385805
1647	1645	0.471405
1647	1646	1.705606
1647	1648	3.125000
1647	1649	0.235702
1647	1650	0.875000
1647	1651	0.959403
1648	1426	0.147442
1648	1427	0.904534
1648	1644	1.172604
1648	1645	0.707107
1648	1646	0.746203
1648	1647	3.125000
1648	1649	2.121320
1648	1650	1.125000
1648	1651	1.172604
1648	1652	0.790569
1649	1645	1.111111
1649	1646	2.613098
1649	1647	0.235702
1649	1648	2.121320
1649	1650	3.181981
1649	1651	0.402015
1649	1652	1.490712
1649	1653	0.745356
1650	1646	0.852803
1650	1647	0.875000
1650	1648	1.125000
1650	1649	3.181981
1650	1651	2.345208
1650	1652	1.264911
1650	1653	1.739253
1650	1654	0.117851
1651	1647	0.959403
1651	1648	1.172604
1651	1649	0.402015
1651	1650	2.345208
1651	1652	2.292280
1651	1653	0.809040
1651	1654	0.603023
1652	1648	0.790569
1652	1649	1.490712
1652	1650	1.264911
1652	1651	2.292280
1652	1653	3.000000
1652	1654	1.937926
1653	1649	0.745356
1653	1650	1.739253
1653	1651	0.809040
1653	1652	3.000000
1653	1654	2.683282
1653	1655	0.674200
1654	1650	0.117851
1654	1651	0.603023
1654	1652	1.937926
1654	1653	2.683282
1654	1655	2.110579
1654	1656	1.192570
1654	1657	0.149071
1655	1653	0.674200
1655	1654	2.110579
1655	1656	2.427120
1655	1657	2.022600
1656	1654	1.192570
1656	1655	2.427120
1656	1657	3.000000
1656	1658	0.447214
1657	1654	0.149071
1657	1655	2.022600
1657	1656	3.000000
1657	1658	2.086997
1657	1659	0.596285
1658	1656	0.447214
1658	1657	2.086997
1658	1659	1.777778
1658	1660	1.111111
1659	1657	0.596285
1659	1658	1.777778
1659	1660	2.000000
1659	1661	0.298142
1659	1662	0.666667
1659	1663	1.444444
1660	1658	1.111111
1660	1659	2.000000
1660	1661	3.130495
1660	1662	0.888889
1660	1663	0.222222
1661	1659	0.298142
1661	1660	3.130495
1661	1662	2.236068
1661	1663	0.596285
1662	1659	0.666667
1662	1660	0.888889
1662	1661	2.236068
1662	1663	1.888889
1662	1664	0.333333
1663	1659	1.444444
1663	1660	0.222222
1663	1661	0.596285
1663	1662	1.888889
1663	1664	1.666667
1664	1662	0.333333
1664	1663	1.666667
1665	1666	2.271721
1665	1667	0.571429
1666	1665	2.271721
1666	1667	2.004459
1666	1668	0.144338
1666	1680	0.500000
1667	1665	0.571429
1667	1666	2.004459
1667	1668	2.777460
1667	1669	0.188982
1667	1670	0.133631
1667	1676	0.534522
1668	1666	0.144338
1668	1667	2.777460
1668	1669	2.449490
1668	1670	0.433013
1669	1667	0.188982
1669	1668	2.449490
1669	1670	3.712311
1669	1671	0.166667
1670	1667	0.133631
1670	1668	0.433013
1670	1669	3.712311
1670	1671	1.885618
1670	1674	0.625000
1671	1669	0.166667
1671	1670	1.885618
1671	1672	4.006938
1671	1673	1.500000
1671	1674	0.471405
1671	1700	0.755929
1672	1671	4.006938
1672	1673	2.828427
1672	1674	0.500000
1672	1700	1.737198
1672	1701	0.668153
1672	1702	0.267261
1673	1671	1.500000
1673	1672	2.828427
1673	1674	2.651650
1673	2433	0.104257
1673	2447	0.213201
1674	1670	0.625000
1674	1671	0.471405
1674	1672	0.500000
1674	1673	2.651650
1674	1675	3.175426
1674	1700	0.133631
1675	1674	3.175426
1675	1676	3.031089
1675	1677	0.258199
1675	1698	1.095445
1675	1699	1.278019
1675	1700	0.154303
1675	2433	0.255377
1676	1667	0.534522
1676	1675	3.031089
1676	1677	2.459675
1676	1680	0.750000
1676	1696	0.267261
1676	1697	1.875000
1676	1698	1.739253
1677	1675	0.258199
1677	1676	2.459675
1677	1678	2.545584
1677	1679	0.258199
1677	1680	1.453444
1677	1694	2.002776
1677	1695	0.843274
1677	1696	1.912366
1677	1697	1.453444
1677	2433	0.329690
1677	2434	0.070711
1678	1677	2.545584
1678	1679	2.921187
1678	1680	1.897367
1678	1681	0.632456
1678	1693	1.352247
1678	1694	0.596285
1678	1695	0.149071
1678	1697	0.474342
1679	1677	0.258199
1679	1678	2.921187
1679	1680	2.886751
1679	1681	0.433013
1679	1693	0.154303
1680	1666	0.500000
1680	1676	0.750000
1680	1677	1.453444
1680	1678	1.897367
1680	1679	2.886751
1680	1681	2.625000
1680	1697	0.125000
1681	1678	0.632456
1681	1679	0.433013
1681	1680	2.625000
1681	1682	1.649916
1681	1683	0.875000
1682	1681	1.649916
1682	1683	2.121320
1682	1684	0.629941
1683	1681	0.875000
1683	1682	2.121320
1683	1684	3.073504
1683	1685	0.534522
1683	1687	0.534522
1683	1688	0.235702
1683	1689	0.625000
1684	1682	0.629941
1684	1683	3.073504
1684	1685	3.428571
1684	1686	0.755929
1684	1687	1.571429
1685	1683	0.534522
1685	1684	3.428571
1685	1686	2.456769
1685	1687	0.857143
1686	1684	0.755929
1686	1685	2.456769
1686	1687	3.023716
1686	1688	0.166667
1687	1683	0.534522
1687	1684	1.571429
1687	1685	0.857143
1687	1686	3.023716
1687	1688	2.015811
1687	1689	0.267261
1688	1683	0.235702
1688	1686	0.166667
1688	1687	2.015811
1688	1689	2.357023
1688	1690	0.298142
1689	1683	0.625000
1689	1687	0.267261
1689	1688	2.357023
1689	1690	2.529822
1689	1691	0.534522
1689	1693	0.534522
1690	1688	0.298142
1690	1689	2.529822
1690	1691	3.042555
1691	1689	0.534522
1691	1690	3.042555
1691	1692	3.394674
1691	1693	1.000000
1691	1695	0.755929
1692	1691	3.394674
1692	1693	4.783404
1692	1694	1.496910
1692	1695	0.408248
1693	1678	1.352247
1693	1679	0.154303
1693	1689	0.534522
1693	1691	1.000000
1693	1692	4.783404
1693	1694	2.393775
1693	1695	0.125988
1694	1677	2.002776
1694	1678	0.596285
1694	1692	1.496910
1694	1693	2.393775
1694	1695	1.888889
1694	1696	0.377964
1694	2433	0.069505
1695	1677	0.843274
1695	1678	0.149071
1695	1691	0.755929
1695	1692	0.408248
1695	1693	0.125988
1695	1694	1.888889
1695	1696	3.023716
1695	1697	0.589256
1695	2455	0.298142
1695	2456	0.074536
1696	1676	0.267261
1696	1677	1.912366
1696	1694	0.377964
1696	1695	3.023716
1696	1697	2.405351
1696	1698	0.507093
1696	2432	0.236433
1696	2433	0.709299
1697	1676	1.875000
1697	1677	1.453444
1697	1678	0.474342
1697	1680	0.125000
1697	1695	0.589256
1697	1696	2.405351
1697	1698	2.687936
1698	1675	1.095445
1698	1676	1.739253
1698	1696	0.507093
1698	1697	2.687936
1698	1699	2.800000
1699	1675	1.278019
1699	1698	2.800000
1699	1700	2.704494
1699	1701	0.169031
1699	2432	0.186501
1700	1671	0.755929
1700	1672	1.737198
1700	1674	0.133631
1700	1675	0.154303
1700	1699	2.704494
1700	1701	2.857143
1701	1672	0.668153
1701	1699	0.169031
1701	1700	2.857143
1701	1702	4.000000
1701	1703	0.285714
1701	2432	0.157622
1701	2448	0.084515
1702	1672	0.267261
1702	1701	4.000000
1702	1703	3.000000
1702	1704	0.125988
1702	2448	0.169031
1703	1701	0.285714
1703	1702	3.000000
1703	1704	3.149704
1703	1705	0.755929
1704	1702	0.125988
1704	1703	3.149704
1704	1705	1.666667
1705	1703	0.755929
1705	1704	1.666667
1707	3086	0.044455
1708	3086	0.190693
1708	3087	0.381385
1708	3088	0.200000
1711	1712	1.244752
1711	1713	0.044455
1711	1744	0.044455
1711	1745	0.869565
1711	1746	0.260870
1712	1711	1.244752
1712	1713	4.863636
1712	1746	0.133366
1712	1998	0.095346
1712	1999	0.476731
1712	2000	2.669695
1713	1711	0.044455
1713	1712	4.863636
1713	1714	5.005679
1713	1745	0.266733
1713	1746	0.622376
1713	1998	1.096482
1713	1999	0.190693
1714	1713	5.005679
1714	1715	1.550000
1714	1744	0.143019
1714	1745	0.792629
1714	1746	0.139876
1714	1747	0.333712
1714	1997	1.001136
1714	1998	1.100000
1715	1714	1.550000
1715	1716	3.050000
1715	1742	0.047673
1715	1743	0.792629
1715	1744	1.144155
1715	1747	0.429058
1715	1748	1.398757
1715	1749	0.047673
1716	1715	3.050000
1716	1717	3.263767
1716	1742	0.667424
1716	1743	1.165631
1716	1748	0.279751
1716	1749	0.619751
1717	1716	3.263767
1717	1718	3.739130
1717	1740	0.046625
1717	1741	0.792629
1717	1742	2.222771
1718	1717	3.739130
1718	1719	3.826087
1718	1740	0.792629
1718	1741	1.445382
1718	2864	0.622376
1719	1718	3.826087
1719	1720	4.434783
1719	1738	0.044455
1719	1739	0.932505
1719	1740	1.445382
1719	2864	1.066930
1720	1719	4.434783
1720	1721	1.200296
1720	1736	3.260870
1720	1737	0.885880
1720	1738	0.800198
1720	1739	0.373002
1721	1720	1.200296
1721	1722	4.409091
1721	1735	0.227273
1721	1736	0.533465
1721	1737	0.762770
1721	1738	2.363636
1721	2237	0.905789
1721	2238	0.222277
1721	2356	0.088911
1721	2357	0.577920
1722	1721	4.409091
1722	1723	4.052216
1722	1734	0.143019
1722	1735	0.636364
1722	1737	0.047673
1722	2236	0.715097
1722	2237	0.953463
1722	2357	0.666831
1723	1722	4.052216
1723	1724	3.600000
1723	1734	0.500000
1723	2235	0.143019
1723	2236	0.700000
1723	2357	0.093250
1723	2358	0.286039
1723	2360	0.858116
1723	3669	0.046625
1723	3670	0.150000
1724	1723	3.600000
1724	1725	2.750889
1724	1733	0.650000
1724	1734	0.750000
1724	2360	0.286039
1724	2361	0.900000
1725	1724	2.750889
1725	1726	4.801186
1725	1730	0.044455
1725	1732	0.792629
1725	1733	1.631883
1725	1781	0.173913
1725	1782	0.311188
1725	2361	0.279751
1726	1725	4.801186
1726	1727	1.954545
1726	1728	0.636364
1726	1729	2.669695
1726	1730	0.181818
1726	1731	0.286039
1726	1732	0.524404
1726	1779	0.355643
1726	1781	0.489010
1726	1782	0.681818
1727	1726	1.954545
1727	1728	0.954545
1727	2363	3.245246
1727	2386	0.333712
1727	2389	0.622376
1727	2390	0.044455
1727	3534	0.238366
1728	1726	0.636364
1728	1727	0.954545
1728	1729	4.719640
1728	3534	1.430194
1728	3535	0.222277
1728	3671	0.429058
1728	3857	3.272727
1728	3858	0.381385
1728	3861	0.090909
1729	1726	2.669695
1729	1728	4.719640
1729	1730	1.573213
1729	1779	0.792629
1729	3670	0.850000
1729	3671	0.550000
1729	3858	0.050000
1729	3861	0.286039
1730	1725	0.044455
1730	1726	0.181818
1730	1729	1.573213
1730	1731	1.477867
1730	1732	0.047673
1730	1779	0.088911
1730	3544	0.572078
1730	3545	0.286039
1730	3669	0.355643
1730	3670	0.143019
1730	3858	0.381385
1730	3860	3.363636
1730	3861	2.500000
1731	1726	0.286039
1731	1730	1.477867
1731	1732	4.050000
1731	1779	2.004885
1731	1781	0.512878
1731	1951	0.373002
1731	3859	0.047673
1732	1725	0.792629
1732	1726	0.524404
1732	1730	0.047673
1732	1731	4.050000
1732	1733	3.000000
1732	1781	0.792629
1732	1782	0.572078
1732	1951	1.398757
1733	1724	0.650000
1733	1725	1.631883
1733	1732	3.000000
1733	1734	3.700000
1733	1782	0.333712
1733	1783	0.093250
1734	1722	0.143019
1734	1723	0.500000
1734	1724	0.750000
1734	1733	3.700000
1734	1735	4.099889
1734	1784	0.100000
1735	1721	0.227273
1735	1722	0.636364
1735	1734	4.099889
1735	1736	1.422574
1735	1737	2.717368
1736	1720	3.260870
1736	1721	0.533465
1736	1735	1.422574
1736	1737	1.631883
1736	1947	0.043478
1737	1720	0.885880
1737	1721	0.762770
1737	1722	0.047673
1737	1735	2.717368
1737	1736	1.631883
1737	1738	2.288310
1738	1719	0.044455
1738	1720	0.800198
1738	1721	2.363636
1738	1737	2.288310
1738	1739	5.101025
1738	2238	0.266733
1738	2356	0.044455
1738	2357	0.577920
1739	1719	0.932505
1739	1720	0.373002
1739	1738	5.101025
1739	1740	2.600000
1739	2238	0.186501
1739	2239	0.186501
1739	2356	0.046625
1740	1717	0.046625
1740	1718	0.792629
1740	1719	1.445382
1740	1739	2.600000
1740	1741	3.400000
1740	2239	0.373002
1741	1717	0.792629
1741	1718	1.445382
1741	1740	3.400000
1741	1742	3.051080
1741	2865	0.715097
1741	2866	0.381385
1742	1715	0.047673
1742	1716	0.667424
1742	1717	2.222771
1742	1741	3.051080
1742	1743	4.267721
1742	2865	0.136364
1742	2866	0.090909
1743	1715	0.792629
1743	1716	1.165631
1743	1742	4.267721
1743	1744	3.111880
1743	1748	0.043478
1744	1711	0.044455
1744	1714	0.143019
1744	1715	1.144155
1744	1743	3.111880
1744	1745	2.934058
1744	1748	0.444554
1745	1711	0.869565
1745	1713	0.266733
1745	1714	0.792629
1745	1744	2.934058
1745	1746	3.086957
1745	1747	1.244752
1745	1748	0.347826
1745	1997	0.088911
1746	1711	0.260870
1746	1712	0.133366
1746	1713	0.622376
1746	1714	0.139876
1746	1745	3.086957
1746	1747	1.867128
1746	1997	0.355643
1746	1998	0.186501
1747	1714	0.333712
1747	1715	0.429058
1747	1745	1.244752
1747	1746	1.867128
1747	1748	4.445542
1747	1994	0.045455
1747	1996	0.858116
1747	1997	3.590909
1748	1715	1.398757
1748	1716	0.279751
1748	1743	0.043478
1748	1744	0.444554
1748	1745	0.347826
1748	1747	4.445542
1748	1749	4.623364
1748	1996	0.233126
1749	1715	0.047673
1749	1716	0.619751
1749	1748	4.623364
1749	1750	4.445542
1749	1766	0.333712
1749	1995	0.044455
1750	1749	4.445542
1750	1751	3.956522
1750	1765	0.979130
1750	1766	0.326377
1750	1993	0.177822
1750	1994	0.088911
1750	1995	0.217391
1751	1750	3.956522
1751	1752	1.422574
1751	1764	1.155841
1751	1765	0.839254
1751	1992	3.030641
1751	1993	0.666831
1751	1994	0.266733
1752	1751	1.422574
1752	1753	1.363636
1752	1764	2.590909
1752	1796	0.636364
1752	1797	2.356137
1752	1798	0.047673
1752	1991	0.143019
1752	1992	0.905789
1752	1993	0.090909
1753	1752	1.363636
1753	1754	1.181818
1753	1755	3.689800
1753	1762	0.143019
1753	1763	0.666831
1753	1764	0.318182
1753	1765	0.095346
1753	1985	0.429058
1753	1986	0.667424
1754	1753	1.181818
1754	1755	0.933564
1754	1939	0.318182
1754	1972	0.711287
1754	1973	1.600395
1754	1985	0.715097
1754	1986	0.286039
1754	1987	3.272727
1755	1753	3.689800
1755	1754	0.933564
1755	1756	4.445542
1755	1762	0.792629
1755	1763	0.391304
1755	1973	0.173913
1755	1974	0.093250
1755	1984	0.373002
1755	1985	0.792629
1756	1755	4.445542
1756	1757	3.378612
1756	1759	0.500000
1756	1761	0.715097
1756	1762	0.858116
1756	1787	0.045455
1756	1788	0.454545
1756	1974	0.047673
1756	1984	0.381385
1757	1756	3.378612
1757	1758	3.511978
1757	1759	0.933564
1757	1761	0.139876
1757	1787	0.133366
1757	1788	0.622376
1757	1974	0.046625
1757	1975	0.565217
1757	1983	0.086957
1757	1984	0.186501
1757	3834	0.043478
1758	1757	3.511978
1758	1759	2.454545
1758	1975	0.800198
1758	3834	2.000494
1759	1756	0.500000
1759	1757	0.933564
1759	1758	2.454545
1759	1760	0.954545
1759	1761	2.860388
1760	1759	0.954545
1760	1761	1.382521
1761	1756	0.715097
1761	1757	0.139876
1761	1759	2.860388
1761	1760	1.382521
1761	1762	2.400000
1761	1984	0.100000
1762	1753	0.143019
1762	1755	0.792629
1762	1756	0.858116
1762	1761	2.400000
1762	1763	3.869895
1762	1789	0.046625
1762	1984	0.050000
1762	1985	0.050000
1763	1753	0.666831
1763	1755	0.391304
1763	1762	3.869895
1763	1764	0.889108
1763	1984	0.093250
1763	1985	0.419627
1764	1751	1.155841
1764	1752	2.590909
1764	1753	0.318182
1764	1763	0.889108
1764	1765	4.433601
1764	1796	0.136364
1764	1993	0.272727
1764	1994	0.500000
1765	1750	0.979130
1765	1751	0.839254
1765	1753	0.095346
1765	1764	4.433601
1765	1766	3.700000
1765	1994	0.286039
1765	1995	0.559503
1766	1749	0.333712
1766	1750	0.326377
1766	1765	3.700000
1766	1767	3.200000
1766	1793	0.667424
1766	1995	1.165631
1767	1766	3.200000
1767	1768	2.800000
1767	1792	0.839254
1767	1793	0.762770
1767	1996	1.000000
1768	1767	2.800000
1768	1769	2.750000
1768	1791	0.792629
1768	1792	1.771759
1768	2168	0.572078
1769	1768	2.750000
1769	1770	3.450000
1769	1790	0.932505
1769	1791	1.818384
1769	2167	0.905789
1769	2168	0.858116
1769	2182	0.190693
1770	1769	3.450000
1770	1771	4.196272
1770	1789	0.652753
1770	1790	1.212256
1770	2167	0.143019
1770	2182	0.190693
1770	2183	0.652753
1771	1770	4.196272
1771	1772	3.734255
1771	1773	0.086957
1771	1787	0.400099
1771	1788	0.889108
1771	1789	0.739130
1771	2183	0.347826
1771	2184	0.434783
1772	1771	3.734255
1772	1773	1.066930
1772	1774	3.051080
1772	1786	0.772727
1772	1787	0.727273
1773	1771	0.086957
1773	1772	1.066930
1773	1774	1.585258
1773	1785	3.000000
1773	1786	0.489010
1774	1772	3.051080
1774	1773	1.585258
1774	1775	2.145291
1774	1785	0.746004
1774	1786	0.810443
1774	1787	0.047673
1775	1774	2.145291
1775	1776	3.423068
1775	1785	0.711287
1775	1786	3.090909
1775	1949	1.382521
1776	1775	3.423068
1776	1777	3.823270
1776	1784	0.792629
1776	1785	1.260870
1776	1949	0.885880
1777	1776	3.823270
1777	1778	3.310392
1777	1780	0.300000
1777	1783	0.792629
1777	1784	0.250000
1777	1949	0.400000
1777	1950	1.200000
1777	1951	0.093250
1777	1953	0.046625
1777	1954	0.046625
1777	1955	0.047673
1778	1777	3.310392
1778	1779	0.913043
1778	1780	2.750889
1778	1781	0.565217
1778	1782	0.444554
1778	1783	1.434783
1778	1950	0.046625
1778	1951	2.652174
1778	1953	0.173913
1779	1726	0.355643
1779	1729	0.792629
1779	1730	0.088911
1779	1731	2.004885
1779	1778	0.913043
1779	1780	1.352132
1779	1781	1.260870
1779	1951	0.434783
1779	3858	1.398757
1779	3859	0.266733
1779	3860	0.044455
1780	1777	0.300000
1780	1778	2.750889
1780	1779	1.352132
1780	1781	1.072381
1780	3821	0.500000
1780	3822	0.300000
1780	3859	0.047673
1781	1725	0.173913
1781	1726	0.489010
1781	1731	0.512878
1781	1732	0.792629
1781	1778	0.565217
1781	1779	1.260870
1781	1780	1.072381
1781	1782	5.112374
1781	1951	0.304348
1781	3821	0.186501
1782	1725	0.311188
1782	1726	0.681818
1782	1732	0.572078
1782	1733	0.333712
1782	1778	0.444554
1782	1781	5.112374
1782	1783	3.289701
1782	1951	0.266733
1783	1733	0.093250
1783	1777	0.792629
1783	1778	1.434783
1783	1782	3.289701
1783	1784	3.543518
1783	1951	0.043478
1784	1734	0.100000
1784	1776	0.792629
1784	1777	0.250000
1784	1783	3.543518
1784	1785	3.590144
1785	1773	3.000000
1785	1774	0.746004
1785	1775	0.711287
1785	1776	1.260870
1785	1784	3.590144
1785	1786	1.378118
1785	1949	0.792629
1786	1772	0.772727
1786	1773	0.489010
1786	1774	0.810443
1786	1775	3.090909
1786	1785	1.378118
1786	1787	4.363636
1786	1948	0.095346
1786	1949	0.715097
1787	1756	0.045455
1787	1757	0.133366
1787	1771	0.400099
1787	1772	0.727273
1787	1774	0.047673
1787	1786	4.363636
1787	1788	4.000000
1788	1756	0.454545
1788	1757	0.622376
1788	1771	0.889108
1788	1787	4.000000
1788	1789	4.445542
1789	1762	0.046625
1789	1770	0.652753
1789	1771	0.739130
1789	1788	4.445542
1789	1790	3.608696
1790	1769	0.932505
1790	1770	1.212256
1790	1789	3.608696
1790	1791	3.869565
1790	2182	1.022475
1791	1768	0.792629
1791	1769	1.818384
1791	1790	3.869565
1791	1792	3.695652
1791	2167	0.444554
1791	2168	0.577920
1791	2182	0.666831
1792	1767	0.839254
1792	1768	1.771759
1792	1791	3.695652
1792	1793	3.600889
1792	2168	0.400099
1792	2169	0.478261
1793	1766	0.667424
1793	1767	0.762770
1793	1792	3.600889
1793	1794	4.528947
1793	1995	1.155841
1793	2169	0.400099
1793	2170	0.333712
1794	1793	4.528947
1794	1795	4.050000
1794	1994	0.762770
1794	1995	1.492008
1795	1794	4.050000
1795	1796	1.287174
1795	1993	0.619751
1795	1994	0.381385
1796	1752	0.636364
1796	1764	0.136364
1796	1795	1.287174
1796	1797	2.133860
1796	1845	2.000000
1796	1992	0.476731
1796	1993	3.590909
1797	1752	2.356137
1797	1796	2.133860
1797	1798	4.289522
1797	1845	0.711287
1797	1991	0.792629
1797	1992	1.212256
1798	1752	0.047673
1798	1797	4.289522
1798	1799	2.400000
1798	1845	0.047673
1798	1990	0.792629
1798	1991	0.700000
1799	1798	2.400000
1799	1800	2.950000
1799	1827	0.100000
1799	1922	0.046625
1799	1923	0.046625
1799	1989	0.792629
1799	1990	1.771759
1800	1799	2.950000
1800	1801	1.668560
1800	1826	0.373002
1800	1827	2.500000
1800	1828	0.050000
1800	1935	0.606128
1800	1989	1.771759
1801	1800	1.668560
1801	1802	3.363636
1801	1825	0.088911
1801	1826	0.444554
1801	1827	0.858116
1801	1828	0.047673
1801	1934	0.619751
1801	1935	3.245246
1802	1801	3.363636
1802	1803	2.136364
1802	1825	0.044455
1802	1826	0.755742
1802	1827	0.238366
1802	1831	0.088911
1802	1933	0.953463
1802	1934	0.381385
1803	1802	2.136364
1803	1804	2.383656
1803	1825	0.533465
1803	1826	0.533465
1803	1832	0.800198
1803	1833	1.200296
1803	1932	0.572078
1803	1933	1.144155
1804	1803	2.383656
1804	1805	2.450000
1804	1824	0.979130
1804	1825	0.699379
1804	1833	0.606128
1804	1834	0.250000
1804	1932	0.050000
1805	1804	2.450000
1805	1806	2.890765
1805	1823	0.885880
1805	1824	1.631883
1806	1805	2.890765
1806	1807	4.476023
1806	1822	0.652753
1806	1823	2.347826
1807	1806	4.476023
1807	1808	3.350000
1807	1821	0.512878
1807	1822	0.600000
1808	1807	3.350000
1808	1809	3.600000
1808	1820	0.559503
1808	1821	1.352132
1809	1808	3.600000
1809	1810	2.424513
1809	1819	0.279751
1809	1820	1.212256
1810	1809	2.424513
1810	1811	3.304348
1810	1818	0.373002
1810	1819	1.652174
1811	1810	3.304348
1811	1812	3.403643
1811	1815	0.043478
1811	1817	0.652753
1811	1818	1.119006
1812	1811	3.403643
1812	1813	1.650000
1812	1815	0.699379
1812	1817	0.100000
1813	1812	1.650000
1813	1814	1.100000
1813	1815	0.419627
1814	1813	1.100000
1814	1815	2.611013
1815	1811	0.043478
1815	1812	0.699379
1815	1813	0.419627
1815	1814	2.611013
1815	1816	1.212256
1815	1817	1.538633
1816	1815	1.212256
1816	1817	1.200000
1817	1811	0.652753
1817	1812	0.100000
1817	1815	1.538633
1817	1816	1.200000
1817	1818	3.000000
1818	1810	0.373002
1818	1811	1.119006
1818	1817	3.000000
1818	1819	3.030641
1819	1809	0.279751
1819	1810	1.652174
1819	1818	3.030641
1819	1820	3.391304
1820	1808	0.559503
1820	1809	1.212256
1820	1819	3.391304
1820	1821	3.521739
1821	1807	0.512878
1821	1808	1.352132
1821	1820	3.521739
1821	1822	4.103021
1822	1806	0.652753
1822	1807	0.600000
1822	1821	4.103021
1822	1823	1.911635
1823	1805	0.885880
1823	1806	2.347826
1823	1822	1.911635
1823	1824	3.913043
1824	1804	0.979130
1824	1805	1.631883
1824	1823	3.913043
1824	1825	4.826087
1825	1801	0.088911
1825	1802	0.044455
1825	1803	0.533465
1825	1804	0.699379
1825	1824	4.826087
1825	1826	4.260870
1825	1833	0.043478
1825	1834	0.046625
1826	1800	0.373002
1826	1801	0.444554
1826	1802	0.755742
1826	1803	0.533465
1826	1825	4.260870
1826	1827	3.077266
1826	1832	0.956522
1826	1833	0.260870
1827	1799	0.100000
1827	1800	2.500000
1827	1801	0.858116
1827	1802	0.238366
1827	1826	3.077266
1827	1828	1.450000
1827	1831	0.046625
1827	1832	0.279751
1828	1800	0.050000
1828	1801	0.047673
1828	1827	1.450000
1828	1829	1.585258
1828	1830	0.466252
1828	1831	0.652753
1828	1934	0.100000
1828	1935	0.046625
1828	1987	0.095346
1829	1828	1.585258
1829	1830	3.956522
1829	1969	0.792629
1829	1971	0.086957
1829	1986	3.357017
1830	1828	0.466252
1830	1829	3.956522
1830	1831	4.086957
1830	1934	0.699379
1830	1969	1.818384
1831	1802	0.088911
1831	1827	0.046625
1831	1828	0.652753
1831	1830	4.086957
1831	1832	4.043478
1831	1933	0.792629
1831	1934	1.352132
1832	1803	0.800198
1832	1826	0.956522
1832	1827	0.279751
1832	1831	4.043478
1832	1833	3.173913
1832	1932	0.885880
1832	1933	1.958260
1833	1803	1.200296
1833	1804	0.606128
1833	1825	0.043478
1833	1826	0.260870
1833	1832	3.173913
1833	1834	5.175402
1833	1929	0.043478
1833	1930	0.699379
1833	1932	2.331262
1834	1804	0.250000
1834	1825	0.046625
1834	1833	5.175402
1834	1835	2.200000
1834	1929	0.606128
1834	1930	0.400000
1835	1834	2.200000
1835	1836	2.750000
1835	1928	0.885880
1835	1929	1.865010
1836	1835	2.750000
1836	1837	2.500000
1836	1927	0.559503
1836	1928	1.119006
1837	1836	2.500000
1837	1838	2.300000
1837	1926	0.667424
1837	1927	1.445382
1838	1837	2.300000
1838	1839	1.445382
1838	1925	1.212256
1838	1926	1.430194
1839	1838	1.445382
1839	1840	1.086957
1839	1925	1.826087
1840	1839	1.086957
1840	1841	0.792629
1840	1924	0.699379
1840	1925	0.652174
1841	1840	0.792629
1841	1842	2.100000
1841	1923	1.165631
1841	1924	0.700000
1842	1841	2.100000
1842	1843	4.103021
1842	1922	0.932505
1842	1923	1.492008
1843	1842	4.103021
1843	1844	1.244752
1843	1920	0.233126
1843	1921	0.844653
1843	1922	1.260870
1844	1843	1.244752
1844	1845	1.227273
1844	1846	3.098753
1844	1914	0.266733
1844	1919	0.045455
1844	1920	0.333712
1844	1921	2.727273
1845	1796	2.000000
1845	1797	0.711287
1845	1798	0.047673
1845	1844	1.227273
1845	1846	1.668560
1845	1914	0.177822
1845	1992	0.476731
1846	1844	3.098753
1846	1845	1.668560
1846	1847	2.650000
1846	1919	0.143019
1846	1920	0.100000
1847	1846	2.650000
1847	1848	3.000000
1847	1918	0.699379
1847	1919	0.762770
1848	1847	3.000000
1848	1849	2.750000
1848	1917	0.559503
1848	1918	1.678509
1849	1848	2.750000
1849	1850	3.350000
1849	1916	0.652753
1849	1917	1.165631
1850	1849	3.350000
1850	1851	2.860388
1850	1913	0.233126
1850	1915	0.326377
1850	1916	0.606128
1851	1850	2.860388
1851	1852	3.867622
1851	1913	0.800198
1851	1915	1.644851
1852	1851	3.867622
1852	1853	4.895650
1852	1911	0.043478
1852	1912	0.746004
1852	1913	0.913043
1853	1852	4.895650
1853	1854	2.150000
1853	1911	0.792629
1853	1912	0.300000
1854	1853	2.150000
1854	1855	3.550000
1854	1909	0.047673
1854	1910	1.072381
1854	1911	2.098136
1855	1854	3.550000
1855	1856	1.144155
1855	1907	1.096482
1855	1909	0.858116
1855	1910	0.979130
1856	1855	1.144155
1856	1857	1.644851
1856	1906	0.266733
1856	1907	2.409091
1856	1908	0.090909
1857	1856	1.644851
1857	1858	3.357017
1857	1905	0.979130
1857	1906	2.695652
1858	1857	3.357017
1858	1859	2.850000
1858	1904	0.792629
1858	1905	0.850000
1859	1858	2.850000
1859	1860	3.916520
1859	1903	0.792629
1859	1904	1.352132
1860	1859	3.916520
1860	1861	1.200296
1860	1884	0.489010
1860	1900	0.130435
1860	1901	1.398757
1860	1902	0.933564
1860	1903	0.826087
1861	1860	1.200296
1861	1862	4.318182
1861	1881	1.048809
1861	1882	0.272727
1861	1884	3.772727
1861	1885	0.088911
1861	1895	0.044455
1861	1900	0.222277
1861	1901	0.143019
1862	1861	4.318182
1862	1863	1.066930
1862	1879	0.044455
1862	1880	0.619751
1862	1881	1.191828
1862	1885	0.044455
1862	1895	0.889108
1862	1896	2.574349
1862	1900	0.044455
1863	1862	1.066930
1863	1864	4.196272
1863	1877	0.260870
1863	1878	0.932505
1863	1879	3.478261
1863	1896	0.606128
1863	1897	0.186501
1864	1863	4.196272
1864	1865	3.300000
1864	1877	0.792629
1864	1878	0.100000
1864	1897	0.050000
1865	1864	3.300000
1865	1866	3.357017
1865	1876	0.667424
1865	1877	1.305507
1866	1865	3.357017
1866	1867	4.149646
1866	1874	0.173913
1866	1875	0.746004
1866	1876	1.911583
1867	1866	4.149646
1867	1868	2.950000
1867	1874	0.606128
1867	1875	0.300000
1868	1867	2.950000
1868	1869	3.730019
1868	1872	0.715097
1868	1874	0.792629
1868	2709	0.050000
1869	1868	3.730019
1869	1870	1.086957
1869	1871	2.086957
1869	1872	1.378118
1869	1892	0.311188
1869	2709	0.139876
1870	1869	1.086957
1870	1871	4.391304
1870	1891	0.826087
1870	2041	0.133366
1870	2064	3.600889
1870	2708	0.044455
1871	1869	2.086957
1871	1870	4.391304
1871	1872	0.933564
1871	1891	2.565217
1871	1892	2.889602
1871	2708	0.311188
1872	1868	0.715097
1872	1869	1.378118
1872	1871	0.933564
1872	1873	1.318182
1872	1874	4.000988
1872	1892	2.409091
1873	1872	1.318182
1873	1874	0.978019
1873	1890	2.192964
1873	1891	0.088911
1873	1892	0.363636
1873	1893	0.454545
1873	1894	2.954545
1874	1866	0.173913
1874	1867	0.606128
1874	1868	0.792629
1874	1872	4.000988
1874	1873	0.978019
1874	1875	5.408528
1874	1893	0.755742
1874	1894	0.177822
1875	1866	0.746004
1875	1867	0.300000
1875	1874	5.408528
1875	1876	3.003407
1876	1865	0.667424
1876	1866	1.911583
1876	1875	3.003407
1876	1877	3.067424
1877	1863	0.260870
1877	1864	0.792629
1877	1865	1.305507
1877	1876	3.067424
1877	1878	4.103021
1878	1863	0.932505
1878	1864	0.100000
1878	1877	4.103021
1878	1879	2.004885
1879	1862	0.044455
1879	1863	3.478261
1879	1878	2.004885
1879	1880	5.222027
1879	1895	0.086957
1879	1896	0.792629
1880	1862	0.619751
1880	1879	5.222027
1880	1881	2.250000
1880	1895	0.792629
1880	1896	0.400000
1881	1861	1.048809
1881	1862	1.191828
1881	1880	2.250000
1881	1882	3.766177
1881	1885	0.792629
1881	1895	1.492008
1882	1861	0.272727
1882	1881	3.766177
1882	1883	1.378118
1882	1884	0.909091
1882	1885	1.244752
1883	1882	1.378118
1883	1884	1.022475
1883	1902	0.666831
1883	1903	1.391304
1883	1904	0.086957
1884	1860	0.489010
1884	1861	3.772727
1884	1882	0.909091
1884	1883	1.022475
1884	1885	1.155841
1884	1901	1.096482
1884	1902	3.227273
1885	1861	0.088911
1885	1862	0.044455
1885	1881	0.792629
1885	1882	1.244752
1885	1884	1.155841
1885	1886	1.333663
1885	1895	2.608696
1885	1900	0.173913
1885	1901	0.373002
1885	2703	0.979130
1886	1885	1.333663
1886	1887	4.356631
1886	1900	0.844653
1886	1901	1.191828
1886	2703	0.429058
1887	1886	4.356631
1887	1888	4.086957
1887	1899	0.885880
1887	1900	0.913043
1888	1887	4.086957
1888	1889	4.391304
1888	1898	0.792629
1888	1899	1.538633
1889	1888	4.391304
1889	1890	3.776644
1889	1894	0.177822
1889	1897	0.792629
1889	1898	1.398757
1890	1873	2.192964
1890	1889	3.776644
1890	1891	0.979130
1890	1894	0.762770
1890	1897	0.200000
1891	1870	0.826087
1891	1871	2.565217
1891	1873	0.088911
1891	1890	0.979130
1891	1892	1.066930
1891	2041	2.622870
1891	2064	0.177822
1892	1869	0.311188
1892	1871	2.889602
1892	1872	2.409091
1892	1873	0.363636
1892	1891	1.066930
1892	1893	1.318182
1892	2041	0.090909
1892	2707	0.044455
1892	2708	0.818182
1892	2736	0.045455
1893	1873	0.454545
1893	1874	0.755742
1893	1892	1.318182
1893	1894	1.363636
1893	2707	3.289701
1893	2708	0.272727
1893	2736	0.090909
1893	2737	0.044455
1894	1873	2.954545
1894	1874	0.177822
1894	1889	0.177822
1894	1890	0.762770
1894	1893	1.363636
1894	1895	1.467029
1894	1896	0.476731
1894	1897	2.765042
1895	1861	0.044455
1895	1862	0.889108
1895	1879	0.086957
1895	1880	0.792629
1895	1881	1.492008
1895	1885	2.608696
1895	1894	1.467029
1895	1896	4.289522
1896	1862	2.574349
1896	1863	0.606128
1896	1879	0.792629
1896	1880	0.400000
1896	1894	0.476731
1896	1895	4.289522
1896	1897	1.350000
1896	1898	0.200000
1897	1863	0.186501
1897	1864	0.050000
1897	1889	0.792629
1897	1890	0.200000
1897	1894	2.765042
1897	1896	1.350000
1897	1898	3.200000
1898	1888	0.792629
1898	1889	1.398757
1898	1896	0.200000
1898	1897	3.200000
1898	1899	3.050000
1899	1887	0.885880
1899	1888	1.538633
1899	1898	3.050000
1899	1900	3.310392
1900	1860	0.130435
1900	1861	0.222277
1900	1862	0.044455
1900	1885	0.173913
1900	1886	0.844653
1900	1887	0.913043
1900	1899	3.310392
1900	1901	4.242897
1901	1860	1.398757
1901	1861	0.143019
1901	1884	1.096482
1901	1885	0.373002
1901	1886	1.191828
1901	1900	4.242897
1901	1902	1.906925
1902	1860	0.933564
1902	1883	0.666831
1902	1884	3.227273
1902	1901	1.906925
1902	1903	4.401087
1903	1859	0.792629
1903	1860	0.826087
1903	1883	1.391304
1903	1902	4.401087
1903	1904	4.000000
1904	1858	0.792629
1904	1859	1.352132
1904	1883	0.086957
1904	1903	4.000000
1904	1905	3.636769
1905	1857	0.979130
1905	1858	0.850000
1905	1904	3.636769
1905	1906	2.424513
1906	1856	0.266733
1906	1857	2.695652
1906	1905	2.424513
1906	1907	1.467029
1907	1855	1.096482
1907	1856	2.409091
1907	1906	1.467029
1907	1908	1.681818
1907	1909	1.318182
1908	1856	0.090909
1908	1907	1.681818
1908	1909	3.681818
1909	1854	0.047673
1909	1855	0.858116
1909	1907	1.318182
1909	1908	3.681818
1909	1910	3.823166
1910	1854	1.072381
1910	1855	0.979130
1910	1909	3.823166
1910	1911	3.652174
1911	1852	0.043478
1911	1853	0.792629
1911	1854	2.098136
1911	1910	3.652174
1911	1912	4.336147
1912	1852	0.746004
1912	1853	0.300000
1912	1911	4.336147
1912	1913	3.776644
1913	1850	0.233126
1913	1851	0.800198
1913	1852	0.913043
1913	1912	3.776644
1913	1914	0.913043
1913	1915	0.217391
1914	1844	0.266733
1914	1845	0.177822
1914	1913	0.913043
1914	1915	1.826087
1914	1916	0.782609
1914	1917	0.347826
1915	1850	0.326377
1915	1851	1.644851
1915	1913	0.217391
1915	1914	1.826087
1915	1916	3.565217
1916	1849	0.652753
1916	1850	0.606128
1916	1914	0.782609
1916	1915	3.565217
1916	1917	4.478261
1917	1848	0.559503
1917	1849	1.165631
1917	1914	0.347826
1917	1916	4.478261
1917	1918	2.782609
1918	1847	0.699379
1918	1848	1.678509
1918	1917	2.782609
1918	1919	3.600889
1919	1844	0.045455
1919	1846	0.143019
1919	1847	0.762770
1919	1918	3.600889
1919	1920	2.574349
1920	1843	0.233126
1920	1844	0.333712
1920	1846	0.100000
1920	1919	2.574349
1920	1921	1.906925
1921	1843	0.844653
1921	1844	2.727273
1921	1920	1.906925
1921	1922	3.645345
1922	1799	0.046625
1922	1842	0.932505
1922	1843	1.260870
1922	1921	3.645345
1922	1923	4.130435
1923	1799	0.046625
1923	1841	1.165631
1923	1842	1.492008
1923	1922	4.130435
1923	1924	1.678509
1924	1840	0.699379
1924	1841	0.700000
1924	1923	1.678509
1924	1925	1.072381
1925	1838	1.212256
1925	1839	1.826087
1925	1840	0.652174
1925	1924	1.072381
1925	1926	2.311682
1926	1837	0.667424
1926	1838	1.430194
1926	1925	2.311682
1926	1927	2.400593
1927	1836	0.559503
1927	1837	1.445382
1927	1926	2.400593
1927	1928	4.130435
1928	1835	0.885880
1928	1836	1.119006
1928	1927	4.130435
1928	1929	3.260870
1929	1833	0.043478
1929	1834	0.606128
1929	1835	1.865010
1929	1928	3.260870
1929	1930	3.077266
1930	1833	0.699379
1930	1834	0.400000
1930	1929	3.077266
1930	1931	2.002271
1931	1930	2.002271
1931	1932	1.287174
1932	1803	0.572078
1932	1804	0.050000
1932	1832	0.885880
1932	1833	2.331262
1932	1931	1.287174
1932	1933	1.800000
1933	1802	0.953463
1933	1803	1.144155
1933	1831	0.792629
1933	1832	1.958260
1933	1932	1.800000
1933	1934	3.400000
1933	1969	0.150000
1934	1801	0.619751
1934	1802	0.381385
1934	1828	0.100000
1934	1830	0.699379
1934	1831	1.352132
1934	1933	3.400000
1934	1935	1.212256
1934	1968	1.250000
1934	1969	1.000000
1935	1800	0.606128
1935	1801	3.245246
1935	1828	0.046625
1935	1934	1.212256
1935	1936	1.066930
1935	1968	0.419627
1935	1987	0.044455
1935	1988	1.244752
1935	1989	2.000000
1936	1935	1.066930
1936	1937	1.022475
1936	1938	3.480138
1936	1966	0.681818
1936	1967	0.681818
1936	1968	0.047673
1936	1988	0.727273
1936	1989	0.044455
1937	1936	1.022475
1937	1938	1.631883
1937	1965	3.130435
1937	1966	0.266733
1938	1936	3.480138
1938	1937	1.631883
1938	1939	3.194100
1938	1964	0.046625
1938	1965	1.258881
1938	1966	0.858116
1938	1967	0.047673
1938	1987	0.190693
1938	1988	1.001136
1939	1754	0.318182
1939	1938	3.194100
1939	1940	5.863795
1939	1964	0.044455
1939	1965	0.844653
1939	1966	3.136364
1939	1972	0.088911
1939	1973	0.088911
1939	1987	0.409091
1940	1939	5.863795
1940	1941	3.350000
1940	1964	0.792629
1940	1965	0.326377
1940	1973	0.326377
1940	1974	0.100000
1941	1940	3.350000
1941	1942	3.750000
1941	1963	0.792629
1941	1964	1.258881
1942	1941	3.750000
1942	1943	2.650000
1942	1962	0.792629
1942	1963	1.585258
1942	3347	0.050000
1943	1942	2.650000
1943	1944	2.424513
1943	1961	0.792629
1943	1962	1.865010
1943	3658	0.050000
1943	3659	0.250000
1944	1943	2.424513
1944	1945	3.730019
1944	1959	0.044455
1944	1960	0.652753
1944	1961	2.478261
1944	3659	0.699379
1944	3660	0.046625
1945	1944	3.730019
1945	1946	2.238012
1945	1959	0.667424
1945	1960	0.400000
1946	1945	2.238012
1946	1947	3.739130
1946	1957	0.046625
1946	1958	0.792629
1946	1959	2.578415
1947	1736	0.043478
1947	1946	3.739130
1947	1948	3.403643
1947	1957	0.746004
1947	1958	1.305507
1948	1786	0.095346
1948	1947	3.403643
1948	1949	1.300000
1948	1950	3.050000
1948	1951	0.046625
1948	1956	0.419627
1948	1957	0.400000
1949	1775	1.382521
1949	1776	0.885880
1949	1777	0.400000
1949	1785	0.792629
1949	1786	0.715097
1949	1948	1.300000
1949	1950	2.700000
1949	1976	0.093250
1950	1777	1.200000
1950	1778	0.046625
1950	1948	3.050000
1950	1949	2.700000
1950	1951	0.979130
1950	1953	0.419627
1950	1955	0.524404
1950	1956	0.512878
1950	1976	0.792629
1951	1731	0.373002
1951	1732	1.398757
1951	1777	0.093250
1951	1778	2.652174
1951	1779	0.434783
1951	1781	0.304348
1951	1782	0.266733
1951	1783	0.043478
1951	1948	0.046625
1951	1950	0.979130
1951	1952	1.165631
1951	1953	0.695652
1952	1951	1.165631
1952	1953	3.869895
1952	1955	0.047673
1953	1777	0.046625
1953	1778	0.173913
1953	1950	0.419627
1953	1951	0.695652
1953	1952	3.869895
1953	1954	1.391304
1953	1955	3.778711
1954	1777	0.046625
1954	1953	1.391304
1954	1955	2.356137
1954	1976	0.043478
1954	1977	0.222277
1954	3839	0.622376
1954	3840	1.043478
1955	1777	0.047673
1955	1950	0.524404
1955	1952	0.047673
1955	1953	3.778711
1955	1954	2.356137
1955	1956	1.600395
1955	1976	0.222277
1955	1977	0.272727
1956	1948	0.419627
1956	1950	0.512878
1956	1955	1.600395
1956	1957	5.082151
1956	1974	0.046625
1956	1975	0.173913
1956	1976	3.173913
1956	1977	0.400099
1957	1946	0.046625
1957	1947	0.746004
1957	1948	0.400000
1957	1956	5.082151
1957	1958	2.850000
1957	1974	0.750000
1957	1975	0.279751
1958	1946	0.792629
1958	1947	1.305507
1958	1957	2.850000
1958	1959	3.194100
1958	1973	0.046625
1958	1974	0.100000
1959	1944	0.044455
1959	1945	0.667424
1959	1946	2.578415
1959	1958	3.194100
1959	1960	3.813850
1960	1944	0.652753
1960	1945	0.400000
1960	1959	3.813850
1960	1961	2.051511
1961	1943	0.792629
1961	1944	2.478261
1961	1960	2.051511
1961	1962	3.478261
1961	3657	0.043478
1961	3658	0.186501
1962	1942	0.792629
1962	1943	1.865010
1962	1961	3.478261
1962	1963	3.608696
1962	3657	0.304348
1962	3658	1.072381
1963	1941	0.792629
1963	1942	1.585258
1963	1962	3.608696
1963	1964	4.130435
1963	3555	0.233126
1963	3556	0.652174
1963	3657	0.043478
1964	1938	0.046625
1964	1939	0.044455
1964	1940	0.792629
1964	1941	1.258881
1964	1963	4.130435
1964	1965	4.260870
1964	3556	0.217391
1965	1937	3.130435
1965	1938	1.258881
1965	1939	0.844653
1965	1940	0.326377
1965	1964	4.260870
1965	1966	1.111386
1966	1936	0.681818
1966	1937	0.266733
1966	1938	0.858116
1966	1939	3.136364
1966	1965	1.111386
1966	1967	4.409091
1966	1972	0.177822
1966	1987	0.136364
1966	1988	0.090909
1967	1936	0.681818
1967	1938	0.047673
1967	1966	4.409091
1967	1968	2.192964
1967	1971	0.533465
1967	1987	0.272727
1967	1988	0.454545
1968	1934	1.250000
1968	1935	0.419627
1968	1936	0.047673
1968	1967	2.192964
1968	1969	1.200000
1968	1971	0.652753
1968	1988	0.047673
1969	1829	0.792629
1969	1830	1.818384
1969	1933	0.150000
1969	1934	1.000000
1969	1968	1.200000
1969	1970	1.150000
1969	1971	3.543518
1969	1986	0.050000
1970	1969	1.150000
1970	1971	1.258881
1971	1829	0.086957
1971	1967	0.533465
1971	1968	0.652753
1971	1969	3.543518
1971	1970	1.258881
1971	1972	3.478261
1971	1986	0.606128
1972	1754	0.711287
1972	1939	0.088911
1972	1966	0.177822
1972	1971	3.478261
1972	1973	3.130435
1972	1985	0.652753
1972	1986	0.839254
1973	1754	1.600395
1973	1755	0.173913
1973	1939	0.088911
1973	1940	0.326377
1973	1958	0.046625
1973	1972	3.130435
1973	1974	4.009771
1973	1984	0.792629
1973	1985	1.538633
1974	1755	0.093250
1974	1756	0.047673
1974	1757	0.046625
1974	1940	0.100000
1974	1956	0.046625
1974	1957	0.750000
1974	1958	0.100000
1974	1973	4.009771
1974	1975	1.911635
1974	1983	0.792629
1974	1984	0.700000
1975	1757	0.565217
1975	1758	0.800198
1975	1956	0.173913
1975	1957	0.279751
1975	1974	1.911635
1975	1976	1.043478
1975	1981	0.139876
1975	1982	0.885880
1975	1983	2.304348
1975	3834	2.086957
1976	1949	0.093250
1976	1950	0.792629
1976	1954	0.043478
1976	1955	0.222277
1976	1956	3.173913
1976	1975	1.043478
1976	1977	1.066930
1976	3833	0.512878
1976	3834	0.391304
1977	1954	0.222277
1977	1955	0.272727
1977	1956	0.400099
1977	1976	1.066930
1977	1978	4.671967
1977	3837	0.044455
1977	3838	0.727273
1977	3839	0.772727
1978	1977	4.671967
1978	1979	2.700000
1978	3338	0.093250
1978	3346	0.650000
1978	3837	0.979130
1978	3838	0.333712
1979	1978	2.700000
1979	1980	2.908061
1979	3338	0.139876
1979	3339	1.000000
1979	3344	0.373002
1979	3345	0.500000
1979	3346	0.050000
1979	3836	0.932505
1979	3837	1.258881
1980	1979	2.908061
1980	1981	4.052216
1980	3339	0.047673
1980	3340	0.088911
1980	3344	0.177822
1980	3834	0.044455
1980	3835	0.667424
1980	3836	1.867128
1981	1975	0.139876
1981	1980	4.052216
1981	1982	3.650000
1981	3834	0.792629
1981	3835	0.600000
1982	1975	0.885880
1982	1981	3.650000
1982	1983	3.310392
1982	3834	1.212256
1983	1757	0.086957
1983	1974	0.792629
1983	1975	2.304348
1983	1982	3.310392
1983	1984	3.963145
1984	1755	0.373002
1984	1756	0.381385
1984	1757	0.186501
1984	1761	0.100000
1984	1762	0.050000
1984	1763	0.093250
1984	1973	0.792629
1984	1974	0.700000
1984	1983	3.963145
1984	1985	3.750000
1985	1753	0.429058
1985	1754	0.715097
1985	1755	0.792629
1985	1762	0.050000
1985	1763	0.419627
1985	1972	0.652753
1985	1973	1.538633
1985	1984	3.750000
1985	1986	3.050000
1986	1753	0.667424
1986	1754	0.286039
1986	1829	3.357017
1986	1969	0.050000
1986	1971	0.606128
1986	1972	0.839254
1986	1985	3.050000
1986	1987	1.096482
1987	1754	3.272727
1987	1828	0.095346
1987	1935	0.044455
1987	1938	0.190693
1987	1939	0.409091
1987	1966	0.136364
1987	1967	0.272727
1987	1986	1.096482
1987	1988	4.909091
1988	1935	1.244752
1988	1936	0.727273
1988	1938	1.001136
1988	1966	0.090909
1988	1967	0.454545
1988	1968	0.047673
1988	1987	4.909091
1988	1989	1.066930
1989	1799	0.792629
1989	1800	1.771759
1989	1935	2.000000
1989	1936	0.044455
1989	1988	1.066930
1989	1990	3.478261
1990	1798	0.792629
1990	1799	1.771759
1990	1989	3.478261
1990	1991	3.310392
1991	1752	0.143019
1991	1797	0.792629
1991	1798	0.700000
1991	1990	3.310392
1991	1992	3.750000
1992	1751	3.030641
1992	1752	0.905789
1992	1796	0.476731
1992	1797	1.212256
1992	1845	0.476731
1992	1991	3.750000
1992	1993	1.477867
1993	1750	0.177822
1993	1751	0.666831
1993	1752	0.090909
1993	1764	0.272727
1993	1795	0.619751
1993	1796	3.590909
1993	1992	1.477867
1993	1994	4.681818
1994	1747	0.045455
1994	1750	0.088911
1994	1751	0.266733
1994	1764	0.500000
1994	1765	0.286039
1994	1794	0.762770
1994	1795	0.381385
1994	1993	4.681818
1994	1995	4.445542
1995	1749	0.044455
1995	1750	0.217391
1995	1765	0.559503
1995	1766	1.165631
1995	1793	1.155841
1995	1794	1.492008
1995	1994	4.445542
1995	1996	1.352132
1996	1747	0.858116
1996	1748	0.233126
1996	1767	1.000000
1996	1995	1.352132
1996	1997	2.288310
1997	1714	1.001136
1997	1745	0.088911
1997	1746	0.355643
1997	1747	3.590909
1997	1996	2.288310
1997	1998	4.528947
1998	1712	0.095346
1998	1713	1.096482
1998	1714	1.100000
1998	1746	0.186501
1998	1997	4.528947
1998	1999	3.050000
1999	1712	0.476731
1999	1713	0.190693
1999	1998	3.050000
1999	2000	1.600000
1999	2001	0.700000
2000	1712	2.669695
2000	1999	1.600000
2000	2001	3.100000
2001	1999	0.700000
2001	2000	3.100000
2001	2002	2.051511
2002	2001	2.051511
2002	2003	4.086957
2003	2002	4.086957
2003	2004	3.391304
2004	2003	3.391304
2004	2005	4.569274
2005	2004	4.569274
2005	2006	2.937390
2006	2005	2.937390
2006	2007	0.978019
2006	2008	3.123891
2007	2006	0.978019
2007	2008	1.191828
2007	2175	0.400099
2007	2698	0.476731
2007	2699	1.287174
2007	2744	0.889108
2007	2745	0.409091
2008	2006	3.123891
2008	2007	1.191828
2008	2009	2.450000
2008	2747	0.046625
2009	2008	2.450000
2009	2010	3.683394
2009	2013	1.001136
2009	2014	0.699379
2009	2747	0.326377
2010	2009	3.683394
2010	2011	1.066930
2010	2013	0.489010
2010	2018	0.489010
2011	2010	1.066930
2011	2012	1.001136
2011	2013	1.409091
2011	2018	2.818182
2011	2019	0.190693
2011	2037	3.912077
2012	2011	1.001136
2012	2013	1.382521
2012	2036	0.047673
2012	2141	0.233126
2012	2142	1.631883
2012	2143	0.350000
2012	2757	0.050000
2013	2009	1.001136
2013	2010	0.489010
2013	2011	1.409091
2013	2012	1.382521
2013	2014	4.489998
2013	2018	0.636364
2013	2747	0.266733
2014	2009	0.699379
2014	2013	4.489998
2014	2015	2.004885
2014	2017	0.652753
2014	2018	0.889108
2014	2747	0.652174
2015	2014	2.004885
2015	2016	1.165631
2015	2017	2.750000
2015	2018	0.381385
2016	2015	1.165631
2016	2017	3.310392
2016	2021	0.844653
2016	2022	3.043478
2016	2034	0.622376
2016	2035	0.044455
2017	2014	0.652753
2017	2015	2.750000
2017	2016	3.310392
2017	2018	1.096482
2017	2019	0.050000
2017	2021	1.477867
2017	2022	0.046625
2017	2036	0.333712
2018	2010	0.489010
2018	2011	2.818182
2018	2013	0.636364
2018	2014	0.889108
2018	2015	0.381385
2018	2017	1.096482
2018	2019	1.620886
2018	2036	0.045455
2019	2011	0.190693
2019	2017	0.050000
2019	2018	1.620886
2019	2020	1.250000
2019	2021	0.047673
2019	2036	3.146427
2019	2037	0.699379
2020	2019	1.250000
2020	2021	1.001136
2021	2016	0.844653
2021	2017	1.477867
2021	2019	0.047673
2021	2020	1.001136
2021	2022	1.200296
2021	2023	3.480138
2021	2034	0.545455
2021	2035	0.636364
2021	2036	0.363636
2022	2016	3.043478
2022	2017	0.046625
2022	2021	1.200296
2022	2023	1.818384
2022	2033	2.260870
2022	2034	0.266733
2023	2021	3.480138
2023	2022	1.818384
2023	2024	2.526676
2023	2032	0.046625
2023	2033	1.165631
2023	2034	0.715097
2024	2023	2.526676
2024	2025	5.053352
2024	2032	0.133366
2024	2033	0.711287
2024	2034	2.727273
2025	2024	5.053352
2025	2026	2.700000
2025	2032	0.932505
2025	2033	0.279751
2026	2025	2.700000
2026	2027	3.310392
2026	2031	0.885880
2026	2032	1.771759
2027	2026	3.310392
2027	2028	1.025755
2027	2029	1.826087
2027	2030	0.444554
2027	2031	2.478261
2028	2027	1.025755
2028	2029	4.569274
2028	2242	0.512878
2028	2244	0.559503
2028	2346	3.098753
2029	2027	1.826087
2029	2028	4.569274
2029	2030	4.045443
2029	2241	1.025755
2029	2242	0.391304
2029	2352	0.043478
2029	2353	0.186501
2030	2027	0.444554
2030	2029	4.045443
2030	2031	2.311682
2030	2240	0.177822
2030	2241	1.525540
2030	2353	0.572078
2030	2354	1.048809
2031	2026	0.885880
2031	2027	2.478261
2031	2030	2.311682
2031	2032	3.782609
2031	2354	0.606128
2031	2355	0.373002
2032	2023	0.046625
2032	2024	0.133366
2032	2025	0.932505
2032	2026	1.771759
2032	2031	3.782609
2032	2033	4.826087
2032	2355	0.373002
2033	2022	2.260870
2033	2023	1.165631
2033	2024	0.711287
2033	2025	0.279751
2033	2032	4.826087
2033	2034	1.467029
2034	2016	0.622376
2034	2021	0.545455
2034	2022	0.266733
2034	2023	0.715097
2034	2024	2.727273
2034	2033	1.467029
2034	2035	4.409091
2035	2016	0.044455
2035	2021	0.636364
2035	2034	4.409091
2035	2036	4.727273
2036	2012	0.047673
2036	2017	0.333712
2036	2018	0.045455
2036	2019	3.146427
2036	2021	0.363636
2036	2035	4.727273
2036	2037	0.978019
2036	2071	0.622376
2037	2011	3.912077
2037	2019	0.699379
2037	2036	0.978019
2037	2038	2.913043
2037	2071	0.434783
2038	2037	2.913043
2038	2039	1.398757
2038	2040	0.043478
2038	2071	0.086957
2038	2073	0.746004
2039	2038	1.398757
2039	2040	3.543518
2039	2043	0.715097
2039	2045	1.678509
2039	2068	0.429058
2039	2072	2.200000
2039	2073	0.150000
2040	2038	0.043478
2040	2039	3.543518
2040	2041	1.289207
2040	2042	2.267227
2040	2043	1.555940
2040	2044	0.489010
2040	2064	0.266733
2040	2065	0.666831
2040	2068	0.444554
2040	2073	0.233126
2041	1870	0.133366
2041	1891	2.622870
2041	1892	0.090909
2041	2040	1.289207
2041	2042	4.590909
2041	2063	0.266733
2041	2064	0.863636
2042	2040	2.267227
2042	2041	4.590909
2042	2043	0.863636
2042	2044	2.318182
2042	2063	0.666831
2042	2064	0.090909
2042	2065	0.136364
2042	2068	0.045455
2043	2039	0.715097
2043	2040	1.555940
2043	2042	0.863636
2043	2044	3.545455
2043	2045	3.600889
2043	2066	0.500000
2043	2068	0.136364
2043	2069	0.266733
2044	2040	0.489010
2044	2042	2.318182
2044	2043	3.545455
2044	2045	1.066930
2044	2062	0.858116
2044	2063	0.311188
2044	2065	0.045455
2044	2066	0.090909
2044	2068	0.454545
2045	2039	1.678509
2045	2043	3.600889
2045	2044	1.066930
2045	2046	1.244752
2045	2069	0.956522
2045	2070	3.111880
2045	2072	0.792629
2046	2045	1.244752
2046	2047	1.136364
2046	2048	0.047673
2046	2060	0.500000
2046	2061	0.533465
2046	2069	3.200790
2046	2070	0.272727
2047	2046	1.136364
2047	2048	5.148698
2047	2060	0.772727
2047	2061	0.133366
2048	2046	0.047673
2048	2047	5.148698
2048	2049	2.950000
2048	2059	0.792629
2048	2060	0.381385
2049	2048	2.950000
2049	2050	3.150000
2049	2058	0.792629
2049	2059	1.492008
2050	2049	3.150000
2050	2051	2.450000
2050	2057	0.792629
2050	2058	1.725134
2051	2050	2.450000
2051	2052	3.030641
2051	2056	0.932505
2051	2057	1.398757
2052	2051	3.030641
2052	2053	1.173913
2052	2054	1.521739
2052	2055	0.844653
2052	2056	0.782609
2053	2052	1.173913
2053	2054	4.347826
2053	2783	3.245246
2053	2820	0.222277
2054	2052	1.521739
2054	2053	4.347826
2054	2055	5.512472
2055	2052	0.844653
2055	2054	5.512472
2055	2056	4.000988
2056	2051	0.932505
2056	2052	0.782609
2056	2055	4.000988
2056	2057	4.043478
2057	2050	0.792629
2057	2051	1.398757
2057	2056	4.043478
2057	2058	3.608696
2058	2049	0.792629
2058	2050	1.725134
2058	2057	3.608696
2058	2059	4.000000
2059	2048	0.792629
2059	2049	1.492008
2059	2058	4.000000
2059	2060	4.178810
2060	2046	0.500000
2060	2047	0.772727
2060	2048	0.381385
2060	2059	4.178810
2060	2061	4.445542
2061	2046	0.533465
2061	2047	0.133366
2061	2060	4.445542
2061	2062	3.496893
2061	2066	0.044455
2061	2069	0.391304
2062	2044	0.858116
2062	2061	3.496893
2062	2063	3.823270
2062	2066	0.667424
2062	2069	0.279751
2063	2041	0.266733
2063	2042	0.666831
2063	2044	0.311188
2063	2062	3.823270
2063	2064	1.244752
2063	2065	2.622870
2063	2066	0.844653
2063	2068	0.577920
2064	1870	3.600889
2064	1891	0.177822
2064	2040	0.266733
2064	2041	0.863636
2064	2042	0.090909
2064	2063	1.244752
2064	2065	4.181818
2065	2040	0.666831
2065	2042	0.136364
2065	2044	0.045455
2065	2063	2.622870
2065	2064	4.181818
2065	2066	1.045455
2065	2068	2.590909
2066	2043	0.500000
2066	2044	0.090909
2066	2061	0.044455
2066	2062	0.667424
2066	2063	0.844653
2066	2065	1.045455
2066	2067	1.096482
2066	2068	3.409091
2066	2069	3.645345
2067	2066	1.096482
2067	2068	1.096482
2067	2069	0.046625
2067	2074	0.050000
2068	2039	0.429058
2068	2040	0.444554
2068	2042	0.045455
2068	2043	0.136364
2068	2044	0.454545
2068	2063	0.577920
2068	2065	2.590909
2068	2066	3.409091
2068	2067	1.096482
2068	2069	0.933564
2068	2072	0.238366
2068	2073	0.047673
2068	2074	0.143019
2068	2734	0.133366
2068	2735	0.044455
2069	2043	0.266733
2069	2045	0.956522
2069	2046	3.200790
2069	2061	0.391304
2069	2062	0.279751
2069	2066	3.645345
2069	2067	0.046625
2069	2068	0.933564
2069	2070	1.822672
2069	2072	0.606128
2070	2045	3.111880
2070	2046	0.272727
2070	2069	1.822672
2070	2071	1.022475
2070	2072	2.145291
2071	2036	0.622376
2071	2037	0.434783
2071	2038	0.086957
2071	2070	1.022475
2071	2072	1.025755
2072	2039	2.200000
2072	2045	0.792629
2072	2068	0.238366
2072	2069	0.606128
2072	2070	2.145291
2072	2071	1.025755
2072	2073	1.150000
2073	2038	0.746004
2073	2039	0.150000
2073	2040	0.233126
2073	2068	0.047673
2073	2072	1.150000
2073	2074	4.500000
2073	2075	0.279751
2073	2735	0.233126
2074	2067	0.050000
2074	2068	0.143019
2074	2073	4.500000
2074	2075	3.123891
2074	2712	0.047673
2074	2713	0.326377
2074	2734	0.606128
2074	2735	0.233126
2075	2073	0.279751
2075	2074	3.123891
2075	2076	1.422574
2075	2713	0.173913
2075	2733	0.279751
2075	2734	0.347826
2076	2075	1.422574
2076	2077	3.636364
2076	2141	0.222277
2076	2714	0.266733
2076	2715	0.524404
2077	2076	3.636364
2077	2078	3.909091
2077	2140	0.905789
2077	2141	0.266733
2077	2758	0.088911
2078	2077	3.909091
2078	2079	3.480138
2078	2139	0.476731
2078	2140	0.715097
2078	2759	0.933564
2078	2760	0.572078
2079	2078	3.480138
2079	2080	2.200000
2079	2760	0.350000
2079	2761	0.381385
2080	2079	2.200000
2080	2081	2.424513
2081	2080	2.424513
2081	2082	3.543518
2082	2081	3.543518
2082	2083	3.077266
2083	2082	3.077266
2083	2084	4.347826
2084	2083	4.347826
2084	2085	3.739130
2085	2084	3.739130
2085	2086	4.336147
2085	2104	0.233126
2085	2112	0.043478
2085	2113	0.139876
2086	2085	4.336147
2086	2087	3.200000
2086	2102	0.326377
2086	2103	0.800000
2086	2104	0.200000
2086	2112	0.186501
2086	2113	0.950000
2087	2086	3.200000
2087	2088	2.950000
2087	2102	0.279751
2087	2103	0.150000
2087	2113	0.150000
2087	2114	0.600000
2087	2115	0.326377
2088	2087	2.950000
2088	2089	1.096482
2088	2115	0.652753
2089	2088	1.096482
2089	2090	1.191828
2089	3509	0.762770
2089	3510	0.810443
2089	4052	0.978019
2089	4053	1.191828
2090	2089	1.191828
2090	2091	3.337119
2090	3509	1.050000
2090	4205	0.233126
2090	4207	1.550000
2091	2090	3.337119
2091	2092	0.954545
2091	2116	0.047673
2091	3508	3.818182
2091	3509	1.287174
2091	3510	0.143019
2092	2091	0.954545
2092	2093	1.733761
2092	3489	2.578415
2092	3507	0.858116
2092	3508	2.000000
2093	2092	1.733761
2093	2094	0.932505
2093	2095	0.444554
2093	3487	0.932505
2093	3488	1.212256
2093	3489	0.347826
2094	2093	0.932505
2094	2095	2.812715
2094	2120	0.559503
2094	2121	0.050000
2094	2122	1.398757
2094	2131	0.095346
2094	3484	0.792629
2094	3485	0.381385
2094	3501	1.911635
2094	3502	0.050000
2095	2093	0.444554
2095	2094	2.812715
2095	2096	2.044949
2095	2120	0.222277
2095	3485	0.272727
2095	3486	0.954545
2095	3487	2.145291
2095	3501	0.311188
2096	2095	2.044949
2096	2097	4.709149
2096	2118	0.260870
2096	2119	0.932505
2096	2120	1.739130
2096	3487	0.046625
2097	2096	4.709149
2097	2098	2.550000
2097	2117	0.046625
2097	2118	0.885880
2097	2119	0.200000
2098	2097	2.550000
2098	2099	3.337119
2098	2117	0.932505
2098	2118	1.305507
2099	2098	3.337119
2099	2100	4.052216
2099	2115	0.355643
2099	2116	0.810443
2099	2117	2.222771
2099	2546	0.095346
2100	2099	4.052216
2100	2101	2.937390
2100	2115	0.792629
2100	2546	0.400000
2101	2100	2.937390
2101	2102	3.391304
2101	2114	0.606128
2101	2115	2.173913
2102	2086	0.326377
2102	2087	0.279751
2102	2101	3.391304
2102	2103	4.522648
2102	2112	0.217391
2102	2113	0.606128
2102	2114	0.512878
2103	2086	0.800000
2103	2087	0.150000
2103	2102	4.522648
2103	2104	2.950000
2103	2111	0.046625
2103	2112	0.792629
2104	2085	0.233126
2104	2086	0.200000
2104	2103	2.950000
2104	2105	3.150000
2104	2111	0.979130
2104	2112	1.352132
2105	2104	3.150000
2105	2106	2.250000
2105	2110	0.699379
2105	2111	1.072381
2106	2105	2.250000
2106	2107	2.908061
2106	2109	0.792629
2106	2110	1.445382
2107	2106	2.908061
2107	2108	1.045455
2107	2109	1.111386
2108	2107	1.045455
2108	2109	1.111386
2109	2106	0.792629
2109	2107	1.111386
2109	2108	1.111386
2109	2110	3.826087
2110	2105	0.699379
2110	2106	1.445382
2110	2109	3.826087
2110	2111	4.043478
2110	2718	0.933564
2111	2103	0.046625
2111	2104	0.979130
2111	2105	1.072381
2111	2110	4.043478
2111	2112	4.086957
2111	2718	1.333663
2112	2085	0.043478
2112	2086	0.186501
2112	2102	0.217391
2112	2103	0.792629
2112	2104	1.352132
2112	2111	4.086957
2112	2113	4.615899
2113	2085	0.139876
2113	2086	0.950000
2113	2087	0.150000
2113	2102	0.606128
2113	2112	4.615899
2113	2114	3.450000
2114	2087	0.600000
2114	2101	0.606128
2114	2102	0.512878
2114	2113	3.450000
2114	2115	1.865010
2115	2087	0.326377
2115	2088	0.652753
2115	2099	0.355643
2115	2100	0.792629
2115	2101	2.173913
2115	2114	1.865010
2115	2116	4.429398
2116	2091	0.047673
2116	2099	0.810443
2116	2115	4.429398
2116	2117	3.123891
2117	2097	0.046625
2117	2098	0.932505
2117	2099	2.222771
2117	2116	3.123891
2117	2118	4.260870
2118	2096	0.260870
2118	2097	0.885880
2118	2098	1.305507
2118	2117	4.260870
2118	2119	4.103021
2118	2559	0.046625
2119	2096	0.932505
2119	2097	0.200000
2119	2118	4.103021
2119	2120	3.776644
2120	2094	0.559503
2120	2095	0.222277
2120	2096	1.739130
2120	2119	3.776644
2120	2121	1.072381
2121	2094	0.050000
2121	2120	1.072381
2121	2122	1.025755
2121	2131	3.003407
2121	2533	0.100000
2121	3499	0.667424
2121	3501	0.233126
2121	3502	1.600000
2122	2094	1.398757
2122	2121	1.025755
2122	2123	4.289522
2122	2131	0.577920
2122	2132	0.043478
2122	2136	0.043478
2122	2137	0.622376
2122	3484	3.434783
2123	2122	4.289522
2123	2124	3.500000
2123	2131	0.047673
2123	2132	0.279751
2123	2135	0.050000
2123	2136	0.932505
2123	2137	0.333712
2123	2751	0.186501
2123	2752	0.667424
2124	2123	3.500000
2124	2125	3.450000
2124	2132	0.139876
2124	2134	0.095346
2124	2135	0.650000
2124	2136	1.352132
2124	2367	0.046625
2124	2752	1.287174
2125	2124	3.450000
2125	2126	3.575485
2125	2134	0.715097
2125	2135	0.500000
2125	2366	0.139876
2125	2367	0.839254
2126	2125	3.575485
2126	2127	3.670831
2126	2130	0.318182
2126	2134	0.590909
2126	2366	0.355643
2126	3496	0.136364
2126	3874	0.044455
2127	2126	3.670831
2127	2128	1.150000
2127	2129	2.191386
2127	2130	0.429058
2127	2495	0.810443
2127	2523	0.143019
2127	3496	0.190693
2127	3875	0.047673
2128	2127	1.150000
2128	2129	3.916520
2128	2379	0.238366
2128	2495	0.953463
2128	2496	1.072381
2128	2497	1.119006
2128	2522	0.046625
2128	2534	0.572078
2128	3925	0.250000
2128	3926	0.100000
2129	2127	2.191386
2129	2128	3.916520
2129	2130	1.155841
2129	2522	0.304348
2129	2523	0.133366
2129	2525	0.326377
2129	2534	1.244752
2129	3496	3.645345
2129	3497	0.044455
2129	3875	0.044455
2129	3925	0.652753
2129	3926	0.606128
2130	2126	0.318182
2130	2127	0.429058
2130	2129	1.155841
2130	2131	1.000000
2130	2132	1.778217
2130	2134	2.727273
2130	2525	0.381385
2130	3496	3.136364
2130	3926	0.286039
2130	3927	0.190693
2131	2094	0.095346
2131	2121	3.003407
2131	2122	0.577920
2131	2123	0.047673
2131	2130	1.000000
2131	2132	4.623364
2131	2525	0.095346
2131	3495	0.622376
2131	3499	1.363636
2132	2122	0.043478
2132	2123	0.279751
2132	2124	0.139876
2132	2130	1.778217
2132	2131	4.623364
2132	2133	1.492008
2132	2134	0.355643
2132	2135	0.046625
2132	3495	1.130435
2132	3496	0.622376
2132	3497	0.489010
2133	2132	1.492008
2133	2134	1.001136
2133	3498	0.139876
2133	3499	0.286039
2133	3500	0.250000
2133	3519	0.046625
2133	3520	0.429058
2133	3521	2.450000
2134	2124	0.095346
2134	2125	0.715097
2134	2126	0.590909
2134	2130	2.727273
2134	2132	0.355643
2134	2133	1.001136
2134	2135	3.146427
2134	3521	0.381385
2134	3926	0.190693
2134	3927	0.715097
2134	3928	0.143019
2134	3930	0.045455
2135	2123	0.050000
2135	2124	0.650000
2135	2125	0.500000
2135	2132	0.046625
2135	2134	3.146427
2135	2136	2.750889
2135	3929	1.445382
2135	3930	0.190693
2136	2122	0.043478
2136	2123	0.932505
2136	2124	1.352132
2136	2135	2.750889
2136	2137	4.445542
2136	2752	0.311188
2136	2753	0.266733
2136	2754	0.186501
2136	3929	0.695652
2137	2122	0.622376
2137	2123	0.333712
2137	2136	4.445542
2137	2138	1.378118
2137	2139	0.333712
2137	2752	0.045455
2137	2753	0.227273
2137	2754	0.429058
2137	3484	1.733761
2138	2137	1.378118
2138	2139	3.963145
2138	2759	0.130435
2138	2760	0.792629
2138	2761	3.022969
2138	3483	1.119006
2138	3484	0.608696
2138	3485	0.444554
2139	2078	0.476731
2139	2137	0.333712
2139	2138	3.963145
2139	2140	3.450000
2139	2758	0.046625
2139	2759	0.792629
2139	2760	0.400000
2139	3484	0.326377
2140	2077	0.905789
2140	2078	0.715097
2140	2139	3.450000
2140	2141	3.123891
2140	2758	0.792629
2140	2759	1.119006
2141	2012	0.233126
2141	2076	0.222277
2141	2077	0.266733
2141	2140	3.123891
2141	2142	4.130435
2141	2756	0.046625
2141	2757	0.792629
2141	2758	2.260870
2142	2012	1.631883
2142	2141	4.130435
2142	2143	3.496893
2142	2755	0.043478
2142	2756	0.792629
2142	2757	1.398757
2143	2012	0.350000
2143	2142	3.496893
2143	2144	3.916520
2143	2755	0.932505
2143	2756	0.450000
2144	2143	3.916520
2144	2145	1.956039
2144	2750	3.590144
2144	2752	0.489010
2144	2753	0.711287
2144	2755	1.130435
2145	2144	1.956039
2145	2146	1.239501
2145	2229	0.524404
2145	2230	0.381385
2145	2367	0.800198
2145	2368	0.762770
2145	2369	0.381385
2145	2748	0.047673
2145	2750	0.619751
2145	2753	1.272727
2146	2145	1.239501
2146	2147	1.850000
2146	2229	2.900000
2146	2368	0.250000
2146	2369	0.100000
2147	2146	1.850000
2147	2148	3.950000
2147	2226	0.139876
2147	2228	1.001136
2147	2229	0.050000
2148	2147	3.950000
2148	2149	2.717368
2148	2226	0.792629
2148	2228	0.381385
2149	2148	2.717368
2149	2150	4.528947
2149	2224	0.355643
2149	2225	0.667424
2149	2226	1.733761
2150	2149	4.528947
2150	2151	3.030641
2150	2224	0.792629
2151	2150	3.030641
2151	2152	3.608696
2151	2223	0.932505
2151	2224	2.652174
2152	2151	3.608696
2152	2153	4.289522
2152	2221	0.260870
2152	2222	0.792629
2152	2223	1.725134
2153	2152	4.289522
2153	2154	3.650000
2153	2220	0.046625
2153	2221	0.885880
2153	2222	0.150000
2154	2153	3.650000
2154	2155	3.077266
2154	2220	0.792629
2154	2221	1.212256
2154	2488	0.093250
2154	2489	0.326377
2155	2154	3.077266
2155	2156	4.849025
2155	2218	0.173913
2155	2219	0.932505
2155	2220	2.652174
2156	2155	4.849025
2156	2157	2.191386
2156	2218	0.792629
2156	2219	0.350000
2157	2156	2.191386
2157	2158	3.869565
2157	2216	0.046625
2157	2217	1.072381
2157	2218	2.826087
2158	2157	3.869565
2158	2159	3.304348
2158	2215	0.046625
2158	2216	0.792629
2158	2217	1.492008
2159	2158	3.304348
2159	2160	4.802400
2159	2164	0.326377
2159	2165	0.186501
2159	2214	0.043478
2159	2215	0.746004
2159	2216	1.585258
2160	2159	4.802400
2160	2161	3.310392
2160	2163	0.093250
2160	2164	0.650000
2160	2214	0.699379
2160	2215	0.100000
2161	2160	3.310392
2161	2162	1.155841
2161	2163	0.826087
2161	2164	0.093250
2161	2214	1.782609
2162	2161	1.155841
2162	2163	2.400593
2162	2186	0.088911
2162	2187	0.238366
2162	2214	0.177822
2163	2160	0.093250
2163	2161	0.826087
2163	2162	2.400593
2163	2164	4.289522
2163	2184	0.043478
2163	2185	0.932505
2163	2186	2.260870
2163	2214	0.086957
2163	2215	0.139876
2164	2159	0.326377
2164	2160	0.650000
2164	2161	0.093250
2164	2163	4.289522
2164	2165	3.100000
2164	2184	0.792629
2164	2185	0.400000
2164	2214	0.093250
2164	2215	0.800000
2164	2216	0.150000
2165	2159	0.186501
2165	2164	3.100000
2165	2166	2.150000
2165	2181	0.279751
2165	2183	0.652753
2165	2184	1.025755
2165	2215	0.050000
2165	2216	0.900000
2166	2165	2.150000
2166	2167	2.288310
2166	2180	1.445382
2166	2181	2.844140
2166	2182	0.715097
2166	2183	0.559503
2167	1769	0.905789
2167	1770	0.143019
2167	1791	0.444554
2167	2166	2.288310
2167	2168	4.818182
2167	2180	0.577920
2167	2182	2.454545
2168	1768	0.572078
2168	1769	0.858116
2168	1791	0.577920
2168	1792	0.400099
2168	2167	4.818182
2168	2169	3.778711
2168	2180	0.800198
2169	1792	0.478261
2169	1793	0.400099
2169	2168	3.778711
2169	2170	3.543518
2169	2178	0.130435
2169	2179	0.792629
2169	2180	1.043478
2170	1793	0.333712
2170	2169	3.543518
2170	2171	2.900000
2170	2178	0.792629
2170	2179	0.350000
2171	2170	2.900000
2171	2172	2.611013
2171	2177	0.932505
2171	2178	1.492008
2172	2171	2.611013
2172	2173	4.802400
2172	2176	1.333663
2172	2177	2.869565
2173	2172	4.802400
2173	2174	3.000000
2173	2176	2.049945
2174	2173	3.000000
2174	2175	1.165631
2174	2176	0.143019
2175	2007	0.400099
2175	2174	1.165631
2175	2176	1.155841
2175	2700	0.046625
2176	2172	1.333663
2176	2173	2.049945
2176	2174	0.143019
2176	2175	1.155841
2176	2177	2.533959
2177	2171	0.932505
2177	2172	2.869565
2177	2176	2.533959
2177	2178	4.000000
2178	2169	0.130435
2178	2170	0.792629
2178	2171	1.492008
2178	2177	4.000000
2178	2179	4.522648
2179	2169	0.792629
2179	2170	0.350000
2179	2178	4.522648
2179	2180	3.963145
2180	2166	1.445382
2180	2167	0.577920
2180	2168	0.800198
2180	2169	1.043478
2180	2179	3.963145
2180	2181	1.913043
2181	2165	0.279751
2181	2166	2.844140
2181	2180	1.913043
2181	2182	1.200296
2181	2183	0.173913
2182	1769	0.190693
2182	1770	0.190693
2182	1790	1.022475
2182	1791	0.666831
2182	2166	0.715097
2182	2167	2.454545
2182	2181	1.200296
2182	2183	3.734255
2183	1770	0.652753
2183	1771	0.347826
2183	2165	0.652753
2183	2166	0.559503
2183	2181	0.173913
2183	2182	3.734255
2183	2184	4.000000
2184	1771	0.434783
2184	2163	0.043478
2184	2164	0.792629
2184	2165	1.025755
2184	2183	4.000000
2184	2185	3.683394
2184	2215	0.093250
2184	2216	0.139876
2185	2163	0.932505
2185	2164	0.400000
2185	2184	3.683394
2185	2186	3.123891
2185	2215	1.000000
2186	2162	0.088911
2186	2163	2.260870
2186	2185	3.123891
2186	2187	3.916520
2186	2214	0.695652
2186	2215	0.373002
2187	2162	0.238366
2187	2186	3.916520
2187	2188	1.144155
2187	2213	0.050000
2187	2214	0.046625
2188	2187	1.144155
2188	2189	2.667325
2188	2197	1.600395
2188	2198	3.818182
2188	2199	0.088911
2188	2213	0.047673
2189	2188	2.667325
2189	2190	3.652174
2189	2196	0.885880
2189	2197	2.000000
2189	2198	0.444554
2189	2199	0.217391
2189	2200	0.139876
2189	2212	0.304348
2190	2189	3.652174
2190	2191	4.043478
2190	2195	0.792629
2190	2196	0.746004
2190	2199	0.260870
2190	2200	1.492008
2190	2201	0.466252
2190	2210	0.347826
2190	2211	0.839254
2190	2212	0.173913
2191	2190	4.043478
2191	2192	1.111386
2191	2193	1.778217
2191	2194	0.489010
2191	2195	0.932505
2191	2200	0.046625
2191	2201	0.885880
2191	2210	0.130435
2191	2211	0.046625
2192	2191	1.111386
2192	2193	4.272727
2192	3829	0.143019
2192	3830	0.381385
2192	3842	1.022475
2192	3843	1.144155
2193	2191	1.778217
2193	2192	4.272727
2193	2194	3.772727
2193	2201	0.047673
2193	2202	0.143019
2193	3830	1.048809
2193	3831	0.238366
2194	2191	0.489010
2194	2193	3.772727
2194	2195	2.955734
2194	2201	0.095346
2194	3830	0.858116
2194	3831	0.810443
2195	2190	0.792629
2195	2191	0.932505
2195	2194	2.955734
2195	2196	3.500000
2195	2201	0.050000
2196	2189	0.885880
2196	2190	0.746004
2196	2195	3.500000
2196	2197	3.963145
2196	2199	0.046625
2196	2200	0.550000
2197	2188	1.600395
2197	2189	2.000000
2197	2196	3.963145
2197	2198	1.200296
2197	2199	1.130435
2197	2200	0.326377
2198	2188	3.818182
2198	2189	0.444554
2198	2197	1.200296
2198	2199	1.911583
2198	2212	0.222277
2199	2188	0.088911
2199	2189	0.217391
2199	2190	0.260870
2199	2196	0.046625
2199	2197	1.130435
2199	2198	1.911583
2199	2200	4.522648
2199	2210	0.043478
2199	2211	0.792629
2199	2212	1.217391
2200	2189	0.139876
2200	2190	1.492008
2200	2191	0.046625
2200	2196	0.550000
2200	2197	0.326377
2200	2199	4.522648
2200	2201	3.600000
2200	2209	0.046625
2200	2210	0.606128
2200	2211	0.300000
2201	2190	0.466252
2201	2191	0.885880
2201	2193	0.047673
2201	2194	0.095346
2201	2195	0.050000
2201	2200	3.600000
2201	2202	2.650000
2201	2208	0.046625
2201	2209	0.839254
2201	2210	1.538633
2202	2193	0.143019
2202	2201	2.650000
2202	2203	3.403643
2202	2208	0.792629
2202	2209	0.699379
2202	3776	0.046625
2202	3777	0.200000
2203	2202	3.403643
2203	2204	1.022475
2203	2205	1.467029
2203	2206	0.186501
2203	2207	0.444554
2203	2208	0.130435
2203	3776	0.304348
2203	3777	0.046625
2204	2203	1.022475
2204	2205	4.409091
2204	3796	0.590909
2204	3797	0.311188
2205	2203	1.467029
2205	2204	4.409091
2205	2206	1.668560
2205	2207	3.090909
2205	3776	0.577920
2205	3796	0.318182
2206	2203	0.186501
2206	2205	1.668560
2206	2207	1.191828
2207	2203	0.444554
2207	2205	3.090909
2207	2206	1.191828
2207	2208	5.290195
2207	3776	0.133366
2207	3777	0.047673
2207	3795	0.333712
2208	2201	0.046625
2208	2202	0.792629
2208	2203	0.130435
2208	2207	5.290195
2208	2209	4.086957
2208	3777	0.419627
2208	3778	0.217391
2208	3794	0.043478
2209	2200	0.046625
2209	2201	0.839254
2209	2202	0.699379
2209	2208	4.086957
2209	2210	2.913043
2209	3778	0.695652
2209	3779	0.266733
2210	2190	0.347826
2210	2191	0.130435
2210	2199	0.043478
2210	2200	0.606128
2210	2201	1.538633
2210	2209	2.913043
2210	2211	4.802400
2211	2190	0.839254
2211	2191	0.046625
2211	2199	0.792629
2211	2200	0.300000
2211	2210	4.802400
2211	2212	2.191386
2212	2189	0.304348
2212	2190	0.173913
2212	2198	0.222277
2212	2199	1.217391
2212	2211	2.191386
2212	2213	0.792629
2213	2187	0.050000
2213	2188	0.047673
2213	2212	0.792629
2213	2214	0.746004
2214	2159	0.043478
2214	2160	0.699379
2214	2161	1.782609
2214	2162	0.177822
2214	2163	0.086957
2214	2164	0.093250
2214	2186	0.695652
2214	2187	0.046625
2214	2213	0.746004
2214	2215	3.263767
2215	2158	0.046625
2215	2159	0.746004
2215	2160	0.100000
2215	2163	0.139876
2215	2164	0.800000
2215	2165	0.050000
2215	2184	0.093250
2215	2185	1.000000
2215	2186	0.373002
2215	2214	3.263767
2215	2216	3.500000
2216	2157	0.046625
2216	2158	0.792629
2216	2159	1.585258
2216	2164	0.150000
2216	2165	0.900000
2216	2184	0.139876
2216	2215	3.500000
2216	2217	2.900000
2217	2157	1.072381
2217	2158	1.492008
2217	2216	2.900000
2217	2218	2.704264
2218	2155	0.173913
2218	2156	0.792629
2218	2157	2.826087
2218	2217	2.704264
2218	2219	4.336147
2219	2155	0.932505
2219	2156	0.350000
2219	2218	4.336147
2219	2220	2.750889
2219	2745	0.047673
2220	2153	0.046625
2220	2154	0.792629
2220	2155	2.652174
2220	2219	2.750889
2220	2221	3.565217
2221	2152	0.260870
2221	2153	0.885880
2221	2154	1.212256
2221	2220	3.565217
2221	2222	5.035526
2221	2489	0.217391
2221	2490	0.217391
2222	2152	0.792629
2222	2153	0.150000
2222	2221	5.035526
2222	2223	2.400000
2222	2490	0.699379
2222	2491	0.524404
2223	2151	0.932505
2223	2152	1.725134
2223	2222	2.400000
2223	2224	2.144761
2223	2491	0.095346
2224	2149	0.355643
2224	2150	0.792629
2224	2151	2.652174
2224	2223	2.144761
2224	2225	3.496893
2225	2149	0.667424
2225	2224	3.496893
2225	2226	3.310392
2226	2147	0.139876
2226	2148	0.792629
2226	2149	1.733761
2226	2225	3.310392
2226	2227	0.913043
2226	2228	3.689800
2227	2226	0.913043
2227	2228	2.578415
2227	2359	3.478261
2227	2361	0.093250
2228	2147	1.001136
2228	2148	0.381385
2228	2226	3.689800
2228	2227	2.578415
2228	2229	1.430194
2228	2362	0.045455
2229	2145	0.524404
2229	2146	2.900000
2229	2147	0.050000
2229	2228	1.430194
2229	2230	2.750000
2229	2367	0.792629
2229	2368	0.200000
2230	2145	0.381385
2230	2229	2.750000
2230	2231	3.150000
2230	2359	0.279751
2230	2366	0.792629
2230	2367	1.492008
2230	2753	0.143019
2231	2230	3.150000
2231	2232	1.865010
2231	2359	0.326377
2231	2365	0.200000
2231	2366	1.119006
2232	2231	1.865010
2232	2233	1.467029
2232	2362	2.044949
2232	2364	0.792629
2232	2365	1.165631
2232	3871	0.173913
2232	3872	0.130435
2233	2232	1.467029
2233	2234	3.909091
2233	2360	0.227273
2233	2361	0.715097
2233	2362	2.545455
2233	3533	0.088911
2233	3535	0.133366
2233	3870	0.905789
2233	3871	0.400099
2234	2233	3.909091
2234	2235	2.363636
2234	2360	0.454545
2234	2361	0.095346
2234	3535	0.800198
2234	3536	0.533465
2234	3869	0.524404
2234	3870	1.334848
2235	1723	0.143019
2235	2234	2.363636
2235	2236	3.194100
2235	2357	0.044455
2235	2358	0.454545
2235	2360	2.090909
2235	3536	0.533465
2235	3537	0.454545
2236	1722	0.715097
2236	1723	0.700000
2236	2235	3.194100
2236	2237	3.450000
2236	2334	0.046625
2236	2356	0.046625
2236	2357	0.839254
2236	2358	0.190693
2236	3537	0.333712
2236	3538	0.046625
2237	1721	0.905789
2237	1722	0.953463
2237	2236	3.450000
2237	2238	2.331262
2237	2356	0.792629
2237	2357	1.352132
2237	3669	0.046625
2238	1721	0.222277
2238	1738	0.266733
2238	1739	0.186501
2238	2237	2.331262
2238	2239	4.173913
2238	2354	0.046625
2238	2355	0.792629
2238	2356	2.478261
2239	1739	0.186501
2239	1740	0.373002
2239	2238	4.173913
2239	2240	4.130435
2239	2353	0.046625
2239	2354	0.792629
2239	2355	0.699379
2240	2030	0.177822
2240	2239	4.130435
2240	2241	4.009771
2240	2352	0.260870
2240	2353	0.792629
2240	2354	1.072381
2241	2029	1.025755
2241	2030	1.525540
2241	2240	4.009771
2241	2242	3.077266
2241	2352	0.792629
2241	2353	0.300000
2242	2028	0.512878
2242	2029	0.391304
2242	2241	3.077266
2242	2243	0.933564
2242	2244	0.043478
2242	2332	2.800692
2242	2333	0.608696
2242	2345	0.233126
2242	2346	0.622376
2242	2352	1.956522
2243	2242	0.933564
2243	2244	1.244752
2243	2245	0.524404
2243	2246	1.144155
2243	2247	2.045455
2243	2330	0.095346
2243	2331	1.334848
2243	2332	2.272727
2243	2336	0.711287
2243	2345	1.001136
2243	2346	0.181818
2244	2028	0.559503
2244	2242	0.043478
2244	2243	1.244752
2244	2245	1.119006
2244	2346	0.933564
2245	2243	0.524404
2245	2244	1.119006
2245	2246	4.000000
2245	2345	0.800000
2245	2346	1.239501
2245	3255	0.429058
2246	2243	1.144155
2246	2245	4.000000
2246	2247	2.669695
2246	2344	0.600000
2246	2345	0.350000
2246	3255	0.905789
2247	2243	2.045455
2247	2246	2.669695
2247	2248	3.689800
2247	2331	0.667424
2247	2336	0.088911
2247	2337	0.715097
2247	2338	0.133366
2247	2343	0.177822
2248	2247	3.689800
2248	2249	4.242897
2248	2329	0.043478
2248	2330	0.792629
2248	2331	1.352132
2248	2337	0.792629
2248	2338	0.782609
2248	2339	0.088911
2249	2248	4.242897
2249	2250	2.600000
2249	2329	0.792629
2249	2330	0.150000
2250	2249	2.600000
2250	2251	2.750000
2250	2328	0.792629
2250	2329	2.004885
2250	2853	0.572078
2251	2250	2.750000
2251	2252	3.850000
2251	2327	0.792629
2251	2328	1.725134
2251	2852	1.001136
2251	2853	0.810443
2252	2251	3.850000
2252	2253	2.191386
2252	2326	0.606128
2252	2327	0.979130
2252	2877	0.381385
2252	2879	0.512878
2252	3060	0.572078
2253	2252	2.191386
2253	2254	3.565217
2253	2325	0.606128
2253	2326	3.173913
2253	2878	0.044455
2253	2879	0.826087
2253	3060	0.044455
2254	2253	3.565217
2254	2255	4.336147
2254	2323	0.173913
2254	2324	0.979130
2254	2325	1.492008
2254	3113	0.130435
2255	2254	4.336147
2255	2256	3.000000
2255	2293	0.047673
2255	2323	0.792629
2255	2324	0.250000
2255	3114	0.139876
2256	2255	3.000000
2256	2257	1.001136
2256	2292	0.476731
2256	2293	0.667424
2256	2319	0.047673
2256	2320	1.300000
2256	2321	0.979130
2256	2323	0.885880
2256	2930	0.050000
2256	3045	0.095346
2256	3125	0.286039
2257	2256	1.001136
2257	2258	3.022969
2257	2291	0.533465
2257	2292	3.454545
2257	3045	0.454545
2257	3124	1.155841
2257	3125	1.318182
2257	3126	0.177822
2258	2257	3.022969
2258	2259	3.956522
2258	2290	0.792629
2258	2291	0.739130
2258	3045	0.044455
2258	3123	0.844653
2258	3124	0.695652
2259	2258	3.956522
2259	2260	3.173913
2259	2289	0.792629
2259	2290	2.004885
2259	3122	0.133366
2259	3123	0.222277
2260	2259	3.173913
2260	2261	4.149646
2260	2286	0.260870
2260	2288	0.839254
2260	2289	2.051511
2261	2260	4.149646
2261	2262	4.149646
2261	2285	0.333712
2261	2286	0.699379
2261	2288	0.050000
2261	3187	0.046625
2262	2261	4.149646
2262	2263	1.066930
2262	2283	0.217391
2262	2284	3.478261
2262	2285	0.800198
2262	2286	0.043478
2263	2262	1.066930
2263	2264	3.818182
2263	2283	0.489010
2263	2284	0.978019
2263	2285	3.545455
2264	2263	3.818182
2264	2265	4.534453
2264	2283	0.844653
2265	2264	4.534453
2265	2266	4.429398
2265	2281	0.217391
2265	2282	0.699379
2265	2283	0.869565
2266	2265	4.429398
2266	2267	2.950000
2266	2280	0.047673
2266	2281	0.979130
2266	2282	0.250000
2267	2266	2.950000
2267	2268	3.310392
2267	2279	0.050000
2267	2280	0.810443
2267	2281	1.165631
2268	2267	3.310392
2268	2269	4.391304
2268	2278	0.046625
2268	2279	1.025755
2268	2280	1.867128
2269	2268	4.391304
2269	2270	4.173913
2269	2278	0.792629
2269	2279	1.398757
2270	2269	4.173913
2270	2271	4.173913
2270	2277	0.792629
2270	2278	1.352132
2271	2270	4.173913
2271	2272	3.077266
2271	2275	0.260870
2271	2276	0.533465
2271	2277	0.699379
2272	2271	3.077266
2272	2273	1.258881
2272	2274	2.288310
2272	2275	1.025755
2273	2272	1.258881
2273	2274	5.023463
2274	2272	2.288310
2274	2273	5.023463
2274	2275	3.423068
2275	2271	0.260870
2275	2272	1.025755
2275	2274	3.423068
2275	2276	4.623364
2276	2271	0.533465
2276	2275	4.623364
2276	2277	4.242909
2277	2270	0.792629
2277	2271	0.699379
2277	2276	4.242909
2277	2278	2.650000
2278	2268	0.046625
2278	2269	0.792629
2278	2270	1.352132
2278	2277	2.650000
2278	2279	3.550000
2279	2267	0.050000
2279	2268	1.025755
2279	2269	1.398757
2279	2278	3.550000
2279	2280	3.051080
2280	2266	0.047673
2280	2267	0.810443
2280	2268	1.867128
2280	2279	3.051080
2280	2281	3.645345
2281	2265	0.217391
2281	2266	0.979130
2281	2267	1.165631
2281	2280	3.645345
2281	2282	4.895650
2282	2265	0.699379
2282	2266	0.250000
2282	2281	4.895650
2282	2283	4.522648
2283	2262	0.217391
2283	2263	0.489010
2283	2264	0.844653
2283	2265	0.869565
2283	2282	4.522648
2283	2284	3.826087
2284	2262	3.478261
2284	2263	0.978019
2284	2283	3.826087
2284	2285	1.244752
2284	2931	0.186501
2285	2261	0.333712
2285	2262	0.800198
2285	2263	3.545455
2285	2284	1.244752
2285	2286	3.511978
2285	2930	0.333712
2285	2931	0.429058
2286	2260	0.260870
2286	2261	0.699379
2286	2262	0.043478
2286	2285	3.511978
2286	2287	1.043478
2286	2288	3.776644
2286	2321	0.304348
2287	2286	1.043478
2287	2288	0.932505
2287	2321	1.086957
2287	2322	0.622376
2287	3249	0.885880
2287	3250	3.496893
2287	3265	0.046625
2288	2260	0.839254
2288	2261	0.050000
2288	2286	3.776644
2288	2287	0.932505
2288	2289	2.700000
2288	2319	0.143019
2288	2321	0.186501
2288	3250	0.350000
2289	2259	0.792629
2289	2260	2.051511
2289	2288	2.700000
2289	2290	2.350000
2289	2319	0.286039
2290	2258	0.792629
2290	2259	2.004885
2290	2289	2.350000
2290	2291	3.869895
2290	2319	0.047673
2291	2257	0.533465
2291	2258	0.739130
2291	2290	3.869895
2291	2292	1.333663
2291	2319	2.356137
2292	2256	0.476731
2292	2257	3.454545
2292	2291	1.333663
2292	2293	4.090909
2292	2319	0.590909
2292	3125	0.454545
2292	3126	0.177822
2293	2255	0.047673
2293	2256	0.667424
2293	2292	4.090909
2293	2294	4.576620
2293	2318	0.088911
2293	2319	0.681818
2293	3125	0.045455
2294	2293	4.576620
2294	2295	3.150000
2294	2318	0.932505
2294	2319	0.333712
2294	2324	0.050000
2295	2294	3.150000
2295	2296	2.611013
2295	2317	0.792629
2295	2318	1.492008
2295	2324	0.500000
2295	2325	0.050000
2295	3111	0.050000
2295	3112	0.046625
2296	2295	2.611013
2296	2297	4.869565
2296	2298	0.046625
2296	2316	0.792629
2296	2317	2.434783
2296	3447	0.222277
2297	2296	4.869565
2297	2298	1.445382
2297	2315	0.186501
2297	2316	0.279751
2297	3259	0.133366
2297	3447	0.088911
2298	2296	0.046625
2298	2297	1.445382
2298	2299	3.123891
2298	2315	0.650000
2298	2316	1.850000
2298	3258	0.047673
2298	3259	0.667424
2298	3260	0.143019
2298	3447	2.240637
2299	2298	3.123891
2299	2300	4.434783
2299	2314	0.792629
2299	2315	1.305507
2299	3166	0.093250
2299	3167	0.222277
2299	3259	0.133366
2299	4035	0.043478
2300	2299	4.434783
2300	2301	4.043478
2300	2313	0.792629
2300	2314	1.258881
2300	3166	0.512878
2300	3167	0.444554
2301	2300	4.043478
2301	2302	4.043478
2301	2312	0.792629
2301	2313	1.398757
2301	3149	0.046625
2301	3150	0.279751
2302	2301	4.043478
2302	2303	4.565217
2302	2307	0.046625
2302	2311	0.792629
2302	2312	1.631883
2302	3149	0.326377
2302	3150	0.233126
2303	2302	4.565217
2303	2304	2.578415
2303	2306	0.565217
2303	2307	0.046625
2303	2308	0.711287
2303	2311	0.606128
2304	2303	2.578415
2304	2305	1.048809
2304	2306	0.844653
2304	4037	0.190693
2304	4038	1.334848
2304	4039	2.049945
2305	2304	1.048809
2305	2306	0.979130
2305	3479	0.238366
2305	3480	1.239501
2305	3481	0.143019
2305	4038	0.150000
2305	4039	0.350000
2305	4040	1.950000
2306	2303	0.565217
2306	2304	0.844653
2306	2305	0.979130
2306	2307	1.445382
2306	2308	4.845641
2306	2309	0.533465
2306	4039	0.326377
2306	4040	0.046625
2307	2302	0.046625
2307	2303	0.046625
2307	2306	1.445382
2307	2308	2.860388
2307	2311	0.550000
2307	2769	0.050000
2307	2770	0.979130
2307	3105	0.050000
2307	3107	0.400000
2307	3108	3.766177
2308	2303	0.711287
2308	2306	4.845641
2308	2307	2.860388
2308	2309	1.409091
2308	2310	0.500000
2308	2311	2.002271
2308	2770	0.088911
2308	3105	0.286039
2308	3107	0.238366
2309	2306	0.533465
2309	2308	1.409091
2309	2310	1.136364
2309	2347	3.409091
2309	3104	0.090909
2310	2308	0.500000
2310	2309	1.136364
2310	2311	1.668560
2310	2347	0.181818
2310	3256	2.717368
2310	3257	0.143019
2310	4036	0.667424
2311	2302	0.792629
2311	2303	0.606128
2311	2307	0.550000
2311	2308	2.002271
2311	2310	1.668560
2311	2312	2.850000
2311	3108	0.095346
2311	3109	0.233126
2312	2301	0.792629
2312	2302	1.631883
2312	2311	2.850000
2312	2313	3.350000
2312	2771	0.715097
2312	3108	0.572078
2312	3109	0.326377
2313	2300	0.792629
2313	2301	1.398757
2313	2312	3.350000
2313	2314	3.550000
2313	2771	0.095346
2314	2299	0.792629
2314	2300	1.258881
2314	2313	3.550000
2314	2315	3.550000
2315	2297	0.186501
2315	2298	0.650000
2315	2299	1.305507
2315	2314	3.550000
2315	2316	3.600000
2316	2296	0.792629
2316	2297	0.279751
2316	2298	1.850000
2316	2315	3.600000
2316	2317	1.538633
2316	3447	0.667424
2317	2295	0.792629
2317	2296	2.434783
2317	2316	1.538633
2317	2318	3.608696
2317	3251	0.043478
2317	3447	1.244752
2318	2293	0.088911
2318	2294	0.932505
2318	2295	1.492008
2318	2317	3.608696
2318	2319	4.401087
2318	3251	0.304348
2319	2256	0.047673
2319	2288	0.143019
2319	2289	0.286039
2319	2290	0.047673
2319	2291	2.356137
2319	2292	0.590909
2319	2293	0.681818
2319	2294	0.333712
2319	2318	4.401087
2319	2320	1.048809
2319	2321	0.088911
2320	2256	1.300000
2320	2319	1.048809
2320	2321	3.730019
2320	2929	0.100000
2320	2930	0.600000
2321	2256	0.979130
2321	2286	0.304348
2321	2287	1.086957
2321	2288	0.186501
2321	2319	0.088911
2321	2320	3.730019
2321	2322	1.244752
2321	2323	3.913043
2322	2287	0.622376
2322	2321	1.244752
2322	2323	1.022475
2322	2339	2.000000
2322	3057	0.045455
2322	3250	0.667424
2322	3251	0.444554
2322	3264	0.409091
2322	3265	0.238366
2323	2254	0.173913
2323	2255	0.792629
2323	2256	0.885880
2323	2321	3.913043
2323	2322	1.022475
2323	2324	4.382773
2324	2254	0.979130
2324	2255	0.250000
2324	2294	0.050000
2324	2295	0.500000
2324	2323	4.382773
2324	2325	4.050000
2325	2253	0.606128
2325	2254	1.492008
2325	2295	0.050000
2325	2324	4.050000
2325	2326	1.445382
2325	3112	0.186501
2326	2252	0.606128
2326	2253	3.173913
2326	2325	1.445382
2326	2327	4.739130
2326	2878	0.577920
2326	3112	0.608696
2327	2251	0.792629
2327	2252	0.979130
2327	2326	4.739130
2327	2328	4.086957
2327	2852	0.088911
2327	2878	0.978019
2328	2250	0.792629
2328	2251	1.725134
2328	2327	4.086957
2328	2329	3.217391
2328	2852	0.177822
2328	2853	0.889108
2328	2876	0.043478
2329	2248	0.043478
2329	2249	0.792629
2329	2250	2.004885
2329	2328	3.217391
2329	2330	3.730019
2329	2853	0.266733
2329	2854	0.521739
2330	2243	0.095346
2330	2248	0.792629
2330	2249	0.150000
2330	2329	3.730019
2330	2331	2.900000
2330	2854	0.279751
2330	2855	0.326377
2331	2243	1.334848
2331	2247	0.667424
2331	2248	1.352132
2331	2330	2.900000
2331	2332	1.191828
2331	2336	0.792629
2331	2337	0.300000
2332	2242	2.800692
2332	2243	2.272727
2332	2331	1.191828
2332	2333	1.422574
2332	2335	0.772727
2332	2336	0.666831
2332	2345	0.476731
2333	2242	0.608696
2333	2332	1.422574
2333	2334	0.913043
2333	2335	2.622870
2333	2345	1.678509
2333	2349	0.885880
2333	2351	0.266733
2333	2352	3.347826
2333	2353	0.046625
2334	2236	0.046625
2334	2333	0.913043
2334	2335	1.555940
2334	2351	4.401087
2334	3538	0.521739
2334	3539	0.139876
2334	3667	0.046625
2334	3668	0.355643
2335	2332	0.772727
2335	2333	2.622870
2335	2334	1.555940
2335	2336	3.334157
2335	2345	0.667424
2335	2351	0.227273
2336	2243	0.711287
2336	2247	0.088911
2336	2331	0.792629
2336	2332	0.666831
2336	2335	3.334157
2336	2337	5.035526
2336	2343	0.130435
2336	2344	0.885880
2336	2345	1.538633
2337	2247	0.715097
2337	2248	0.792629
2337	2331	0.300000
2337	2336	5.035526
2337	2338	3.543518
2337	2343	0.699379
2337	2344	0.150000
2338	2247	0.133366
2338	2248	0.782609
2338	2337	3.543518
2338	2339	1.111386
2338	2340	2.934058
2338	2341	0.622376
2338	2343	1.173913
2339	2248	0.088911
2339	2322	2.000000
2339	2338	1.111386
2339	2340	1.136364
2339	3251	0.889108
2339	3252	1.239501
2339	3263	0.619751
2339	3264	0.681818
2340	2338	2.934058
2340	2339	1.136364
2340	2341	2.590909
2340	3252	0.238366
2340	3253	0.190693
2340	3263	0.619751
2341	2338	0.622376
2341	2340	2.590909
2341	2342	1.818182
2341	2343	3.200790
2341	3253	0.143019
2341	3254	0.810443
2341	3258	0.045455
2341	3260	0.045455
2341	3262	0.227273
2341	3263	0.143019
2341	4015	0.755742
2341	4016	0.454545
2342	2341	1.818182
2342	2343	1.378118
2342	2350	2.934058
2342	2351	0.181818
2342	3538	0.355643
2342	3539	0.047673
2342	4015	0.355643
2342	4016	0.409091
2343	2247	0.177822
2343	2336	0.130435
2343	2337	0.699379
2343	2338	1.173913
2343	2341	3.200790
2343	2342	1.378118
2343	2344	4.569274
2343	3254	0.233126
2343	4014	0.044455
2344	2246	0.600000
2344	2336	0.885880
2344	2337	0.150000
2344	2343	4.569274
2344	2345	2.900000
2344	2349	0.200000
2344	3255	0.524404
2345	2242	0.233126
2345	2243	1.001136
2345	2245	0.800000
2345	2246	0.350000
2345	2332	0.476731
2345	2333	1.678509
2345	2335	0.667424
2345	2336	1.538633
2345	2344	2.900000
2345	2346	1.287174
2345	2348	0.050000
2345	2349	1.700000
2345	3255	0.286039
2346	2028	3.098753
2346	2242	0.622376
2346	2243	0.181818
2346	2244	0.933564
2346	2245	1.239501
2346	2345	1.287174
2346	2347	0.909091
2346	2349	0.238366
2346	2352	0.044455
2347	2309	3.409091
2347	2310	0.181818
2347	2346	0.909091
2347	2348	1.001136
2347	3103	0.088911
2347	3104	0.181818
2347	3256	0.476731
2348	2345	0.050000
2348	2347	1.001136
2348	2349	1.600000
2348	3256	0.250000
2349	2333	0.885880
2349	2344	0.200000
2349	2345	1.700000
2349	2346	0.238366
2349	2348	1.600000
2349	2350	0.979130
2349	2351	0.143019
2349	2352	1.072381
2350	2342	2.934058
2350	2349	0.979130
2350	2351	1.200296
2350	3537	0.044455
2350	3538	1.260870
2350	3539	0.186501
2350	3867	3.450268
2351	2333	0.266733
2351	2334	4.401087
2351	2335	0.227273
2351	2342	0.181818
2351	2349	0.143019
2351	2350	1.200296
2351	2352	0.933564
2351	3537	0.272727
2351	3538	0.533465
2351	3539	0.143019
2352	2029	0.043478
2352	2240	0.260870
2352	2241	0.792629
2352	2242	1.956522
2352	2333	3.347826
2352	2346	0.044455
2352	2349	1.072381
2352	2351	0.933564
2352	2353	4.615899
2353	2029	0.186501
2353	2030	0.572078
2353	2239	0.046625
2353	2240	0.792629
2353	2241	0.300000
2353	2333	0.046625
2353	2352	4.615899
2353	2354	3.350000
2354	2030	1.048809
2354	2031	0.606128
2354	2238	0.046625
2354	2239	0.792629
2354	2240	1.072381
2354	2353	3.350000
2354	2355	4.000000
2355	2031	0.373002
2355	2032	0.373002
2355	2238	0.792629
2355	2239	0.699379
2355	2354	4.000000
2355	2356	3.403643
2356	1721	0.088911
2356	1738	0.044455
2356	1739	0.046625
2356	2236	0.046625
2356	2237	0.792629
2356	2238	2.478261
2356	2355	3.403643
2356	2357	3.826087
2357	1721	0.577920
2357	1722	0.666831
2357	1723	0.093250
2357	1738	0.577920
2357	2235	0.044455
2357	2236	0.839254
2357	2237	1.352132
2357	2356	3.826087
2357	2358	4.401087
2358	1723	0.286039
2358	2235	0.454545
2358	2236	0.190693
2358	2357	4.401087
2358	2359	1.689306
2358	2360	2.181818
2359	2227	3.478261
2359	2230	0.279751
2359	2231	0.326377
2359	2358	1.689306
2359	2360	1.155841
2359	2361	0.093250
2360	1723	0.858116
2360	1724	0.286039
2360	2233	0.227273
2360	2234	0.454545
2360	2235	2.090909
2360	2358	2.181818
2360	2359	1.155841
2360	2361	4.767313
2361	1724	0.900000
2361	1725	0.279751
2361	2227	0.093250
2361	2233	0.715097
2361	2234	0.095346
2361	2359	0.093250
2361	2360	4.767313
2361	2362	2.860388
2362	2228	0.045455
2362	2232	2.044949
2362	2233	2.545455
2362	2361	2.860388
2362	2363	1.066930
2362	2364	0.953463
2362	3871	0.044455
2363	1727	3.245246
2363	2362	1.066930
2363	2364	1.305507
2363	2386	0.559503
2363	2387	0.222277
2363	2389	0.521739
2363	3533	0.043478
2363	3534	1.818384
2364	2232	0.792629
2364	2362	0.953463
2364	2363	1.305507
2364	2365	2.800000
2364	2388	0.326377
2364	2389	0.233126
2364	3871	0.419627
2364	3872	0.746004
2365	2231	0.200000
2365	2232	1.165631
2365	2364	2.800000
2365	2366	3.543518
2365	2388	0.279751
2365	3526	0.619751
2365	3872	1.072381
2365	3873	0.279751
2365	3875	0.047673
2365	3929	0.093250
2366	2125	0.139876
2366	2126	0.355643
2366	2230	0.792629
2366	2231	1.119006
2366	2365	3.543518
2366	2367	3.695652
2366	2753	0.755742
2366	3526	0.133366
2366	3929	0.217391
2367	2124	0.046625
2367	2125	0.839254
2367	2145	0.800198
2367	2229	0.792629
2367	2230	1.492008
2367	2366	3.695652
2367	2368	3.776644
2367	2752	0.133366
2367	2753	1.644851
2368	2145	0.762770
2368	2146	0.250000
2368	2229	0.200000
2368	2367	3.776644
2368	2369	1.300000
2368	2750	0.050000
2368	2751	0.046625
2368	2752	0.143019
2369	2145	0.381385
2369	2146	0.100000
2369	2368	1.300000
2369	2370	1.200000
2369	2749	0.792629
2369	2750	3.300000
2370	2369	1.200000
2370	2371	2.500000
2370	2693	0.792629
2370	2694	0.850000
2370	2725	0.572078
2370	2749	2.611013
2370	2750	0.200000
2370	2751	0.046625
2371	2370	2.500000
2371	2372	3.350000
2371	2692	0.715097
2371	2693	1.865010
2371	2724	0.932505
2371	2725	1.144155
2372	2371	3.350000
2372	2373	2.900000
2372	2691	0.885880
2372	2692	1.239501
2372	2723	0.800000
2372	2724	0.652753
2373	2372	2.900000
2373	2374	2.950000
2373	2664	0.050000
2373	2665	0.100000
2373	2690	0.979130
2373	2691	2.098136
2374	2373	2.950000
2374	2375	3.200000
2374	2482	0.279751
2374	2682	0.046625
2374	2683	0.300000
2374	2689	0.792629
2374	2690	1.585258
2375	2374	3.200000
2375	2376	3.869895
2375	2397	0.950000
2375	2482	1.352132
2375	2682	0.046625
2375	2683	0.250000
2375	2688	0.792629
2375	2689	1.445382
2376	2375	3.869895
2376	2377	1.244752
2376	2396	0.746004
2376	2397	0.373002
2376	2482	0.130435
2376	2685	2.652174
2376	2686	0.699379
2376	2687	0.711287
2376	2688	1.608696
2377	2376	1.244752
2377	2378	4.409091
2377	2395	0.429058
2377	2396	0.190693
2377	2492	0.622376
2377	2493	0.476731
2377	2523	0.590909
2377	2685	0.266733
2377	2686	0.858116
2377	2687	2.954545
2378	2377	4.409091
2378	2379	4.227273
2378	2394	0.266733
2378	2395	0.333712
2378	2492	0.133366
2378	2493	1.382521
2378	2494	0.044455
2378	2522	0.177822
2378	2523	0.545455
2379	2128	0.238366
2379	2378	4.227273
2379	2380	1.620886
2379	2493	0.095346
2379	2494	0.489010
2379	2495	0.181818
2379	2496	3.289701
2379	2522	0.711287
2380	2379	1.620886
2380	2381	2.004885
2380	2393	0.715097
2380	2394	0.932505
2380	2493	0.050000
2380	2494	0.373002
2380	2496	0.326377
2381	2380	2.004885
2381	2382	4.134354
2381	2392	0.792629
2381	2393	2.445048
2381	3785	0.347826
2382	2381	4.134354
2382	2383	3.861523
2382	2390	0.133366
2382	2391	0.715097
2382	2392	1.001136
2382	3785	1.022475
2382	3786	0.047673
2382	3855	0.044455
2383	2382	3.861523
2383	2384	3.550000
2383	2390	0.979130
2383	2391	0.150000
2383	3785	0.139876
2383	3855	1.165631
2384	2383	3.550000
2384	2385	1.100000
2384	2386	1.950000
2384	2387	0.095346
2384	2389	0.606128
2384	2390	1.258881
2384	3854	0.050000
2384	3855	0.979130
2384	3856	0.559503
2385	2384	1.100000
2385	2386	2.950000
2385	3534	1.400000
2385	3672	0.150000
2385	3673	0.606128
2385	3853	0.286039
2385	3856	0.139876
2385	3857	2.574349
2386	1727	0.333712
2386	2363	0.559503
2386	2384	1.950000
2386	2385	2.950000
2386	2387	3.146427
2386	2389	1.258881
2386	3534	0.650000
2386	3673	0.046625
2386	3674	0.476731
2387	2363	0.222277
2387	2384	0.095346
2387	2386	3.146427
2387	2388	0.978019
2387	2389	0.978019
2387	3674	0.500000
2387	3675	0.858116
2388	2364	0.326377
2388	2365	0.279751
2388	2387	0.978019
2388	2389	1.130435
2388	3872	0.217391
2388	3873	0.913043
2388	3875	4.045443
2388	3876	0.186501
2389	1727	0.622376
2389	2363	0.521739
2389	2364	0.233126
2389	2384	0.606128
2389	2386	1.258881
2389	2387	0.978019
2389	2388	1.130435
2389	2390	4.304348
2389	2494	0.217391
2389	2495	0.044455
2390	1727	0.044455
2390	2382	0.133366
2390	2383	0.979130
2390	2384	1.258881
2390	2389	4.304348
2390	2391	3.450268
2390	2494	0.565217
2391	2382	0.715097
2391	2383	0.150000
2391	2390	3.450268
2391	2392	3.500000
2391	2494	0.046625
2391	3785	0.046625
2392	2381	0.792629
2392	2382	1.001136
2392	2391	3.500000
2392	2393	3.146427
2392	3785	1.258881
2393	2380	0.715097
2393	2381	2.445048
2393	2392	3.146427
2393	2394	3.689800
2393	2494	0.044455
2393	3785	0.755742
2394	2378	0.266733
2394	2380	0.932505
2394	2393	3.689800
2394	2395	4.149646
2394	2492	0.304348
2394	2493	0.606128
2395	2377	0.429058
2395	2378	0.333712
2395	2394	4.149646
2395	2396	1.150000
2395	2491	0.524404
2395	2492	0.792629
2396	2376	0.746004
2396	2377	0.190693
2396	2395	1.150000
2396	2397	3.700000
2396	2490	0.932505
2396	2491	2.288310
2396	2687	0.047673
2396	2688	0.139876
2397	2375	0.950000
2397	2376	0.373002
2397	2396	3.700000
2397	2398	2.450000
2397	2482	0.046625
2397	2489	0.652753
2397	2490	1.212256
2397	2688	0.139876
2397	2689	1.538633
2397	2690	0.093250
2398	2397	2.450000
2398	2399	2.622022
2398	2482	0.512878
2398	2488	0.932505
2398	2489	1.585258
2398	2689	0.186501
2398	2690	0.979130
2399	2398	2.622022
2399	2400	4.178810
2399	2487	0.667424
2399	2488	2.178316
2400	2399	4.178810
2400	2401	4.347826
2400	2486	0.792629
2400	2487	1.352132
2401	2400	4.347826
2401	2402	3.683394
2401	2484	0.130435
2401	2485	0.746004
2401	2486	1.352132
2402	2401	3.683394
2402	2403	2.937390
2402	2484	0.885880
2402	2485	0.450000
2403	2402	2.937390
2403	2404	1.305507
2403	2483	0.133366
2403	2484	0.043478
2404	2403	1.305507
2404	2405	3.200000
2404	2406	0.046625
2404	2479	0.046625
2404	2480	2.300000
2404	2481	0.792629
2404	2483	0.524404
2405	2404	3.200000
2405	2406	1.025755
2405	2479	0.186501
2405	2483	0.381385
2405	2484	0.279751
2406	2404	0.046625
2406	2405	1.025755
2406	2407	4.089899
2406	2479	1.304348
2406	2480	0.186501
2406	2481	1.130435
2406	2483	2.089405
2406	2484	0.478261
2407	2406	4.089899
2407	2408	3.718504
2407	2478	0.044455
2407	2479	0.577920
2408	2407	3.718504
2408	2409	3.300000
2408	2478	0.885880
2408	2479	0.233126
2409	2408	3.300000
2409	2410	1.865010
2409	2477	0.810443
2409	2478	1.398757
2410	2409	1.865010
2410	2411	3.913043
2410	2475	0.046625
2410	2476	0.792629
2410	2477	2.934058
2411	2410	3.913043
2411	2412	3.913043
2411	2475	0.792629
2411	2476	1.258881
2412	2411	3.913043
2412	2413	3.521739
2412	2473	0.046625
2412	2474	0.792629
2412	2475	1.398757
2413	2412	3.521739
2413	2414	4.476023
2413	2472	0.173913
2413	2473	0.979130
2413	2474	1.445382
2414	2413	4.476023
2414	2415	3.450000
2414	2472	0.652753
2414	2473	0.250000
2415	2414	3.450000
2415	2416	3.150000
2415	2471	0.932505
2415	2472	1.445382
2415	3696	0.047673
2416	2415	3.150000
2416	2417	2.424513
2416	2470	0.839254
2416	2471	0.932505
2416	3695	2.765042
2416	3696	0.238366
2417	2416	2.424513
2417	2418	2.331262
2417	2467	0.913043
2417	2468	0.266733
2417	3695	1.822672
2417	3697	0.043478
2418	2417	2.331262
2418	2419	1.906925
2418	2467	0.979130
2418	2468	0.619751
2418	3694	0.476731
2418	3695	2.860388
2419	2418	1.906925
2419	2420	4.089899
2419	2467	0.800198
2419	2468	2.954545
2420	2419	4.089899
2420	2421	4.534453
2420	2466	0.792629
2420	2467	0.695652
2421	2420	4.534453
2421	2422	4.178810
2421	2463	0.047673
2421	2464	0.667424
2421	2465	0.190693
2421	2466	0.619751
2422	2421	4.178810
2422	2423	3.636769
2422	2424	0.800198
2422	2425	0.046625
2422	2460	0.266733
2422	2463	0.792629
2422	2464	1.212256
2422	2465	0.373002
2423	2422	3.636769
2423	2424	1.668560
2423	2425	0.300000
2423	2426	0.150000
2423	2427	0.186501
2423	2459	0.850000
2423	2460	0.619751
2424	2422	0.800198
2424	2423	1.668560
2424	2425	2.240637
2424	2464	0.381385
2424	2465	2.622022
2425	2422	0.046625
2425	2423	0.300000
2425	2424	2.240637
2425	2426	2.550000
2425	2460	0.047673
2425	2463	0.550000
2425	2464	0.600000
2426	2423	0.150000
2426	2425	2.550000
2426	2427	3.590144
2426	2460	0.667424
2426	2463	0.400000
2427	2423	0.186501
2427	2426	3.590144
2427	2428	4.178810
2427	2459	0.792629
2427	2460	1.911583
2428	2427	4.178810
2428	2429	4.052216
2428	2458	0.667424
2428	2459	1.477867
2429	2428	4.052216
2429	2430	1.811579
2429	2457	0.606128
2429	2458	0.550000
2430	2429	1.811579
2430	2431	3.778711
2430	2455	0.047673
2430	2456	0.715097
2430	2457	2.222771
2431	2430	3.778711
2431	2432	4.130435
2431	2455	0.792629
2431	2456	1.445382
2432	1696	0.236433
2432	1699	0.186501
2432	1701	0.157622
2432	2431	4.130435
2432	2433	4.304348
2432	2448	0.792629
2432	2454	0.746004
2432	2455	1.352132
2433	1673	0.104257
2433	1675	0.255377
2433	1677	0.329690
2433	1694	0.069505
2433	1696	0.709299
2433	2432	4.304348
2433	2434	4.755775
2433	2448	0.746004
2433	2453	0.746004
2433	2454	1.352132
2434	1677	0.070711
2434	2433	4.755775
2434	2435	3.400000
2434	2448	0.200000
2434	2450	0.047673
2434	2452	0.190693
2434	2453	0.150000
2435	2434	3.400000
2435	2436	1.287174
2435	2450	0.572078
2435	2451	0.333712
2435	2452	0.286039
2436	2435	1.287174
2436	2437	4.134354
2436	2450	0.454545
2436	2451	3.500000
2437	2436	4.134354
2437	2438	4.304348
2437	2449	0.466252
2437	2450	0.978019
2438	2437	4.304348
2438	2439	2.130435
2438	2449	1.119006
2439	2438	2.130435
2439	2440	3.913043
2439	2446	0.233126
2439	2447	0.266733
2440	2439	3.913043
2440	2441	2.130435
2440	2442	0.746004
2440	2443	0.043478
2440	2445	0.419627
2440	2446	0.559503
2441	2440	2.130435
2441	2442	2.890765
2441	2443	0.086957
2441	2444	0.373002
2441	2445	0.559503
2442	2440	0.746004
2442	2441	2.890765
2442	2443	2.377887
2442	2444	0.050000
2442	2445	0.050000
2443	2440	0.043478
2443	2441	0.086957
2443	2442	2.377887
2443	2444	4.709149
2443	2445	0.932505
2444	2441	0.373002
2444	2442	0.050000
2444	2443	4.709149
2444	2445	2.700000
2445	2440	0.419627
2445	2441	0.559503
2445	2442	0.050000
2445	2443	0.932505
2445	2444	2.700000
2445	2446	3.250000
2446	2439	0.233126
2446	2440	0.559503
2446	2445	3.250000
2446	2447	0.953463
2447	1673	0.213201
2447	2439	0.266733
2447	2446	0.953463
2447	2448	1.048809
2447	2449	0.810443
2448	1701	0.084515
2448	1702	0.169031
2448	2432	0.792629
2448	2433	0.746004
2448	2434	0.200000
2448	2447	1.048809
2448	2449	1.300000
2448	2450	0.762770
2449	2437	0.466252
2449	2438	1.119006
2449	2447	0.810443
2449	2448	1.300000
2449	2450	2.812715
2450	2434	0.047673
2450	2435	0.572078
2450	2436	0.454545
2450	2437	0.978019
2450	2448	0.762770
2450	2449	2.812715
2450	2451	0.818182
2451	2435	0.333712
2451	2436	3.500000
2451	2450	0.818182
2451	2452	4.318182
2452	2434	0.190693
2452	2435	0.286039
2452	2451	4.318182
2452	2453	4.242909
2453	2433	0.746004
2453	2434	0.150000
2453	2452	4.242909
2453	2454	2.750000
2454	2432	0.746004
2454	2433	1.352132
2454	2453	2.750000
2454	2455	3.400000
2455	1695	0.298142
2455	2430	0.047673
2455	2431	0.792629
2455	2432	1.352132
2455	2454	3.400000
2455	2456	2.950000
2456	1695	0.074536
2456	2430	0.715097
2456	2431	1.445382
2456	2455	2.950000
2456	2457	3.357017
2457	2429	0.606128
2457	2430	2.222771
2457	2456	3.357017
2457	2458	3.730019
2458	2428	0.667424
2458	2429	0.550000
2458	2457	3.730019
2458	2459	2.000000
2459	2423	0.850000
2459	2427	0.792629
2459	2428	1.477867
2459	2458	2.000000
2459	2460	2.240637
2460	2422	0.266733
2460	2423	0.619751
2460	2425	0.047673
2460	2426	0.667424
2460	2427	1.911583
2460	2459	2.240637
2460	2461	1.227273
2460	2462	0.090909
2460	2463	3.527812
2461	2460	1.227273
2461	2462	4.318182
2461	2463	0.143019
2461	3691	0.953463
2461	3692	0.238366
2461	3703	0.088911
2461	3704	0.755742
2462	2460	0.090909
2462	2461	4.318182
2462	2463	1.716233
2462	3690	0.429058
2462	3691	0.667424
2462	3704	0.755742
2462	3705	0.090909
2463	2421	0.047673
2463	2422	0.792629
2463	2425	0.550000
2463	2426	0.400000
2463	2460	3.527812
2463	2461	0.143019
2463	2462	1.716233
2463	2464	3.150000
2464	2421	0.667424
2464	2422	1.212256
2464	2424	0.381385
2464	2425	0.600000
2464	2463	3.150000
2464	2465	1.400000
2464	2466	0.600000
2464	3757	0.046625
2465	2421	0.190693
2465	2422	0.373002
2465	2424	2.622022
2465	2464	1.400000
2465	2466	3.150000
2466	2420	0.792629
2466	2421	0.619751
2466	2464	0.600000
2466	2465	3.150000
2466	2467	4.056396
2467	2417	0.913043
2467	2418	0.979130
2467	2419	0.800198
2467	2420	0.695652
2467	2466	4.056396
2467	2468	1.555940
2468	2417	0.266733
2468	2418	0.619751
2468	2419	2.954545
2468	2467	1.555940
2468	2469	4.863636
2468	3695	0.363636
2469	2468	4.863636
2469	2470	3.334157
2469	3695	0.818182
2470	2416	0.839254
2470	2469	3.334157
2470	2471	4.173913
2470	3695	2.489504
2470	3696	0.177822
2471	2415	0.932505
2471	2416	0.932505
2471	2470	4.173913
2471	2472	3.826087
2471	3696	0.489010
2472	2413	0.173913
2472	2414	0.652753
2472	2415	1.445382
2472	2471	3.826087
2472	2473	4.336147
2472	3696	1.333663
2473	2412	0.046625
2473	2413	0.979130
2473	2414	0.250000
2473	2472	4.336147
2473	2474	3.350000
2474	2412	0.792629
2474	2413	1.445382
2474	2473	3.350000
2474	2475	2.900000
2475	2410	0.046625
2475	2411	0.792629
2475	2412	1.398757
2475	2474	2.900000
2475	2476	3.450000
2476	2410	0.792629
2476	2411	1.258881
2476	2475	3.450000
2476	2477	3.051080
2477	2409	0.810443
2477	2410	2.934058
2477	2476	3.051080
2477	2478	3.600889
2478	2407	0.044455
2478	2408	0.885880
2478	2409	1.398757
2478	2477	3.600889
2478	2479	4.913043
2479	2404	0.046625
2479	2405	0.186501
2479	2406	1.304348
2479	2407	0.577920
2479	2408	0.233126
2479	2478	4.913043
2479	2480	1.119006
2480	2404	2.300000
2480	2406	0.186501
2480	2479	1.119006
2480	2481	3.683394
2481	2404	0.792629
2481	2406	1.130435
2481	2480	3.683394
2481	2482	1.000000
2481	2483	4.356631
2482	2374	0.279751
2482	2375	1.352132
2482	2376	0.130435
2482	2397	0.046625
2482	2398	0.512878
2482	2481	1.000000
2482	2483	1.155841
2483	2403	0.133366
2483	2404	0.524404
2483	2405	0.381385
2483	2406	2.089405
2483	2481	4.356631
2483	2482	1.155841
2483	2484	3.334157
2484	2401	0.130435
2484	2402	0.885880
2484	2403	0.043478
2484	2405	0.279751
2484	2406	0.478261
2484	2483	3.334157
2484	2485	4.522648
2485	2401	0.746004
2485	2402	0.450000
2485	2484	4.522648
2485	2486	2.950000
2486	2400	0.792629
2486	2401	1.352132
2486	2485	2.950000
2486	2487	3.100000
2487	2399	0.667424
2487	2400	1.352132
2487	2486	3.100000
2487	2488	3.543518
2488	2154	0.093250
2488	2398	0.932505
2488	2399	2.178316
2488	2487	3.543518
2488	2489	2.652174
2489	2154	0.326377
2489	2221	0.217391
2489	2397	0.652753
2489	2398	1.585258
2489	2488	2.652174
2489	2490	3.956522
2489	2689	0.086957
2489	2690	0.043478
2490	2221	0.217391
2490	2222	0.699379
2490	2396	0.932505
2490	2397	1.212256
2490	2489	3.956522
2490	2491	3.200790
2490	2688	0.043478
2490	2689	0.782609
2491	2222	0.524404
2491	2223	0.095346
2491	2395	0.524404
2491	2396	2.288310
2491	2490	3.200790
2491	2492	4.979007
2491	2687	0.136364
2491	2688	0.711287
2491	2689	0.222277
2492	2377	0.622376
2492	2378	0.133366
2492	2394	0.304348
2492	2395	0.792629
2492	2491	4.979007
2492	2493	4.289522
2492	2687	0.933564
2492	2688	0.217391
2493	2377	0.476731
2493	2378	1.382521
2493	2379	0.095346
2493	2380	0.050000
2493	2394	0.606128
2493	2492	4.289522
2493	2494	2.004885
2493	2687	0.095346
2494	2378	0.044455
2494	2379	0.489010
2494	2380	0.373002
2494	2389	0.217391
2494	2390	0.565217
2494	2391	0.046625
2494	2393	0.044455
2494	2493	2.004885
2494	2495	1.066930
2494	2496	0.043478
2495	2127	0.810443
2495	2128	0.953463
2495	2379	0.181818
2495	2389	0.044455
2495	2494	1.066930
2495	2496	1.600395
2495	3875	3.636364
2496	2128	1.072381
2496	2379	3.289701
2496	2380	0.326377
2496	2494	0.043478
2496	2495	1.600395
2496	2497	4.608696
2496	2520	0.046625
2496	2521	0.932505
2496	2522	0.739130
2496	2534	0.088911
2497	2128	1.119006
2497	2496	4.608696
2497	2498	3.173913
2497	2519	0.046625
2497	2520	0.792629
2497	2521	1.119006
2497	2534	0.177822
2497	2535	0.755742
2498	2497	3.173913
2498	2499	4.709149
2498	2511	0.046625
2498	2512	0.173913
2498	2513	0.046625
2498	2518	0.260870
2498	2519	0.606128
2498	2520	1.212256
2498	2535	1.600395
2498	2536	0.279751
2499	2498	4.709149
2499	2500	2.984015
2499	2518	0.792629
2499	2519	0.150000
2499	2536	0.150000
2500	2499	2.984015
2500	2501	4.569274
2500	2516	0.217391
2500	2517	0.885880
2500	2518	2.304348
2501	2500	4.569274
2501	2502	2.424513
2501	2516	0.792629
2501	2517	0.250000
2502	2501	2.424513
2502	2503	3.645345
2502	2515	0.792629
2502	2516	3.130435
2502	3694	0.622376
2503	2502	3.645345
2503	2504	3.467523
2503	2514	0.572078
2503	2515	1.525540
2503	3692	0.143019
2503	3693	0.590909
2503	3700	0.272727
2504	2503	3.467523
2504	2505	4.149646
2504	2512	0.043478
2504	2513	0.606128
2504	2514	1.538633
2504	3692	0.139876
2504	3700	0.400099
2504	3701	0.889108
2504	3703	0.086957
2505	2504	4.149646
2505	2506	2.750889
2505	2512	0.792629
2505	2513	0.300000
2505	3677	0.046625
2505	3701	0.095346
2505	3703	0.186501
2506	2505	2.750889
2506	2507	1.333663
2506	2508	0.093250
2506	2509	0.978019
2506	2510	0.533465
2506	2512	0.739130
2507	2506	1.333663
2507	2508	1.001136
2507	2509	3.363636
2507	3884	0.047673
2507	3885	0.400099
2507	3886	1.818182
2507	3921	0.044455
2508	2506	0.093250
2508	2507	1.001136
2508	2509	0.858116
2509	2506	0.978019
2509	2507	3.363636
2509	2508	0.858116
2509	2510	4.045455
2509	3884	0.858116
2509	3885	0.222277
2509	3921	0.088911
2509	3922	0.622376
2510	2506	0.533465
2510	2509	4.045455
2510	2511	1.334848
2510	2512	2.578415
2510	3883	0.476731
2510	3884	1.001136
2510	3922	0.800198
2510	3923	0.381385
2511	2498	0.046625
2511	2510	1.334848
2511	2512	1.165631
2511	3497	2.669695
2511	3882	0.046625
2511	3883	0.300000
2512	2498	0.173913
2512	2504	0.043478
2512	2505	0.792629
2512	2506	0.739130
2512	2510	2.578415
2512	2511	1.165631
2512	2513	4.522648
2512	3677	0.173913
2512	3923	0.792629
2512	3924	0.133366
2513	2498	0.046625
2513	2504	0.606128
2513	2505	0.300000
2513	2512	4.522648
2513	2514	3.300000
2513	3677	0.839254
2513	3923	0.050000
2513	3924	0.238366
2514	2503	0.572078
2514	2504	1.538633
2514	2513	3.300000
2514	2515	3.100000
2514	3700	1.287174
2514	3701	0.429058
2515	2502	0.792629
2515	2503	1.525540
2515	2514	3.100000
2515	2516	2.611013
2515	3699	0.300000
2515	3700	1.668560
2516	2500	0.217391
2516	2501	0.792629
2516	2502	3.130435
2516	2515	2.611013
2516	2517	3.263767
2516	3694	0.933564
2516	3698	0.173913
2516	3699	0.419627
2517	2500	0.885880
2517	2501	0.250000
2517	2516	3.263767
2517	2518	3.077266
2517	3698	0.093250
2518	2498	0.260870
2518	2499	0.792629
2518	2500	2.304348
2518	2517	3.077266
2518	2519	4.615899
2519	2497	0.046625
2519	2498	0.606128
2519	2499	0.150000
2519	2518	4.615899
2519	2520	3.950000
2520	2496	0.046625
2520	2497	0.792629
2520	2498	1.212256
2520	2519	3.950000
2520	2521	2.650000
2520	2535	0.667424
2520	2540	0.233126
2521	2496	0.932505
2521	2497	1.119006
2521	2520	2.650000
2521	2522	4.289522
2521	2524	0.792629
2521	2525	0.050000
2521	2534	0.905789
2521	2535	0.476731
2521	2540	0.419627
2522	2128	0.046625
2522	2129	0.304348
2522	2378	0.177822
2522	2379	0.711287
2522	2496	0.739130
2522	2521	4.289522
2522	2523	4.401087
2522	2524	0.608696
2522	2525	0.186501
2523	2127	0.143019
2523	2129	0.133366
2523	2377	0.590909
2523	2378	0.545455
2523	2522	4.401087
2523	2524	1.022475
2523	2684	0.266733
2523	2685	0.400099
2523	2686	3.289446
2524	2521	0.792629
2524	2522	0.608696
2524	2523	1.022475
2524	2525	1.025755
2524	2526	1.130435
2524	2540	3.478261
2524	2541	0.800198
2524	2684	3.782609
2524	2685	0.347826
2525	2129	0.326377
2525	2130	0.381385
2525	2131	0.095346
2525	2521	0.050000
2525	2522	0.186501
2525	2524	1.025755
2525	2526	1.212256
2525	2534	1.334848
2526	2524	1.130435
2526	2525	1.212256
2526	2527	3.776644
2526	2539	0.177822
2526	2540	0.173913
2526	2541	3.378612
2526	2655	0.844653
2527	2526	3.776644
2527	2528	1.631883
2527	2538	0.792629
2527	2539	0.333712
2527	2654	0.381385
2527	2655	1.525540
2528	2527	1.631883
2528	2529	3.608696
2528	2537	0.792629
2528	2538	2.956522
2528	2551	0.444554
2528	2552	0.933564
2528	2653	0.043478
2528	2654	0.533465
2529	2528	3.608696
2529	2530	4.739130
2529	2536	0.839254
2529	2537	1.911635
2529	2552	0.400099
2529	2553	0.304348
2530	2529	4.739130
2530	2531	1.022475
2530	2532	0.666831
2530	2533	1.958260
2530	2536	0.652753
2531	2530	1.022475
2531	2532	4.000000
2531	2634	2.089405
2531	3493	0.177822
2531	3503	1.111386
2531	3504	0.177822
2532	2530	0.666831
2532	2531	4.000000
2532	2533	2.526676
2532	3493	0.933564
2532	3494	1.001136
2532	3502	0.619751
2532	3503	1.289207
2533	2121	0.100000
2533	2530	1.958260
2533	2532	2.526676
2533	2534	1.096482
2533	3494	0.100000
2533	3495	0.373002
2533	3502	0.100000
2534	2128	0.572078
2534	2129	1.244752
2534	2496	0.088911
2534	2497	0.177822
2534	2521	0.905789
2534	2525	1.334848
2534	2533	1.096482
2534	2535	4.681818
2534	3496	0.090909
2535	2497	0.755742
2535	2498	1.600395
2535	2520	0.667424
2535	2521	0.476731
2535	2534	4.681818
2535	2536	1.573213
2536	2498	0.279751
2536	2499	0.150000
2536	2529	0.839254
2536	2530	0.652753
2536	2535	1.573213
2536	2537	2.850000
2537	2528	0.792629
2537	2529	1.911635
2537	2536	2.850000
2537	2538	2.424513
2537	2552	0.524404
2538	2527	0.792629
2538	2528	2.956522
2538	2537	2.424513
2538	2539	4.667819
2538	2551	0.978019
2538	2552	0.533465
2538	2654	0.222277
2539	2526	0.177822
2539	2527	0.333712
2539	2538	4.667819
2539	2540	1.289207
2539	2551	0.090909
2539	2654	0.409091
2539	2656	0.533465
2540	2520	0.233126
2540	2521	0.419627
2540	2524	3.478261
2540	2526	0.173913
2540	2539	1.289207
2540	2541	0.800198
2540	2656	0.391304
2540	2657	0.093250
2541	2524	0.800198
2541	2526	3.378612
2541	2540	0.800198
2541	2542	1.382521
2541	2543	0.429058
2541	2655	0.772727
2541	2656	0.400099
2541	2684	0.933564
2542	2541	1.382521
2542	2543	3.400000
2542	2662	0.792629
2542	2663	1.958260
2542	2683	1.650000
2542	2684	0.373002
2543	2541	0.429058
2543	2542	3.400000
2543	2544	2.704264
2543	2661	0.746004
2543	2662	1.445382
2544	2543	2.704264
2544	2545	3.170516
2544	2659	0.043478
2544	2660	0.792629
2544	2661	2.652174
2545	2544	3.170516
2545	2546	1.800000
2545	2547	0.762770
2545	2659	0.932505
2545	2660	0.200000
2546	2099	0.095346
2546	2100	0.400000
2546	2545	1.800000
2546	2547	1.048809
2547	2545	0.762770
2547	2546	1.048809
2547	2548	3.245246
2547	2658	0.810443
2547	2659	2.578415
2548	2547	3.245246
2548	2549	3.357017
2548	2656	0.043478
2548	2657	0.932505
2548	2658	1.305507
2549	2548	3.357017
2549	2550	3.650000
2549	2652	0.050000
2549	2656	0.932505
2549	2657	0.800000
2550	2549	3.650000
2550	2551	1.859252
2550	2651	0.050000
2550	2652	0.050000
2550	2653	1.771759
2550	2654	0.762770
2550	2656	1.072381
2551	2528	0.444554
2551	2538	0.978019
2551	2539	0.090909
2551	2550	1.859252
2551	2552	4.681818
2551	2652	0.047673
2551	2653	1.022475
2551	2654	3.545455
2552	2528	0.933564
2552	2529	0.400099
2552	2537	0.524404
2552	2538	0.533465
2552	2551	4.681818
2552	2553	3.467523
2552	2653	0.844653
2553	2529	0.304348
2553	2552	3.467523
2553	2554	4.086957
2553	2560	0.088911
2553	2652	0.839254
2553	2653	0.782609
2554	2553	4.086957
2554	2555	3.590144
2554	2560	0.133366
2554	2561	0.933564
2554	2650	0.130435
2554	2651	0.792629
2554	2652	1.212256
2555	2554	3.590144
2555	2556	1.000000
2555	2557	0.050000
2555	2561	1.906925
2555	2562	0.932505
2555	2650	0.792629
2555	2651	0.500000
2556	2555	1.000000
2556	2557	3.050000
2556	2562	0.139876
2556	2563	1.950000
2556	2636	0.792629
2556	2642	3.623158
2557	2555	0.050000
2557	2556	3.050000
2557	2558	2.900000
2557	2635	0.792629
2557	2636	1.352132
2558	2557	2.900000
2558	2559	4.150000
2558	2560	0.381385
2558	2634	0.699379
2558	2635	1.445382
2558	3505	0.050000
2559	2118	0.046625
2559	2558	4.150000
2559	2560	1.191828
2559	2561	0.047673
2559	2634	0.466252
2560	2553	0.088911
2560	2554	0.133366
2560	2558	0.381385
2560	2559	1.191828
2560	2561	3.727273
2560	2652	0.762770
2560	2653	0.355643
2561	2554	0.933564
2561	2555	1.906925
2561	2559	0.047673
2561	2560	3.727273
2561	2562	0.978019
2561	2650	0.044455
2561	2651	0.715097
2561	2652	1.620886
2562	2555	0.932505
2562	2556	0.139876
2562	2561	0.978019
2562	2563	1.258881
2562	2564	4.103021
2562	2648	0.086957
2562	2649	0.792629
2562	2650	2.521739
2563	2556	1.950000
2563	2562	1.258881
2563	2564	1.150000
2563	2642	0.953463
2564	2562	4.103021
2564	2563	1.150000
2564	2565	3.150000
2564	2648	0.792629
2564	2649	0.350000
2565	2564	3.150000
2565	2566	2.004885
2565	2647	0.667424
2565	2648	1.585258
2566	2565	2.004885
2566	2567	3.260870
2566	2646	0.746004
2566	2647	2.845147
2567	2566	3.260870
2567	2568	3.869565
2567	2645	0.699379
2567	2646	1.492008
2568	2567	3.869565
2568	2569	3.636769
2568	2644	0.746004
2568	2645	1.492008
2569	2568	3.636769
2569	2570	3.250000
2569	2587	0.186501
2569	2619	0.326377
2569	2620	0.100000
2569	2643	0.792629
2569	2644	0.100000
2570	2569	3.250000
2570	2571	2.192964
2570	2572	0.572078
2570	2585	0.046625
2570	2586	0.400000
2570	2587	0.419627
2570	2619	0.279751
2570	2620	0.750000
2570	2621	0.093250
2570	2640	0.050000
2570	2641	0.619751
2570	2643	1.025755
2571	2570	2.192964
2571	2572	1.863636
2571	2585	0.177822
2571	2586	0.143019
2571	2639	1.954598
2571	2640	0.286039
2571	2641	0.227273
2572	2570	0.572078
2572	2571	1.863636
2572	2573	1.333663
2572	2574	2.955734
2572	2621	0.088911
2572	2622	0.429058
2572	2639	0.381385
2572	2641	0.136364
2573	2572	1.333663
2573	2574	1.678509
2573	2575	1.304348
2573	2638	2.377887
2573	2639	2.238012
2573	2641	0.177822
2574	2572	2.955734
2574	2573	1.678509
2574	2575	4.476023
2574	2576	0.326377
2574	2577	0.050000
2574	2621	0.559503
2574	2622	0.600000
2574	2641	0.190693
2574	2643	0.279751
2575	2573	1.304348
2575	2574	4.476023
2575	2576	4.347826
2575	2577	0.373002
2575	2638	0.792629
2575	2641	0.088911
2575	2643	0.869565
2575	2644	0.186501
2576	2574	0.326377
2576	2575	4.347826
2576	2577	1.212256
2576	2633	2.797514
2576	2637	0.565217
2576	2638	0.466252
2577	2574	0.050000
2577	2575	0.373002
2577	2576	1.212256
2577	2578	1.191828
2578	2577	1.191828
2578	2579	1.818182
2578	2625	3.545455
2578	3914	0.266733
2578	3915	0.409091
2579	2578	1.818182
2579	2580	3.318182
2579	2624	1.022475
2579	2625	0.909091
2579	3913	0.978019
2579	3914	1.333663
2580	2579	3.318182
2580	2581	3.556434
2580	2624	0.844653
2580	3892	0.333712
2580	3893	0.381385
2580	3912	0.222277
2580	3913	0.889108
2581	2580	3.556434
2581	2582	3.565217
2581	2623	0.792629
2581	2624	1.260870
2581	3893	0.512878
2581	3894	0.093250
2582	2581	3.565217
2582	2583	3.289701
2582	2622	0.792629
2582	2623	1.398757
2583	2582	3.289701
2583	2584	1.001136
2583	2585	0.577920
2583	2621	0.622376
2583	2622	0.762770
2584	2583	1.001136
2584	2585	1.072381
2584	2586	0.050000
2584	4178	0.953463
2585	2570	0.046625
2585	2571	0.177822
2585	2583	0.577920
2585	2584	1.072381
2585	2586	3.776644
2585	2619	0.173913
2585	2620	0.932505
2585	2621	3.043478
2586	2570	0.400000
2586	2571	0.143019
2586	2584	0.050000
2586	2585	3.776644
2586	2587	3.310392
2586	2619	0.792629
2586	2620	0.150000
2587	2569	0.186501
2587	2570	0.419627
2587	2586	3.310392
2587	2588	3.565217
2587	2618	0.792629
2587	2619	2.260870
2588	2587	3.565217
2588	2589	3.450268
2588	2616	0.043478
2588	2617	0.559503
2588	2618	1.445382
2589	2588	3.450268
2589	2590	1.958260
2589	2616	0.792629
2589	2617	0.400000
2590	2589	1.958260
2590	2591	3.170516
2590	2615	0.885880
2590	2616	2.826087
2591	2590	3.170516
2591	2592	1.600000
2591	2614	1.025755
2591	2615	0.850000
2592	2591	1.600000
2592	2593	2.238012
2592	2613	0.466252
2592	2614	1.258881
2593	2592	2.238012
2593	2594	2.657639
2593	2595	0.086957
2593	2611	0.043478
2593	2612	0.606128
2593	2613	2.043478
2594	2593	2.657639
2594	2595	1.818384
2595	2593	0.086957
2595	2594	1.818384
2595	2596	1.111386
2595	2598	0.478261
2595	2610	0.355643
2595	2611	1.565217
2596	2595	1.111386
2596	2597	1.727273
2596	2598	1.778217
2597	2596	1.727273
2597	2598	0.755742
2598	2595	0.478261
2598	2596	1.778217
2598	2597	0.755742
2598	2599	1.022475
2598	2609	1.956522
2598	2610	0.444554
2599	2598	1.022475
2599	2600	1.716233
2599	2601	0.181818
2599	2602	0.266733
2599	2605	0.954545
2599	2606	0.311188
2599	2607	0.286039
2599	2608	0.190693
2599	2609	0.489010
2600	2599	1.716233
2600	2601	2.479003
2600	2609	0.046625
2600	2610	0.381385
2600	2612	0.450000
2600	4179	0.512878
2601	2599	0.181818
2601	2600	2.479003
2601	2602	2.533959
2601	2608	0.047673
2601	4179	3.378612
2601	4180	0.524404
2602	2599	0.266733
2602	2601	2.533959
2602	2603	2.611013
2602	2607	0.139876
2602	2608	0.186501
2602	4180	0.186501
2603	2602	2.611013
2603	2604	1.000000
2603	2605	0.429058
2603	2606	0.326377
2603	2607	0.150000
2604	2603	1.000000
2604	2605	1.430194
2604	2606	0.932505
2605	2599	0.954545
2605	2603	0.429058
2605	2604	1.430194
2605	2606	3.467523
2606	2599	0.311188
2606	2603	0.326377
2606	2604	0.932505
2606	2605	3.467523
2606	2607	4.802400
2607	2599	0.286039
2607	2602	0.139876
2607	2603	0.150000
2607	2606	4.802400
2607	2608	3.050000
2607	2609	0.046625
2608	2599	0.190693
2608	2601	0.047673
2608	2602	0.186501
2608	2607	3.050000
2608	2609	2.704264
2609	2598	1.956522
2609	2599	0.489010
2609	2600	0.046625
2609	2607	0.046625
2609	2608	2.704264
2609	2610	1.333663
2610	2595	0.355643
2610	2598	0.444554
2610	2600	0.381385
2610	2609	1.333663
2610	2611	1.467029
2610	2612	0.143019
2611	2593	0.043478
2611	2595	1.565217
2611	2610	1.467029
2611	2612	3.030641
2612	2593	0.606128
2612	2600	0.450000
2612	2610	0.143019
2612	2611	3.030641
2612	2613	2.284637
2613	2592	0.466252
2613	2593	2.043478
2613	2612	2.284637
2613	2614	3.304348
2614	2591	1.025755
2614	2592	1.258881
2614	2613	3.304348
2614	2615	3.869895
2615	2590	0.885880
2615	2591	0.850000
2615	2614	3.869895
2615	2616	1.678509
2616	2588	0.043478
2616	2589	0.792629
2616	2590	2.826087
2616	2615	1.678509
2616	2617	3.916520
2617	2588	0.559503
2617	2589	0.400000
2617	2616	3.916520
2617	2618	1.850000
2618	2587	0.792629
2618	2588	1.445382
2618	2617	1.850000
2618	2619	2.284637
2619	2569	0.326377
2619	2570	0.279751
2619	2585	0.173913
2619	2586	0.792629
2619	2587	2.260870
2619	2618	2.284637
2619	2620	4.709149
2620	2569	0.100000
2620	2570	0.750000
2620	2585	0.932505
2620	2586	0.150000
2620	2619	4.709149
2620	2621	3.030641
2621	2570	0.093250
2621	2572	0.088911
2621	2574	0.559503
2621	2583	0.622376
2621	2585	3.043478
2621	2620	3.030641
2621	2622	3.683394
2622	2572	0.429058
2622	2574	0.600000
2622	2582	0.792629
2622	2583	0.762770
2622	2621	3.683394
2622	2623	2.350000
2623	2581	0.792629
2623	2582	1.398757
2623	2622	2.350000
2623	2624	3.823270
2624	2579	1.022475
2624	2580	0.844653
2624	2581	1.260870
2624	2623	3.823270
2624	2625	3.111880
2624	2626	0.044455
2624	3892	0.046625
2625	2578	3.545455
2625	2579	0.909091
2625	2624	3.111880
2625	2626	1.090909
2626	2624	0.044455
2626	2625	1.090909
2626	2627	1.000000
2626	3890	0.524404
2626	3891	0.047673
2626	3914	0.044455
2626	3915	0.636364
2626	3916	0.088911
2626	3944	0.190693
2626	3945	3.363636
2627	2626	1.000000
2627	2628	3.863636
2627	3916	0.311188
2627	3917	0.266733
2627	3943	1.244752
2627	3944	0.238366
2627	3945	1.500000
2628	2627	3.863636
2628	2629	1.144155
2628	3917	0.133366
2628	3918	0.238366
2628	3942	0.715097
2628	3943	1.155841
2628	3996	0.844653
2628	3997	1.555940
2629	2628	1.144155
2629	2630	1.119006
2629	3490	0.046625
2629	3491	1.100000
2629	3492	1.000000
2629	3942	0.300000
2629	3997	0.233126
2630	2629	1.119006
2630	2631	4.578909
2630	3490	0.217391
2630	3491	0.792629
2630	3492	0.046625
2630	3506	0.373002
2630	3942	0.419627
2631	2630	4.578909
2631	2632	3.718504
2631	3490	0.044455
2631	3491	0.476731
2631	3492	0.047673
2631	3504	0.177822
2631	3505	0.476731
2632	2631	3.718504
2632	2633	1.500000
2632	2635	0.792629
2632	2636	0.046625
2632	3491	0.050000
2632	3492	0.450000
2632	3504	0.233126
2633	2576	2.797514
2633	2632	1.500000
2633	2634	1.025755
2633	2635	2.657639
2633	2636	0.559503
2633	2637	0.885880
2634	2531	2.089405
2634	2558	0.699379
2634	2559	0.466252
2634	2633	1.025755
2634	2635	3.652174
2634	3504	0.695652
2634	3505	0.093250
2635	2557	0.792629
2635	2558	1.445382
2635	2632	0.792629
2635	2633	2.657639
2635	2634	3.652174
2635	2636	4.347826
2635	3504	0.260870
2635	3505	0.326377
2636	2556	0.792629
2636	2557	1.352132
2636	2632	0.046625
2636	2633	0.559503
2636	2635	4.347826
2636	2637	4.086957
2636	2642	0.489010
2637	2576	0.565217
2637	2633	0.885880
2637	2636	4.086957
2637	2638	3.543518
2637	2642	0.711287
2638	2573	2.377887
2638	2575	0.792629
2638	2576	0.466252
2638	2637	3.543518
2638	2639	1.150000
2638	2641	0.095346
2638	2642	1.763906
2639	2571	1.954598
2639	2572	0.381385
2639	2573	2.238012
2639	2638	1.150000
2639	2640	1.000000
2639	2641	2.717368
2640	2570	0.050000
2640	2571	0.286039
2640	2639	1.000000
2640	2641	1.525540
2641	2570	0.619751
2641	2571	0.227273
2641	2572	0.136364
2641	2573	0.177822
2641	2574	0.190693
2641	2575	0.088911
2641	2638	0.095346
2641	2639	2.717368
2641	2640	1.525540
2641	2642	1.272727
2641	2643	3.467523
2642	2556	3.623158
2642	2563	0.953463
2642	2636	0.489010
2642	2637	0.711287
2642	2638	1.763906
2642	2641	1.272727
2642	2643	0.889108
2643	2569	0.792629
2643	2570	1.025755
2643	2574	0.279751
2643	2575	0.869565
2643	2641	3.467523
2643	2642	0.889108
2643	2644	4.196272
2644	2568	0.746004
2644	2569	0.100000
2644	2575	0.186501
2644	2643	4.196272
2644	2645	2.900000
2645	2567	0.699379
2645	2568	1.492008
2645	2644	2.900000
2645	2646	2.350000
2646	2566	0.746004
2646	2567	1.492008
2646	2645	2.350000
2646	2647	2.240637
2647	2565	0.667424
2647	2566	2.845147
2647	2646	2.240637
2647	2648	3.245246
2648	2562	0.086957
2648	2564	0.792629
2648	2565	1.585258
2648	2647	3.245246
2648	2649	4.009771
2649	2562	0.792629
2649	2564	0.350000
2649	2648	4.009771
2649	2650	2.750889
2650	2554	0.130435
2650	2555	0.792629
2650	2561	0.044455
2650	2562	2.521739
2650	2649	2.750889
2650	2651	3.916520
2651	2550	0.050000
2651	2554	0.792629
2651	2555	0.500000
2651	2561	0.715097
2651	2650	3.916520
2651	2652	2.050000
2652	2549	0.050000
2652	2550	0.050000
2652	2551	0.047673
2652	2553	0.839254
2652	2554	1.212256
2652	2560	0.762770
2652	2561	1.620886
2652	2651	2.050000
2652	2653	4.336147
2653	2528	0.043478
2653	2550	1.771759
2653	2551	1.022475
2653	2552	0.844653
2653	2553	0.782609
2653	2560	0.355643
2653	2652	4.336147
2653	2654	1.111386
2654	2527	0.381385
2654	2528	0.533465
2654	2538	0.222277
2654	2539	0.409091
2654	2550	0.762770
2654	2551	3.545455
2654	2653	1.111386
2654	2655	1.318182
2654	2656	3.200790
2655	2526	0.844653
2655	2527	1.525540
2655	2541	0.772727
2655	2654	1.318182
2655	2656	1.289207
2656	2539	0.533465
2656	2540	0.391304
2656	2541	0.400099
2656	2548	0.043478
2656	2549	0.932505
2656	2550	1.072381
2656	2654	3.200790
2656	2655	1.289207
2656	2657	4.196272
2657	2540	0.093250
2657	2548	0.932505
2657	2549	0.800000
2657	2656	4.196272
2657	2658	3.000000
2658	2547	0.810443
2658	2548	1.305507
2658	2657	3.000000
2658	2659	2.611013
2659	2544	0.043478
2659	2545	0.932505
2659	2547	2.578415
2659	2658	2.611013
2659	2660	3.730019
2660	2544	0.792629
2660	2545	0.200000
2660	2659	3.730019
2660	2661	3.030641
2661	2543	0.746004
2661	2544	2.652174
2661	2660	3.030641
2661	2662	3.739130
2662	2542	0.792629
2662	2543	1.445382
2662	2661	3.739130
2662	2663	3.173913
2663	2542	1.958260
2663	2662	3.173913
2663	2664	4.382773
2663	2682	0.391304
2663	2683	1.025755
2664	2373	0.050000
2664	2663	4.382773
2664	2665	3.350000
2664	2681	0.093250
2664	2682	0.792629
2665	2373	0.100000
2665	2664	3.350000
2665	2666	3.100000
2665	2680	0.047673
2665	2681	0.932505
2665	2682	1.445382
2666	2665	3.100000
2666	2667	2.657639
2666	2680	0.762770
2666	2681	0.932505
2667	2666	2.657639
2667	2668	4.217391
2667	2679	0.839254
2667	2680	2.089405
2668	2667	4.217391
2668	2669	2.043478
2668	2678	0.699379
2668	2679	1.212256
2669	2668	2.043478
2669	2670	3.434783
2669	2677	0.606128
2669	2678	1.165631
2670	2669	3.434783
2670	2671	4.130435
2670	2673	0.466252
2670	2676	0.606128
2670	2677	1.025755
2671	2670	4.130435
2671	2672	1.022475
2671	2673	0.466252
2672	2671	1.022475
2672	2673	1.287174
2672	2674	0.177822
2673	2670	0.466252
2673	2671	0.466252
2673	2672	1.287174
2673	2674	3.030641
2673	2675	0.190693
2674	2672	0.177822
2674	2673	3.030641
2674	2675	1.511484
2674	2676	1.771759
2675	2673	0.190693
2675	2674	1.511484
2675	2676	2.717368
2676	2670	0.606128
2676	2674	1.771759
2676	2675	2.717368
2676	2677	1.650000
2677	2669	0.606128
2677	2670	1.025755
2677	2676	1.650000
2677	2678	2.500000
2678	2668	0.699379
2678	2669	1.165631
2678	2677	2.500000
2678	2679	3.000000
2679	2667	0.839254
2679	2668	1.212256
2679	2678	3.000000
2679	2680	3.289446
2680	2665	0.047673
2680	2666	0.762770
2680	2667	2.089405
2680	2679	3.289446
2680	2681	3.778711
2681	2664	0.093250
2681	2665	0.932505
2681	2666	0.932505
2681	2680	3.778711
2681	2682	3.739130
2682	2374	0.046625
2682	2375	0.046625
2682	2663	0.391304
2682	2664	0.792629
2682	2665	1.445382
2682	2681	3.739130
2682	2683	4.242897
2683	2374	0.300000
2683	2375	0.250000
2683	2542	1.650000
2683	2663	1.025755
2683	2682	4.242897
2683	2684	1.258881
2684	2523	0.266733
2684	2524	3.782609
2684	2541	0.933564
2684	2542	0.373002
2684	2683	1.258881
2684	2685	4.434783
2685	2376	2.652174
2685	2377	0.266733
2685	2523	0.400099
2685	2524	0.347826
2685	2684	4.434783
2685	2686	1.538633
2686	2376	0.699379
2686	2377	0.858116
2686	2523	3.289446
2686	2685	1.538633
2686	2687	2.002271
2686	2688	0.046625
2687	2376	0.711287
2687	2377	2.954545
2687	2396	0.047673
2687	2491	0.136364
2687	2492	0.933564
2687	2493	0.095346
2687	2686	2.002271
2687	2688	4.045443
2688	2375	0.792629
2688	2376	1.608696
2688	2396	0.139876
2688	2397	0.139876
2688	2490	0.043478
2688	2491	0.711287
2688	2492	0.217391
2688	2686	0.046625
2688	2687	4.045443
2688	2689	3.521739
2689	2374	0.792629
2689	2375	1.445382
2689	2397	1.538633
2689	2398	0.186501
2689	2489	0.086957
2689	2490	0.782609
2689	2491	0.222277
2689	2688	3.521739
2689	2690	3.782609
2690	2373	0.979130
2690	2374	1.585258
2690	2397	0.093250
2690	2398	0.979130
2690	2489	0.043478
2690	2689	3.782609
2690	2691	3.347826
2691	2372	0.885880
2691	2373	2.098136
2691	2690	3.347826
2691	2692	4.489998
2692	2371	0.715097
2692	2372	1.239501
2692	2691	4.489998
2692	2693	4.000988
2692	2724	0.088911
2693	2370	0.792629
2693	2371	1.865010
2693	2692	4.000988
2693	2694	3.543518
2693	2724	0.043478
2693	2725	0.844653
2694	2370	0.850000
2694	2693	3.543518
2694	2695	3.496893
2694	2725	1.477867
2694	2726	0.466252
2694	2749	0.746004
2695	2694	3.496893
2695	2696	3.357017
2695	2726	0.434783
2695	2727	0.304348
2695	2746	0.044455
2695	2748	0.419627
2695	2749	2.391304
2696	2695	3.357017
2696	2697	3.400000
2696	2745	0.047673
2696	2746	0.667424
2696	2748	0.550000
2697	2696	3.400000
2697	2698	3.650000
2697	2745	0.762770
2697	2746	0.762770
2698	2007	0.476731
2698	2697	3.650000
2698	2699	2.500000
2698	2744	0.932505
2698	2745	1.334848
2699	2007	1.287174
2699	2698	2.500000
2699	2700	2.400000
2699	2743	0.979130
2699	2744	1.911635
2700	2175	0.046625
2700	2699	2.400000
2700	2701	3.217142
2700	2742	0.932505
2700	2743	1.631883
2701	2700	3.217142
2701	2702	3.289701
2701	2740	1.333663
2701	2741	0.800198
2701	2742	0.739130
2702	2701	3.289701
2702	2703	1.096482
2702	2704	3.600889
2702	2739	0.667424
2702	2740	0.636364
2703	1885	0.979130
2703	1886	0.429058
2703	2702	1.096482
2703	2704	0.932505
2704	2702	3.600889
2704	2703	0.932505
2704	2705	5.035526
2704	2738	0.260870
2704	2739	0.699379
2704	2740	0.133366
2705	2704	5.035526
2705	2706	2.650000
2705	2738	0.839254
2705	2739	0.200000
2706	2705	2.650000
2706	2707	3.496893
2706	2737	0.792629
2706	2738	1.911635
2707	1892	0.044455
2707	1893	3.289701
2707	2706	3.496893
2707	2708	1.333663
2707	2710	0.217391
2707	2711	0.044455
2707	2736	0.400099
2707	2737	1.391304
2708	1870	0.044455
2708	1871	0.311188
2708	1892	0.818182
2708	1893	0.272727
2708	2707	1.333663
2708	2709	2.240637
2708	2710	2.578415
2708	2736	2.136364
2709	1868	0.050000
2709	1869	0.139876
2709	2708	2.240637
2709	2710	1.025755
2710	2707	0.217391
2710	2708	2.578415
2710	2709	1.025755
2710	2711	1.022475
2710	2734	0.347826
2710	2735	4.000000
2710	2736	0.889108
2711	2707	0.044455
2711	2710	1.022475
2711	2712	4.363636
2711	2734	0.489010
2711	2735	0.889108
2711	2736	3.545455
2711	2737	1.155841
2711	2738	0.311188
2712	2074	0.047673
2712	2711	4.363636
2712	2713	4.178810
2712	2734	0.844653
2712	2735	0.044455
2712	2737	0.088911
2712	2738	0.266733
2713	2074	0.326377
2713	2075	0.173913
2713	2712	4.178810
2713	2714	3.739130
2713	2733	0.606128
2713	2734	0.913043
2714	2076	0.266733
2714	2713	3.739130
2714	2715	4.009771
2714	2731	0.043478
2714	2732	0.699379
2714	2733	1.911635
2715	2076	0.524404
2715	2714	4.009771
2715	2716	2.750000
2715	2731	0.792629
2715	2732	0.300000
2716	2715	2.750000
2716	2717	2.890765
2716	2730	0.792629
2716	2731	1.352132
2717	2716	2.890765
2717	2718	1.244752
2717	2719	1.119006
2717	2728	0.173913
2717	2729	0.932505
2717	2730	2.434783
2718	2110	0.933564
2718	2111	1.333663
2718	2717	1.244752
2718	2719	1.144155
2719	2717	1.119006
2719	2718	1.144155
2719	2720	3.300000
2719	2728	0.885880
2719	2729	0.400000
2720	2719	3.300000
2720	2721	3.250000
2720	2727	0.792629
2720	2728	1.631883
2721	2720	3.250000
2721	2722	2.611013
2721	2726	0.792629
2721	2727	1.492008
2722	2721	2.611013
2722	2723	1.025755
2722	2724	2.173913
2722	2725	0.622376
2722	2726	2.652174
2723	2372	0.800000
2723	2722	1.025755
2723	2724	3.590144
2724	2371	0.932505
2724	2372	0.652753
2724	2692	0.088911
2724	2693	0.043478
2724	2722	2.173913
2724	2723	3.590144
2724	2725	3.689800
2725	2370	0.572078
2725	2371	1.144155
2725	2693	0.844653
2725	2694	1.477867
2725	2722	0.622376
2725	2724	3.689800
2725	2726	2.000494
2725	2749	0.044455
2726	2694	0.466252
2726	2695	0.434783
2726	2721	0.792629
2726	2722	2.652174
2726	2725	2.000494
2726	2727	3.478261
2727	2695	0.304348
2727	2720	0.792629
2727	2721	1.492008
2727	2726	3.478261
2727	2728	3.130435
2728	2717	0.173913
2728	2719	0.885880
2728	2720	1.631883
2728	2727	3.130435
2728	2729	4.382773
2729	2717	0.932505
2729	2719	0.400000
2729	2728	4.382773
2729	2730	3.357017
2730	2716	0.792629
2730	2717	2.434783
2730	2729	3.357017
2730	2731	3.739130
2731	2714	0.043478
2731	2715	0.792629
2731	2716	1.352132
2731	2730	3.739130
2731	2732	4.336147
2732	2714	0.699379
2732	2715	0.300000
2732	2731	4.336147
2732	2733	2.550000
2733	2075	0.279751
2733	2713	0.606128
2733	2714	1.911635
2733	2732	2.550000
2733	2734	4.336147
2734	2068	0.133366
2734	2074	0.606128
2734	2075	0.347826
2734	2710	0.347826
2734	2711	0.489010
2734	2712	0.844653
2734	2713	0.913043
2734	2733	4.336147
2734	2735	4.000000
2735	2068	0.044455
2735	2073	0.233126
2735	2074	0.233126
2735	2710	4.000000
2735	2711	0.889108
2735	2712	0.044455
2735	2734	4.000000
2735	2736	1.289207
2736	1892	0.045455
2736	1893	0.090909
2736	2707	0.400099
2736	2708	2.136364
2736	2710	0.889108
2736	2711	3.545455
2736	2735	1.289207
2736	2737	2.222771
2737	1893	0.044455
2737	2706	0.792629
2737	2707	1.391304
2737	2711	1.155841
2737	2712	0.088911
2737	2736	2.222771
2737	2738	3.695652
2738	2704	0.260870
2738	2705	0.839254
2738	2706	1.911635
2738	2711	0.311188
2738	2712	0.266733
2738	2737	3.695652
2738	2739	5.175402
2739	2702	0.667424
2739	2704	0.699379
2739	2705	0.200000
2739	2738	5.175402
2739	2740	1.287174
2740	2701	1.333663
2740	2702	0.636364
2740	2704	0.133366
2740	2739	1.287174
2740	2741	3.636364
2741	2701	0.800198
2741	2740	3.636364
2741	2742	2.133860
2742	2700	0.932505
2742	2701	0.739130
2742	2741	2.133860
2742	2743	4.260870
2743	2699	0.979130
2743	2700	1.631883
2743	2742	4.260870
2743	2744	3.521739
2744	2007	0.889108
2744	2698	0.932505
2744	2699	1.911635
2744	2743	3.521739
2744	2745	3.556434
2745	2007	0.409091
2745	2219	0.047673
2745	2696	0.047673
2745	2697	0.762770
2745	2698	1.334848
2745	2744	3.556434
2745	2746	3.818182
2746	2695	0.044455
2746	2696	0.667424
2746	2697	0.762770
2746	2745	3.818182
2746	2747	1.111386
2746	2748	2.955734
2747	2008	0.046625
2747	2009	0.326377
2747	2013	0.266733
2747	2014	0.652174
2747	2746	1.111386
2747	2748	1.072381
2748	2145	0.047673
2748	2695	0.419627
2748	2696	0.550000
2748	2746	2.955734
2748	2747	1.072381
2748	2749	1.678509
2749	2369	0.792629
2749	2370	2.611013
2749	2694	0.746004
2749	2695	2.391304
2749	2725	0.044455
2749	2748	1.678509
2749	2750	1.305507
2750	2144	3.590144
2750	2145	0.619751
2750	2368	0.050000
2750	2369	3.300000
2750	2370	0.200000
2750	2749	1.305507
2750	2751	1.352132
2750	2752	0.381385
2751	2123	0.186501
2751	2368	0.046625
2751	2370	0.046625
2751	2750	1.352132
2751	2752	4.134354
2752	2123	0.667424
2752	2124	1.287174
2752	2136	0.311188
2752	2137	0.045455
2752	2144	0.489010
2752	2367	0.133366
2752	2368	0.143019
2752	2750	0.381385
2752	2751	4.134354
2752	2753	0.954545
2752	2755	0.088911
2753	2136	0.266733
2753	2137	0.227273
2753	2144	0.711287
2753	2145	1.272727
2753	2230	0.143019
2753	2366	0.755742
2753	2367	1.644851
2753	2752	0.954545
2753	2754	1.239501
2753	2755	1.600395
2754	2136	0.186501
2754	2137	0.429058
2754	2753	1.239501
2754	2755	1.258881
2754	3526	0.619751
2754	3929	0.326377
2755	2142	0.043478
2755	2143	0.932505
2755	2144	1.130435
2755	2752	0.088911
2755	2753	1.600395
2755	2754	1.258881
2755	2756	4.522648
2756	2141	0.046625
2756	2142	0.792629
2756	2143	0.450000
2756	2755	4.522648
2756	2757	3.350000
2757	2012	0.050000
2757	2141	0.792629
2757	2142	1.398757
2757	2756	3.350000
2757	2758	2.797514
2758	2077	0.088911
2758	2139	0.046625
2758	2140	0.792629
2758	2141	2.260870
2758	2757	2.797514
2758	2759	4.652174
2759	2078	0.933564
2759	2138	0.130435
2759	2139	0.792629
2759	2140	1.119006
2759	2758	4.652174
2759	2760	4.569274
2760	2078	0.572078
2760	2079	0.350000
2760	2138	0.792629
2760	2139	0.400000
2760	2759	4.569274
2760	2761	2.145291
2761	2079	0.381385
2761	2138	3.022969
2761	2760	2.145291
2761	2762	3.670831
2761	3482	0.143019
2761	3483	0.667424
2762	2761	3.670831
2762	2763	4.196272
2762	3482	0.650000
2762	3483	0.350000
2763	2762	4.196272
2763	2764	3.912077
2763	3480	1.111386
2763	3481	0.889108
2763	3482	0.512878
2763	4042	0.326377
2764	2763	3.912077
2764	2765	1.378118
2764	2766	3.098753
2764	3479	0.636364
2764	3480	0.772727
2764	4042	0.333712
2765	2764	1.378118
2765	2766	1.911635
2765	3478	2.086957
2765	3479	0.222277
2766	2764	3.098753
2766	2765	1.911635
2766	2767	1.906925
2766	3478	1.445382
2766	3479	0.667424
2766	3480	0.047673
2767	2766	1.906925
2767	2768	4.727273
2767	3471	0.045455
2767	3472	0.286039
2767	3478	0.711287
2767	3479	3.136364
2767	4040	0.619751
2768	2767	4.727273
2768	2769	4.004543
2768	2824	0.400099
2768	3470	0.044455
2768	3471	0.090909
2768	3476	0.044455
2768	3477	0.667424
2768	3478	0.666831
2769	2307	0.050000
2769	2768	4.004543
2769	2770	1.631883
2769	2824	1.398757
2769	3139	1.600000
2769	3476	0.792629
2770	2307	0.979130
2770	2308	0.088911
2770	2769	1.631883
2770	2771	1.289207
2770	2824	0.130435
2770	3105	0.606128
2770	3107	0.606128
2770	3108	0.444554
2770	3138	0.043478
2770	3139	0.373002
2771	2312	0.715097
2771	2313	0.095346
2771	2770	1.289207
2771	2772	1.334848
2771	2773	0.181818
2771	3108	3.227273
2771	3137	0.715097
2771	3138	0.266733
2772	2771	1.334848
2772	2773	1.144155
2772	2774	0.858116
2772	3137	0.200000
2772	3149	0.050000
2772	3468	0.326377
2772	3469	1.352132
2772	4140	0.190693
2773	2771	0.181818
2773	2772	1.144155
2773	2774	0.954545
2773	2795	0.133366
2773	2796	1.382521
2773	2801	1.454545
2773	3135	0.619751
2773	3136	0.666831
2773	3137	1.620886
2774	2772	0.858116
2774	2773	0.954545
2774	2775	2.363636
2774	2794	0.619751
2774	2795	1.244752
2774	3136	0.889108
2774	3137	0.190693
2774	4137	0.047673
2775	2774	2.363636
2775	2776	2.889602
2775	2793	0.667424
2775	2794	1.620886
2775	3136	1.333663
2775	3137	0.095346
2776	2775	2.889602
2776	2777	4.489998
2776	2792	0.839254
2776	2793	1.771759
2776	3141	0.043478
2777	2776	4.489998
2777	2778	3.645345
2777	2790	0.047673
2777	2791	0.667424
2777	2792	0.953463
2778	2777	3.645345
2778	2779	3.956522
2778	2790	0.792629
2778	2791	1.445382
2779	2778	3.956522
2779	2780	3.478261
2779	2789	0.792629
2779	2790	1.538633
2780	2779	3.478261
2780	2781	4.242897
2780	2785	0.489010
2780	2788	0.792629
2780	2789	1.398757
2781	2780	4.242897
2781	2782	3.823270
2781	2785	0.715097
2781	2828	0.200000
2782	2781	3.823270
2782	2783	0.933564
2782	2784	1.869565
2782	2785	0.933564
2782	2828	0.932505
2783	2053	3.245246
2783	2782	0.933564
2783	2784	4.712275
2783	2828	0.047673
2784	2782	1.869565
2784	2783	4.712275
2784	2785	0.889108
2784	2827	0.347826
2784	2828	3.123891
2785	2780	0.489010
2785	2781	0.715097
2785	2782	0.933564
2785	2784	0.889108
2785	2786	0.909091
2785	2787	0.619751
2785	2788	2.717368
2785	2826	0.047673
2785	2827	0.044455
2785	2828	2.908061
2786	2785	0.909091
2786	2787	4.481274
2786	2825	0.286039
2786	3139	0.476731
2786	3140	1.111386
2786	3475	0.044455
2787	2785	0.619751
2787	2786	4.481274
2787	2788	1.750000
2787	2825	0.800000
2787	2826	2.000000
2787	2827	0.046625
2787	3138	0.512878
2788	2780	0.792629
2788	2785	2.717368
2788	2787	1.750000
2788	2789	2.900000
2788	2828	0.050000
2788	2829	0.750000
2788	3138	0.373002
2789	2779	0.792629
2789	2780	1.398757
2789	2788	2.900000
2789	2790	3.400000
2790	2777	0.047673
2790	2778	0.792629
2790	2779	1.538633
2790	2789	3.400000
2790	2791	3.750000
2791	2777	0.667424
2791	2778	1.445382
2791	2790	3.750000
2791	2792	3.500000
2792	2776	0.839254
2792	2777	0.953463
2792	2791	3.500000
2792	2793	3.050000
2793	2775	0.667424
2793	2776	1.771759
2793	2792	3.050000
2793	2794	2.950000
2794	2774	0.619751
2794	2775	1.620886
2794	2793	2.950000
2794	2795	2.937390
2794	3136	0.792629
2795	2773	0.133366
2795	2774	1.244752
2795	2794	2.937390
2795	2796	3.730019
2795	3135	0.792629
2795	3136	2.956522
2795	4136	0.478261
2795	4137	0.139876
2796	2773	1.382521
2796	2795	3.730019
2796	2797	2.300000
2796	2801	0.715097
2796	3130	0.050000
2796	3134	0.885880
2796	3135	0.800000
2796	4136	0.046625
2796	4137	0.550000
2796	4138	0.095346
2797	2796	2.300000
2797	2798	4.522648
2797	2800	0.286039
2797	2801	1.954598
2797	3129	0.050000
2797	3130	0.050000
2797	3131	0.050000
2797	3133	0.979130
2797	3134	1.398757
2798	2797	4.522648
2798	2799	1.119006
2798	2800	1.511484
2798	3117	0.173913
2798	3130	1.818384
2798	3131	0.932505
2798	3132	0.355643
2798	3133	0.347826
2799	2798	1.119006
2799	2800	1.144155
2799	3116	3.310392
2799	3117	0.093250
2799	3118	0.046625
2799	3125	2.145291
2799	3126	0.419627
2799	3130	0.100000
2800	2797	0.286039
2800	2798	1.511484
2800	2799	1.144155
2800	2801	2.272727
2800	2802	3.334157
2800	3116	0.889108
2800	3126	0.044455
2800	3131	0.047673
2800	3132	0.500000
2800	3133	0.088911
2801	2773	1.454545
2801	2796	0.715097
2801	2797	1.954598
2801	2800	2.272727
2801	2802	1.022475
2801	3097	0.047673
2801	3098	0.181818
2801	3133	0.044455
2801	3134	0.088911
2801	3135	0.095346
2802	2800	3.334157
2802	2801	1.022475
2802	2803	3.823270
2802	3098	0.044455
2802	3114	0.043478
2802	3115	0.792629
2802	3116	0.347826
2802	3132	0.533465
2802	3133	0.739130
2802	3134	0.391304
2803	2802	3.823270
2803	2804	2.300000
2803	3114	0.792629
2803	3115	0.600000
2803	3133	0.139876
2803	3134	0.093250
2804	2803	2.300000
2804	2805	2.200000
2804	3097	0.050000
2804	3113	0.932505
2804	3114	1.958260
2805	2804	2.200000
2805	2806	2.669695
2805	3097	0.050000
2805	3112	0.792629
2805	3113	2.098136
2806	2805	2.669695
2806	2807	3.909091
2806	2878	0.136364
2806	3096	0.489010
2806	3112	2.178316
2807	2806	3.909091
2807	2808	4.356631
2807	3096	0.844653
2807	3098	0.454545
2807	3101	0.238366
2808	2807	4.356631
2808	2809	3.782609
2808	3095	0.885880
2808	3096	0.521739
2808	3098	0.088911
2808	3100	0.044455
2808	3101	1.165631
2809	2808	3.782609
2809	2810	2.826087
2809	2812	0.699379
2809	3093	0.177822
2809	3094	0.792629
2809	3095	1.352132
2809	3100	0.311188
2809	3101	0.652753
2809	3102	0.046625
2810	2809	2.826087
2810	2811	1.492008
2810	2812	0.326377
2810	3092	0.046625
2810	3093	0.266733
2810	3094	0.046625
2811	2810	1.492008
2811	2812	2.600000
2811	2813	0.800000
2811	2838	0.466252
2811	2839	0.500000
2811	3093	2.479003
2812	2809	0.699379
2812	2810	0.326377
2812	2811	2.600000
2812	2813	1.700000
2812	2831	0.559503
2812	2832	0.400000
2812	3093	0.762770
2812	3094	0.400000
2812	3100	1.620886
2813	2811	0.800000
2813	2812	1.700000
2813	2814	3.000000
2813	2831	0.512878
2813	2837	0.932505
2813	2838	1.212256
2813	2892	0.095346
2813	3093	0.572078
2813	3094	0.800000
2813	3100	0.047673
2814	2813	3.000000
2814	2815	3.050000
2814	2831	0.046625
2814	2835	0.047673
2814	2836	0.792629
2814	2837	1.538633
2814	2891	0.953463
2814	2892	0.762770
2815	2814	3.050000
2815	2816	2.622022
2815	2835	0.667424
2815	2836	1.492008
2815	2891	0.476731
2816	2815	2.622022
2816	2817	4.624294
2816	2833	0.177822
2816	2834	0.762770
2816	2835	1.590909
2817	2816	4.624294
2817	2818	2.937390
2817	2833	0.792629
2817	2834	0.200000
2818	2817	2.937390
2818	2819	3.123891
2818	2820	0.044455
2818	2821	0.044455
2818	2830	0.088911
2818	2832	0.839254
2818	2833	3.130435
2819	2818	3.123891
2819	2820	1.287174
2819	2821	0.333712
2819	2822	0.150000
2819	2823	0.046625
2819	2828	0.450000
2819	2829	0.900000
2819	2830	0.572078
2819	2832	0.200000
2820	2053	0.222277
2820	2818	0.044455
2820	2819	1.287174
2820	2821	4.863636
2820	2833	0.177822
2821	2818	0.044455
2821	2819	0.333712
2821	2820	4.863636
2821	2822	4.671967
2821	2830	0.181818
2821	2832	0.572078
2822	2819	0.150000
2822	2821	4.671967
2822	2823	2.284637
2822	2830	0.810443
2822	2832	0.350000
2823	2819	0.046625
2823	2822	2.284637
2823	2824	1.304348
2823	2825	0.279751
2823	2826	0.046625
2823	2827	2.086957
2823	2829	0.792629
2823	2830	1.911583
2823	3106	1.111386
2823	3138	0.217391
2824	2768	0.400099
2824	2769	1.398757
2824	2770	0.130435
2824	2823	1.304348
2824	2825	1.025755
2824	3106	0.978019
2824	3138	0.304348
2824	3139	0.093250
2824	3477	0.046625
2824	3478	0.173913
2825	2786	0.286039
2825	2787	0.800000
2825	2823	0.279751
2825	2824	1.025755
2825	2826	4.050000
2825	2827	0.046625
2825	3138	0.792629
2825	3139	1.700000
2825	3476	0.746004
2825	3477	0.450000
2826	2785	0.047673
2826	2787	2.000000
2826	2823	0.046625
2826	2825	4.050000
2826	2827	4.615899
2826	3138	0.652753
2826	3476	0.093250
2826	3477	0.100000
2827	2784	0.347826
2827	2785	0.044455
2827	2787	0.046625
2827	2823	2.086957
2827	2825	0.046625
2827	2826	4.615899
2827	2828	1.678509
2827	2829	1.305507
2827	3138	0.391304
2828	2781	0.200000
2828	2782	0.932505
2828	2783	0.047673
2828	2784	3.123891
2828	2785	2.908061
2828	2788	0.050000
2828	2819	0.450000
2828	2827	1.678509
2828	2829	1.600000
2829	2788	0.750000
2829	2819	0.900000
2829	2823	0.792629
2829	2827	1.305507
2829	2828	1.600000
2829	2830	2.717368
2830	2818	0.088911
2830	2819	0.572078
2830	2821	0.181818
2830	2822	0.810443
2830	2823	1.911583
2830	2829	2.717368
2830	2831	1.555940
2830	2832	3.384792
2830	3106	0.090909
2831	2812	0.559503
2831	2813	0.512878
2831	2814	0.046625
2831	2830	1.555940
2831	2832	1.631883
2831	3099	3.600889
2831	3100	0.355643
2832	2812	0.400000
2832	2818	0.839254
2832	2819	0.200000
2832	2821	0.572078
2832	2822	0.350000
2832	2830	3.384792
2832	2831	1.631883
2832	2833	1.911635
2833	2816	0.177822
2833	2817	0.792629
2833	2818	3.130435
2833	2820	0.177822
2833	2832	1.911635
2833	2834	4.056396
2834	2816	0.762770
2834	2817	0.200000
2834	2833	4.056396
2834	2835	3.051080
2835	2814	0.047673
2835	2815	0.667424
2835	2816	1.590909
2835	2834	3.051080
2835	2836	4.045443
2836	2814	0.792629
2836	2815	1.492008
2836	2835	4.045443
2836	2837	3.913043
2836	2891	0.088911
2837	2813	0.932505
2837	2814	1.538633
2837	2836	3.913043
2837	2838	4.347826
2837	2891	0.133366
2837	2892	0.711287
2838	2811	0.466252
2838	2813	1.212256
2838	2837	4.347826
2838	2839	2.424513
2838	2892	0.711287
2838	2893	0.046625
2838	3093	0.577920
2839	2811	0.500000
2839	2838	2.424513
2839	2840	1.650000
2839	2893	0.650000
2839	3092	0.500000
2839	3093	2.097618
2840	2839	1.650000
2840	2841	1.191828
2840	2893	0.650000
2840	2894	0.381385
2840	2896	1.800000
2840	2897	0.550000
2840	3092	0.650000
2841	2840	1.191828
2841	2842	1.066930
2841	2843	0.311188
2841	2844	2.908061
2841	2895	0.333712
2841	2896	3.384792
2841	2897	0.286039
2841	3091	0.622376
2841	3092	0.810443
2842	2841	1.066930
2842	2843	2.869565
2842	2883	1.022475
2842	2903	0.792629
2842	2904	1.865010
2842	3087	2.445048
2842	3088	0.046625
2843	2841	0.311188
2843	2842	2.869565
2843	2844	1.212256
2843	2845	0.043478
2843	2883	1.778217
2843	2884	2.565217
2843	2902	0.792629
2843	2903	2.004885
2844	2841	2.908061
2844	2843	1.212256
2844	2845	3.450268
2844	2883	0.095346
2844	2884	0.046625
2844	2895	0.700000
2844	3091	0.932505
2845	2843	0.043478
2845	2844	3.450268
2845	2846	3.391304
2845	3090	0.839254
2845	3091	2.652174
2846	2845	3.391304
2846	2847	3.652174
2846	2881	0.043478
2846	3089	0.792629
2846	3090	1.678509
2847	2846	3.652174
2847	2848	3.289701
2847	2849	0.419627
2847	2850	0.046625
2847	3088	0.792629
2847	3089	2.051511
2848	2847	3.289701
2848	2849	1.430194
2848	2850	0.047673
2848	3088	0.953463
2849	2847	0.419627
2849	2848	1.430194
2849	2850	2.700000
2849	2880	0.792629
2849	2881	1.119006
2849	3063	0.047673
2850	2847	0.046625
2850	2848	0.047673
2850	2849	2.700000
2850	2851	3.100000
2850	2879	0.839254
2850	2880	2.098136
2850	3061	0.047673
2850	3062	0.953463
2850	3063	1.191828
2851	2850	3.100000
2851	2852	1.573213
2851	2876	1.119006
2851	2877	0.715097
2851	2879	0.559503
2851	3060	0.047673
2851	3061	0.905789
2851	3062	0.715097
2852	2251	1.001136
2852	2327	0.088911
2852	2328	0.177822
2852	2851	1.573213
2852	2853	4.590909
2852	2854	0.044455
2852	2875	0.047673
2852	2876	0.800198
2852	2877	3.181818
2852	3060	0.318182
2852	3061	0.181818
2853	2250	0.572078
2853	2251	0.810443
2853	2328	0.889108
2853	2329	0.266733
2853	2852	4.590909
2853	2854	2.978513
2853	2876	0.666831
2854	2329	0.521739
2854	2330	0.279751
2854	2852	0.044455
2854	2853	2.978513
2854	2855	4.608696
2854	2875	0.932505
2854	2876	1.217391
2855	2330	0.326377
2855	2854	4.608696
2855	2856	4.615899
2855	2873	0.130435
2855	2874	0.792629
2855	2875	1.678509
2856	2855	4.615899
2856	2857	4.429398
2856	2873	0.792629
2856	2874	0.300000
2857	2856	4.429398
2857	2858	1.022475
2857	2870	1.782609
2857	2871	0.512878
2857	2872	0.844653
2857	2873	0.869565
2858	2857	1.022475
2858	2859	1.727273
2858	2860	0.044455
2858	2870	0.400099
2858	2871	1.001136
2858	2872	2.045455
2859	2858	1.727273
2859	2860	4.312176
2859	2870	0.711287
2859	2871	2.812715
2860	2858	0.044455
2860	2859	4.312176
2860	2861	4.103021
2860	2869	0.839254
2860	2870	0.869565
2861	2860	4.103021
2861	2862	3.100000
2861	2868	0.792629
2861	2869	0.750000
2861	3285	0.476731
2862	2861	3.100000
2862	2863	2.984015
2862	2867	0.792629
2862	2868	1.631883
2862	3284	0.905789
2862	3285	0.858116
2863	2862	2.984015
2863	2864	0.978019
2863	2865	0.889108
2863	2866	0.355643
2863	2867	2.739130
2863	3283	0.559503
2863	3284	0.222277
2864	1718	0.622376
2864	1719	1.066930
2864	2863	0.978019
2864	2865	4.181818
2864	3283	0.047673
2865	1741	0.715097
2865	1742	0.136364
2865	2863	0.889108
2865	2864	4.181818
2865	2866	4.363636
2866	1741	0.381385
2866	1742	0.090909
2866	2863	0.355643
2866	2865	4.363636
2866	2867	2.533959
2867	2862	0.792629
2867	2863	2.739130
2867	2866	2.533959
2867	2868	3.391304
2867	3284	0.088911
2868	2861	0.792629
2868	2862	1.631883
2868	2867	3.391304
2868	2869	3.683394
2868	3284	0.711287
2868	3285	0.800198
2869	2860	0.839254
2869	2861	0.750000
2869	2868	3.683394
2869	2870	3.776644
2869	3285	0.381385
2869	3286	0.186501
2870	2857	1.782609
2870	2858	0.400099
2870	2859	0.711287
2870	2860	0.869565
2870	2869	3.776644
2870	2871	1.538633
2871	2857	0.512878
2871	2858	1.001136
2871	2859	2.812715
2871	2870	1.538633
2871	2872	3.909197
2872	2857	0.844653
2872	2858	2.045455
2872	2871	3.909197
2872	2873	4.401087
2873	2855	0.130435
2873	2856	0.792629
2873	2857	0.869565
2873	2872	4.401087
2873	2874	4.895650
2874	2855	0.792629
2874	2856	0.300000
2874	2873	4.895650
2874	2875	2.700000
2875	2852	0.047673
2875	2854	0.932505
2875	2855	1.678509
2875	2874	2.700000
2875	2876	4.382773
2876	2328	0.043478
2876	2851	1.119006
2876	2852	0.800198
2876	2853	0.666831
2876	2854	1.217391
2876	2875	4.382773
2876	2877	1.111386
2877	2252	0.381385
2877	2851	0.715097
2877	2852	3.181818
2877	2876	1.111386
2877	2878	1.636364
2877	2879	3.334157
2877	3060	0.272727
2877	3061	0.045455
2878	2253	0.044455
2878	2326	0.577920
2878	2327	0.978019
2878	2806	0.136364
2878	2877	1.636364
2878	2879	1.111386
2879	2252	0.512878
2879	2253	0.826087
2879	2850	0.839254
2879	2851	0.559503
2879	2877	3.334157
2879	2878	1.111386
2879	2880	3.652174
2879	3060	0.355643
2879	3061	0.311188
2879	3062	0.088911
2880	2849	0.792629
2880	2850	2.098136
2880	2879	3.652174
2880	2881	4.608696
2880	2925	0.043478
2880	2926	0.044455
2880	3061	0.266733
2880	3062	0.400099
2880	3063	0.400099
2881	2846	0.043478
2881	2849	1.119006
2881	2880	4.608696
2881	2882	2.890765
2881	3063	0.355643
2881	3064	0.434783
2882	2881	2.890765
2882	2883	1.763906
2882	3064	0.093250
2883	2842	1.022475
2883	2843	1.778217
2883	2844	0.095346
2883	2882	1.763906
2883	2884	0.933564
2883	2903	0.572078
2883	2904	1.525540
2884	2843	2.565217
2884	2844	0.046625
2884	2883	0.933564
2884	2885	4.196272
2884	2895	0.279751
2884	2900	0.217391
2884	2901	0.792629
2884	2902	2.098136
2885	2884	4.196272
2885	2886	3.050000
2885	2895	0.300000
2885	2899	0.046625
2885	2900	0.792629
2885	2901	0.100000
2885	2969	0.333712
2885	2970	0.093250
2886	2885	3.050000
2886	2887	2.844140
2886	2899	0.979130
2886	2900	0.746004
2886	2968	0.300000
2886	2969	0.810443
2886	3023	0.046625
2887	2886	2.844140
2887	2888	3.956522
2887	2896	0.046625
2887	2897	0.046625
2887	2898	0.885880
2887	2899	2.521739
2887	2968	0.093250
2887	3024	0.521739
2887	3025	0.391304
2888	2887	3.956522
2888	2889	4.289522
2888	2894	0.222277
2888	2897	0.792629
2888	2898	1.445382
2888	3025	0.347826
2889	2888	4.289522
2889	2890	1.650000
2889	2893	0.250000
2889	2894	0.810443
2889	2897	0.050000
2890	2889	1.650000
2890	2891	1.239501
2890	2892	1.382521
2890	2893	1.300000
2891	2814	0.953463
2891	2815	0.476731
2891	2836	0.088911
2891	2837	0.133366
2891	2890	1.239501
2891	2892	4.318182
2892	2813	0.095346
2892	2814	0.762770
2892	2837	0.711287
2892	2838	0.711287
2892	2890	1.382521
2892	2891	4.318182
2892	2893	1.191828
2892	3093	0.045455
2892	3094	0.047673
2893	2838	0.046625
2893	2839	0.650000
2893	2840	0.650000
2893	2889	0.250000
2893	2890	1.300000
2893	2892	1.191828
2893	2894	4.481274
2893	2896	0.150000
2893	3092	0.050000
2893	3093	0.333712
2893	3094	0.350000
2894	2840	0.381385
2894	2888	0.222277
2894	2889	0.810443
2894	2893	4.481274
2894	2895	1.382521
2894	2896	1.048809
2894	2897	3.241773
2894	3093	0.181818
2894	3094	0.333712
2895	2841	0.333712
2895	2844	0.700000
2895	2884	0.279751
2895	2885	0.300000
2895	2894	1.382521
2895	2896	1.100000
2896	2840	1.800000
2896	2841	3.384792
2896	2887	0.046625
2896	2893	0.150000
2896	2894	1.048809
2896	2895	1.100000
2896	2897	1.850000
2896	2898	0.150000
2896	3092	0.700000
2897	2840	0.550000
2897	2841	0.286039
2897	2887	0.046625
2897	2888	0.792629
2897	2889	0.050000
2897	2894	3.241773
2897	2896	1.850000
2897	2898	3.100000
2898	2887	0.885880
2898	2888	1.445382
2898	2896	0.150000
2898	2897	3.100000
2898	2899	2.051511
2899	2885	0.046625
2899	2886	0.979130
2899	2887	2.521739
2899	2898	2.051511
2899	2900	4.347826
2899	3023	0.043478
2900	2884	0.217391
2900	2885	0.792629
2900	2886	0.746004
2900	2899	4.347826
2900	2901	4.615899
2900	3023	0.260870
2901	2884	0.792629
2901	2885	0.100000
2901	2900	4.615899
2901	2902	2.050000
2901	2970	0.046625
2901	3021	0.186501
2902	2843	0.792629
2902	2884	2.098136
2902	2901	2.050000
2902	2903	2.550000
2902	2971	1.001136
2902	3021	0.186501
2903	2842	0.792629
2903	2843	2.004885
2903	2883	0.572078
2903	2902	2.550000
2903	2904	2.350000
2903	2971	0.143019
2904	2842	1.865010
2904	2883	1.525540
2904	2903	2.350000
2904	2905	3.500000
2904	3086	0.047673
2904	3087	0.762770
2905	2904	3.500000
2905	2906	3.750000
2905	3085	0.046625
2905	3086	0.762770
2905	3087	0.619751
2906	2905	3.750000
2906	2907	2.250000
2906	3085	0.932505
2906	3086	1.048809
2907	2906	2.250000
2907	2908	3.700000
2907	3084	0.932505
2907	3085	1.585258
2908	2907	3.700000
2908	2909	3.077266
2908	3083	0.839254
2908	3084	1.305507
2909	2908	3.077266
2909	2910	3.730019
2909	3081	0.217391
2909	3082	0.979130
2909	3083	2.217391
2910	2909	3.730019
2910	2911	3.289446
2910	3081	0.979130
2910	3082	0.300000
2911	2910	3.289446
2911	2912	4.401087
2911	3080	0.524404
2911	3081	2.089405
2912	2911	4.401087
2912	2913	3.217391
2912	3079	0.746004
2912	3080	0.979130
2913	2912	3.217391
2913	2914	2.704264
2913	3077	0.044455
2913	3078	0.979130
2913	3079	1.258881
2914	2913	2.704264
2914	2915	1.352132
2914	2916	0.300000
2914	3077	0.619751
2914	3078	0.450000
2915	2914	1.352132
2915	2916	4.242897
2915	3072	0.086957
2915	3073	0.746004
2915	3074	1.422574
2915	3076	0.044455
2916	2914	0.300000
2916	2915	4.242897
2916	2917	4.476023
2916	3070	0.047673
2916	3072	0.699379
2916	3073	0.150000
2916	3076	0.143019
2916	3077	0.810443
2916	3078	0.550000
2917	2916	4.476023
2917	2918	1.022475
2917	3069	0.606128
2917	3070	1.022475
2917	3071	0.489010
2917	3072	0.826087
2917	3077	0.133366
2917	3078	0.419627
2918	2917	1.022475
2918	2919	1.477867
2918	2920	3.645345
2918	3069	0.476731
2918	3070	3.090909
2919	2918	1.477867
2919	2920	0.932505
2920	2918	3.645345
2920	2919	0.932505
2920	2921	2.782609
2920	2994	0.266733
2920	3068	0.792629
2920	3069	0.233126
2921	2920	2.782609
2921	2922	4.608696
2921	2991	0.652174
2921	2992	0.559503
2921	2994	0.088911
2921	2995	0.311188
2921	2997	0.419627
2921	3067	0.699379
2921	3068	2.284637
2922	2921	4.608696
2922	2923	3.826087
2922	2991	0.652174
2922	2998	0.466252
2922	3065	0.046625
2922	3066	0.792629
2922	3067	1.258881
2923	2922	3.826087
2923	2924	4.782609
2923	2998	0.046625
2923	3065	0.792629
2923	3066	1.305507
2924	2923	4.782609
2924	2925	5.043478
2924	3063	0.088911
2924	3064	0.260870
2924	3065	0.512878
2925	2880	0.043478
2925	2924	5.043478
2925	2926	4.045443
2925	3050	0.086957
2925	3062	0.666831
2925	3063	0.889108
2925	3064	0.260870
2926	2880	0.044455
2926	2925	4.045443
2926	2927	3.766177
2926	3061	0.863636
2926	3062	0.590909
2927	2926	3.766177
2927	2928	1.072381
2927	3059	0.093250
2927	3060	1.334848
2927	3061	0.286039
2928	2927	1.072381
2928	2929	4.429398
2928	3054	0.260870
2928	3055	0.792629
2928	3056	0.326377
2928	3059	3.913043
2929	2320	0.100000
2929	2928	4.429398
2929	2930	3.800000
2929	3053	0.047673
2929	3054	0.932505
2929	3055	0.100000
2930	2256	0.050000
2930	2285	0.333712
2930	2320	0.600000
2930	2929	3.800000
2930	2931	3.700000
2930	3052	0.046625
2930	3053	0.667424
2930	3054	0.512878
2931	2284	0.186501
2931	2285	0.429058
2931	2930	3.700000
2931	2932	3.600000
2931	3052	0.979130
2931	3053	0.953463
2932	2931	3.600000
2932	2933	1.573213
2932	3051	0.792629
2932	3052	1.538633
2933	2932	1.573213
2933	2934	3.778711
2933	3048	0.047673
2933	3049	0.318182
2933	3051	1.644851
2934	2933	3.778711
2934	2935	4.695652
2934	2977	0.266733
2934	2978	0.304348
2934	3047	0.046625
2934	3048	0.885880
2934	3049	0.177822
2935	2934	4.695652
2935	2936	3.963145
2935	2976	0.046625
2935	2977	0.711287
2935	3047	0.932505
2935	3048	0.885880
2936	2935	3.963145
2936	2937	3.600000
2936	3017	0.450000
2936	3044	0.095346
2936	3046	0.792629
2936	3047	0.450000
2937	2936	3.600000
2937	2938	2.479003
2937	3017	0.500000
2937	3018	0.419627
2937	3043	0.792629
2937	3044	0.858116
2937	3046	0.652753
2938	2937	2.479003
2938	2939	3.867622
2938	2968	0.047673
2938	3043	0.755742
2938	3044	2.954545
2939	2938	3.867622
2939	2940	4.347826
2939	3042	0.792629
2939	3043	1.130435
2940	2939	4.347826
2940	2941	3.086957
2940	3041	0.932505
2940	3042	1.398757
2940	3117	0.434783
2940	3118	0.739130
2941	2940	3.086957
2941	2942	3.869565
2941	3040	0.839254
2941	3041	1.678509
2941	3117	0.043478
2941	3118	0.391304
2941	3119	0.186501
2942	2941	3.869565
2942	2943	3.956522
2942	3038	0.046625
2942	3039	0.885880
2942	3040	1.678509
2942	3217	0.046625
2943	2942	3.956522
2943	2944	1.911583
2943	2945	2.191386
2943	2966	1.304348
2943	3038	0.792629
2943	3039	1.538633
2944	2943	1.911583
2944	2945	1.859252
2944	3215	0.222277
2945	2943	2.191386
2945	2944	1.859252
2945	2946	2.300000
2945	2960	0.095346
2945	2966	0.932505
2945	3038	0.050000
2946	2945	2.300000
2946	2947	3.170516
2946	2965	0.932505
2946	2966	1.538633
2946	3036	0.286039
2946	3037	0.050000
2947	2946	3.170516
2947	2948	4.000000
2947	2964	0.932505
2947	2965	2.173913
2947	3027	0.222277
2947	3035	0.044455
2947	3036	0.266733
2948	2947	4.000000
2948	2949	2.267227
2948	2962	0.046625
2948	2963	0.979130
2948	2964	1.818384
2948	3027	0.222277
2948	3028	0.933564
2949	2948	2.267227
2949	2950	3.912077
2949	2963	0.238366
2949	3028	1.090909
2949	3029	1.200296
2949	3030	0.429058
2950	2949	3.912077
2950	2951	3.963145
2950	2961	0.173913
2950	2962	0.979130
2950	2963	0.046625
2950	3029	0.043478
2951	2950	3.963145
2951	2952	2.800000
2951	2953	0.143019
2951	2961	0.885880
2951	2962	0.150000
2952	2951	2.800000
2952	2953	1.763906
2952	2957	0.524404
2952	2958	1.600000
2952	2959	0.419627
2952	2961	0.466252
2953	2951	0.143019
2953	2952	1.763906
2953	2954	1.525540
2953	2957	0.272727
2953	4129	1.763906
2953	4130	0.190693
2954	2953	1.525540
2954	2955	1.958260
2954	4129	0.500000
2954	4132	0.143019
2955	2954	1.958260
2955	2956	3.739130
2955	4131	0.699379
2955	4132	0.755742
2955	4277	0.260870
2955	4278	0.326377
2956	2955	3.739130
2956	2957	4.134354
2956	4130	0.792629
2956	4131	1.865010
2956	4278	0.046625
2957	2952	0.524404
2957	2953	0.272727
2957	2956	4.134354
2957	2958	1.287174
2957	2959	0.311188
2957	2961	0.044455
2957	4130	1.048809
2958	2952	1.600000
2958	2957	1.287174
2958	2959	3.123891
2959	2952	0.419627
2959	2957	0.311188
2959	2958	3.123891
2959	2960	1.155841
2959	2961	3.391304
2960	2945	0.095346
2960	2959	1.155841
2960	2961	0.844653
2961	2950	0.173913
2961	2951	0.885880
2961	2952	0.466252
2961	2957	0.044455
2961	2959	3.391304
2961	2960	0.844653
2961	2962	4.569274
2962	2948	0.046625
2962	2950	0.979130
2962	2951	0.150000
2962	2961	4.569274
2962	2963	4.150000
2962	4129	0.050000
2962	4130	0.650000
2963	2948	0.979130
2963	2949	0.238366
2963	2950	0.046625
2963	2962	4.150000
2963	2964	2.700000
2963	3028	0.047673
2963	4130	0.100000
2964	2947	0.932505
2964	2948	1.818384
2964	2963	2.700000
2964	2965	3.310392
2964	3027	0.905789
2964	3028	1.144155
2965	2946	0.932505
2965	2947	2.173913
2965	2964	3.310392
2965	2966	3.913043
2965	3027	0.311188
2965	3035	0.044455
2965	3036	0.800198
2966	2943	1.304348
2966	2945	0.932505
2966	2946	1.538633
2966	2965	3.913043
2966	2967	0.932505
2966	3036	0.666831
2966	3037	0.373002
2966	3038	1.398757
2967	2966	0.932505
2967	2968	2.400000
2967	3024	0.885880
2967	3025	0.885880
2967	3037	1.050000
2967	3038	0.400000
2967	3039	0.050000
2968	2886	0.300000
2968	2887	0.093250
2968	2938	0.047673
2968	2967	2.400000
2968	2969	3.146427
2968	3023	0.885880
2968	3024	1.398757
2969	2885	0.333712
2969	2886	0.810443
2969	2968	3.146427
2969	2970	4.934552
2969	3022	0.667424
2969	3023	2.178316
2970	2885	0.093250
2970	2901	0.046625
2970	2969	4.934552
2970	2971	1.289207
2970	3020	2.260870
2970	3021	0.695652
2970	3022	0.885880
2971	2902	1.001136
2971	2903	0.143019
2971	2970	1.289207
2971	2972	4.454545
2971	3020	0.933564
2971	3021	2.222771
2972	2971	4.454545
2972	2973	4.534453
2972	3020	0.711287
2973	2972	4.534453
2973	2974	4.802400
2973	3018	0.043478
2973	3019	0.746004
2973	3020	0.434783
2974	2973	4.802400
2974	2975	2.844140
2974	3018	0.746004
2974	3019	0.750000
2975	2974	2.844140
2975	2976	3.590144
2975	3016	0.086957
2975	3017	0.792629
2975	3018	2.347826
2976	2935	0.046625
2976	2975	3.590144
2976	2977	3.384792
2976	3016	0.839254
2976	3017	0.450000
2977	2934	0.266733
2977	2935	0.711287
2977	2976	3.384792
2977	2978	3.467523
2977	3015	0.667424
2977	3016	2.133860
2977	3048	0.190693
2978	2934	0.304348
2978	2977	3.467523
2978	2979	3.652174
2978	3013	0.046625
2978	3014	0.839254
2978	3015	1.492008
2978	3048	0.839254
2978	3049	0.489010
2979	2978	3.652174
2979	2980	3.521739
2979	3013	0.746004
2979	3014	1.398757
2979	3049	1.022475
2979	3050	0.217391
2979	3051	0.478261
2980	2979	3.521739
2980	2981	4.289522
2980	3011	0.434783
2980	3012	0.839254
2980	3013	0.932505
2980	3050	0.130435
2980	3051	0.260870
2980	3052	0.043478
2981	2980	4.289522
2981	2982	1.352132
2981	3010	0.143019
2981	3011	0.652753
2982	2981	1.352132
2982	2983	3.521739
2982	3005	0.652753
2982	3006	1.867128
2982	3009	0.044455
2983	2982	3.521739
2983	2984	3.478261
2983	3004	0.279751
2983	3005	0.979130
2984	2983	3.478261
2984	2985	3.778711
2984	3003	0.932505
2984	3004	1.398757
2985	2984	3.778711
2985	2986	3.022969
2985	3002	0.619751
2985	3003	1.096482
2986	2985	3.022969
2986	2987	4.434783
2986	3001	0.699379
2986	3002	1.398757
2987	2986	4.434783
2987	2988	3.170516
2987	2999	0.043478
2987	3000	0.466252
2987	3001	1.492008
2988	2987	3.170516
2988	2989	1.096482
2988	2999	0.512878
2988	3000	0.250000
2989	2988	1.096482
2989	2990	1.066930
2990	2989	1.066930
2990	2991	3.391304
2990	2998	0.792629
2990	2999	2.347826
2991	2921	0.652174
2991	2922	0.652174
2991	2990	3.391304
2991	2992	1.119006
2991	2995	1.066930
2991	2997	0.792629
2991	2998	1.631883
2992	2921	0.559503
2992	2991	1.119006
2992	2993	0.905789
2992	3642	0.373002
2992	3643	0.139876
2993	2992	0.905789
2993	2994	1.772727
2993	2995	0.045455
2994	2920	0.266733
2994	2921	0.088911
2994	2993	1.772727
2994	2995	2.409091
2994	3069	0.238366
2995	2921	0.311188
2995	2991	1.066930
2995	2993	0.045455
2995	2994	2.409091
2995	2996	1.620886
2995	2997	1.716233
2995	3068	1.001136
2995	3069	1.048809
2996	2995	1.620886
2996	2997	1.550000
2996	3068	0.250000
2996	3069	0.950000
2997	2921	0.419627
2997	2991	0.792629
2997	2995	1.716233
2997	2996	1.550000
2997	2998	3.000000
2997	3067	0.350000
2997	3068	1.150000
2998	2922	0.466252
2998	2923	0.046625
2998	2990	0.792629
2998	2991	1.631883
2998	2997	3.000000
2998	2999	3.636769
2999	2987	0.043478
2999	2988	0.512878
2999	2990	2.347826
2999	2998	3.636769
2999	3000	4.615899
3000	2987	0.466252
3000	2988	0.250000
3000	2999	4.615899
3000	3001	2.700000
3001	2986	0.699379
3001	2987	1.492008
3001	3000	2.700000
3001	3002	2.800000
3002	2985	0.619751
3002	2986	1.398757
3002	3001	2.800000
3002	3003	3.450000
3003	2984	0.932505
3003	2985	1.096482
3003	3002	3.450000
3003	3004	1.300000
3004	2983	0.279751
3004	2984	1.398757
3004	3003	1.300000
3004	3005	2.800000
3005	2982	0.652753
3005	2983	0.979130
3005	3004	2.800000
3005	3006	1.573213
3006	2982	1.867128
3006	3005	1.573213
3006	3007	2.545455
3006	3009	0.136364
3007	3006	2.545455
3007	3008	1.001136
3007	3009	0.227273
3008	3007	1.001136
3008	3009	2.049945
3009	2982	0.044455
3009	3006	0.136364
3009	3007	0.227273
3009	3008	2.049945
3009	3010	4.181818
3010	2981	0.143019
3010	3009	4.181818
3010	3011	5.112374
3011	2980	0.434783
3011	2981	0.652753
3011	3010	5.112374
3011	3012	4.988901
3012	2980	0.839254
3012	3011	4.988901
3012	3013	3.200000
3013	2978	0.046625
3013	2979	0.746004
3013	2980	0.932505
3013	3012	3.200000
3013	3014	3.250000
3014	2978	0.839254
3014	2979	1.398757
3014	3013	3.250000
3014	3015	2.600000
3015	2977	0.667424
3015	2978	1.492008
3015	3014	2.600000
3015	3016	3.170516
3015	3048	0.750000
3015	3049	0.381385
3016	2975	0.086957
3016	2976	0.839254
3016	2977	2.133860
3016	3015	3.170516
3016	3017	4.336147
3016	3047	0.419627
3016	3048	0.419627
3017	2936	0.450000
3017	2937	0.500000
3017	2975	0.792629
3017	2976	0.450000
3017	3016	4.336147
3017	3018	3.310392
3018	2937	0.419627
3018	2973	0.043478
3018	2974	0.746004
3018	2975	2.347826
3018	3017	3.310392
3018	3019	4.103021
3019	2973	0.746004
3019	2974	0.750000
3019	3018	4.103021
3019	3020	4.289522
3020	2970	2.260870
3020	2971	0.933564
3020	2972	0.711287
3020	2973	0.434783
3020	3019	4.289522
3020	3021	1.000000
3021	2901	0.186501
3021	2902	0.186501
3021	2970	0.695652
3021	2971	2.222771
3021	3020	1.000000
3021	3022	2.844140
3022	2969	0.667424
3022	2970	0.885880
3022	3021	2.844140
3022	3023	2.890765
3023	2886	0.046625
3023	2899	0.043478
3023	2900	0.260870
3023	2968	0.885880
3023	2969	2.178316
3023	3022	2.890765
3023	3024	4.304348
3024	2887	0.521739
3024	2967	0.885880
3024	2968	1.398757
3024	3023	4.304348
3024	3025	4.565217
3024	3037	0.046625
3025	2887	0.391304
3025	2888	0.347826
3025	2967	0.885880
3025	3024	4.565217
3025	3026	4.782609
3025	3037	1.025755
3026	3025	4.782609
3026	3027	1.066930
3026	3035	0.400099
3026	3036	0.533465
3026	3037	0.559503
3027	2947	0.222277
3027	2948	0.222277
3027	2964	0.905789
3027	2965	0.311188
3027	3026	1.066930
3027	3028	4.363636
3027	3034	0.238366
3027	3035	1.136364
3028	2948	0.933564
3028	2949	1.090909
3028	2963	0.047673
3028	2964	1.144155
3028	3027	4.363636
3028	3029	2.622870
3028	3034	0.143019
3029	2949	1.200296
3029	2950	0.043478
3029	3028	2.622870
3029	3030	1.445382
3029	3033	0.173913
3029	3034	0.233126
3030	2949	0.429058
3030	3029	1.445382
3030	3031	1.750000
3031	3030	1.750000
3031	3032	2.800000
3031	3033	0.466252
3032	3031	2.800000
3032	3033	1.771759
3033	3029	0.173913
3033	3031	0.466252
3033	3032	1.771759
3033	3034	0.792629
3034	3027	0.238366
3034	3028	0.143019
3034	3029	0.233126
3034	3033	0.792629
3034	3035	0.905789
3035	2947	0.044455
3035	2965	0.044455
3035	3026	0.400099
3035	3027	1.136364
3035	3034	0.905789
3035	3036	2.818182
3036	2946	0.286039
3036	2947	0.266733
3036	2965	0.800198
3036	2966	0.666831
3036	3026	0.533465
3036	3035	2.818182
3036	3037	2.908061
3037	2946	0.050000
3037	2966	0.373002
3037	2967	1.050000
3037	3024	0.046625
3037	3025	1.025755
3037	3026	0.559503
3037	3036	2.908061
3037	3038	1.350000
3038	2942	0.046625
3038	2943	0.792629
3038	2945	0.050000
3038	2966	1.398757
3038	2967	0.400000
3038	3037	1.350000
3038	3039	2.900000
3039	2942	0.885880
3039	2943	1.538633
3039	2967	0.050000
3039	3038	2.900000
3039	3040	3.200000
3040	2941	0.839254
3040	2942	1.678509
3040	3039	3.200000
3040	3041	2.950000
3040	3216	0.100000
3041	2940	0.932505
3041	2941	1.678509
3041	3040	2.950000
3041	3042	2.900000
3041	3208	0.233126
3041	3209	0.500000
3041	3216	0.900000
3041	3217	0.150000
3042	2939	0.792629
3042	2940	1.398757
3042	3041	2.900000
3042	3043	3.963145
3042	3208	0.186501
3042	3217	0.150000
3043	2937	0.792629
3043	2938	0.755742
3043	2939	1.130435
3043	3042	3.963145
3043	3044	1.333663
3044	2936	0.095346
3044	2937	0.858116
3044	2938	2.954545
3044	3043	1.333663
3044	3045	1.318182
3044	3046	3.556434
3045	2256	0.095346
3045	2257	0.454545
3045	2258	0.044455
3045	3044	1.318182
3045	3046	1.511484
3045	3125	0.590909
3046	2936	0.792629
3046	2937	0.652753
3046	3044	3.556434
3046	3045	1.511484
3046	3047	3.776644
3047	2934	0.046625
3047	2935	0.932505
3047	2936	0.450000
3047	3016	0.419627
3047	3046	3.776644
3047	3048	3.300000
3048	2933	0.047673
3048	2934	0.885880
3048	2935	0.885880
3048	2977	0.190693
3048	2978	0.839254
3048	3015	0.750000
3048	3016	0.419627
3048	3047	3.300000
3048	3049	3.861523
3048	3050	0.046625
3049	2933	0.318182
3049	2934	0.177822
3049	2978	0.489010
3049	2979	1.022475
3049	3015	0.381385
3049	3048	3.861523
3049	3050	2.267227
3049	3051	1.600395
3050	2925	0.086957
3050	2979	0.217391
3050	2980	0.130435
3050	3048	0.046625
3050	3049	2.267227
3050	3051	0.956522
3051	2932	0.792629
3051	2933	1.644851
3051	2979	0.478261
3051	2980	0.260870
3051	3049	1.600395
3051	3050	0.956522
3051	3052	3.826087
3052	2930	0.046625
3052	2931	0.979130
3052	2932	1.538633
3052	2980	0.043478
3052	3051	3.826087
3052	3053	4.134354
3053	2929	0.047673
3053	2930	0.667424
3053	2931	0.953463
3053	3052	4.134354
3053	3054	4.267721
3054	2928	0.260870
3054	2929	0.932505
3054	2930	0.512878
3054	3053	4.267721
3054	3055	4.382773
3055	2928	0.792629
3055	2929	0.100000
3055	3054	4.382773
3055	3056	3.200000
3055	3059	0.046625
3056	2928	0.326377
3056	3055	3.200000
3056	3057	1.668560
3056	3058	2.765042
3056	3059	0.792629
3057	2322	0.045455
3057	3056	1.668560
3057	3058	1.227273
3057	3059	0.088911
3058	3056	2.765042
3058	3057	1.227273
3058	3059	2.889602
3059	2927	0.093250
3059	2928	3.913043
3059	3055	0.046625
3059	3056	0.792629
3059	3057	0.088911
3059	3058	2.889602
3059	3060	0.800198
3060	2252	0.572078
3060	2253	0.044455
3060	2851	0.047673
3060	2852	0.318182
3060	2877	0.272727
3060	2879	0.355643
3060	2927	1.334848
3060	3059	0.800198
3060	3061	5.000000
3061	2850	0.047673
3061	2851	0.905789
3061	2852	0.181818
3061	2877	0.045455
3061	2879	0.311188
3061	2880	0.266733
3061	2926	0.863636
3061	2927	0.286039
3061	3060	5.000000
3061	3062	4.318182
3062	2850	0.953463
3062	2851	0.715097
3062	2879	0.088911
3062	2880	0.400099
3062	2925	0.666831
3062	2926	0.590909
3062	3061	4.318182
3062	3063	3.772727
3063	2849	0.047673
3063	2850	1.191828
3063	2880	0.400099
3063	2881	0.355643
3063	2924	0.088911
3063	2925	0.889108
3063	3062	3.772727
3063	3064	3.689800
3064	2881	0.434783
3064	2882	0.093250
3064	2924	0.260870
3064	2925	0.260870
3064	3063	3.689800
3064	3065	3.823270
3065	2922	0.046625
3065	2923	0.792629
3065	2924	0.512878
3065	3064	3.823270
3065	3066	2.450000
3066	2922	0.792629
3066	2923	1.305507
3066	3065	2.450000
3066	3067	4.000000
3067	2921	0.699379
3067	2922	1.258881
3067	2997	0.350000
3067	3066	4.000000
3067	3068	2.600000
3068	2920	0.792629
3068	2921	2.284637
3068	2995	1.001136
3068	2996	0.250000
3068	2997	1.150000
3068	3067	2.600000
3068	3069	3.650000
3069	2917	0.606128
3069	2918	0.476731
3069	2920	0.233126
3069	2994	0.238366
3069	2995	1.048809
3069	2996	0.950000
3069	3068	3.650000
3069	3070	1.954598
3070	2916	0.047673
3070	2917	1.022475
3070	2918	3.090909
3070	3069	1.954598
3070	3071	4.500000
3071	2917	0.489010
3071	3070	4.500000
3071	3072	2.311682
3072	2915	0.086957
3072	2916	0.699379
3072	2917	0.826087
3072	3071	2.311682
3072	3073	3.823270
3073	2915	0.746004
3073	2916	0.150000
3073	3072	3.823270
3073	3074	3.575485
3073	3076	0.381385
3074	2915	1.422574
3074	3073	3.575485
3074	3075	0.905789
3074	3076	1.636364
3075	3074	0.905789
3075	3076	1.048809
3076	2915	0.044455
3076	2916	0.143019
3076	3073	0.381385
3076	3074	1.636364
3076	3075	1.048809
3076	3077	4.454545
3077	2913	0.044455
3077	2914	0.619751
3077	2916	0.810443
3077	2917	0.133366
3077	3076	4.454545
3077	3078	3.956870
3078	2913	0.979130
3078	2914	0.450000
3078	2916	0.550000
3078	2917	0.419627
3078	3077	3.956870
3078	3079	2.650000
3079	2912	0.746004
3079	2913	1.258881
3079	3078	2.650000
3079	3080	3.200000
3080	2911	0.524404
3080	2912	0.979130
3080	3079	3.200000
3080	3081	2.564388
3081	2909	0.217391
3081	2910	0.979130
3081	2911	2.089405
3081	3080	2.564388
3081	3082	4.615899
3082	2909	0.979130
3082	2910	0.300000
3082	3081	4.615899
3082	3083	2.984015
3083	2908	0.839254
3083	2909	2.217391
3083	3082	2.984015
3083	3084	3.869565
3084	2907	0.932505
3084	2908	1.305507
3084	3083	3.869565
3084	3085	4.173913
3085	2905	0.046625
3085	2906	0.932505
3085	2907	1.585258
3085	3084	4.173913
3085	3086	3.556434
3086	1707	0.044455
3086	1708	0.190693
3086	2904	0.047673
3086	2905	0.762770
3086	2906	1.048809
3086	3085	3.556434
3086	3087	4.000000
3087	1708	0.381385
3087	2842	2.445048
3087	2904	0.762770
3087	2905	0.619751
3087	3086	4.000000
3087	3088	1.239501
3088	1708	0.200000
3088	2842	0.046625
3088	2847	0.792629
3088	2848	0.953463
3088	3087	1.239501
3088	3089	2.650000
3089	2846	0.792629
3089	2847	2.051511
3089	3088	2.650000
3089	3090	3.300000
3090	2845	0.839254
3090	2846	1.678509
3090	3089	3.300000
3090	3091	2.657639
3091	2841	0.622376
3091	2844	0.932505
3091	2845	2.652174
3091	3090	2.657639
3091	3092	3.916520
3092	2810	0.046625
3092	2839	0.500000
3092	2840	0.650000
3092	2841	0.810443
3092	2893	0.050000
3092	2896	0.700000
3092	3091	3.916520
3092	3093	1.096482
3093	2809	0.177822
3093	2810	0.266733
3093	2811	2.479003
3093	2812	0.762770
3093	2813	0.572078
3093	2838	0.577920
3093	2839	2.097618
3093	2892	0.045455
3093	2893	0.333712
3093	2894	0.181818
3093	3092	1.096482
3093	3094	5.196371
3094	2809	0.792629
3094	2810	0.046625
3094	2812	0.400000
3094	2813	0.800000
3094	2892	0.047673
3094	2893	0.350000
3094	2894	0.333712
3094	3093	5.196371
3094	3095	2.350000
3094	3100	0.667424
3095	2808	0.885880
3095	2809	1.352132
3095	3094	2.350000
3095	3096	3.823270
3095	3100	2.622022
3096	2806	0.489010
3096	2807	0.844653
3096	2808	0.521739
3096	3095	3.823270
3096	3097	1.165631
3096	3098	1.111386
3097	2801	0.047673
3097	2804	0.050000
3097	2805	0.050000
3097	3096	1.165631
3097	3098	1.573213
3097	3111	2.350000
3097	3112	0.466252
3098	2801	0.181818
3098	2802	0.044455
3098	2807	0.454545
3098	2808	0.088911
3098	3096	1.111386
3098	3097	1.573213
3098	3099	1.272727
3098	3100	0.772727
3098	3101	3.098753
3098	3110	0.311188
3098	3111	0.715097
3099	2831	3.600889
3099	3098	1.272727
3099	3100	1.045455
3099	3106	3.636364
3099	3107	0.476731
3100	2808	0.044455
3100	2809	0.311188
3100	2812	1.620886
3100	2813	0.047673
3100	2831	0.355643
3100	3094	0.667424
3100	3095	2.622022
3100	3098	0.772727
3100	3099	1.045455
3100	3101	1.477867
3101	2807	0.238366
3101	2808	1.165631
3101	2809	0.652753
3101	3098	3.098753
3101	3100	1.477867
3101	3102	2.850000
3101	3110	0.792629
3101	3111	0.050000
3102	2809	0.046625
3102	3101	2.850000
3102	3103	2.471138
3102	3109	0.792629
3102	3110	1.725134
3103	2347	0.088911
3103	3102	2.471138
3103	3104	0.933564
3103	3107	3.263767
3103	3109	2.652174
3104	2309	0.090909
3104	2347	0.181818
3104	3103	0.933564
3104	3105	1.620886
3104	3107	0.381385
3105	2307	0.050000
3105	2308	0.286039
3105	2770	0.606128
3105	3104	1.620886
3105	3106	1.096482
3105	3107	2.800000
3106	2823	1.111386
3106	2824	0.978019
3106	2830	0.090909
3106	3099	3.636364
3106	3105	1.096482
3106	3107	1.144155
3107	2307	0.400000
3107	2308	0.238366
3107	2770	0.606128
3107	3099	0.476731
3107	3103	3.263767
3107	3104	0.381385
3107	3105	2.800000
3107	3106	1.144155
3107	3108	0.905789
3107	3109	0.046625
3108	2307	3.766177
3108	2311	0.095346
3108	2312	0.572078
3108	2770	0.444554
3108	2771	3.227273
3108	3107	0.905789
3108	3109	0.933564
3109	2311	0.233126
3109	2312	0.326377
3109	3102	0.792629
3109	3103	2.652174
3109	3107	0.046625
3109	3108	0.933564
3109	3110	3.695652
3110	3098	0.311188
3110	3101	0.792629
3110	3102	1.725134
3110	3109	3.695652
3110	3111	3.869895
3111	2295	0.050000
3111	3097	2.350000
3111	3098	0.715097
3111	3101	0.050000
3111	3110	3.869895
3111	3112	1.352132
3112	2295	0.046625
3112	2325	0.186501
3112	2326	0.608696
3112	2805	0.792629
3112	2806	2.178316
3112	3097	0.466252
3112	3111	1.352132
3112	3113	2.869565
3113	2254	0.130435
3113	2804	0.932505
3113	2805	2.098136
3113	3112	2.869565
3113	3114	3.434783
3114	2255	0.139876
3114	2802	0.043478
3114	2803	0.792629
3114	2804	1.958260
3114	3113	3.434783
3114	3115	3.869895
3115	2802	0.792629
3115	2803	0.600000
3115	3114	3.869895
3115	3116	3.963145
3116	2799	3.310392
3116	2800	0.889108
3116	2802	0.347826
3116	3115	3.963145
3116	3117	1.217391
3117	2798	0.173913
3117	2799	0.093250
3117	2940	0.434783
3117	2941	0.043478
3117	3116	1.217391
3117	3118	3.739130
3117	3130	0.699379
3117	3131	2.750889
3118	2799	0.046625
3118	2940	0.739130
3118	2941	0.391304
3118	3117	3.739130
3118	3119	3.963145
3118	3128	0.222277
3118	3129	0.932505
3118	3130	0.746004
3118	4125	0.093250
3118	4126	0.186501
3119	2941	0.186501
3119	3118	3.963145
3119	3120	3.450268
3119	3128	0.762770
3119	3129	0.150000
3119	4125	0.800000
3119	4126	0.250000
3120	3119	3.450268
3120	3121	2.984015
3120	3126	0.304348
3120	3127	0.792629
3120	3128	1.689306
3120	3235	0.133366
3120	4124	0.478261
3120	4125	0.373002
3121	3120	2.984015
3121	3122	0.905789
3121	3123	0.286039
3121	3124	0.233126
3121	3126	0.792629
3121	3232	0.050000
3122	2259	0.133366
3122	3121	0.905789
3122	3123	3.818182
3122	3173	0.489010
3122	3174	1.001136
3123	2258	0.844653
3123	2259	0.222277
3123	3121	0.286039
3123	3122	3.818182
3123	3124	4.534453
3124	2257	1.155841
3124	2258	0.695652
3124	3121	0.233126
3124	3123	4.534453
3124	3125	1.022475
3124	3126	3.217391
3125	2256	0.286039
3125	2257	1.318182
3125	2292	0.454545
3125	2293	0.045455
3125	2799	2.145291
3125	3045	0.590909
3125	3124	1.022475
3125	3126	1.022475
3126	2257	0.177822
3126	2292	0.177822
3126	2799	0.419627
3126	2800	0.044455
3126	3120	0.304348
3126	3121	0.792629
3126	3124	3.217391
3126	3125	1.022475
3126	3127	4.522648
3126	3236	0.279751
3127	3120	0.792629
3127	3126	4.522648
3127	3128	2.860388
3127	3235	0.953463
3127	3236	1.000000
3128	3118	0.222277
3128	3119	0.762770
3128	3120	1.689306
3128	3127	2.860388
3128	3129	4.338255
3128	3234	0.090909
3128	3235	0.545455
3128	4124	0.266733
3128	4125	0.047673
3128	4137	0.095346
3128	4138	0.772727
3129	2797	0.050000
3129	3118	0.932505
3129	3119	0.150000
3129	3128	4.338255
3129	3130	3.350000
3129	4124	0.279751
3129	4125	0.950000
3129	4126	0.200000
3129	4136	0.326377
3129	4137	0.900000
3129	4138	0.476731
3130	2796	0.050000
3130	2797	0.050000
3130	2798	1.818384
3130	2799	0.100000
3130	3117	0.699379
3130	3118	0.746004
3130	3129	3.350000
3130	3131	1.300000
3130	4125	0.050000
3130	4126	1.150000
3130	4136	0.233126
3131	2797	0.050000
3131	2798	0.932505
3131	2800	0.047673
3131	3117	2.750889
3131	3130	1.300000
3131	3132	3.766177
3132	2798	0.355643
3132	2800	0.500000
3132	2802	0.533465
3132	3131	3.766177
3132	3133	4.000988
3133	2797	0.979130
3133	2798	0.347826
3133	2800	0.088911
3133	2801	0.044455
3133	2802	0.739130
3133	2803	0.139876
3133	3132	4.000988
3133	3134	4.347826
3134	2796	0.885880
3134	2797	1.398757
3134	2801	0.088911
3134	2802	0.391304
3134	2803	0.093250
3134	3133	4.347826
3134	3135	4.009771
3135	2773	0.619751
3135	2795	0.792629
3135	2796	0.800000
3135	2801	0.095346
3135	3134	4.009771
3135	3136	1.865010
3136	2773	0.666831
3136	2774	0.889108
3136	2775	1.333663
3136	2794	0.792629
3136	2795	2.956522
3136	3135	1.865010
3136	3137	1.911635
3137	2771	0.715097
3137	2772	0.200000
3137	2773	1.620886
3137	2774	0.190693
3137	2775	0.095346
3137	3136	1.911635
3137	3138	1.119006
3137	3140	0.046625
3138	2770	0.043478
3138	2771	0.266733
3138	2787	0.512878
3138	2788	0.373002
3138	2823	0.217391
3138	2824	0.304348
3138	2825	0.792629
3138	2826	0.652753
3138	2827	0.391304
3138	3137	1.119006
3138	3139	1.119006
3139	2769	1.600000
3139	2770	0.373002
3139	2786	0.476731
3139	2824	0.093250
3139	2825	1.700000
3139	3138	1.119006
3139	3140	3.357017
3139	3475	0.792629
3139	3476	1.911635
3140	2786	1.111386
3140	3137	0.046625
3140	3139	3.357017
3140	3141	3.347826
3140	3474	0.932505
3140	3475	2.782609
3141	2776	0.043478
3141	3140	3.347826
3141	3142	3.913043
3141	3473	1.025755
3141	3474	2.144761
3142	3141	3.913043
3142	3143	4.801186
3142	3472	0.792629
3142	3473	1.911635
3143	3142	4.801186
3143	3144	3.689800
3143	3471	0.090909
3143	3472	0.619751
3143	4247	0.088911
3143	4248	0.045455
3143	4249	0.047673
3144	3143	3.689800
3144	3145	1.333663
3144	4247	0.652174
3145	3144	1.333663
3145	3146	3.636364
3145	3471	0.409091
3145	3472	0.286039
3145	3514	0.400099
3145	3515	0.355643
3145	4248	1.227273
3146	3145	3.636364
3146	3147	5.196371
3146	3470	0.133366
3146	3471	0.772727
3146	3515	0.844653
3146	3516	0.047673
3147	3146	5.196371
3147	3148	3.000000
3147	3470	0.932505
3147	3471	0.333712
3148	3147	3.000000
3148	3149	3.650000
3148	3468	0.046625
3148	3469	0.792629
3148	3470	1.398757
3149	2301	0.046625
3149	2302	0.326377
3149	2772	0.050000
3149	3148	3.650000
3149	3150	3.800000
3149	3467	0.047673
3149	3468	0.792629
3149	3469	1.352132
3150	2301	0.279751
3150	2302	0.233126
3150	3149	3.800000
3150	3151	3.250000
3150	3467	0.667424
3150	3468	1.165631
3150	4140	0.429058
3151	3150	3.250000
3151	3152	2.284637
3151	3466	0.792629
3151	3467	1.477867
3151	4139	0.200000
3151	4140	0.476731
3152	3151	2.284637
3152	3153	3.776644
3152	3465	0.839254
3152	3466	2.782609
3152	4114	0.233126
3152	4115	0.186501
3152	4116	0.139876
3152	4139	0.326377
3152	4141	0.088911
3153	3152	3.776644
3153	3154	3.300000
3153	3464	0.792629
3153	3465	0.550000
3153	4113	0.046625
3153	4114	0.750000
3154	3153	3.300000
3154	3155	1.239501
3154	3458	1.025755
3154	3463	0.792629
3154	3464	1.445382
3154	4113	0.699379
3154	4114	0.350000
3155	3154	1.239501
3155	3156	4.409091
3155	3458	0.133366
3155	3461	0.047673
3155	3462	0.572078
3155	4112	0.489010
3155	4113	0.400099
3155	4154	3.098753
3156	3155	4.409091
3156	3157	3.912077
3156	3461	0.667424
3156	3462	0.381385
3157	3156	3.912077
3157	3158	3.739130
3157	3160	0.311188
3157	3458	0.043478
3157	3460	0.792629
3157	3461	1.305507
3158	3157	3.739130
3158	3159	0.844653
3158	3160	0.177822
3158	3456	0.093250
3158	3457	2.144761
3158	3458	0.304348
3158	3459	0.233126
3158	3460	0.233126
3159	3158	0.844653
3159	3160	2.500000
3159	3161	1.382521
3159	3162	0.047673
3159	3165	4.000988
3159	3166	0.095346
3159	3167	0.500000
3159	3168	0.090909
3159	3456	0.047673
3159	3457	1.001136
3159	3459	2.479003
3160	3157	0.311188
3160	3158	0.177822
3160	3159	2.500000
3160	3161	1.763906
3160	3162	0.143019
3160	3459	0.762770
3160	3460	1.144155
3160	3975	0.044455
3160	3976	1.022475
3160	3977	0.489010
3161	3159	1.382521
3161	3160	1.763906
3161	3162	4.850000
3161	3165	0.652753
3161	3459	1.000000
3161	3460	0.750000
3161	3976	0.419627
3161	3977	0.326377
3162	3159	0.047673
3162	3160	0.143019
3162	3161	4.850000
3162	3163	1.150000
3162	3164	2.000000
3162	3165	0.419627
3162	3977	0.046625
3163	3162	1.150000
3163	3164	3.200000
3163	3935	0.046625
3163	3936	0.093250
3163	3980	0.466252
3163	3981	0.300000
3163	4009	1.352132
3164	3162	2.000000
3164	3163	3.200000
3164	3165	1.445382
3164	3166	1.100000
3165	3159	4.000988
3165	3161	0.652753
3165	3162	0.419627
3165	3164	1.445382
3165	3166	1.072381
3165	3167	0.400099
3165	3168	0.400099
3165	3169	0.086957
3165	3455	0.391304
3165	3456	0.792629
3165	3457	0.792629
3166	2299	0.093250
3166	2300	0.512878
3166	3159	0.095346
3166	3164	1.100000
3166	3165	1.072381
3166	3167	4.385928
3166	3459	0.200000
3167	2299	0.222277
3167	2300	0.444554
3167	3159	0.500000
3167	3165	0.400099
3167	3166	4.385928
3167	3168	4.454545
3167	3459	0.715097
3168	3159	0.090909
3168	3165	0.400099
3168	3167	4.454545
3168	3169	4.845641
3168	3456	0.095346
3168	3457	0.190693
3168	3459	0.095346
3169	3165	0.086957
3169	3168	4.845641
3169	3170	3.590144
3169	3239	0.043478
3169	3455	0.173913
3169	3456	0.233126
3169	3457	0.279751
3170	3169	3.590144
3170	3171	2.750000
3170	3172	0.046625
3170	3239	0.932505
3170	3455	0.093250
3170	3456	0.950000
3171	3170	2.750000
3171	3172	3.869895
3171	3238	1.072381
3171	3239	1.258881
3172	3170	0.046625
3172	3171	3.869895
3172	3173	1.000000
3172	3190	0.086957
3172	3232	0.186501
3172	3237	4.356631
3172	3238	0.739130
3173	3122	0.489010
3173	3172	1.000000
3173	3174	4.988901
3173	3190	0.478261
3173	3196	0.173913
3173	3197	0.606128
3173	3232	3.496893
3173	3237	0.222277
3174	3122	1.001136
3174	3173	4.988901
3174	3175	3.000000
3174	3196	0.792629
3174	3197	0.100000
3175	3174	3.000000
3175	3176	2.800000
3175	3195	0.699379
3175	3196	1.492008
3176	3175	2.800000
3176	3177	2.750000
3176	3194	0.932505
3176	3195	1.212256
3177	3176	2.750000
3177	3178	4.336147
3177	3193	0.932505
3177	3194	1.492008
3178	3177	4.336147
3178	3179	4.056396
3178	3191	0.400099
3178	3192	0.800198
3178	3193	0.782609
3179	1452	0.046625
3179	3178	4.056396
3179	3180	1.239501
3179	3189	1.001136
3179	3191	1.477867
3179	3192	1.573213
3180	1452	0.044455
3180	1453	0.889108
3180	1454	0.044455
3180	3179	1.239501
3180	3181	3.363636
3180	3188	0.755742
3180	3189	0.818182
3180	3191	2.818182
3180	3242	0.095346
3181	3180	3.363636
3181	3182	4.242909
3181	3187	0.133366
3181	3188	1.022475
3181	3444	0.090909
3182	3181	4.242909
3182	3183	3.350000
3182	3187	0.792629
3182	3188	0.512878
3182	3443	0.238366
3182	3444	0.047673
3183	3182	3.350000
3183	3184	1.150000
3183	3185	2.050000
3183	3186	0.606128
3183	3187	1.445382
3183	3443	0.953463
3184	3183	1.150000
3184	3185	1.800000
3184	3186	0.419627
3184	3304	0.667424
3184	3305	0.050000
3184	3442	0.300000
3184	3443	1.859252
3185	3183	2.050000
3185	3184	1.800000
3185	3186	2.377887
3186	3183	0.606128
3186	3184	0.419627
3186	3185	2.377887
3186	3187	3.391304
3186	3443	0.044455
3187	2261	0.046625
3187	3181	0.133366
3187	3182	0.792629
3187	3183	1.445382
3187	3186	3.391304
3187	3188	3.956522
3187	3443	0.266733
3187	3444	0.400099
3188	3180	0.755742
3188	3181	1.022475
3188	3182	0.512878
3188	3187	3.956522
3188	3189	3.867622
3188	3190	0.086957
3188	3444	0.400099
3188	3445	0.139876
3189	3179	1.001136
3189	3180	0.818182
3189	3188	3.867622
3189	3190	1.111386
3189	3191	2.545455
3189	3241	0.047673
3190	3172	0.086957
3190	3173	0.478261
3190	3188	0.086957
3190	3189	1.111386
3190	3191	1.333663
3190	3192	0.177822
3190	3238	2.130435
3191	1452	0.222277
3191	1453	0.133366
3191	3178	0.400099
3191	3179	1.477867
3191	3180	2.818182
3191	3189	2.545455
3191	3190	1.333663
3191	3192	2.227273
3191	3241	0.238366
3191	3242	0.143019
3192	1451	0.045455
3192	1452	0.577920
3192	3178	0.800198
3192	3179	1.573213
3192	3190	0.177822
3192	3191	2.227273
3192	3193	3.200790
3192	3238	0.266733
3192	3240	0.238366
3192	3241	0.047673
3193	1451	0.311188
3193	3177	0.932505
3193	3178	0.782609
3193	3192	3.200790
3193	3194	3.782609
3193	3240	0.046625
3194	1412	0.746004
3194	1450	0.046625
3194	3176	0.932505
3194	3177	1.492008
3194	3193	3.782609
3194	3195	4.304348
3195	1412	0.652753
3195	1413	0.466252
3195	3175	0.699379
3195	3176	1.212256
3195	3194	4.304348
3195	3196	3.521739
3196	3173	0.173913
3196	3174	0.792629
3196	3175	1.492008
3196	3195	3.521739
3196	3197	3.450268
3197	3173	0.606128
3197	3174	0.100000
3197	3196	3.450268
3197	3198	1.119006
3197	3231	0.233126
3197	3232	1.450000
3198	3197	1.119006
3198	3199	4.662524
3198	3225	0.043478
3198	3226	0.699379
3198	3227	0.559503
3198	3231	3.652174
3198	3233	0.434783
3199	3198	4.662524
3199	3200	3.000000
3199	3225	0.792629
3199	3226	0.400000
3199	4285	0.333712
3200	3199	3.000000
3200	3201	3.550000
3200	3224	0.667424
3200	3225	1.585258
3200	4284	0.839254
3200	4285	1.048809
3201	3200	3.550000
3201	3202	2.600000
3201	3223	0.792629
3201	3224	0.905789
3201	4283	0.500000
3201	4284	0.326377
3202	3201	2.600000
3202	3203	3.150000
3202	3222	0.839254
3202	3223	1.725134
3203	3202	3.150000
3203	3204	3.000000
3203	3221	0.652753
3203	3222	1.445382
3204	3203	3.000000
3204	3205	1.305507
3204	3220	0.606128
3204	3221	1.212256
3205	3204	1.305507
3205	3206	4.086957
3205	3219	0.746004
3205	3220	3.260870
3206	3205	4.086957
3206	3207	3.043478
3206	3218	0.746004
3206	3219	1.305507
3207	3206	3.043478
3207	3208	3.565217
3207	3217	0.932505
3207	3218	2.144761
3208	3041	0.233126
3208	3042	0.186501
3208	3207	3.565217
3208	3209	4.103021
3208	3216	0.746004
3208	3217	1.212256
3209	3041	0.500000
3209	3208	4.103021
3209	3210	4.615899
3209	3215	0.139876
3209	3216	0.750000
3210	3209	4.615899
3210	3211	1.378118
3210	3212	0.979130
3210	3213	0.217391
3210	3214	0.400099
3210	3215	0.260870
3211	3210	1.378118
3211	3212	2.192964
3211	3213	1.022475
3211	3214	1.681818
3212	3210	0.979130
3212	3211	2.192964
3212	3213	0.885880
3213	3210	0.217391
3213	3211	1.022475
3213	3212	0.885880
3213	3214	1.867128
3214	3210	0.400099
3214	3211	1.681818
3214	3213	1.867128
3214	3215	3.423068
3215	2944	0.222277
3215	3209	0.139876
3215	3210	0.260870
3215	3214	3.423068
3215	3216	2.844140
3216	3040	0.100000
3216	3041	0.900000
3216	3208	0.746004
3216	3209	0.750000
3216	3215	2.844140
3216	3217	2.950000
3217	2942	0.046625
3217	3041	0.150000
3217	3042	0.150000
3217	3207	0.932505
3217	3208	1.212256
3217	3216	2.950000
3217	3218	2.150000
3218	3206	0.746004
3218	3207	2.144761
3218	3217	2.150000
3218	3219	2.950000
3219	3205	0.746004
3219	3206	1.305507
3219	3218	2.950000
3219	3220	1.538633
3220	3204	0.606128
3220	3205	3.260870
3220	3219	1.538633
3220	3221	4.173913
3221	3203	0.652753
3221	3204	1.212256
3221	3220	4.173913
3221	3222	4.086957
3222	3202	0.839254
3222	3203	1.445382
3222	3221	4.086957
3222	3223	3.000000
3223	3201	0.792629
3223	3202	1.725134
3223	3222	3.000000
3223	3224	4.223265
3224	3200	0.667424
3224	3201	0.905789
3224	3223	4.223265
3224	3225	3.823166
3225	3198	0.043478
3225	3199	0.792629
3225	3200	1.585258
3225	3224	3.823166
3225	3226	3.543518
3225	4284	0.043478
3225	4285	0.755742
3226	3198	0.699379
3226	3199	0.400000
3226	3225	3.543518
3226	3227	2.850000
3226	4285	1.048809
3226	4286	0.512878
3227	3198	0.559503
3227	3226	2.850000
3227	3228	2.750889
3227	3231	0.746004
3227	4286	0.326377
3227	4287	0.466252
3228	3227	2.750889
3228	3229	0.979130
3228	3230	1.822672
3228	3231	2.130435
3228	3233	0.217391
3228	4121	0.043478
3228	4287	0.086957
3229	3228	0.979130
3229	3230	4.290582
3229	4120	0.047673
3229	4121	0.046625
3229	4144	0.800000
3229	4145	1.212256
3230	3228	1.822672
3230	3229	4.290582
3230	3231	1.022475
3230	3233	0.311188
3230	4121	0.622376
3230	4122	0.286039
3230	4143	0.047673
3230	4144	0.667424
3231	3197	0.233126
3231	3198	3.652174
3231	3227	0.746004
3231	3228	2.130435
3231	3230	1.022475
3231	3232	1.212256
3231	3233	2.347826
3232	3121	0.050000
3232	3172	0.186501
3232	3173	3.496893
3232	3197	1.450000
3232	3231	1.212256
3232	3233	0.932505
3232	3235	0.095346
3232	3236	0.200000
3232	3237	0.286039
3233	3198	0.434783
3233	3228	0.217391
3233	3230	0.311188
3233	3231	2.347826
3233	3232	0.932505
3233	3234	1.778217
3233	3235	0.133366
3233	4122	1.305507
3233	4123	1.258881
3234	3128	0.090909
3234	3233	1.778217
3234	3235	3.681818
3234	4123	1.334848
3234	4124	0.400099
3234	4138	0.363636
3234	4142	0.755742
3234	4143	0.715097
3235	3120	0.133366
3235	3127	0.953463
3235	3128	0.545455
3235	3232	0.095346
3235	3233	0.133366
3235	3234	3.681818
3235	3236	2.479003
3235	4138	0.227273
3235	4139	0.238366
3235	4142	0.133366
3235	4143	0.190693
3236	3126	0.279751
3236	3127	1.000000
3236	3232	0.200000
3236	3235	2.479003
3236	3237	1.763906
3237	3172	4.356631
3237	3173	0.222277
3237	3232	0.286039
3237	3236	1.763906
3237	3238	1.111386
3238	3171	1.072381
3238	3172	0.739130
3238	3190	2.130435
3238	3192	0.266733
3238	3237	1.111386
3238	3239	1.521739
3238	3240	0.419627
3239	3169	0.043478
3239	3170	0.932505
3239	3171	1.258881
3239	3238	1.521739
3239	3240	4.009771
3239	3454	0.792629
3239	3455	1.173913
3240	3192	0.238366
3240	3193	0.046625
3240	3238	0.419627
3240	3239	4.009771
3240	3241	2.800000
3240	3453	0.885880
3240	3454	0.600000
3241	3189	0.047673
3241	3191	0.238366
3241	3192	0.047673
3241	3240	2.800000
3241	3242	2.650000
3241	3452	0.810443
3241	3453	1.678509
3242	3180	0.095346
3242	3191	0.143019
3242	3241	2.650000
3242	3243	4.050000
3242	3451	0.839254
3242	3452	1.477867
3243	3242	4.050000
3243	3244	1.445382
3243	3450	0.699379
3243	3451	1.258881
3244	3243	1.445382
3244	3245	3.608696
3244	3424	0.373002
3244	3449	0.792629
3244	3450	3.260870
3245	3244	3.608696
3245	3246	4.103021
3245	3261	0.177822
3245	3404	0.088911
3245	3446	0.217391
3245	3448	0.839254
3245	3449	1.818384
3246	3245	4.103021
3246	3247	3.450268
3246	3261	1.430194
3246	3404	0.047673
3246	3446	0.885880
3246	3448	0.100000
3247	3246	3.450268
3247	3248	2.089405
3247	3249	0.932505
3247	3261	0.266733
3247	3262	0.222277
3247	3444	0.266733
3247	3445	0.792629
3247	3446	1.782609
3248	3247	2.089405
3248	3249	3.623158
3248	3265	0.047673
3248	3266	0.181818
3248	3303	0.133366
3248	3304	3.227273
3248	3443	0.409091
3248	3444	0.681818
3249	2287	0.885880
3249	3247	0.932505
3249	3248	3.623158
3249	3250	1.750000
3249	3264	0.143019
3249	3265	0.400000
3249	3266	0.190693
3249	3444	0.429058
3249	3445	0.650000
3250	2287	3.496893
3250	2288	0.350000
3250	2322	0.667424
3250	3249	1.750000
3250	3251	2.564388
3250	3264	0.190693
3250	3265	0.100000
3250	3445	0.450000
3250	3446	0.139876
3251	2317	0.043478
3251	2318	0.304348
3251	2322	0.444554
3251	2339	0.889108
3251	3250	2.564388
3251	3252	3.730019
3251	3262	0.044455
3251	3263	0.792629
3251	3264	1.822672
3252	2339	1.239501
3252	2340	0.238366
3252	3251	3.730019
3252	3253	3.050000
3252	3262	0.715097
3252	3263	0.700000
3253	2340	0.190693
3253	2341	0.143019
3253	3252	3.050000
3253	3254	1.900000
3253	3259	3.432465
3253	3260	0.667424
3253	3262	1.001136
3254	2341	0.810443
3254	2343	0.233126
3254	3253	1.900000
3254	3255	1.382521
3254	3258	2.192964
3254	3259	0.905789
3254	3260	0.572078
3254	4015	0.279751
3255	2245	0.429058
3255	2246	0.905789
3255	2344	0.524404
3255	2345	0.286039
3255	3254	1.382521
3255	3256	1.763906
3255	3257	0.381385
3255	3258	0.045455
3256	2310	2.717368
3256	2347	0.476731
3256	2348	0.250000
3256	3255	1.763906
3256	3257	1.100000
3256	4036	0.050000
3257	2310	0.143019
3257	3255	0.381385
3257	3256	1.100000
3257	3258	1.287174
3257	4013	0.950000
3257	4014	1.573213
3257	4035	0.839254
3257	4036	3.150000
3258	2298	0.047673
3258	2341	0.045455
3258	3254	2.192964
3258	3255	0.045455
3258	3257	1.287174
3258	3259	1.318182
3258	4014	2.636364
3258	4015	1.066930
3258	4034	0.755742
3258	4035	0.489010
3259	2297	0.133366
3259	2298	0.667424
3259	2299	0.133366
3259	3253	3.432465
3259	3254	0.905789
3259	3258	1.318182
3259	3260	1.727273
3259	3447	0.181818
3259	4034	0.044455
3260	2298	0.143019
3260	2341	0.045455
3260	3253	0.667424
3260	3254	0.572078
3260	3259	1.727273
3260	3261	1.227273
3260	3262	3.090909
3260	3447	0.272727
3260	3448	0.858116
3260	4015	0.622376
3260	4016	0.318182
3261	3245	0.177822
3261	3246	1.430194
3261	3247	0.266733
3261	3260	1.227273
3261	3262	1.681818
3261	3404	3.136364
3261	3446	0.266733
3261	4016	0.045455
3261	4032	0.143019
3261	4033	0.905789
3262	2341	0.227273
3262	3247	0.222277
3262	3251	0.044455
3262	3252	0.715097
3262	3253	1.001136
3262	3260	3.090909
3262	3261	1.681818
3262	3263	3.337119
3262	4016	0.863636
3262	4017	0.090909
3263	2339	0.619751
3263	2340	0.619751
3263	2341	0.143019
3263	3251	0.792629
3263	3252	0.700000
3263	3262	3.337119
3263	3264	3.766177
3264	2322	0.409091
3264	2339	0.681818
3264	3249	0.143019
3264	3250	0.190693
3264	3251	1.822672
3264	3263	3.766177
3264	3265	4.528947
3264	3303	0.222277
3265	2287	0.046625
3265	2322	0.238366
3265	3248	0.047673
3265	3249	0.400000
3265	3250	0.100000
3265	3264	4.528947
3265	3266	3.241773
3265	3303	1.678509
3266	3248	0.181818
3266	3249	0.190693
3266	3265	3.241773
3266	3267	2.267227
3266	3303	0.978019
3266	3304	0.909091
3267	3266	2.267227
3267	3268	3.683394
3267	3301	0.043478
3267	3302	0.885880
3267	3303	1.043478
3267	3304	0.133366
3267	3305	0.606128
3267	3436	0.088911
3268	3267	3.683394
3268	3269	3.750000
3268	3301	0.839254
3268	3302	0.400000
3268	3366	0.524404
3268	3436	0.286039
3269	3268	3.750000
3269	3270	3.150000
3269	3300	0.667424
3269	3301	1.025755
3269	3366	2.002271
3270	3269	3.150000
3270	3271	3.500000
3270	3299	0.792629
3270	3300	1.191828
3270	3366	0.238366
3270	3367	0.667424
3271	3270	3.500000
3271	3272	3.300000
3271	3298	0.699379
3271	3299	1.305507
3272	3271	3.300000
3272	3273	3.350000
3272	3278	0.095346
3272	3296	0.047673
3272	3297	0.932505
3272	3298	1.818384
3273	3272	3.350000
3273	3274	1.165631
3273	3275	0.050000
3273	3277	1.001136
3273	3278	0.953463
3273	3294	1.811579
3273	3296	0.810443
3273	3297	1.631883
3274	3273	1.165631
3274	3275	2.517763
3274	3277	0.222277
3274	3293	0.559503
3274	3294	2.578415
3275	3273	0.050000
3275	3274	2.517763
3275	3276	0.979130
3275	3277	2.622022
3275	3290	0.047673
3275	3292	0.746004
3275	3293	1.700000
3275	3294	0.429058
3275	3296	0.095346
3276	3275	0.979130
3276	3277	0.933564
3276	3638	0.326377
3276	3639	1.492008
3277	3273	1.001136
3277	3274	0.222277
3277	3275	2.622022
3277	3276	0.933564
3277	3278	4.636364
3277	3289	0.711287
3277	3290	0.681818
3277	3292	0.800198
3277	3296	0.136364
3277	3297	0.666831
3278	3272	0.095346
3278	3273	0.953463
3278	3277	4.636364
3278	3279	2.812715
3278	3289	0.755742
3278	3297	1.022475
3278	3298	0.266733
3279	3278	2.812715
3279	3280	2.850000
3279	3288	0.885880
3279	3289	0.373002
3279	3298	0.139876
3280	3279	2.850000
3280	3281	2.850000
3280	3287	0.667424
3280	3288	1.678509
3281	3280	2.850000
3281	3282	3.217142
3281	3286	0.792629
3281	3287	0.953463
3282	3281	3.217142
3282	3283	1.398757
3282	3284	1.822672
3282	3285	0.577920
3282	3286	1.347826
3283	2863	0.559503
3283	2864	0.047673
3283	3282	1.398757
3283	3284	3.527812
3284	2862	0.905789
3284	2863	0.222277
3284	2867	0.088911
3284	2868	0.711287
3284	3282	1.822672
3284	3283	3.527812
3284	3285	4.818182
3285	2861	0.476731
3285	2862	0.858116
3285	2868	0.800198
3285	2869	0.381385
3285	3282	0.577920
3285	3284	4.818182
3285	3286	2.889602
3286	2869	0.186501
3286	3281	0.792629
3286	3282	1.347826
3286	3285	2.889602
3286	3287	4.312176
3287	3280	0.667424
3287	3281	0.953463
3287	3286	4.312176
3287	3288	3.689800
3288	3279	0.885880
3288	3280	1.678509
3288	3287	3.689800
3288	3289	4.000000
3289	3277	0.711287
3289	3278	0.755742
3289	3279	0.373002
3289	3288	4.000000
3289	3290	4.801186
3289	3291	0.043478
3289	3297	0.260870
3290	3275	0.047673
3290	3277	0.681818
3290	3289	4.801186
3290	3291	1.022475
3290	3292	4.000988
3290	3297	0.311188
3291	3289	0.043478
3291	3290	1.022475
3291	3292	1.043478
3292	3275	0.746004
3292	3277	0.800198
3292	3290	4.000988
3292	3291	1.043478
3292	3293	3.823270
3292	3296	0.133366
3293	3274	0.559503
3293	3275	1.700000
3293	3292	3.823270
3293	3294	1.144155
3293	3296	0.286039
3294	3273	1.811579
3294	3274	2.578415
3294	3275	0.429058
3294	3293	1.144155
3294	3295	1.144155
3294	3296	2.636364
3295	3294	1.144155
3295	3296	1.763906
3296	3272	0.047673
3296	3273	0.810443
3296	3275	0.095346
3296	3277	0.136364
3296	3292	0.133366
3296	3293	0.286039
3296	3294	2.636364
3296	3295	1.763906
3296	3297	3.467523
3297	3272	0.932505
3297	3273	1.631883
3297	3277	0.666831
3297	3278	1.022475
3297	3289	0.260870
3297	3290	0.311188
3297	3296	3.467523
3297	3298	3.434783
3298	3271	0.699379
3298	3272	1.818384
3298	3278	0.266733
3298	3279	0.139876
3298	3297	3.434783
3298	3299	3.913043
3299	3270	0.792629
3299	3271	1.305507
3299	3298	3.913043
3299	3300	3.956533
3300	3269	0.667424
3300	3270	1.191828
3300	3299	3.956533
3300	3301	3.867622
3301	3267	0.043478
3301	3268	0.839254
3301	3269	1.025755
3301	3300	3.867622
3301	3302	4.662524
3301	3366	0.088911
3301	3436	0.266733
3301	3437	0.133366
3302	3267	0.885880
3302	3268	0.400000
3302	3301	4.662524
3302	3303	3.823270
3302	3436	1.001136
3302	3437	0.667424
3302	3438	0.524404
3303	3248	0.133366
3303	3264	0.222277
3303	3265	1.678509
3303	3266	0.978019
3303	3267	1.043478
3303	3302	3.823270
3303	3304	0.933564
3303	3438	0.311188
3304	3184	0.667424
3304	3248	3.227273
3304	3266	0.909091
3304	3267	0.133366
3304	3303	0.933564
3304	3305	5.005679
3304	3442	0.190693
3304	3443	0.590909
3305	3184	0.050000
3305	3267	0.606128
3305	3304	5.005679
3305	3306	2.191386
3305	3441	0.885880
3305	3442	0.150000
3306	877	0.093250
3306	3305	2.191386
3306	3307	4.382773
3306	3439	0.391304
3306	3440	0.792629
3306	3441	2.434783
3307	877	0.350000
3307	878	0.190693
3307	3306	4.382773
3307	3308	3.550000
3307	3438	0.047673
3307	3439	0.792629
3308	3307	3.550000
3308	3309	3.700000
3308	3435	0.619751
3308	3436	0.047673
3308	3438	0.667424
3308	3439	0.932505
3309	3308	3.700000
3309	3310	1.398757
3309	3366	0.286039
3309	3435	1.668560
3309	3436	0.953463
3309	3438	0.667424
3310	3309	1.398757
3310	3311	3.869895
3310	3370	0.043478
3310	3371	0.792629
3310	3396	0.347826
3310	3397	2.424513
3310	3435	0.311188
3311	767	0.300000
3311	768	0.250000
3311	3310	3.869895
3311	3312	2.750000
3311	3370	0.792629
3311	3371	0.600000
3311	3394	0.143019
3312	767	0.050000
3312	768	0.300000
3312	3311	2.750000
3312	3313	1.100000
3312	3365	1.352132
3312	3369	0.792629
3312	3370	1.958260
3312	3393	1.001136
3312	3394	1.096482
3313	3312	1.100000
3313	3314	1.119006
3313	3315	0.139876
3313	3316	0.150000
3313	3363	0.046625
3313	3364	2.700000
3313	3365	2.517763
3313	3367	0.619751
3313	3393	0.190693
3314	3313	1.119006
3314	3315	3.739130
3314	3363	0.043478
3314	3369	0.130435
3314	3393	3.689800
3315	3313	0.139876
3315	3314	3.739130
3315	3316	3.683394
3315	3365	0.086957
3315	3367	0.044455
3315	3368	0.885880
3316	3313	0.150000
3316	3315	3.683394
3316	3317	3.030641
3316	3367	0.762770
3316	3368	0.950000
3317	3316	3.030641
3317	3318	4.709149
3317	3363	0.260870
3317	3364	0.792629
3317	3367	2.400593
3318	3317	4.709149
3318	3319	3.200000
3318	3362	0.046625
3318	3363	0.792629
3318	3364	0.150000
3319	3318	3.200000
3319	3320	2.937390
3319	3362	0.792629
3319	3363	1.305507
3320	3319	2.937390
3320	3321	4.000000
3320	3361	0.932505
3320	3362	2.956522
3321	686	0.489010
3321	3320	4.000000
3321	3322	0.889108
3321	3323	0.133366
3321	3360	0.792629
3321	3361	1.818384
3322	3321	0.889108
3322	3323	1.227273
3323	686	3.545455
3323	3321	0.133366
3323	3322	1.227273
3323	3324	4.312176
3323	3360	0.190693
3324	3323	4.312176
3324	3325	3.521739
3324	3359	0.885880
3324	3360	0.046625
3325	3324	3.521739
3325	3326	4.895650
3325	3357	0.217391
3325	3358	0.932505
3325	3359	1.865010
3326	70	0.606128
3326	71	0.700000
3326	3325	4.895650
3326	3327	3.150000
3326	3357	0.606128
3326	3358	0.050000
3327	70	0.093250
3327	71	0.300000
3327	3326	3.150000
3327	3328	1.287174
3327	3354	0.466252
3327	3355	0.476731
3327	3356	0.333712
3327	3357	0.233126
3328	3327	1.287174
3328	3329	4.136364
3328	3354	0.133366
3328	3355	2.681818
3328	3553	0.711287
3328	3660	0.905789
3328	3661	0.533465
3329	3328	4.136364
3329	3330	3.823166
3329	3354	0.222277
3329	3553	0.889108
3329	3554	0.400099
3329	3659	0.047673
3329	3660	0.524404
3330	3329	3.823166
3330	3331	3.347826
3330	3353	0.746004
3330	3354	0.652174
3330	3554	0.043478
3331	3330	3.347826
3331	3332	4.391304
3331	3352	0.792629
3331	3353	1.865010
3331	3626	0.046625
3332	3331	4.391304
3332	3333	4.304348
3332	3350	0.355643
3332	3351	0.711287
3332	3352	0.512878
3332	3626	0.093250
3333	3332	4.304348
3333	3334	1.289207
3333	3349	2.434783
3333	3350	0.844653
3334	3333	1.289207
3334	3335	3.645345
3334	3349	0.889108
3334	3350	3.590909
3335	3334	3.645345
3335	3336	4.000000
3335	3348	0.885880
3335	3349	1.217391
3336	3335	4.000000
3336	3337	3.695652
3336	3347	1.025755
3336	3348	1.165631
3337	3336	3.695652
3337	3338	3.347826
3337	3346	0.979130
3337	3347	1.678509
3338	1978	0.093250
3338	1979	0.139876
3338	3337	3.347826
3338	3339	4.476023
3338	3344	0.130435
3338	3345	0.792629
3338	3346	1.725134
3338	3837	0.173913
3338	3838	0.577920
3339	1979	1.000000
3339	1980	0.047673
3339	3338	4.476023
3339	3340	2.331262
3339	3344	0.652753
3339	3345	0.050000
3339	3836	0.046625
3339	3837	0.419627
3339	3838	0.238366
3340	1980	0.088911
3340	3339	2.331262
3340	3341	1.258881
3340	3342	1.600395
3340	3343	0.533465
3340	3344	2.043478
3340	3836	0.173913
3340	3837	0.043478
3341	3340	1.258881
3341	3342	4.052216
3342	3340	1.600395
3342	3341	4.052216
3342	3343	3.772727
3343	3340	0.533465
3343	3342	3.772727
3343	3344	1.867128
3344	1979	0.373002
3344	1980	0.177822
3344	3338	0.130435
3344	3339	0.652753
3344	3340	2.043478
3344	3343	1.867128
3344	3345	4.569274
3345	1979	0.500000
3345	3338	0.792629
3345	3339	0.050000
3345	3344	4.569274
3345	3346	3.650000
3346	1978	0.650000
3346	1979	0.050000
3346	3337	0.979130
3346	3338	1.725134
3346	3345	3.650000
3346	3347	3.250000
3347	1942	0.050000
3347	3336	1.025755
3347	3337	1.678509
3347	3346	3.250000
3347	3348	2.750000
3348	3335	0.885880
3348	3336	1.165631
3348	3347	2.750000
3348	3349	3.496893
3349	3333	2.434783
3349	3334	0.889108
3349	3335	1.217391
3349	3348	3.496893
3349	3350	1.422574
3350	3332	0.355643
3350	3333	0.844653
3350	3334	3.590909
3350	3349	1.422574
3350	3351	3.545455
3351	2	0.047673
3351	3332	0.711287
3351	3350	3.545455
3351	3352	4.195235
3352	3331	0.792629
3352	3332	0.512878
3352	3351	4.195235
3352	3353	2.850000
3353	3330	0.746004
3353	3331	1.865010
3353	3352	2.850000
3353	3354	2.937390
3354	3327	0.466252
3354	3328	0.133366
3354	3329	0.222277
3354	3330	0.652174
3354	3353	2.937390
3354	3355	1.022475
3354	3553	0.043478
3355	3327	0.476731
3355	3328	2.681818
3355	3354	1.022475
3355	3356	4.318182
3355	3552	0.905789
3355	3553	0.889108
3355	3660	0.095346
3355	3661	0.711287
3356	3327	0.333712
3356	3355	4.318182
3356	3357	3.600889
3356	3551	0.429058
3356	3552	1.001136
3356	3661	0.711287
3356	3662	0.311188
3357	3325	0.217391
3357	3326	0.606128
3357	3327	0.233126
3357	3356	3.600889
3357	3358	4.895650
3357	3662	0.347826
3357	3663	0.046625
3358	3325	0.932505
3358	3326	0.050000
3358	3357	4.895650
3358	3359	3.000000
3359	3324	0.885880
3359	3325	1.865010
3359	3358	3.000000
3359	3360	4.200000
3360	3321	0.792629
3360	3323	0.190693
3360	3324	0.046625
3360	3359	4.200000
3360	3361	2.600000
3361	686	0.143019
3361	3320	0.932505
3361	3321	1.818384
3361	3360	2.600000
3361	3362	3.077266
3362	3318	0.046625
3362	3319	0.792629
3362	3320	2.956522
3362	3361	3.077266
3362	3363	3.521739
3363	3313	0.046625
3363	3314	0.043478
3363	3317	0.260870
3363	3318	0.792629
3363	3319	1.305507
3363	3362	3.521739
3363	3364	4.522648
3364	3313	2.700000
3364	3317	0.792629
3364	3318	0.150000
3364	3363	4.522648
3364	3365	1.025755
3364	3367	0.047673
3365	3312	1.352132
3365	3313	2.517763
3365	3315	0.086957
3365	3364	1.025755
3365	3366	1.111386
3365	3367	1.244752
3365	3368	0.466252
3365	3369	1.956522
3366	3268	0.524404
3366	3269	2.002271
3366	3270	0.238366
3366	3301	0.088911
3366	3309	0.286039
3366	3365	1.111386
3366	3367	1.000000
3366	3436	2.409091
3367	3270	0.667424
3367	3313	0.619751
3367	3315	0.044455
3367	3316	0.762770
3367	3317	2.400593
3367	3364	0.047673
3367	3365	1.244752
3367	3366	1.000000
3367	3368	2.574349
3368	3315	0.885880
3368	3316	0.950000
3368	3365	0.466252
3368	3367	2.574349
3368	3369	2.844140
3368	3437	0.047673
3369	3312	0.792629
3369	3314	0.130435
3369	3365	1.956522
3369	3368	2.844140
3369	3370	3.608696
3369	3393	0.088911
3369	4024	0.043478
3370	3310	0.043478
3370	3311	0.792629
3370	3312	1.958260
3370	3369	3.608696
3370	3371	4.056396
3370	3393	0.311188
3370	3394	0.800198
3371	3310	0.792629
3371	3311	0.600000
3371	3370	4.056396
3371	3372	1.025755
3371	3394	0.667424
3371	3395	0.606128
3371	3396	2.844140
3371	3435	0.047673
3372	3371	1.025755
3372	3373	2.913043
3372	3390	0.792629
3372	3391	1.212256
3372	3395	3.391304
3372	3396	0.478261
3373	3372	2.913043
3373	3374	4.476023
3373	3388	0.043478
3373	3389	0.606128
3373	3390	1.725134
3374	3373	4.476023
3374	3375	3.050000
3374	3388	0.792629
3374	3389	0.300000
3375	3374	3.050000
3375	3376	1.771759
3375	3387	0.792629
3375	3388	1.631883
3376	3375	1.771759
3376	3377	4.289522
3376	3386	0.792629
3376	3387	3.434783
3377	3376	4.289522
3377	3378	1.191828
3377	3384	2.669695
3377	3385	0.190693
3377	3386	0.800000
3378	1390	0.667424
3378	1391	1.181818
3378	1472	0.889108
3378	1473	0.715097
3378	3377	1.191828
3378	3379	1.045455
3378	3382	0.090909
3378	3383	0.619751
3378	3384	1.818182
3378	3385	1.727273
3379	1471	0.500000
3379	1472	1.289207
3379	3378	1.045455
3379	3380	1.001136
3380	1392	0.350000
3380	1393	0.093250
3380	3379	1.001136
3380	3381	4.000000
3381	1392	0.400000
3381	3380	4.000000
3381	3382	3.575485
3382	1391	0.636364
3382	1392	0.619751
3382	3378	0.090909
3382	3381	3.575485
3382	3383	4.910332
3383	1391	0.143019
3383	3378	0.619751
3383	3382	4.910332
3383	3384	3.861523
3384	3377	2.669695
3384	3378	1.818182
3384	3383	3.861523
3384	3385	1.590909
3384	3386	0.333712
3385	1389	0.143019
3385	1390	0.572078
3385	1473	0.667424
3385	1474	0.286039
3385	1495	0.889108
3385	3377	0.190693
3385	3378	1.727273
3385	3384	1.590909
3385	3386	3.098753
3386	777	0.050000
3386	1474	0.900000
3386	1495	1.212256
3386	3376	0.792629
3386	3377	0.800000
3386	3384	0.333712
3386	3385	3.098753
3386	3387	2.331262
3387	3375	0.792629
3387	3376	3.434783
3387	3386	2.331262
3387	3388	3.478261
3388	774	0.044455
3388	3373	0.043478
3388	3374	0.792629
3388	3375	1.631883
3388	3387	3.478261
3388	3389	4.709149
3389	3373	0.606128
3389	3374	0.300000
3389	3388	4.709149
3389	3390	2.600000
3390	3372	0.792629
3390	3373	1.725134
3390	3389	2.600000
3390	3391	3.550000
3391	3372	1.212256
3391	3390	3.550000
3391	3392	2.400000
3391	3395	0.699379
3392	3391	2.400000
3392	3393	1.239501
3392	3394	2.097618
3392	3395	2.517763
3393	3312	1.001136
3393	3313	0.190693
3393	3314	3.689800
3393	3369	0.088911
3393	3370	0.311188
3393	3392	1.239501
3393	3394	4.272727
3394	3311	0.143019
3394	3312	1.096482
3394	3370	0.800198
3394	3371	0.667424
3394	3392	2.097618
3394	3393	4.272727
3394	3395	1.867128
3395	3371	0.606128
3395	3372	3.391304
3395	3391	0.699379
3395	3392	2.517763
3395	3394	1.867128
3395	3396	0.956522
3396	3310	0.347826
3396	3371	2.844140
3396	3372	0.478261
3396	3395	0.956522
3396	3397	1.538633
3396	3434	2.739130
3396	3435	0.577920
3397	3310	2.424513
3397	3396	1.538633
3397	3398	2.240637
3397	3434	0.746004
3397	3435	0.810443
3398	3397	2.240637
3398	3399	4.489998
3398	3434	0.800198
3398	3435	2.227273
3398	3439	0.400099
3399	3398	4.489998
3399	3400	4.009771
3399	3430	0.043478
3399	3433	0.932505
3399	3434	0.826087
3399	3439	0.173913
3399	3440	0.606128
3400	3399	4.009771
3400	3401	3.310392
3400	3430	0.792629
3400	3433	0.650000
3400	3440	0.750000
3400	3441	0.186501
3401	3400	3.310392
3401	3402	1.022475
3401	3403	0.844653
3401	3406	0.186501
3401	3428	3.077266
3401	3430	3.000000
3401	3441	0.043478
3402	3401	1.022475
3402	3403	1.000000
3402	3406	2.860388
3402	3408	0.190693
3402	3409	0.810443
3402	3411	3.778711
3402	3427	0.333712
3402	3428	0.524404
3403	3401	0.844653
3403	3402	1.000000
3403	3404	1.454545
3403	3405	3.813850
3403	3406	0.333712
3403	3430	0.355643
3403	3433	0.429058
3404	3245	0.088911
3404	3246	0.047673
3404	3261	3.136364
3404	3403	1.454545
3404	3405	1.048809
3404	4016	0.090909
3404	4017	0.590909
3404	4018	0.143019
3404	4031	0.095346
3404	4032	0.715097
3404	4033	0.047673
3405	3403	3.813850
3405	3404	1.048809
3405	3406	1.150000
3405	3433	0.850000
3405	4018	0.700000
3405	4019	0.932505
3405	4030	0.093250
3405	4031	0.350000
3405	4032	0.050000
3406	3401	0.186501
3406	3402	2.860388
3406	3403	0.333712
3406	3405	1.150000
3406	3407	1.850000
3406	3408	0.150000
3406	3428	0.050000
3406	3430	0.512878
3406	3431	1.400000
3406	3432	0.238366
3406	4019	0.093250
3406	4030	0.186501
3406	4031	0.050000
3407	3406	1.850000
3407	3408	3.200000
3407	3409	0.050000
3407	3431	3.350000
3408	3402	0.190693
3408	3406	0.150000
3408	3407	3.200000
3408	3409	4.000000
3409	3402	0.810443
3409	3407	0.050000
3409	3408	4.000000
3409	3410	1.550000
3409	3411	2.331262
3410	3409	1.550000
3410	3411	1.165631
3410	3421	3.100000
3410	3422	0.100000
3410	3984	0.279751
3411	3402	3.778711
3411	3409	2.331262
3411	3410	1.165631
3411	3412	4.522648
3411	3422	0.046625
3411	3426	0.400099
3411	3427	0.792629
3412	3411	4.522648
3412	3413	3.300000
3412	3425	0.046625
3412	3426	0.715097
3412	3427	0.100000
3413	1461	0.619751
3413	3412	3.300000
3413	3414	2.984015
3413	3425	0.885880
3413	3426	1.144155
3414	1401	0.755742
3414	1460	0.043478
3414	1461	0.577920
3414	3413	2.984015
3414	3415	4.130435
3414	3423	0.046625
3414	3424	0.979130
3414	3425	3.043478
3415	1401	0.133366
3415	1402	0.130435
3415	1403	0.046625
3415	3414	4.130435
3415	3416	4.652174
3415	3420	0.043478
3415	3423	0.792629
3415	3424	1.165631
3416	1403	0.233126
3416	3415	4.652174
3416	3417	2.238012
3416	3420	1.304348
3416	3422	0.233126
3416	3423	0.233126
3417	3416	2.238012
3417	3418	1.096482
3417	3419	2.431330
3417	3420	1.212256
3418	3417	1.096482
3418	3419	4.090909
3418	3975	0.088911
3418	3976	0.133366
3418	3987	1.096482
3418	3988	0.090909
3419	3417	2.431330
3419	3418	4.090909
3419	3420	1.111386
3419	3976	0.933564
3419	3977	1.422574
3419	3986	0.572078
3419	3987	1.239501
3420	3415	0.043478
3420	3416	1.304348
3420	3417	1.212256
3420	3419	1.111386
3420	3421	0.885880
3420	3422	1.631883
3420	3423	0.046625
3420	3451	0.130435
3420	3452	0.444554
3420	3453	0.043478
3420	3977	0.521739
3420	3978	0.932505
3420	3979	0.046625
3420	3986	0.046625
3421	3410	3.100000
3421	3420	0.885880
3421	3422	1.550000
3421	3423	0.050000
3421	3978	0.650000
3421	3979	1.150000
3421	3981	0.250000
3421	3983	0.300000
3421	3984	0.139876
3422	3410	0.100000
3422	3411	0.046625
3422	3416	0.233126
3422	3420	1.631883
3422	3421	1.550000
3422	3423	3.550000
3422	3450	0.046625
3422	3451	0.466252
3422	3978	0.150000
3422	3979	0.400000
3423	3414	0.046625
3423	3415	0.792629
3423	3416	0.233126
3423	3420	0.046625
3423	3421	0.050000
3423	3422	3.550000
3423	3424	3.050000
3423	3450	0.186501
3423	3451	0.979130
3424	1401	0.095346
3424	3244	0.373002
3424	3414	0.979130
3424	3415	1.165631
3424	3423	3.050000
3424	3425	2.611013
3425	1401	1.289207
3425	1461	0.889108
3425	3412	0.046625
3425	3413	0.885880
3425	3414	3.043478
3425	3424	2.611013
3425	3426	4.356631
3426	1461	0.318182
3426	1462	0.524404
3426	3411	0.400099
3426	3412	0.715097
3426	3413	1.144155
3426	3425	4.356631
3426	3427	3.813850
3427	1462	0.450000
3427	1463	0.300000
3427	3402	0.333712
3427	3411	0.792629
3427	3412	0.100000
3427	3426	3.813850
3427	3428	2.050000
3428	3401	3.077266
3428	3402	0.524404
3428	3406	0.050000
3428	3427	2.050000
3428	3429	0.950000
3428	3430	0.279751
3429	3428	0.950000
3429	3430	1.258881
3430	3399	0.043478
3430	3400	0.792629
3430	3401	3.000000
3430	3403	0.355643
3430	3406	0.512878
3430	3428	0.279751
3430	3429	1.258881
3430	3431	1.025755
3430	3432	0.222277
3430	3433	2.191386
3431	3406	1.400000
3431	3407	3.350000
3431	3430	1.025755
3431	3432	3.861523
3431	3433	0.100000
3432	3406	0.238366
3432	3430	0.222277
3432	3431	3.861523
3432	3433	0.905789
3432	4019	0.755742
3432	4020	1.144155
3433	3399	0.932505
3433	3400	0.650000
3433	3403	0.429058
3433	3405	0.850000
3433	3430	2.191386
3433	3431	0.100000
3433	3432	0.905789
3433	3434	4.336147
3433	4019	0.186501
3433	4020	0.050000
3434	3396	2.739130
3434	3397	0.746004
3434	3398	0.800198
3434	3399	0.826087
3434	3433	4.336147
3434	3435	1.689306
3434	3439	0.391304
3434	4019	0.130435
3434	4020	0.046625
3435	3308	0.619751
3435	3309	1.668560
3435	3310	0.311188
3435	3371	0.047673
3435	3396	0.577920
3435	3397	0.810443
3435	3398	2.227273
3435	3434	1.689306
3435	3436	0.954545
3435	3438	0.909091
3435	3439	0.711287
3436	3267	0.088911
3436	3268	0.286039
3436	3301	0.266733
3436	3302	1.001136
3436	3308	0.047673
3436	3309	0.953463
3436	3366	2.409091
3436	3435	0.954545
3436	3437	1.045455
3436	3438	3.636364
3437	3301	0.133366
3437	3302	0.667424
3437	3368	0.047673
3437	3436	1.045455
3437	3438	1.181818
3437	4019	0.044455
3438	3302	0.524404
3438	3303	0.311188
3438	3307	0.047673
3438	3308	0.667424
3438	3309	0.667424
3438	3435	0.909091
3438	3436	3.636364
3438	3437	1.181818
3438	3439	2.667325
3438	4018	0.047673
3439	3306	0.391304
3439	3307	0.792629
3439	3308	0.932505
3439	3398	0.400099
3439	3399	0.173913
3439	3434	0.391304
3439	3435	0.711287
3439	3438	2.667325
3439	3440	4.522648
3440	3306	0.792629
3440	3399	0.606128
3440	3400	0.750000
3440	3439	4.522648
3440	3441	3.123891
3441	3305	0.885880
3441	3306	2.434783
3441	3400	0.186501
3441	3401	0.043478
3441	3440	3.123891
3441	3442	4.755775
3442	3184	0.300000
3442	3304	0.190693
3442	3305	0.150000
3442	3441	4.755775
3442	3443	1.763906
3443	3182	0.238366
3443	3183	0.953463
3443	3184	1.859252
3443	3186	0.044455
3443	3187	0.266733
3443	3248	0.409091
3443	3304	0.590909
3443	3442	1.763906
3443	3444	4.318182
3444	3181	0.090909
3444	3182	0.047673
3444	3187	0.400099
3444	3188	0.400099
3444	3247	0.266733
3444	3248	0.681818
3444	3249	0.429058
3444	3443	4.318182
3444	3445	4.195235
3445	3188	0.139876
3445	3247	0.792629
3445	3249	0.650000
3445	3250	0.450000
3445	3444	4.195235
3445	3446	2.238012
3446	3245	0.217391
3446	3246	0.885880
3446	3247	1.782609
3446	3250	0.139876
3446	3261	0.266733
3446	3445	2.238012
3446	3447	1.244752
3446	3448	2.657639
3447	2296	0.222277
3447	2297	0.088911
3447	2298	2.240637
3447	2316	0.667424
3447	2317	1.244752
3447	3259	0.181818
3447	3260	0.272727
3447	3446	1.244752
3447	3448	1.144155
3448	3245	0.839254
3448	3246	0.100000
3448	3260	0.858116
3448	3446	2.657639
3448	3447	1.144155
3448	3449	2.600000
3448	4033	0.050000
3449	3244	0.792629
3449	3245	1.818384
3449	3448	2.600000
3449	3450	1.725134
3449	4033	0.650000
3449	4034	0.093250
3450	3243	0.699379
3450	3244	3.260870
3450	3422	0.046625
3450	3423	0.186501
3450	3449	1.725134
3450	3451	3.565217
3451	3242	0.839254
3451	3243	1.258881
3451	3420	0.130435
3451	3422	0.466252
3451	3423	0.979130
3451	3450	3.565217
3451	3452	3.645345
3451	3979	0.046625
3452	3241	0.810443
3452	3242	1.477867
3452	3420	0.444554
3452	3451	3.645345
3452	3453	3.423068
3452	3978	0.047673
3453	3240	0.885880
3453	3241	1.678509
3453	3420	0.043478
3453	3452	3.423068
3453	3454	4.056396
3454	3239	0.792629
3454	3240	0.600000
3454	3453	4.056396
3454	3455	4.103021
3455	3165	0.391304
3455	3169	0.173913
3455	3170	0.093250
3455	3239	1.173913
3455	3454	4.103021
3455	3456	4.242897
3456	3158	0.093250
3456	3159	0.047673
3456	3165	0.792629
3456	3168	0.095346
3456	3169	0.233126
3456	3170	0.950000
3456	3455	4.242897
3456	3457	3.800000
3457	3158	2.144761
3457	3159	1.001136
3457	3165	0.792629
3457	3168	0.190693
3457	3169	0.279751
3457	3456	3.800000
3457	3458	1.119006
3457	3459	0.600000
3458	3154	1.025755
3458	3155	0.133366
3458	3157	0.043478
3458	3158	0.304348
3458	3457	1.119006
3458	3459	1.445382
3458	3460	0.932505
3458	3461	0.466252
3458	3462	0.652753
3458	3463	2.608696
3459	3158	0.233126
3459	3159	2.479003
3459	3160	0.762770
3459	3161	1.000000
3459	3166	0.200000
3459	3167	0.715097
3459	3168	0.095346
3459	3457	0.600000
3459	3458	1.445382
3459	3460	3.650000
3460	3157	0.792629
3460	3158	0.233126
3460	3160	1.144155
3460	3161	0.750000
3460	3458	0.932505
3460	3459	3.650000
3460	3461	2.100000
3461	3155	0.047673
3461	3156	0.667424
3461	3157	1.305507
3461	3458	0.466252
3461	3460	2.100000
3461	3462	4.400000
3461	3463	0.093250
3462	3155	0.572078
3462	3156	0.381385
3462	3458	0.652753
3462	3461	4.400000
3462	3463	2.471138
3462	4154	0.150000
3463	3154	0.792629
3463	3458	2.608696
3463	3461	0.093250
3463	3462	2.471138
3463	3464	3.608696
3464	3153	0.792629
3464	3154	1.445382
3464	3463	3.608696
3464	3465	4.149646
3464	4113	0.130435
3464	4114	0.186501
3464	4151	0.093250
3464	4152	0.746004
3464	4153	0.044455
3465	3152	0.839254
3465	3153	0.550000
3465	3464	4.149646
3465	3466	3.263767
3465	4113	0.373002
3465	4114	1.250000
3465	4150	0.279751
3465	4151	0.850000
3465	4152	0.400000
3466	3151	0.792629
3466	3152	2.782609
3466	3465	3.263767
3466	3467	3.556434
3466	4114	0.233126
3466	4115	0.373002
3466	4116	0.512878
3466	4150	0.130435
3467	3149	0.047673
3467	3150	0.667424
3467	3151	1.477867
3467	3466	3.556434
3467	3468	4.000988
3467	4116	1.573213
3467	4140	0.090909
3467	4141	0.090909
3468	2772	0.326377
3468	3148	0.046625
3468	3149	0.792629
3468	3150	1.165631
3468	3467	4.000988
3468	3469	3.913043
3468	4140	0.355643
3469	2772	1.352132
3469	3148	0.792629
3469	3149	1.352132
3469	3468	3.913043
3469	3470	3.695652
3470	2768	0.044455
3470	3146	0.133366
3470	3147	0.932505
3470	3148	1.398757
3470	3469	3.695652
3470	3471	4.845641
3471	2767	0.045455
3471	2768	0.090909
3471	3143	0.090909
3471	3145	0.409091
3471	3146	0.772727
3471	3147	0.333712
3471	3470	4.845641
3471	3472	2.049945
3471	3515	0.133366
3472	2767	0.286039
3472	3142	0.792629
3472	3143	0.619751
3472	3145	0.286039
3472	3471	2.049945
3472	3473	2.650000
3472	3514	0.279751
3472	3515	0.139876
3472	4248	0.715097
3472	4249	0.050000
3473	3141	1.025755
3473	3142	1.911635
3473	3472	2.650000
3473	3474	2.800000
3473	3513	0.100000
3473	3514	0.093250
3473	4248	0.095346
3473	4249	0.800000
3474	3140	0.932505
3474	3141	2.144761
3474	3473	2.800000
3474	3475	2.564388
3475	2786	0.044455
3475	3139	0.792629
3475	3140	2.782609
3475	3474	2.564388
3475	3476	3.826087
3476	2768	0.044455
3476	2769	0.792629
3476	2825	0.746004
3476	2826	0.093250
3476	3139	1.911635
3476	3475	3.826087
3476	3477	3.310392
3477	2768	0.667424
3477	2824	0.046625
3477	2825	0.450000
3477	2826	0.100000
3477	3476	3.310392
3477	3478	4.382773
3478	2765	2.086957
3478	2766	1.445382
3478	2767	0.711287
3478	2768	0.666831
3478	2824	0.173913
3478	3477	4.382773
3478	3479	1.244752
3479	2305	0.238366
3479	2764	0.636364
3479	2765	0.222277
3479	2766	0.667424
3479	2767	3.136364
3479	3478	1.244752
3479	3480	4.136364
3479	4040	0.667424
3480	2305	1.239501
3480	2763	1.111386
3480	2764	0.772727
3480	2766	0.047673
3480	3479	4.136364
3480	3481	3.590909
3480	4040	0.524404
3481	2305	0.143019
3481	2763	0.889108
3481	3480	3.590909
3481	3482	2.669695
3481	3523	0.045455
3481	3524	0.045455
3482	2761	0.143019
3482	2762	0.650000
3482	2763	0.512878
3482	3481	2.669695
3482	3483	4.100000
3482	3523	0.238366
3482	3524	0.333712
3482	3525	0.047673
3483	2138	1.119006
3483	2761	0.667424
3483	2762	0.350000
3483	3482	4.100000
3483	3484	1.258881
3483	3485	0.429058
3483	3524	0.143019
3484	2094	0.792629
3484	2122	3.434783
3484	2137	1.733761
3484	2138	0.608696
3484	2139	0.326377
3484	3483	1.258881
3484	3485	4.534453
3484	3501	0.043478
3485	2094	0.381385
3485	2095	0.272727
3485	2138	0.444554
3485	3483	0.429058
3485	3484	4.534453
3485	3486	3.590909
3485	3501	0.622376
3486	2095	0.954545
3486	3485	3.590909
3486	3487	1.525540
3486	3488	3.003407
3486	3500	0.762770
3486	3501	1.244752
3487	2093	0.932505
3487	2095	2.145291
3487	2096	0.046625
3487	3486	1.525540
3487	3488	1.500000
3488	2093	1.212256
3488	3486	3.003407
3488	3487	1.500000
3488	3489	0.792629
3488	3500	1.000000
3488	4043	0.850000
3488	4044	0.350000
3489	2092	2.578415
3489	2093	0.347826
3489	3488	0.792629
3489	3490	3.304348
3489	3500	0.512878
3489	3505	0.046625
3489	3506	0.792629
3489	3507	0.746004
3489	4044	1.025755
3489	4045	0.608696
3490	2629	0.046625
3490	2630	0.217391
3490	2631	0.044455
3490	3489	3.304348
3490	3491	4.009771
3490	3500	0.139876
3490	3504	0.260870
3490	3505	0.792629
3490	3506	1.212256
3490	4044	0.093250
3491	2629	1.100000
3491	2630	0.792629
3491	2631	0.476731
3491	2632	0.050000
3491	3490	4.009771
3491	3492	4.100000
3491	3503	0.186501
3491	3504	0.792629
3491	3505	0.050000
3492	2629	1.000000
3492	2630	0.046625
3492	2631	0.047673
3492	2632	0.450000
3492	3491	4.100000
3492	3493	3.590144
3492	3503	0.792629
3492	3504	0.652753
3493	2531	0.177822
3493	2532	0.933564
3493	3492	3.590144
3493	3494	4.709149
3493	3499	0.088911
3493	3502	0.839254
3493	3503	2.391304
3494	2532	1.001136
3494	2533	0.100000
3494	3493	4.709149
3494	3495	3.450268
3494	3499	0.953463
3494	3502	0.200000
3495	2131	0.622376
3495	2132	1.130435
3495	2533	0.373002
3495	3494	3.450268
3495	3496	0.889108
3495	3497	1.778217
3495	3498	0.260870
3495	3499	2.178316
3496	2126	0.136364
3496	2127	0.190693
3496	2129	3.645345
3496	2130	3.136364
3496	2132	0.622376
3496	2534	0.090909
3496	3495	0.889108
3496	3497	1.772727
3496	3926	0.429058
3497	2129	0.044455
3497	2132	0.489010
3497	2511	2.669695
3497	3495	1.778217
3497	3496	1.772727
3497	3498	1.022475
3497	3881	0.177822
3497	3882	1.289207
3497	3883	0.047673
3497	3925	1.954598
3498	2133	0.139876
3498	3495	0.260870
3498	3497	1.022475
3498	3499	0.933564
3498	3880	0.133366
3498	3881	1.130435
3498	3882	0.217391
3498	3998	0.046625
3498	3999	1.911583
3499	2121	0.667424
3499	2131	1.363636
3499	2133	0.286039
3499	3493	0.088911
3499	3494	0.953463
3499	3495	2.178316
3499	3498	0.933564
3499	3500	1.573213
3499	3501	0.533465
3499	3502	2.002271
3500	2133	0.250000
3500	3486	0.762770
3500	3488	1.000000
3500	3489	0.512878
3500	3490	0.139876
3500	3499	1.573213
3500	3501	2.144761
3501	2094	1.911635
3501	2095	0.311188
3501	2121	0.233126
3501	3484	0.043478
3501	3485	0.622376
3501	3486	1.244752
3501	3499	0.533465
3501	3500	2.144761
3501	3502	1.492008
3502	2094	0.050000
3502	2121	1.600000
3502	2532	0.619751
3502	2533	0.100000
3502	3493	0.839254
3502	3494	0.200000
3502	3499	2.002271
3502	3501	1.492008
3502	3503	2.144761
3503	2531	1.111386
3503	2532	1.289207
3503	3491	0.186501
3503	3492	0.792629
3503	3493	2.391304
3503	3502	2.144761
3503	3504	4.130435
3504	2531	0.177822
3504	2631	0.177822
3504	2632	0.233126
3504	2634	0.695652
3504	2635	0.260870
3504	3490	0.260870
3504	3491	0.792629
3504	3492	0.652753
3504	3503	4.130435
3504	3505	4.615899
3505	2558	0.050000
3505	2631	0.476731
3505	2634	0.093250
3505	2635	0.326377
3505	3489	0.046625
3505	3490	0.792629
3505	3491	0.050000
3505	3504	4.615899
3505	3506	3.100000
3506	2630	0.373002
3506	3489	0.792629
3506	3490	1.212256
3506	3505	3.100000
3506	3507	4.000000
3507	2092	0.858116
3507	3489	0.746004
3507	3506	4.000000
3507	3508	3.527812
3508	2091	3.818182
3508	2092	2.000000
3508	3507	3.527812
3508	3509	1.191828
3509	2089	0.762770
3509	2090	1.050000
3509	2091	1.287174
3509	3508	1.191828
3509	3510	2.750000
3509	4052	0.932505
3509	4053	0.150000
3509	4205	2.657639
3509	4207	0.150000
3510	2089	0.810443
3510	2091	0.143019
3510	3509	2.750000
3510	3511	3.600000
3510	4051	0.979130
3510	4052	1.958260
3511	3510	3.600000
3511	3512	2.238012
3511	4050	0.932505
3511	4051	1.631883
3512	3511	2.238012
3512	3513	4.149646
3512	4048	0.044455
3512	4049	0.932505
3512	4050	3.130435
3513	3473	0.100000
3513	3512	4.149646
3513	3514	2.471138
3513	4048	0.667424
3513	4049	0.200000
3513	4248	0.524404
3513	4249	0.050000
3514	3145	0.400099
3514	3472	0.279751
3514	3473	0.093250
3514	3513	2.471138
3514	3515	4.000000
3514	4047	0.932505
3514	4048	2.178316
3514	4248	1.644851
3515	3145	0.355643
3515	3146	0.844653
3515	3471	0.133366
3515	3472	0.139876
3515	3514	4.000000
3515	3516	3.543518
3515	4045	0.043478
3515	4046	0.932505
3515	4047	1.585258
3516	3146	0.047673
3516	3515	3.543518
3516	3517	4.099889
3516	4045	0.885880
3516	4046	0.450000
3517	3516	4.099889
3517	3518	1.511484
3517	3519	0.088911
3517	4005	1.155841
3517	4041	3.181818
3517	4044	0.095346
3517	4045	0.133366
3518	3517	1.511484
3518	3519	3.913043
3518	4002	0.093250
3518	4004	0.044455
3518	4005	0.304348
3518	4044	0.792629
3518	4045	1.347826
3519	2133	0.046625
3519	3517	0.088911
3519	3518	3.913043
3519	3520	4.045443
3519	4004	0.355643
3519	4041	0.177822
3519	4043	1.025755
3519	4044	1.678509
3520	2133	0.429058
3520	3519	4.045443
3520	3521	1.859252
3520	3522	0.577920
3520	3999	0.045455
3520	4004	0.500000
3520	4041	0.090909
3520	4042	0.715097
3520	4043	1.334848
3521	2133	2.450000
3521	2134	0.381385
3521	3520	1.859252
3521	3522	1.305507
3521	3523	0.047673
3521	3926	0.250000
3521	3927	0.200000
3521	3931	0.500000
3521	3999	0.286039
3522	3520	0.577920
3522	3521	1.305507
3522	3523	3.511978
3522	3931	0.186501
3522	4004	3.823166
3523	3481	0.045455
3523	3482	0.238366
3523	3521	0.047673
3523	3522	3.511978
3523	3524	4.681818
3523	4038	0.762770
3524	3481	0.045455
3524	3482	0.333712
3524	3483	0.143019
3524	3523	4.681818
3524	3525	2.409091
3524	3932	0.044455
3524	4038	0.286039
3525	3482	0.047673
3525	3524	2.409091
3525	3526	1.136364
3525	3930	3.590909
3526	2365	0.619751
3526	2366	0.133366
3526	2754	0.619751
3526	3525	1.136364
3526	3527	0.800198
3526	3872	0.577920
3526	3873	0.088911
3526	3929	4.312176
3527	3526	0.800198
3527	3528	1.022475
3527	3529	2.238012
3527	3530	0.093250
3527	3873	0.086957
3527	3874	0.130435
3527	3878	0.533465
3527	3928	1.678509
3527	3929	0.391304
3527	3930	2.267227
3527	3931	0.093250
3528	3527	1.022475
3528	3529	1.191828
3528	3530	0.047673
3528	3872	0.044455
3529	3527	2.238012
3529	3528	1.191828
3529	3530	3.850000
3529	3873	0.046625
3529	3877	0.762770
3529	3878	0.619751
3529	3928	0.350000
3530	3527	0.093250
3530	3528	0.047673
3530	3529	3.850000
3530	3531	3.800000
3530	3678	0.326377
3530	3872	0.046625
3530	3873	0.792629
3530	3876	0.050000
3530	3877	1.906925
3530	3928	0.100000
3531	3530	3.800000
3531	3532	3.650000
3531	3678	0.139876
3531	3679	0.559503
3531	3872	0.792629
3531	3873	0.512878
3531	3876	0.900000
3532	3531	3.650000
3532	3533	2.424513
3532	3679	0.139876
3532	3871	0.932505
3532	3872	0.979130
3532	3876	0.200000
3533	2233	0.088911
3533	2363	0.043478
3533	3532	2.424513
3533	3534	1.258881
3533	3535	2.521739
3533	3870	0.792629
3533	3871	2.347826
3534	1727	0.238366
3534	1728	1.430194
3534	2363	1.818384
3534	2385	1.400000
3534	2386	0.650000
3534	3533	1.258881
3534	3535	0.932505
3534	3672	0.050000
3534	3857	0.619751
3535	1728	0.222277
3535	2233	0.133366
3535	2234	0.800198
3535	3533	2.521739
3535	3534	0.932505
3535	3536	3.695652
3535	3869	0.792629
3535	3870	1.865010
3536	2234	0.533465
3536	2235	0.533465
3536	3535	3.695652
3536	3537	4.623364
3536	3868	0.792629
3536	3869	2.191386
3537	2235	0.454545
3537	2236	0.333712
3537	2350	0.044455
3537	2351	0.272727
3537	3536	4.623364
3537	3538	2.934058
3537	3864	0.047673
3537	3865	0.667424
3537	3867	0.143019
3537	3868	0.667424
3538	2236	0.046625
3538	2334	0.521739
3538	2342	0.355643
3538	2350	1.260870
3538	2351	0.533465
3538	3537	2.934058
3538	3539	4.802400
3538	3863	0.086957
3538	3864	0.652753
3538	3865	1.492008
3538	3867	0.326377
3538	4025	0.044455
3539	2334	0.139876
3539	2342	0.047673
3539	2350	0.186501
3539	2351	0.143019
3539	3538	4.802400
3539	3540	2.400000
3539	3863	0.979130
3539	3864	0.550000
3539	4025	0.476731
3540	3539	2.400000
3540	3541	4.000000
3540	3543	0.047673
3540	3665	0.046625
3540	3670	0.050000
3540	3862	0.667424
3540	3863	1.725134
3540	4024	1.025755
3540	4025	0.858116
3541	3540	4.000000
3541	3542	1.350000
3541	3543	1.668560
3541	3665	3.030641
3541	3862	0.476731
3541	4023	0.800000
3541	4024	0.746004
3542	3541	1.350000
3542	3543	1.096482
3542	3544	0.050000
3542	3665	0.419627
3542	4023	1.050000
3543	3540	0.047673
3543	3541	1.668560
3543	3542	1.096482
3543	3544	3.194100
3543	3665	0.800198
3543	3669	0.222277
3543	3670	0.667424
3543	3671	0.619751
3543	3861	0.772727
3543	3862	3.500000
3544	1730	0.572078
3544	3542	0.050000
3544	3543	3.194100
3544	3545	4.300000
3544	3665	0.279751
3544	3668	0.095346
3544	3669	0.792629
3544	3860	0.429058
3544	3861	1.573213
3545	1730	0.286039
3545	3544	4.300000
3545	3546	2.890765
3545	3665	0.046625
3545	3668	0.667424
3545	3669	0.652753
3545	3860	0.381385
3546	3545	2.890765
3546	3547	4.289522
3546	3666	0.173913
3546	3667	0.979130
3546	3668	2.756236
3547	3546	4.289522
3547	3548	2.288310
3547	3664	0.746004
3547	3666	0.839254
3547	3667	0.500000
3548	3547	2.288310
3548	3549	4.534453
3548	3664	0.755742
3548	3666	2.489504
3549	3548	4.534453
3549	3550	4.289522
3549	3662	0.086957
3549	3663	0.932505
3549	3664	0.869565
3550	3549	4.289522
3550	3551	2.450000
3550	3662	0.792629
3550	3663	0.300000
3551	3356	0.429058
3551	3550	2.450000
3551	3552	3.650000
3551	3661	0.839254
3551	3662	1.631883
3552	3355	0.905789
3552	3356	1.001136
3552	3551	3.650000
3552	3553	2.051511
3552	3660	0.800000
3552	3661	1.445382
3553	3328	0.711287
3553	3329	0.889108
3553	3354	0.043478
3553	3355	0.889108
3553	3552	2.051511
3553	3554	4.130435
3553	3659	0.606128
3553	3660	2.471138
3554	3329	0.400099
3554	3330	0.043478
3554	3553	4.130435
3554	3555	4.196272
3554	3657	0.043478
3554	3658	0.746004
3554	3659	1.119006
3555	1963	0.233126
3555	3554	4.196272
3555	3556	2.331262
3555	3657	0.932505
3555	3658	0.200000
3556	1963	0.652174
3556	1964	0.217391
3556	3555	2.331262
3556	3557	4.336147
3556	3655	0.260870
3556	3656	0.839254
3556	3657	2.869565
3557	3556	4.336147
3557	3558	3.600000
3557	3559	0.046625
3557	3655	0.606128
3557	3656	0.100000
3558	3557	3.600000
3558	3559	1.538633
3558	3636	0.572078
3558	3652	0.858116
3558	3653	0.650000
3558	3654	0.190693
3558	3655	0.093250
3559	3557	0.046625
3559	3558	1.538633
3559	3560	2.652174
3559	3633	0.746004
3559	3634	1.119006
3559	3635	1.155841
3559	3652	2.756236
3560	3559	2.652174
3560	3561	4.149646
3560	3631	0.043478
3560	3632	0.979130
3560	3633	1.958260
3560	3635	0.311188
3561	3560	4.149646
3561	3562	3.150000
3561	3631	0.746004
3561	3632	0.550000
3562	3561	3.150000
3562	3563	2.750000
3562	3630	0.792629
3562	3631	1.119006
3563	3562	2.750000
3563	3564	3.900000
3563	3629	0.559503
3563	3630	1.725134
3564	3563	3.900000
3564	3565	3.400000
3564	3628	0.652753
3564	3629	0.839254
3565	3564	3.400000
3565	3566	1.631883
3565	3627	0.792629
3565	3628	1.678509
3566	3565	1.631883
3566	3567	4.347826
3566	3626	0.792629
3566	3627	3.565217
3567	3566	4.347826
3567	3568	3.916520
3567	3625	0.652753
3567	3626	1.165631
3568	3567	3.916520
3568	3569	2.900000
3568	3623	0.093250
3568	3624	0.512878
3568	3625	0.350000
3569	3568	2.900000
3569	3570	2.844140
3569	3623	0.606128
3569	3624	1.678509
3570	3569	2.844140
3570	3571	4.289522
3570	3622	0.466252
3570	3623	2.130435
3571	3570	4.289522
3571	3572	2.564388
3571	3621	0.746004
3571	3622	0.350000
3572	3571	2.564388
3572	3573	2.844140
3572	3619	0.130435
3572	3620	0.792629
3572	3621	2.739130
3573	3572	2.844140
3573	3574	3.450000
3573	3619	0.606128
3573	3620	0.150000
3574	3573	3.450000
3574	3575	3.600000
3574	3618	0.932505
3574	3619	1.352132
3575	3574	3.600000
3575	3576	3.543518
3575	3615	0.050000
3575	3616	0.150000
3575	3617	0.750000
3575	3618	2.098136
3576	3575	3.543518
3576	3577	0.885880
3576	3584	0.373002
3576	3586	2.782609
3576	3616	0.746004
3576	3617	0.699379
3577	3576	0.885880
3577	3578	1.025755
3577	3584	1.750000
3578	18	3.000000
3578	3577	1.025755
3578	3579	4.196272
3578	3606	0.130435
3578	3607	0.044455
3579	3578	4.196272
3579	3580	1.620886
3579	3581	0.046625
3579	3605	0.050000
3579	3607	0.095346
3580	3579	1.620886
3580	3581	2.711781
3580	3585	0.045455
3580	3604	0.844653
3580	3605	1.430194
3580	3608	0.181818
3581	3579	0.046625
3581	3580	2.711781
3581	3582	1.000000
3581	3583	1.600395
3581	3585	0.266733
3581	3603	0.086957
3581	3604	0.217391
3581	3608	0.177822
3582	3581	1.000000
3582	3583	1.511484
3582	3599	0.046625
3582	3601	0.046625
3582	3602	0.699379
3582	3603	0.260870
3582	3609	0.978019
3583	3581	1.600395
3583	3582	1.511484
3583	3584	1.191828
3583	3585	0.409091
3583	3604	0.044455
3583	3608	0.227273
3583	3609	0.545455
3584	3576	0.373002
3584	3577	1.750000
3584	3583	1.191828
3584	3585	1.001136
3585	3580	0.045455
3585	3581	0.266733
3585	3583	0.409091
3585	3584	1.001136
3585	3586	1.066930
3585	3587	0.088911
3585	3605	0.286039
3585	3607	2.363636
3585	3608	1.727273
3586	3576	2.782609
3586	3585	1.066930
3586	3587	3.565217
3586	3614	0.046625
3586	3615	0.839254
3586	3616	2.051511
3587	3585	0.088911
3587	3586	3.565217
3587	3588	4.476023
3587	3607	0.088911
3587	3613	0.622376
3587	3614	0.932505
3587	3615	0.885880
3588	3587	4.476023
3588	3589	2.238012
3588	3606	0.046625
3588	3613	0.619751
3589	3588	2.238012
3589	3590	2.608696
3589	3612	0.839254
3589	3613	2.178316
3590	3589	2.608696
3590	3591	3.173913
3590	3611	0.792629
3590	3612	1.305507
3591	3590	3.173913
3591	3592	2.489504
3591	3609	0.622376
3591	3610	0.559503
3591	3611	0.233126
3592	3591	2.489504
3592	3593	1.600395
3592	3600	0.933564
3592	3610	0.381385
3593	3592	1.600395
3593	3594	4.289522
3593	3597	0.043478
3593	3598	1.652174
3593	3599	1.958260
3593	3600	0.347826
3593	3610	0.233126
3594	3593	4.289522
3594	3595	1.400000
3594	3598	1.119006
3594	3610	0.150000
3594	3611	0.100000
3595	3594	1.400000
3595	3596	3.650000
3595	3597	1.865010
3595	3598	1.911635
3596	3595	3.650000
3596	3597	1.025755
3597	3593	0.043478
3597	3595	1.865010
3597	3596	1.025755
3597	3598	2.086957
3598	3593	1.652174
3598	3594	1.119006
3598	3595	1.911635
3598	3597	2.086957
3598	3599	1.631883
3598	3600	0.043478
3598	3610	0.233126
3599	3582	0.046625
3599	3593	1.958260
3599	3598	1.631883
3599	3600	3.357017
3599	3609	0.047673
3599	3610	0.350000
3600	3592	0.933564
3600	3593	0.347826
3600	3598	0.043478
3600	3599	3.357017
3600	3601	2.471138
3600	3609	0.577920
3600	3610	1.025755
3601	3582	0.046625
3601	3600	2.471138
3601	3602	2.750000
3601	3608	0.238366
3601	3609	0.619751
3602	3582	0.699379
3602	3601	2.750000
3602	3603	3.077266
3602	3604	0.839254
3602	3605	0.100000
3602	3608	0.143019
3602	3609	0.047673
3603	3581	0.086957
3603	3582	0.260870
3603	3602	3.077266
3603	3604	2.913043
3603	3609	0.044455
3604	3580	0.844653
3604	3581	0.217391
3604	3583	0.044455
3604	3602	0.839254
3604	3603	2.913043
3604	3605	2.098136
3604	3608	0.577920
3604	3609	0.088911
3605	3579	0.050000
3605	3580	1.430194
3605	3585	0.286039
3605	3602	0.100000
3605	3604	2.098136
3605	3606	1.258881
3605	3607	1.048809
3605	3608	1.001136
3606	18	0.130435
3606	54	0.046625
3606	55	3.077266
3606	3578	0.130435
3606	3588	0.046625
3606	3605	1.258881
3606	3607	3.778711
3607	3578	0.044455
3607	3579	0.095346
3607	3585	2.363636
3607	3587	0.088911
3607	3605	1.048809
3607	3606	3.778711
3607	3608	1.318182
3608	3580	0.181818
3608	3581	0.177822
3608	3583	0.227273
3608	3585	1.727273
3608	3601	0.238366
3608	3602	0.143019
3608	3604	0.577920
3608	3605	1.001136
3608	3607	1.318182
3608	3609	3.590909
3609	3582	0.978019
3609	3583	0.545455
3609	3591	0.622376
3609	3599	0.047673
3609	3600	0.577920
3609	3601	0.619751
3609	3602	0.047673
3609	3603	0.044455
3609	3604	0.088911
3609	3608	3.590909
3609	3610	1.048809
3610	3591	0.559503
3610	3592	0.381385
3610	3593	0.233126
3610	3594	0.150000
3610	3598	0.233126
3610	3599	0.350000
3610	3600	1.025755
3610	3609	1.048809
3610	3611	4.000000
3611	3590	0.792629
3611	3591	0.233126
3611	3594	0.100000
3611	3610	4.000000
3611	3612	2.400000
3612	3589	0.839254
3612	3590	1.305507
3612	3611	2.400000
3612	3613	2.526676
3613	3587	0.622376
3613	3588	0.619751
3613	3589	2.178316
3613	3612	2.526676
3613	3614	4.004543
3614	3586	0.046625
3614	3587	0.932505
3614	3613	4.004543
3614	3615	3.800000
3615	3575	0.050000
3615	3586	0.839254
3615	3587	0.885880
3615	3614	3.800000
3615	3616	1.850000
3616	3575	0.150000
3616	3576	0.746004
3616	3586	2.051511
3616	3615	1.850000
3616	3617	2.500000
3617	16	1.550000
3617	3575	0.750000
3617	3576	0.699379
3617	3616	2.500000
3617	3618	3.916520
3618	16	0.139876
3618	3574	0.932505
3618	3575	2.098136
3618	3617	3.916520
3618	3619	4.304348
3619	3572	0.130435
3619	3573	0.606128
3619	3574	1.352132
3619	3618	4.304348
3619	3620	4.336147
3620	3572	0.792629
3620	3573	0.150000
3620	3619	4.336147
3620	3621	2.890765
3621	3571	0.746004
3621	3572	2.739130
3621	3620	2.890765
3621	3622	3.543518
3622	3570	0.466252
3622	3571	0.350000
3622	3621	3.543518
3622	3623	1.958260
3623	3568	0.093250
3623	3569	0.606128
3623	3570	2.130435
3623	3622	1.958260
3623	3624	3.000000
3624	3568	0.512878
3624	3569	1.678509
3624	3623	3.000000
3624	3625	4.242897
3625	3567	0.652753
3625	3568	0.350000
3625	3624	4.242897
3625	3626	3.200000
3626	3331	0.046625
3626	3332	0.093250
3626	3566	0.792629
3626	3567	1.165631
3626	3625	3.200000
3626	3627	2.284637
3627	3565	0.792629
3627	3566	3.565217
3627	3626	2.284637
3627	3628	3.652174
3628	3564	0.652753
3628	3565	1.678509
3628	3627	3.652174
3628	3629	3.739130
3629	3563	0.559503
3629	3564	0.839254
3629	3628	3.739130
3629	3630	3.000000
3630	3562	0.792629
3630	3563	1.725134
3630	3629	3.000000
3630	3631	4.173913
3631	3560	0.043478
3631	3561	0.746004
3631	3562	1.119006
3631	3630	4.173913
3631	3632	3.916520
3632	3560	0.979130
3632	3561	0.550000
3632	3631	3.916520
3632	3633	3.200000
3633	3559	0.746004
3633	3560	1.958260
3633	3632	3.200000
3633	3634	2.950000
3633	3652	0.047673
3634	3559	1.119006
3634	3633	2.950000
3634	3635	2.908061
3634	3651	3.170516
3634	3652	0.858116
3635	3559	1.155841
3635	3560	0.311188
3635	3634	2.908061
3635	3636	1.318182
3635	3651	0.133366
3635	3652	0.227273
3636	3558	0.572078
3636	3635	1.318182
3636	3637	5.196371
3636	3650	0.044455
3636	3651	0.622376
3636	3652	2.772727
3636	3653	0.381385
3636	3654	0.090909
3637	3636	5.196371
3637	3638	2.350000
3637	3650	0.979130
3637	3651	0.139876
3637	3653	0.150000
3637	3654	0.476731
3638	3276	0.326377
3638	3637	2.350000
3638	3639	3.150000
3638	3649	0.932505
3638	3650	1.352132
3638	3654	0.047673
3639	3276	1.492008
3639	3638	3.150000
3639	3640	3.800000
3639	3648	0.792629
3639	3649	1.538633
3640	3639	3.800000
3640	3641	2.550000
3640	3646	0.046625
3640	3647	0.606128
3640	3648	1.119006
3641	3640	2.550000
3641	3642	1.072381
3641	3644	1.811579
3641	3646	0.932505
3641	3647	1.725134
3642	2992	0.373002
3642	3641	1.072381
3642	3643	1.478261
3642	3644	0.533465
3643	2992	0.139876
3643	3642	1.478261
3643	3644	1.333663
3644	3641	1.811579
3644	3642	0.533465
3644	3643	1.333663
3644	3645	1.096482
3644	3646	2.622870
3645	3644	1.096482
3645	3646	0.979130
3646	3640	0.046625
3646	3641	0.932505
3646	3644	2.622870
3646	3645	0.979130
3646	3647	3.347826
3647	3640	0.606128
3647	3641	1.725134
3647	3646	3.347826
3647	3648	3.869565
3648	3639	0.792629
3648	3640	1.119006
3648	3647	3.869565
3648	3649	3.695652
3649	3638	0.932505
3649	3639	1.538633
3649	3648	3.695652
3649	3650	4.434783
3650	3636	0.044455
3650	3637	0.979130
3650	3638	1.352132
3650	3649	4.434783
3650	3651	3.652174
3650	3653	0.139876
3651	3634	3.170516
3651	3635	0.133366
3651	3636	0.622376
3651	3637	0.139876
3651	3650	3.652174
3651	3652	1.778217
3651	3653	1.119006
3652	3558	0.858116
3652	3559	2.756236
3652	3633	0.047673
3652	3634	0.858116
3652	3635	0.227273
3652	3636	2.772727
3652	3651	1.778217
3652	3653	2.240637
3653	3558	0.650000
3653	3636	0.381385
3653	3637	0.150000
3653	3650	0.139876
3653	3651	1.119006
3653	3652	2.240637
3653	3654	4.004543
3654	3558	0.190693
3654	3636	0.090909
3654	3637	0.476731
3654	3638	0.047673
3654	3653	4.004543
3654	3655	3.645345
3655	3556	0.260870
3655	3557	0.606128
3655	3558	0.093250
3655	3654	3.645345
3655	3656	5.315277
3656	3556	0.839254
3656	3557	0.100000
3656	3655	5.315277
3656	3657	1.818384
3657	1961	0.043478
3657	1962	0.304348
3657	1963	0.043478
3657	3554	0.043478
3657	3555	0.932505
3657	3556	2.869565
3657	3656	1.818384
3657	3658	4.755775
3658	1943	0.050000
3658	1961	0.186501
3658	1962	1.072381
3658	3554	0.746004
3658	3555	0.200000
3658	3657	4.755775
3658	3659	3.750000
3659	1943	0.250000
3659	1944	0.699379
3659	3329	0.047673
3659	3553	0.606128
3659	3554	1.119006
3659	3658	3.750000
3659	3660	2.200000
3660	1944	0.046625
3660	3328	0.905789
3660	3329	0.524404
3660	3355	0.095346
3660	3552	0.800000
3660	3553	2.471138
3660	3659	2.200000
3660	3661	3.357017
3661	3328	0.533465
3661	3355	0.711287
3661	3356	0.711287
3661	3551	0.839254
3661	3552	1.445382
3661	3660	3.357017
3661	3662	3.956522
3662	3356	0.311188
3662	3357	0.347826
3662	3549	0.086957
3662	3550	0.792629
3662	3551	1.631883
3662	3661	3.956522
3662	3663	4.289522
3663	3357	0.046625
3663	3549	0.932505
3663	3550	0.300000
3663	3662	4.289522
3663	3664	4.289522
3664	3547	0.746004
3664	3548	0.755742
3664	3549	0.869565
3664	3663	4.289522
3664	3665	0.956522
3664	3666	0.521739
3665	3540	0.046625
3665	3541	3.030641
3665	3542	0.419627
3665	3543	0.800198
3665	3544	0.279751
3665	3545	0.046625
3665	3664	0.956522
3665	3666	1.173913
3665	3667	0.559503
3665	3668	0.088911
3666	3546	0.173913
3666	3547	0.839254
3666	3548	2.489504
3666	3664	0.521739
3666	3665	1.173913
3666	3667	4.336147
3667	2334	0.046625
3667	3546	0.979130
3667	3547	0.500000
3667	3665	0.559503
3667	3666	4.336147
3667	3668	2.526676
3668	2334	0.355643
3668	3544	0.095346
3668	3545	0.667424
3668	3546	2.756236
3668	3665	0.088911
3668	3667	2.526676
3668	3669	4.134354
3669	1723	0.046625
3669	1730	0.355643
3669	2237	0.046625
3669	3543	0.222277
3669	3544	0.792629
3669	3545	0.652753
3669	3668	4.134354
3669	3670	4.056396
3669	3861	0.222277
3670	1723	0.150000
3670	1729	0.850000
3670	1730	0.143019
3670	3540	0.050000
3670	3543	0.667424
3670	3669	4.056396
3670	3671	3.500000
3670	3861	0.905789
3670	3862	0.047673
3671	1728	0.429058
3671	1729	0.550000
3671	3543	0.619751
3671	3670	3.500000
3671	3672	3.450000
3671	3857	0.047673
3671	3861	2.049945
3671	3862	0.715097
3671	3863	0.093250
3672	2385	0.150000
3672	3534	0.050000
3672	3671	3.450000
3672	3673	1.119006
3672	3857	0.238366
3672	3862	1.096482
3672	3863	1.072381
3672	3864	0.150000
3673	2385	0.606128
3673	2386	0.046625
3673	3672	1.119006
3673	3674	4.356631
3673	3684	0.046625
3673	3685	0.792629
3673	3853	3.645345
3674	2386	0.476731
3674	2387	0.500000
3674	3673	4.356631
3674	3675	3.718504
3674	3683	0.044455
3674	3684	0.667424
3674	3685	0.762770
3675	2387	0.858116
3675	3674	3.718504
3675	3676	4.100000
3675	3682	0.093250
3675	3683	0.792629
3675	3684	0.150000
3675	3702	0.350000
3676	3675	4.100000
3676	3677	1.072381
3676	3679	1.212256
3676	3680	0.466252
3676	3682	0.046625
3676	3702	0.950000
3677	2505	0.046625
3677	2512	0.173913
3677	2513	0.839254
3677	3676	1.072381
3677	3678	0.826087
3677	3701	0.133366
3677	3702	1.025755
3677	3703	0.217391
3677	3923	0.792629
3677	3924	0.400099
3678	3530	0.326377
3678	3531	0.139876
3678	3677	0.826087
3678	3679	4.260870
3678	3876	0.373002
3678	3877	1.689306
3678	3924	0.088911
3679	3531	0.559503
3679	3532	0.139876
3679	3676	1.212256
3679	3678	4.260870
3679	3680	4.000000
3680	3676	0.466252
3680	3679	4.000000
3680	3681	4.569274
3681	3680	4.569274
3681	3682	3.310392
3682	3675	0.093250
3682	3676	0.046625
3682	3681	3.310392
3682	3683	4.304348
3682	3702	0.792629
3683	3674	0.044455
3683	3675	0.792629
3683	3682	4.304348
3683	3684	4.802400
3683	3702	0.885880
3684	3673	0.046625
3684	3674	0.667424
3684	3675	0.150000
3684	3683	4.802400
3684	3685	2.850000
3685	3673	0.792629
3685	3674	0.762770
3685	3684	2.850000
3685	3686	1.258881
3685	3853	1.239501
3685	3854	0.450000
3686	3685	1.258881
3686	3687	4.103021
3686	3707	0.043478
3686	3708	0.792629
3686	3709	1.695652
3686	3854	3.217142
3686	3855	0.086957
3687	3686	4.103021
3687	3688	2.700000
3687	3707	0.792629
3687	3708	0.650000
3687	3815	0.476731
3688	3687	2.700000
3688	3689	2.800000
3688	3706	0.746004
3688	3707	1.911635
3688	3754	0.572078
3688	3814	0.200000
3688	3815	1.573213
3689	3688	2.800000
3689	3690	2.500000
3689	3705	0.667424
3689	3706	1.492008
3689	3754	0.286039
3689	3755	0.810443
3689	3756	0.139876
3689	3814	0.450000
3690	2462	0.429058
3690	3689	2.500000
3690	3691	3.500000
3690	3704	0.979130
3690	3705	1.048809
3690	3755	0.143019
3690	3756	0.233126
3691	2461	0.953463
3691	2462	0.667424
3691	3690	3.500000
3691	3692	3.850000
3691	3703	0.746004
3691	3704	1.538633
3692	2461	0.238366
3692	2503	0.143019
3692	2504	0.139876
3692	3691	3.850000
3692	3693	3.766177
3692	3694	0.047673
3692	3700	0.238366
3692	3701	0.143019
3692	3703	0.792629
3693	2503	0.590909
3693	3692	3.766177
3693	3694	2.727273
3693	3699	1.525540
3693	3700	0.681818
3694	2418	0.476731
3694	2502	0.622376
3694	2516	0.933564
3694	3692	0.047673
3694	3693	2.727273
3694	3695	1.227273
3694	3698	0.177822
3694	3699	0.667424
3695	2416	2.765042
3695	2417	1.822672
3695	2418	2.860388
3695	2468	0.363636
3695	2469	0.818182
3695	2470	2.489504
3695	3694	1.227273
3695	3696	1.318182
3696	2415	0.047673
3696	2416	0.238366
3696	2470	0.177822
3696	2471	0.489010
3696	2472	1.333663
3696	3695	1.318182
3696	3697	4.089899
3696	3698	0.044455
3697	2417	0.043478
3697	3696	4.089899
3697	3698	5.434783
3698	2516	0.173913
3698	2517	0.093250
3698	3694	0.177822
3698	3696	0.044455
3698	3697	5.434783
3698	3699	4.476023
3699	2515	0.300000
3699	2516	0.419627
3699	3693	1.525540
3699	3694	0.667424
3699	3698	4.476023
3699	3700	1.382521
3700	2503	0.272727
3700	2504	0.400099
3700	2514	1.287174
3700	2515	1.668560
3700	3692	0.238366
3700	3693	0.681818
3700	3699	1.382521
3700	3701	3.863636
3701	2504	0.889108
3701	2505	0.095346
3701	2514	0.429058
3701	3677	0.133366
3701	3692	0.143019
3701	3700	3.863636
3701	3702	1.287174
3701	3703	2.845147
3702	3675	0.350000
3702	3676	0.950000
3702	3677	1.025755
3702	3682	0.792629
3702	3683	0.885880
3702	3701	1.287174
3702	3703	1.025755
3703	2461	0.088911
3703	2504	0.086957
3703	2505	0.186501
3703	3677	0.217391
3703	3691	0.746004
3703	3692	0.792629
3703	3701	2.845147
3703	3702	1.025755
3703	3704	2.739130
3704	2461	0.755742
3704	2462	0.755742
3704	3690	0.979130
3704	3691	1.538633
3704	3703	2.739130
3704	3705	3.956533
3705	2462	0.090909
3705	3689	0.667424
3705	3690	1.048809
3705	3704	3.956533
3705	3706	3.289701
3706	3688	0.746004
3706	3689	1.492008
3706	3705	3.289701
3706	3707	3.434783
3706	3754	0.489010
3707	3686	0.043478
3707	3687	0.792629
3707	3688	1.911635
3707	3706	3.434783
3707	3708	3.590144
3707	3754	1.066930
3707	3815	0.800198
3708	3686	0.792629
3708	3687	0.650000
3708	3707	3.590144
3708	3709	1.585258
3708	3815	0.953463
3708	3816	0.466252
3709	3686	1.695652
3709	3708	1.585258
3709	3710	2.191386
3709	3816	0.217391
3709	3817	0.839254
3709	3852	2.578415
3709	3854	0.792629
3710	3709	2.191386
3710	3711	3.350000
3710	3752	0.699379
3710	3753	0.050000
3710	3816	2.984015
3710	3817	0.150000
3711	3710	3.350000
3711	3712	2.700000
3711	3715	0.333712
3711	3752	0.746004
3711	3810	0.046625
3711	3811	0.792629
3712	3711	2.700000
3712	3713	1.096482
3712	3714	0.143019
3712	3715	2.145291
3712	3773	0.572078
3712	3810	0.792629
3712	3811	1.352132
3713	3712	1.096482
3713	3714	2.545455
3713	3771	0.047673
3713	3773	1.636364
3714	3712	0.143019
3714	3713	2.545455
3714	3715	1.636364
3714	3716	3.600889
3714	3771	0.619751
3714	3773	0.500000
3714	3810	0.044455
3715	3711	0.333712
3715	3712	2.145291
3715	3714	1.636364
3715	3716	0.978019
3715	3752	0.933564
3715	3810	0.044455
3715	3811	0.088911
3716	3714	3.600889
3716	3715	0.978019
3716	3717	2.521739
3716	3770	0.792629
3716	3771	0.792629
3716	3773	0.489010
3716	3810	0.782609
3716	3811	0.695652
3716	3812	0.139876
3717	3716	2.521739
3717	3718	4.802400
3717	3768	0.347826
3717	3769	0.792629
3717	3770	1.585258
3717	3772	0.086957
3717	3773	0.222277
3717	3800	0.217391
3717	3801	0.279751
3717	3808	0.326377
3717	3810	0.086957
3717	3811	0.173913
3717	3812	0.046625
3718	3717	4.802400
3718	3719	3.100000
3718	3767	0.046625
3718	3768	0.699379
3718	3769	0.050000
3718	3800	0.139876
3718	3801	1.350000
3718	3802	0.046625
3718	3806	0.279751
3718	3807	0.900000
3718	3808	0.400000
3719	1535	0.447214
3719	3718	3.100000
3719	3720	3.400000
3719	3767	1.025755
3719	3768	1.352132
3719	3801	0.300000
3719	3802	1.025755
3719	3804	0.047673
3719	3805	0.238366
3719	3806	0.279751
3720	1532	0.079057
3720	1535	0.074536
3720	1608	0.258199
3720	1609	0.223607
3720	3719	3.400000
3720	3721	3.150000
3720	3766	0.792629
3720	3767	0.932505
3720	3804	0.143019
3721	1532	0.632456
3721	1606	0.111803
3721	1608	0.129099
3721	1609	0.074536
3721	3720	3.150000
3721	3722	3.050000
3721	3765	0.839254
3721	3766	1.398757
3722	3721	3.050000
3722	3723	2.550000
3722	3764	0.792629
3722	3765	1.911635
3723	1527	0.074536
3723	1529	1.752920
3723	3722	2.550000
3723	3724	1.300000
3723	3760	0.667424
3723	3762	0.810443
3723	3764	1.865010
3724	3723	1.300000
3724	3725	2.860388
3724	3745	0.233126
3724	3746	0.046625
3724	3747	0.524404
3724	3748	0.792629
3724	3749	0.905789
3724	3760	1.096482
3725	3724	2.860388
3725	3726	3.467523
3725	3745	0.577920
3725	3746	0.044455
3725	3748	2.978513
3725	3749	0.545455
3726	3725	3.467523
3726	3727	3.826087
3726	3737	0.133366
3726	3743	0.046625
3726	3744	0.932505
3726	3745	1.217391
3727	3726	3.826087
3727	3728	3.450268
3727	3742	0.043478
3727	3743	0.792629
3727	3744	1.445382
3728	3727	3.450268
3728	3729	2.564388
3728	3742	0.792629
3728	3743	0.300000
3729	3728	2.564388
3729	3730	3.913043
3729	3741	0.746004
3729	3742	2.652174
3730	3729	3.913043
3730	3731	3.956522
3730	3740	0.979130
3730	3741	1.585258
3731	3730	3.956522
3731	3732	1.022475
3731	3739	0.606128
3731	3740	1.258881
3732	3731	1.022475
3732	3733	2.860388
3733	3732	2.860388
3733	3734	2.611013
3734	3733	2.611013
3734	3735	1.260870
3734	3736	0.088911
3734	3738	0.177822
3735	3734	1.260870
3735	3736	4.667819
3735	3737	1.600395
3736	3734	0.088911
3736	3735	4.667819
3736	3737	1.409091
3737	3726	0.133366
3737	3735	1.600395
3737	3736	1.409091
3737	3738	1.181818
3738	3734	0.177822
3738	3737	1.181818
3738	3739	2.288310
3739	3731	0.606128
3739	3738	2.288310
3739	3740	1.550000
3740	3730	0.979130
3740	3731	1.258881
3740	3739	1.550000
3740	3741	3.050000
3741	3729	0.746004
3741	3730	1.585258
3741	3740	3.050000
3741	3742	2.844140
3742	3727	0.043478
3742	3728	0.792629
3742	3729	2.652174
3742	3741	2.844140
3742	3743	3.450268
3743	3726	0.046625
3743	3727	0.792629
3743	3728	0.300000
3743	3742	3.450268
3743	3744	3.500000
3744	3726	0.932505
3744	3727	1.445382
3744	3743	3.500000
3744	3745	4.569274
3745	3724	0.233126
3745	3725	0.577920
3745	3726	1.217391
3745	3744	4.569274
3745	3746	0.869565
3745	3748	0.043478
3746	1527	0.208514
3746	3724	0.046625
3746	3725	0.044455
3746	3745	0.869565
3746	3747	3.912077
3746	3748	0.043478
3746	3761	0.565217
3747	3724	0.524404
3747	3746	3.912077
3747	3748	2.089405
3747	3749	0.045455
3747	3760	3.500000
3748	3724	0.792629
3748	3725	2.978513
3748	3745	0.043478
3748	3746	0.043478
3748	3747	2.089405
3748	3749	1.289207
3748	3759	0.046625
3748	3760	0.088911
3749	3724	0.905789
3749	3725	0.545455
3749	3747	0.045455
3749	3748	1.289207
3749	3750	3.823166
3749	3760	0.954545
3749	3762	0.454545
3749	3764	0.044455
3750	3749	3.823166
3750	3751	4.942275
3750	3758	0.304348
3750	3759	0.746004
3750	3762	0.266733
3750	3763	0.133366
3750	3764	1.000000
3750	3765	0.086957
3751	3750	4.942275
3751	3752	1.119006
3751	3758	0.792629
3751	3759	0.100000
3751	3763	0.143019
3751	3764	0.652753
3751	3765	0.046625
3751	3812	0.700000
3752	3710	0.699379
3752	3711	0.746004
3752	3715	0.933564
3752	3751	1.119006
3752	3753	3.776644
3752	3811	0.086957
3752	3816	0.217391
3753	3710	0.050000
3753	3752	3.776644
3753	3754	1.048809
3753	3815	0.143019
3753	3816	0.792629
3754	3688	0.572078
3754	3689	0.286039
3754	3706	0.489010
3754	3707	1.066930
3754	3753	1.048809
3754	3755	4.181818
3754	3814	0.381385
3754	3815	2.181818
3755	3689	0.810443
3755	3690	0.143019
3755	3754	4.181818
3755	3756	4.178810
3755	3813	0.047673
3755	3814	0.667424
3756	3689	0.139876
3756	3690	0.233126
3756	3755	4.178810
3756	3757	4.391304
3756	3812	0.046625
3756	3813	0.792629
3756	3814	0.326377
3757	2464	0.046625
3757	3756	4.391304
3757	3758	4.652174
3757	3812	0.792629
3757	3813	1.025755
3758	3750	0.304348
3758	3751	0.792629
3758	3757	4.652174
3758	3759	4.476023
3758	3763	0.978019
3758	3812	1.165631
3759	3748	0.046625
3759	3750	0.746004
3759	3751	0.100000
3759	3758	4.476023
3759	3760	1.096482
3759	3762	0.524404
3759	3763	1.287174
3760	3723	0.667424
3760	3724	1.096482
3760	3747	3.500000
3760	3748	0.088911
3760	3749	0.954545
3760	3759	1.096482
3760	3761	1.066930
3760	3762	3.227273
3761	1529	0.502956
3761	1531	1.445998
3761	1534	0.368605
3761	3746	0.565217
3761	3760	1.066930
3761	3762	0.978019
3762	3723	0.810443
3762	3749	0.454545
3762	3750	0.266733
3762	3759	0.524404
3762	3760	3.227273
3762	3761	0.978019
3762	3763	1.500000
3762	3764	2.711781
3763	3750	0.133366
3763	3751	0.143019
3763	3758	0.978019
3763	3759	1.287174
3763	3762	1.500000
3763	3764	1.022475
3763	3812	0.953463
3764	3722	0.792629
3764	3723	1.865010
3764	3749	0.044455
3764	3750	1.000000
3764	3751	0.652753
3764	3762	2.711781
3764	3763	1.022475
3764	3765	3.608696
3764	3812	0.093250
3765	3721	0.839254
3765	3722	1.911635
3765	3750	0.086957
3765	3751	0.046625
3765	3764	3.608696
3765	3766	3.521739
3766	3720	0.792629
3766	3721	1.398757
3766	3765	3.521739
3766	3767	3.956522
3767	3718	0.046625
3767	3719	1.025755
3767	3720	0.932505
3767	3766	3.956522
3767	3768	3.173913
3768	3717	0.347826
3768	3718	0.699379
3768	3719	1.352132
3768	3767	3.173913
3768	3769	4.662524
3768	3801	0.186501
3768	3802	0.130435
3769	3717	0.792629
3769	3718	0.050000
3769	3768	4.662524
3769	3770	2.150000
3769	3801	0.550000
3770	3716	0.792629
3770	3717	1.585258
3770	3769	2.150000
3770	3771	3.050000
3770	3800	0.746004
3770	3801	0.400000
3771	3713	0.047673
3771	3714	0.619751
3771	3716	0.792629
3771	3770	3.050000
3771	3772	1.119006
3771	3773	0.095346
3771	3800	0.186501
3772	3717	0.086957
3772	3771	1.119006
3772	3773	0.978019
3772	3774	2.750889
3772	3797	0.043478
3772	3798	0.478261
3772	3799	1.565217
3772	3808	3.263767
3772	3809	1.086957
3773	3712	0.572078
3773	3713	1.636364
3773	3714	0.500000
3773	3716	0.489010
3773	3717	0.222277
3773	3771	0.095346
3773	3772	0.978019
3773	3774	0.953463
3773	3808	0.047673
3773	3810	4.578909
3774	3772	2.750889
3774	3773	0.953463
3774	3775	3.100000
3774	3797	0.746004
3774	3798	0.373002
3774	3809	0.979130
3775	3774	3.100000
3775	3776	2.750889
3775	3796	0.667424
3775	3797	1.212256
3775	3809	0.839254
3776	2202	0.046625
3776	2203	0.304348
3776	2205	0.577920
3776	2207	0.133366
3776	3775	2.750889
3776	3777	4.103021
3776	3794	0.043478
3776	3795	0.932505
3776	3796	2.756236
3776	3809	0.521739
3777	2202	0.200000
3777	2203	0.046625
3777	2207	0.047673
3777	2208	0.419627
3777	3776	4.103021
3777	3778	4.196272
3777	3794	0.979130
3777	3795	0.150000
3777	3809	0.606128
3778	2208	0.217391
3778	2209	0.695652
3778	3777	4.196272
3778	3779	1.244752
3778	3792	1.608696
3778	3793	0.755742
3778	3794	0.652174
3779	2209	0.266733
3779	3778	1.244752
3779	3780	4.134354
3779	3792	0.533465
3779	3793	2.500000
3780	3779	4.134354
3780	3781	3.565217
3780	3791	0.746004
3780	3792	0.826087
3781	3780	3.565217
3781	3782	3.823270
3781	3790	0.792629
3781	3791	1.352132
3782	3781	3.823270
3782	3783	4.500000
3782	3789	0.792629
3782	3790	0.800000
3783	3782	4.500000
3783	3784	3.700000
3783	3788	0.238366
3783	3789	0.839254
3784	3783	3.700000
3784	3785	1.025755
3784	3786	0.600000
3784	3787	0.047673
3784	3788	0.143019
3785	2381	0.347826
3785	2382	1.022475
3785	2383	0.139876
3785	2391	0.046625
3785	2392	1.258881
3785	2393	0.755742
3785	3784	1.025755
3785	3786	4.849025
3785	3855	0.130435
3786	2382	0.047673
3786	3784	0.600000
3786	3785	4.849025
3786	3787	4.481274
3786	3855	0.839254
3787	3784	0.047673
3787	3786	4.481274
3787	3788	3.772727
3787	3855	0.533465
3788	3783	0.238366
3788	3784	0.143019
3788	3787	3.772727
3788	3789	3.511978
3789	3782	0.792629
3789	3783	0.839254
3789	3788	3.511978
3789	3790	4.103021
3790	3781	0.792629
3790	3782	0.800000
3790	3789	4.103021
3790	3791	2.500000
3791	3780	0.746004
3791	3781	1.352132
3791	3790	2.500000
3791	3792	3.590144
3792	3778	1.608696
3792	3779	0.533465
3792	3780	0.826087
3792	3791	3.590144
3792	3793	1.689306
3793	3778	0.755742
3793	3779	2.500000
3793	3792	1.689306
3793	3794	4.134354
3794	2208	0.043478
3794	3776	0.043478
3794	3777	0.979130
3794	3778	0.652174
3794	3793	4.134354
3794	3795	3.590144
3794	3809	0.043478
3795	2207	0.333712
3795	3776	0.932505
3795	3777	0.150000
3795	3794	3.590144
3795	3796	2.717368
3795	3809	0.139876
3796	2204	0.590909
3796	2205	0.318182
3796	3775	0.667424
3796	3776	2.756236
3796	3795	2.717368
3796	3797	4.401087
3796	3809	0.133366
3797	2204	0.311188
3797	3772	0.043478
3797	3774	0.746004
3797	3775	1.212256
3797	3796	4.401087
3797	3798	4.956522
3798	3772	0.478261
3798	3774	0.373002
3798	3797	4.956522
3798	3799	2.869565
3799	3772	1.565217
3799	3798	2.869565
3799	3800	3.652174
3799	3808	0.792629
3800	3717	0.217391
3800	3718	0.139876
3800	3770	0.746004
3800	3771	0.186501
3800	3799	3.652174
3800	3801	4.242897
3800	3806	0.260870
3800	3807	0.792629
3800	3808	1.538633
3801	3717	0.279751
3801	3718	1.350000
3801	3719	0.300000
3801	3768	0.186501
3801	3769	0.550000
3801	3770	0.400000
3801	3800	4.242897
3801	3802	3.030641
3801	3806	0.885880
3801	3807	0.100000
3802	3718	0.046625
3802	3719	1.025755
3802	3768	0.130435
3802	3801	3.030641
3802	3803	1.155841
3802	3804	1.911583
3802	3805	0.444554
3802	3806	2.217391
3803	1603	0.514259
3803	1608	0.246183
3803	1610	3.200379
3803	1622	0.192847
3803	1623	0.142134
3803	1624	1.172604
3803	3802	1.155841
3803	3804	4.181818
3804	1536	0.128565
3804	1622	0.257130
3804	1623	1.350271
3804	1624	0.426401
3804	3719	0.047673
3804	3720	0.143019
3804	3802	1.911583
3804	3803	4.181818
3804	3805	4.318182
3805	1535	0.284268
3805	1536	0.321412
3805	1601	0.161165
3805	1602	0.476731
3805	1623	0.071067
3805	3719	0.238366
3805	3802	0.444554
3805	3804	4.318182
3805	3806	2.622870
3806	3718	0.279751
3806	3719	0.279751
3806	3800	0.260870
3806	3801	0.885880
3806	3802	2.217391
3806	3805	2.622870
3806	3807	4.522648
3807	3718	0.900000
3807	3800	0.792629
3807	3801	0.100000
3807	3806	4.522648
3807	3808	3.050000
3808	3717	0.326377
3808	3718	0.400000
3808	3772	3.263767
3808	3773	0.047673
3808	3799	0.792629
3808	3800	1.538633
3808	3807	3.050000
3808	3809	1.025755
3809	3772	1.086957
3809	3774	0.979130
3809	3775	0.839254
3809	3776	0.521739
3809	3777	0.606128
3809	3794	0.043478
3809	3795	0.139876
3809	3796	0.133366
3809	3808	1.025755
3809	3810	0.956522
3810	3711	0.046625
3810	3712	0.792629
3810	3714	0.044455
3810	3715	0.044455
3810	3716	0.782609
3810	3717	0.086957
3810	3773	4.578909
3810	3809	0.956522
3810	3811	3.956522
3811	3711	0.792629
3811	3712	1.352132
3811	3715	0.088911
3811	3716	0.695652
3811	3717	0.173913
3811	3752	0.086957
3811	3810	3.956522
3811	3812	0.932505
3811	3813	0.606128
3812	3716	0.139876
3812	3717	0.046625
3812	3751	0.700000
3812	3756	0.046625
3812	3757	0.792629
3812	3758	1.165631
3812	3763	0.953463
3812	3764	0.093250
3812	3811	0.932505
3812	3813	3.600000
3813	3755	0.047673
3813	3756	0.792629
3813	3757	1.025755
3813	3811	0.606128
3813	3812	3.600000
3813	3814	3.200000
3814	3688	0.200000
3814	3689	0.450000
3814	3754	0.381385
3814	3755	0.667424
3814	3756	0.326377
3814	3813	3.200000
3814	3815	0.953463
3815	3687	0.476731
3815	3688	1.573213
3815	3707	0.800198
3815	3708	0.953463
3815	3753	0.143019
3815	3754	2.181818
3815	3814	0.953463
3815	3816	2.267227
3816	3708	0.466252
3816	3709	0.217391
3816	3710	2.984015
3816	3752	0.217391
3816	3753	0.792629
3816	3815	2.267227
3816	3817	2.191386
3817	3709	0.839254
3817	3710	0.150000
3817	3816	2.191386
3817	3818	1.305507
3817	3852	0.143019
3817	3854	0.050000
3818	3817	1.305507
3818	3819	1.111386
3818	3849	0.266733
3818	3851	2.051511
3818	3852	0.755742
3818	3854	1.072381
3818	3856	0.913043
3819	3818	1.111386
3819	3820	4.318182
3819	3849	0.090909
3819	3851	0.715097
3819	3856	3.734255
3820	75	0.090909
3820	3819	4.318182
3820	3821	4.433601
3820	3849	0.318182
3820	3851	0.095346
3821	75	0.953463
3821	1780	0.500000
3821	1781	0.186501
3821	3820	4.433601
3821	3822	3.250000
3821	3848	0.046625
3821	3849	0.095346
3822	75	1.096482
3822	1780	0.300000
3822	3821	3.250000
3822	3823	3.077266
3822	3848	0.792629
3823	3822	3.077266
3823	3824	3.130435
3823	3847	0.932505
3823	3848	2.608696
3824	3823	3.130435
3824	3825	3.636769
3824	3845	0.266733
3824	3846	0.699379
3824	3847	1.865010
3825	3824	3.636769
3825	3826	2.564388
3825	3845	0.762770
3825	3846	0.200000
3826	3825	2.564388
3826	3827	4.130435
3826	3843	0.046625
3826	3844	0.885880
3826	3845	2.711781
3827	3826	4.130435
3827	3828	4.009771
3827	3842	0.217391
3827	3843	0.792629
3827	3844	1.398757
3828	3827	4.009771
3828	3829	1.850000
3828	3830	0.300000
3828	3842	0.699379
3828	3843	0.050000
3829	2192	0.143019
3829	3828	1.850000
3829	3830	1.300000
3829	3842	0.093250
3829	3843	0.050000
3830	2192	0.381385
3830	2193	1.048809
3830	2194	0.858116
3830	3828	0.300000
3830	3829	1.300000
3830	3831	2.400000
3830	3841	0.746004
3830	3842	1.911635
3831	2193	0.238366
3831	2194	0.810443
3831	3830	2.400000
3831	3832	3.869895
3831	3840	0.839254
3831	3841	1.631883
3832	3831	3.869895
3832	3833	1.072381
3832	3838	0.489010
3832	3839	0.755742
3832	3840	0.826087
3833	1976	0.512878
3833	3832	1.072381
3833	3834	0.932505
3833	3835	0.250000
3833	3838	0.095346
3834	1757	0.043478
3834	1758	2.000494
3834	1975	2.086957
3834	1976	0.391304
3834	1980	0.044455
3834	1981	0.792629
3834	1982	1.212256
3834	3833	0.932505
3834	3835	3.730019
3835	1980	0.667424
3835	1981	0.600000
3835	3833	0.250000
3835	3834	3.730019
3835	3836	2.844140
3836	1979	0.932505
3836	1980	1.867128
3836	3339	0.046625
3836	3340	0.173913
3836	3835	2.844140
3836	3837	4.086957
3837	1977	0.044455
3837	1978	0.979130
3837	1979	1.258881
3837	3338	0.173913
3837	3339	0.419627
3837	3340	0.043478
3837	3836	4.086957
3837	3838	4.712275
3838	1977	0.727273
3838	1978	0.333712
3838	3338	0.577920
3838	3339	0.238366
3838	3832	0.489010
3838	3833	0.095346
3838	3837	4.712275
3838	3839	3.136364
3839	1954	0.622376
3839	1977	0.772727
3839	3832	0.755742
3839	3838	3.136364
3839	3840	4.356631
3840	1954	1.043478
3840	3831	0.839254
3840	3832	0.826087
3840	3839	4.356631
3840	3841	4.043478
3841	3830	0.746004
3841	3831	1.631883
3841	3840	4.043478
3841	3842	3.086957
3842	2192	1.022475
3842	3827	0.217391
3842	3828	0.699379
3842	3829	0.093250
3842	3830	1.911635
3842	3841	3.086957
3842	3843	5.082151
3843	2192	1.144155
3843	3826	0.046625
3843	3827	0.792629
3843	3828	0.050000
3843	3829	0.050000
3843	3842	5.082151
3843	3844	3.650000
3844	3826	0.885880
3844	3827	1.398757
3844	3843	3.650000
3844	3845	2.955734
3845	3824	0.266733
3845	3825	0.762770
3845	3826	2.711781
3845	3844	2.955734
3845	3846	4.862659
3846	3824	0.699379
3846	3825	0.200000
3846	3845	4.862659
3846	3847	2.300000
3847	3823	0.932505
3847	3824	1.865010
3847	3846	2.300000
3847	3848	2.051511
3848	74	0.046625
3848	75	3.156335
3848	3821	0.046625
3848	3822	0.792629
3848	3823	2.608696
3848	3847	2.051511
3848	3849	1.155841
3849	75	3.000000
3849	3818	0.266733
3849	3819	0.090909
3849	3820	0.318182
3849	3821	0.095346
3849	3848	1.155841
3849	3850	1.430194
3849	3851	2.669695
3850	3849	1.430194
3850	3851	1.000000
3850	3852	2.765042
3851	3818	2.051511
3851	3819	0.715097
3851	3820	0.095346
3851	3849	2.669695
3851	3850	1.000000
3851	3852	1.001136
3851	3853	0.047673
3851	3856	1.072381
3852	3709	2.578415
3852	3817	0.143019
3852	3818	0.755742
3852	3850	2.765042
3852	3851	1.001136
3852	3853	1.409091
3852	3854	3.098753
3852	3856	0.266733
3853	2385	0.286039
3853	3673	3.645345
3853	3685	1.239501
3853	3851	0.047673
3853	3852	1.409091
3853	3854	1.287174
3854	2384	0.050000
3854	3685	0.450000
3854	3686	3.217142
3854	3709	0.792629
3854	3817	0.050000
3854	3818	1.072381
3854	3852	3.098753
3854	3853	1.287174
3854	3855	1.352132
3854	3856	0.326377
3855	2382	0.044455
3855	2383	1.165631
3855	2384	0.979130
3855	3686	0.086957
3855	3785	0.130435
3855	3786	0.839254
3855	3787	0.533465
3855	3854	1.352132
3855	3856	2.652174
3855	3857	0.044455
3856	2384	0.559503
3856	2385	0.139876
3856	3818	0.913043
3856	3819	3.734255
3856	3851	1.072381
3856	3852	0.266733
3856	3854	0.326377
3856	3855	2.652174
3856	3857	1.066930
3857	1728	3.272727
3857	2385	2.574349
3857	3534	0.619751
3857	3671	0.047673
3857	3672	0.238366
3857	3855	0.044455
3857	3856	1.066930
3857	3858	1.477867
3858	1728	0.381385
3858	1729	0.050000
3858	1730	0.381385
3858	1779	1.398757
3858	3857	1.477867
3858	3859	1.716233
3858	3860	1.859252
3858	3861	0.286039
3859	75	0.318182
3859	1731	0.047673
3859	1779	0.266733
3859	1780	0.047673
3859	3858	1.716233
3859	3860	4.409091
3860	1730	3.363636
3860	1779	0.044455
3860	3544	0.429058
3860	3545	0.381385
3860	3858	1.859252
3860	3859	4.409091
3860	3861	1.227273
3861	1728	0.090909
3861	1729	0.286039
3861	1730	2.500000
3861	3543	0.772727
3861	3544	1.573213
3861	3669	0.222277
3861	3670	0.905789
3861	3671	2.049945
3861	3858	0.286039
3861	3860	1.227273
3861	3862	1.136364
3862	3540	0.667424
3862	3541	0.476731
3862	3543	3.500000
3862	3670	0.047673
3862	3671	0.715097
3862	3672	1.096482
3862	3861	1.136364
3862	3863	3.689800
3862	4024	0.088911
3863	3538	0.086957
3863	3539	0.979130
3863	3540	1.725134
3863	3671	0.093250
3863	3672	1.072381
3863	3862	3.689800
3863	3864	4.242897
3863	4024	0.260870
3863	4025	0.622376
3864	3537	0.047673
3864	3538	0.652753
3864	3539	0.550000
3864	3672	0.150000
3864	3863	4.242897
3864	3865	3.150000
3864	4025	0.667424
3864	4026	0.466252
3865	3537	0.667424
3865	3538	1.492008
3865	3864	3.150000
3865	3866	1.573213
3865	3867	0.800000
3865	3868	0.800000
3865	4026	0.373002
3865	4027	0.524404
3866	3865	1.573213
3866	3867	1.191828
3866	3868	0.667424
3866	4012	0.143019
3866	4013	0.715097
3866	4014	0.681818
3866	4027	0.318182
3866	4028	0.047673
3867	2350	3.450268
3867	3537	0.143019
3867	3538	0.326377
3867	3865	0.800000
3867	3866	1.191828
3867	3868	2.750000
3867	4014	0.381385
3867	4026	0.046625
3867	4027	0.047673
3868	3536	0.792629
3868	3537	0.667424
3868	3865	0.800000
3868	3866	0.667424
3868	3867	2.750000
3868	3869	2.000000
3868	4013	0.150000
3868	4014	0.286039
3869	2234	0.524404
3869	3535	0.792629
3869	3536	2.191386
3869	3868	2.000000
3869	3870	2.450000
3870	2233	0.905789
3870	2234	1.334848
3870	3533	0.792629
3870	3535	1.865010
3870	3869	2.450000
3870	3871	2.890765
3871	2232	0.173913
3871	2233	0.400099
3871	2362	0.044455
3871	2364	0.419627
3871	3532	0.932505
3871	3533	2.347826
3871	3870	2.890765
3871	3872	3.913043
3872	2232	0.130435
3872	2364	0.746004
3872	2365	1.072381
3872	2388	0.217391
3872	3526	0.577920
3872	3528	0.044455
3872	3530	0.046625
3872	3531	0.792629
3872	3532	0.979130
3872	3871	3.913043
3872	3873	3.826087
3872	3876	0.139876
3873	2365	0.279751
3873	2388	0.913043
3873	3526	0.088911
3873	3527	0.086957
3873	3529	0.046625
3873	3530	0.792629
3873	3531	0.512878
3873	3872	3.826087
3873	3874	1.391304
3873	3875	0.622376
3873	3876	0.419627
3873	3928	2.098136
3873	3929	0.043478
3874	2126	0.044455
3874	3527	0.130435
3874	3873	1.391304
3874	3875	1.022475
3874	3876	0.139876
3874	3877	0.400099
3874	3878	0.222277
3874	3879	0.186501
3874	3926	0.279751
3874	3927	2.144761
3874	3928	3.683394
3874	3931	0.279751
3875	2127	0.047673
3875	2129	0.044455
3875	2365	0.047673
3875	2388	4.045443
3875	2495	3.636364
3875	3873	0.622376
3875	3874	1.022475
3875	3876	1.430194
3875	3925	0.190693
3875	3926	0.429058
3875	3927	0.095346
3876	2388	0.186501
3876	3530	0.050000
3876	3531	0.900000
3876	3532	0.200000
3876	3678	0.373002
3876	3872	0.139876
3876	3873	0.419627
3876	3874	0.139876
3876	3875	1.430194
3876	3877	1.239501
3876	3924	0.238366
3876	3925	0.100000
3876	3928	0.150000
3877	3529	0.762770
3877	3530	1.906925
3877	3678	1.689306
3877	3874	0.400099
3877	3876	1.239501
3877	3878	4.045455
3877	3924	0.636364
3877	3928	0.619751
3878	3527	0.533465
3878	3529	0.619751
3878	3874	0.222277
3878	3877	4.045455
3878	3879	1.525540
3878	3924	0.409091
3878	3928	0.143019
3878	3933	0.190693
3879	3874	0.186501
3879	3878	1.525540
3879	3880	4.052216
3879	3927	0.100000
3879	3931	0.800000
3879	3933	0.800000
3880	3498	0.133366
3880	3879	4.052216
3880	3881	1.600395
3880	3926	0.143019
3880	3927	0.667424
3880	3931	0.667424
3880	3999	0.727273
3880	4000	0.572078
3881	3497	0.177822
3881	3498	1.130435
3881	3880	1.600395
3881	3882	4.173913
3881	3925	0.932505
3881	3926	1.072381
3881	3998	0.046625
3881	3999	0.088911
3881	4000	0.046625
3882	2511	0.046625
3882	3497	1.289207
3882	3498	0.217391
3882	3881	4.173913
3882	3883	4.709149
3882	3922	0.173913
3882	3923	0.839254
3882	3925	1.025755
3883	2510	0.476731
3883	2511	0.300000
3883	3497	0.047673
3883	3882	4.709149
3883	3884	3.000000
3883	3922	0.792629
3883	3923	0.250000
3884	2507	0.047673
3884	2509	0.858116
3884	2510	1.001136
3884	3883	3.000000
3884	3885	2.937390
3884	3921	0.512878
3884	3922	1.025755
3885	2507	0.400099
3885	2509	0.222277
3885	3884	2.937390
3885	3886	1.689306
3885	3887	0.652753
3885	3888	0.046625
3885	3916	0.086957
3885	3917	3.869565
3885	3919	0.233126
3885	3920	0.139876
3885	3921	0.130435
3886	2507	1.818182
3886	3885	1.689306
3886	3887	4.576620
3886	3888	0.047673
3886	3919	0.047673
3886	3920	0.667424
3886	3921	1.378118
3887	3885	0.652753
3887	3886	4.576620
3887	3888	4.100000
3887	3916	0.046625
3887	3917	0.233126
3887	3919	0.650000
3887	3920	0.750000
3888	3885	0.046625
3888	3886	0.047673
3888	3887	4.100000
3888	3889	3.350000
3888	3915	0.143019
3888	3916	0.792629
3888	3917	0.139876
3888	3919	1.050000
3889	3888	3.350000
3889	3890	3.400000
3889	3915	0.667424
3889	3916	1.072381
3889	3918	0.450000
3890	2626	0.524404
3890	3889	3.400000
3890	3891	2.500000
3890	3914	0.839254
3890	3915	1.144155
3890	3945	0.238366
3891	2626	0.047673
3891	3890	2.500000
3891	3892	3.550000
3891	3913	0.932505
3891	3914	1.631883
3892	2580	0.333712
3892	2624	0.046625
3892	3891	3.550000
3892	3893	2.500000
3892	3912	0.979130
3892	3913	1.352132
3893	2580	0.381385
3893	2581	0.512878
3893	3892	2.500000
3893	3894	3.800000
3893	3911	0.792629
3893	3912	2.051511
3894	2581	0.093250
3894	3893	3.800000
3894	3895	3.450268
3894	3904	0.050000
3894	3910	0.250000
3894	3911	0.979130
3895	3894	3.450268
3895	3896	1.644851
3895	3903	0.177822
3895	3904	0.326377
3895	3908	3.434783
3895	3909	0.434783
3895	3910	0.046625
3896	3895	1.644851
3896	3897	5.023463
3896	3903	0.181818
3896	3908	1.022475
3896	3909	2.934058
3897	3896	5.023463
3897	3898	3.217142
3897	3903	0.044455
3897	3907	0.979130
3897	3908	0.347826
3898	3897	3.217142
3898	3899	2.890765
3898	3904	0.200000
3898	3906	0.792629
3898	3907	0.900000
3899	3898	2.890765
3899	3900	0.979130
3899	3901	0.046625
3899	3902	3.450268
3899	3903	0.044455
3899	3904	0.699379
3899	3905	0.844653
3899	3906	0.391304
3899	3956	1.173913
3900	3899	0.979130
3900	3901	3.050000
3900	3902	0.250000
3900	3956	0.186501
3901	3899	0.046625
3901	3900	3.050000
3901	3902	2.650000
3901	3956	0.139876
3902	3899	3.450268
3902	3900	0.250000
3902	3901	2.650000
3902	3903	0.953463
3902	3904	0.200000
3902	3956	0.932505
3903	3895	0.177822
3903	3896	0.181818
3903	3897	0.044455
3903	3899	0.044455
3903	3902	0.953463
3903	3904	3.337119
3903	3908	0.044455
3904	3894	0.050000
3904	3895	0.326377
3904	3898	0.200000
3904	3899	0.699379
3904	3902	0.200000
3904	3903	3.337119
3904	3905	0.953463
3904	3906	0.186501
3904	3907	0.150000
3904	3908	0.699379
3905	3899	0.844653
3905	3904	0.953463
3905	3906	4.489998
3905	3954	0.047673
3905	3955	0.715097
3905	3956	3.511978
3905	3957	0.045455
3905	3963	0.088911
3906	3898	0.792629
3906	3899	0.391304
3906	3904	0.186501
3906	3905	4.489998
3906	3907	3.310392
3906	3954	0.046625
3906	3963	0.260870
3906	3964	0.746004
3907	3897	0.979130
3907	3898	0.900000
3907	3904	0.150000
3907	3906	3.310392
3907	3908	2.284637
3907	3964	0.250000
3908	3895	3.434783
3908	3896	1.022475
3908	3897	0.347826
3908	3903	0.044455
3908	3904	0.699379
3908	3907	2.284637
3908	3909	1.478261
3909	3895	0.434783
3909	3896	2.934058
3909	3908	1.478261
3909	3910	4.942275
3910	3894	0.250000
3910	3895	0.046625
3910	3909	4.942275
3910	3911	3.077266
3911	3893	0.792629
3911	3894	0.979130
3911	3910	3.077266
3911	3912	3.391304
3912	2580	0.222277
3912	3892	0.979130
3912	3893	2.051511
3912	3911	3.391304
3912	3913	3.478261
3913	2579	0.978019
3913	2580	0.889108
3913	3891	0.932505
3913	3892	1.352132
3913	3912	3.478261
3913	3914	4.000000
3914	2578	0.266733
3914	2579	1.333663
3914	2626	0.044455
3914	3890	0.839254
3914	3891	1.631883
3914	3913	4.000000
3914	3915	3.823166
3915	2578	0.409091
3915	2626	0.636364
3915	3888	0.143019
3915	3889	0.667424
3915	3890	1.144155
3915	3914	3.823166
3915	3916	4.534453
3916	2626	0.088911
3916	2627	0.311188
3916	3885	0.086957
3916	3887	0.046625
3916	3888	0.792629
3916	3889	1.072381
3916	3915	4.534453
3916	3917	3.478261
3916	3918	0.373002
3916	3945	0.489010
3917	2627	0.266733
3917	2628	0.133366
3917	3885	3.869565
3917	3887	0.233126
3917	3888	0.139876
3917	3916	3.478261
3917	3918	1.072381
3917	3919	0.139876
3918	2628	0.238366
3918	3889	0.450000
3918	3916	0.373002
3918	3917	1.072381
3918	3919	1.300000
3918	3996	0.419627
3918	3997	1.165631
3918	3998	0.050000
3919	3885	0.233126
3919	3886	0.047673
3919	3887	0.650000
3919	3888	1.050000
3919	3917	0.139876
3919	3918	1.300000
3919	3920	3.600000
3920	3885	0.139876
3920	3886	0.667424
3920	3887	0.750000
3920	3919	3.600000
3920	3921	3.217142
3921	2507	0.044455
3921	2509	0.088911
3921	3884	0.512878
3921	3885	0.130435
3921	3886	1.378118
3921	3920	3.217142
3921	3922	3.521739
3922	2509	0.622376
3922	2510	0.800198
3922	3882	0.173913
3922	3883	0.792629
3922	3884	1.025755
3922	3921	3.521739
3922	3923	3.916520
3923	2510	0.381385
3923	2512	0.792629
3923	2513	0.050000
3923	3677	0.792629
3923	3882	0.839254
3923	3883	0.250000
3923	3922	3.916520
3923	3924	3.194100
3924	2512	0.133366
3924	2513	0.238366
3924	3677	0.400099
3924	3678	0.088911
3924	3876	0.238366
3924	3877	0.636364
3924	3878	0.409091
3924	3923	3.194100
3924	3925	1.239501
3924	3926	0.047673
3925	2128	0.250000
3925	2129	0.652753
3925	3497	1.954598
3925	3875	0.190693
3925	3876	0.100000
3925	3881	0.932505
3925	3882	1.025755
3925	3924	1.239501
3925	3926	2.250000
3926	2128	0.100000
3926	2129	0.606128
3926	2130	0.286039
3926	2134	0.190693
3926	3496	0.429058
3926	3521	0.250000
3926	3874	0.279751
3926	3875	0.429058
3926	3880	0.143019
3926	3881	1.072381
3926	3924	0.047673
3926	3925	2.250000
3926	3927	3.350000
3927	2130	0.190693
3927	2134	0.715097
3927	3521	0.200000
3927	3874	2.144761
3927	3875	0.095346
3927	3879	0.100000
3927	3880	0.667424
3927	3926	3.350000
3927	3928	1.150000
3927	3931	1.650000
3928	2134	0.143019
3928	3527	1.678509
3928	3529	0.350000
3928	3530	0.100000
3928	3873	2.098136
3928	3874	3.683394
3928	3876	0.150000
3928	3877	0.619751
3928	3878	0.143019
3928	3927	1.150000
3928	3929	0.885880
3928	3930	0.619751
3928	3931	0.200000
3929	2135	1.445382
3929	2136	0.695652
3929	2365	0.093250
3929	2366	0.217391
3929	2754	0.326377
3929	3526	4.312176
3929	3527	0.391304
3929	3873	0.043478
3929	3928	0.885880
3929	3930	1.111386
3930	2134	0.045455
3930	2135	0.190693
3930	3525	3.590909
3930	3527	2.267227
3930	3928	0.619751
3930	3929	1.111386
3930	3931	1.287174
3930	3932	0.311188
3931	3521	0.500000
3931	3522	0.186501
3931	3527	0.093250
3931	3874	0.279751
3931	3879	0.800000
3931	3880	0.667424
3931	3927	1.650000
3931	3928	0.200000
3931	3930	1.287174
3931	3932	1.072381
3931	3999	0.381385
3932	3524	0.044455
3932	3930	0.311188
3932	3931	1.072381
3932	3933	1.119006
3932	4003	3.478261
3932	4004	0.044455
3932	4008	0.086957
3932	4037	0.792629
3933	3878	0.190693
3933	3879	0.800000
3933	3932	1.119006
3933	3934	1.300000
3933	4003	0.466252
3933	4012	0.250000
3934	3933	1.300000
3934	3935	3.916520
3934	3980	0.373002
3934	4000	0.400000
3934	4008	0.046625
3934	4009	0.792629
3934	4010	2.750889
3935	3163	0.046625
3935	3934	3.916520
3935	3936	4.304348
3935	3980	0.086957
3935	3981	0.466252
3935	3982	0.652753
3935	4000	0.046625
3935	4007	0.839254
3935	4008	0.086957
3935	4009	2.000000
3936	3163	0.093250
3936	3935	4.304348
3936	3937	4.196272
3936	3982	0.419627
3936	4006	0.792629
3936	4007	1.305507
3937	3936	4.196272
3937	3938	3.750000
3937	4002	0.300000
3937	4005	0.792629
3937	4006	0.550000
3938	3937	3.750000
3938	3939	3.750000
3938	4001	0.139876
3938	4002	0.650000
3938	4005	0.932505
3939	3938	3.750000
3939	3940	2.657639
3939	4001	0.792629
3939	4002	0.100000
3940	3939	2.657639
3940	3941	4.242897
3940	3997	0.260870
3940	3998	0.792629
3940	4001	2.086957
3941	3940	4.242897
3941	3942	3.450000
3941	3997	0.699379
3941	3998	0.050000
3942	2628	0.715097
3942	2629	0.300000
3942	2630	0.419627
3942	3941	3.450000
3942	3943	1.865010
3942	3996	0.839254
3942	3997	1.678509
3943	2627	1.244752
3943	2628	1.155841
3943	3942	1.865010
3943	3944	4.569274
3943	3994	0.304348
3943	3995	0.792629
3943	3996	2.739130
3944	2626	0.190693
3944	2627	0.238366
3944	3943	4.569274
3944	3945	1.573213
3944	3946	0.250000
3944	3969	2.574349
3944	3994	0.699379
3945	2626	3.363636
3945	2627	1.500000
3945	3890	0.238366
3945	3916	0.489010
3945	3944	1.573213
3945	3946	1.239501
3946	3944	0.250000
3946	3945	1.239501
3946	3947	1.550000
3946	3948	0.250000
3946	3949	0.100000
3946	3968	2.288310
3946	3969	3.146427
3946	3994	0.186501
3947	3946	1.550000
3947	3948	2.550000
3947	3969	0.190693
3947	3972	1.025755
3947	3973	0.300000
3947	3992	0.524404
3947	3994	3.030641
3948	3946	0.250000
3948	3947	2.550000
3948	3949	4.050000
3948	3969	0.047673
3948	3970	0.046625
3948	3971	0.792629
3948	3972	1.911635
3948	3991	1.144155
3948	3992	1.048809
3949	3946	0.100000
3949	3948	4.050000
3949	3950	1.258881
3949	3968	0.095346
3949	3970	0.699379
3949	3971	0.606128
3949	3991	0.238366
3949	4073	0.050000
3949	4074	1.200000
3949	4075	0.200000
3949	4193	0.858116
3950	3949	1.258881
3950	3951	3.956522
3950	3967	0.839254
3950	3968	0.711287
3950	4168	0.088911
3950	4192	0.844653
3950	4193	2.889602
3951	3950	3.956522
3951	3952	3.739130
3951	3966	0.792629
3951	3967	2.004885
3951	4168	0.177822
3951	4169	0.889108
3951	4191	0.043478
3951	4192	0.222277
3952	3951	3.739130
3952	3953	3.173913
3952	3964	0.046625
3952	3965	0.792629
3952	3966	1.958260
3952	4169	0.400099
3952	4170	0.512878
3953	3952	3.173913
3953	3954	4.802400
3953	3963	0.086957
3953	3964	0.746004
3953	3965	1.445382
3953	4170	0.512878
3953	4171	0.279751
3954	3905	0.047673
3954	3906	0.046625
3954	3953	4.802400
3954	3955	2.850000
3954	3963	0.792629
3954	3964	0.200000
3955	3905	0.715097
3955	3954	2.850000
3955	3956	1.678509
3955	3957	3.051080
3955	3962	0.606128
3955	3963	0.885880
3956	3899	1.173913
3956	3900	0.186501
3956	3901	0.139876
3956	3902	0.932505
3956	3905	3.511978
3956	3955	1.678509
3956	3957	1.600395
3957	3905	0.045455
3957	3955	3.051080
3957	3956	1.600395
3957	3958	1.090909
3957	3959	0.177822
3957	3961	0.090909
3957	3962	0.311188
3958	3957	1.090909
3958	3959	4.223265
3958	4085	0.762770
3958	4086	0.311188
3958	4087	0.090909
3958	4088	0.044455
3958	4089	0.136364
3958	4090	0.133366
3959	3957	0.177822
3959	3958	4.223265
3959	3960	4.623364
3959	4084	0.400099
3959	4085	0.186501
3959	4089	0.266733
3959	4090	0.869565
3959	4091	0.173913
3959	4092	0.177822
3960	3959	4.623364
3960	3961	3.818182
3960	4091	0.933564
3960	4092	0.454545
3961	3957	0.090909
3961	3960	3.818182
3961	3962	4.000988
3962	3955	0.606128
3962	3957	0.311188
3962	3961	4.000988
3962	3963	4.000000
3963	3905	0.088911
3963	3906	0.260870
3963	3953	0.086957
3963	3954	0.792629
3963	3955	0.885880
3963	3962	4.000000
3963	3964	4.476023
3964	3906	0.746004
3964	3907	0.250000
3964	3952	0.046625
3964	3953	0.746004
3964	3954	0.200000
3964	3963	4.476023
3964	3965	3.750000
3965	3952	0.792629
3965	3953	1.445382
3965	3964	3.750000
3965	3966	2.800000
3966	3951	0.792629
3966	3952	1.958260
3966	3965	2.800000
3966	3967	2.500000
3966	4169	0.381385
3967	3950	0.839254
3967	3951	2.004885
3967	3966	2.500000
3967	3968	4.290582
3967	4168	0.953463
3967	4169	0.476731
3968	3946	2.288310
3968	3949	0.095346
3968	3950	0.711287
3968	3967	4.290582
3968	3969	1.000000
3968	4192	0.318182
3968	4193	0.590909
3968	4194	0.177822
3969	3944	2.574349
3969	3946	3.146427
3969	3947	0.190693
3969	3948	0.047673
3969	3968	1.000000
3969	3970	1.733761
3969	3971	0.489010
3969	3972	0.044455
3969	3994	0.489010
3969	4194	0.044455
3970	3948	0.046625
3970	3949	0.699379
3970	3969	1.733761
3970	3971	5.043478
3970	4072	1.043478
3970	4073	0.279751
3970	4074	0.139876
3970	4193	2.133860
3970	4194	0.521739
3970	4195	0.326377
3971	3948	0.792629
3971	3949	0.606128
3971	3969	0.489010
3971	3970	5.043478
3971	3972	3.391304
3971	3991	0.088911
3971	4072	0.521739
3971	4073	0.606128
3972	3947	1.025755
3972	3948	1.911635
3972	3969	0.044455
3972	3971	3.391304
3972	3973	4.662524
3972	3991	0.133366
3972	3992	0.889108
3972	3994	0.260870
3973	3947	0.300000
3973	3972	4.662524
3973	3974	1.200000
3973	3992	0.810443
3973	3993	0.619751
3973	3994	0.652753
3974	3973	1.200000
3974	3975	3.170516
3974	3988	0.762770
3974	3989	0.450000
3974	3993	3.384792
3974	3994	0.046625
3975	3160	0.044455
3975	3418	0.088911
3975	3974	3.170516
3975	3976	3.478261
3975	3987	0.792629
3975	3988	1.778217
3976	3160	1.022475
3976	3161	0.419627
3976	3418	0.133366
3976	3419	0.933564
3976	3975	3.478261
3976	3977	3.173913
3976	3986	0.792629
3976	3987	1.771759
3977	3160	0.489010
3977	3161	0.326377
3977	3162	0.046625
3977	3419	1.422574
3977	3420	0.521739
3977	3976	3.173913
3977	3978	3.869895
3977	3984	0.043478
3977	3985	0.792629
3977	3986	1.585258
3978	3420	0.932505
3978	3421	0.650000
3978	3422	0.150000
3978	3452	0.047673
3978	3977	3.869895
3978	3979	3.400000
3978	3984	0.792629
3978	3985	0.100000
3979	3420	0.046625
3979	3421	1.150000
3979	3422	0.400000
3979	3451	0.046625
3979	3978	3.400000
3979	3980	0.979130
3979	3981	2.150000
3979	3983	0.150000
3980	3163	0.466252
3980	3934	0.373002
3980	3935	0.086957
3980	3979	0.979130
3980	3981	3.217142
3980	4009	1.434783
3980	4010	1.608696
3981	3163	0.300000
3981	3421	0.250000
3981	3935	0.466252
3981	3979	2.150000
3981	3980	3.217142
3981	3982	2.700000
3981	3983	0.150000
3982	3935	0.652753
3982	3936	0.419627
3982	3981	2.700000
3982	3983	3.650000
3983	3421	0.300000
3983	3979	0.150000
3983	3981	0.150000
3983	3982	3.650000
3983	3984	4.289522
3984	3410	0.279751
3984	3421	0.139876
3984	3977	0.043478
3984	3978	0.792629
3984	3983	4.289522
3984	3985	4.009771
3985	3977	0.792629
3985	3978	0.100000
3985	3984	4.009771
3985	3986	3.850000
3986	3419	0.572078
3986	3420	0.046625
3986	3976	0.792629
3986	3977	1.585258
3986	3985	3.850000
3986	3987	2.150000
3987	3418	1.096482
3987	3419	1.239501
3987	3975	0.792629
3987	3976	1.771759
3987	3986	2.150000
3987	3988	3.384792
3988	3418	0.090909
3988	3974	0.762770
3988	3975	1.778217
3988	3987	3.384792
3988	3989	3.956870
3989	3974	0.450000
3989	3988	3.956870
3989	3990	3.200000
3989	3993	0.810443
3990	3989	3.200000
3990	3991	1.334848
3990	3992	2.240637
3990	3993	2.049945
3991	3948	1.144155
3991	3949	0.238366
3991	3971	0.088911
3991	3972	0.133366
3991	3990	1.334848
3991	3992	4.272727
3991	4073	0.047673
3991	4074	1.477867
3991	4075	1.287174
3991	4101	0.044455
3992	3947	0.524404
3992	3948	1.048809
3992	3972	0.889108
3992	3973	0.810443
3992	3990	2.240637
3992	3991	4.272727
3992	3993	2.136364
3993	3973	0.619751
3993	3974	3.384792
3993	3989	0.810443
3993	3990	2.049945
3993	3992	2.136364
3993	3994	0.933564
3994	3943	0.304348
3994	3944	0.699379
3994	3946	0.186501
3994	3947	3.030641
3994	3969	0.489010
3994	3972	0.260870
3994	3973	0.652753
3994	3974	0.046625
3994	3993	0.933564
3994	3995	4.336147
3995	3943	0.792629
3995	3994	4.336147
3995	3996	2.984015
3996	2628	0.844653
3996	3918	0.419627
3996	3942	0.839254
3996	3943	2.739130
3996	3995	2.984015
3996	3997	3.043478
3997	2628	1.555940
3997	2629	0.233126
3997	3918	1.165631
3997	3940	0.260870
3997	3941	0.699379
3997	3942	1.678509
3997	3996	3.043478
3997	3998	4.522648
3997	4000	0.093250
3998	3498	0.046625
3998	3881	0.046625
3998	3918	0.050000
3998	3940	0.792629
3998	3941	0.050000
3998	3997	4.522648
3998	3999	1.144155
3998	4000	0.200000
3998	4001	2.098136
3999	3498	1.911583
3999	3520	0.045455
3999	3521	0.286039
3999	3880	0.727273
3999	3881	0.088911
3999	3931	0.381385
3999	3998	1.144155
3999	4000	1.001136
3999	4001	0.889108
3999	4002	0.286039
4000	3880	0.572078
4000	3881	0.046625
4000	3934	0.400000
4000	3935	0.046625
4000	3997	0.093250
4000	3998	0.200000
4000	3999	1.001136
4000	4001	1.585258
4000	4002	0.200000
4001	3938	0.139876
4001	3939	0.792629
4001	3940	2.086957
4001	3998	2.098136
4001	3999	0.889108
4001	4000	1.585258
4001	4002	5.222027
4002	3518	0.093250
4002	3937	0.300000
4002	3938	0.650000
4002	3939	0.100000
4002	3999	0.286039
4002	4000	0.200000
4002	4001	5.222027
4002	4003	1.212256
4002	4004	0.047673
4002	4005	0.885880
4003	3932	3.478261
4003	3933	0.466252
4003	4002	1.212256
4003	4004	1.289207
4003	4005	0.391304
4003	4006	0.932505
4003	4007	0.326377
4003	4008	0.260870
4004	3518	0.044455
4004	3519	0.355643
4004	3520	0.500000
4004	3522	3.823166
4004	3932	0.044455
4004	4002	0.047673
4004	4003	1.289207
4004	4005	1.111386
4004	4006	0.047673
4004	4041	1.363636
4004	4042	0.095346
4005	3517	1.155841
4005	3518	0.304348
4005	3937	0.792629
4005	3938	0.932505
4005	4002	0.885880
4005	4003	0.391304
4005	4004	1.111386
4005	4006	3.403643
4005	4041	0.222277
4006	3936	0.792629
4006	3937	0.550000
4006	4003	0.932505
4006	4004	0.047673
4006	4005	3.403643
4006	4007	3.500000
4007	3935	0.839254
4007	3936	1.305507
4007	4003	0.326377
4007	4006	3.500000
4007	4008	4.149646
4007	4037	0.050000
4008	3932	0.086957
4008	3934	0.046625
4008	3935	0.086957
4008	4003	0.260870
4008	4007	4.149646
4008	4009	1.695652
4008	4010	0.173913
4008	4011	0.046625
4008	4037	2.844140
4009	3163	1.352132
4009	3934	0.792629
4009	3935	2.000000
4009	3980	1.434783
4009	4008	1.695652
4009	4010	3.347826
4010	3934	2.750889
4010	3980	1.608696
4010	4008	0.173913
4010	4009	3.347826
4010	4011	4.382773
4011	4008	0.046625
4011	4010	4.382773
4011	4012	2.200000
4012	3866	0.143019
4012	3933	0.250000
4012	4011	2.200000
4012	4013	1.250000
4013	3257	0.950000
4013	3866	0.715097
4013	3868	0.150000
4013	4012	1.250000
4013	4014	2.908061
4013	4035	0.885880
4014	2343	0.044455
4014	3257	1.573213
4014	3258	2.636364
4014	3866	0.681818
4014	3867	0.381385
4014	3868	0.286039
4014	4013	2.908061
4014	4015	1.022475
4014	4034	0.222277
4014	4035	0.755742
4015	2341	0.755742
4015	2342	0.355643
4015	3254	0.279751
4015	3258	1.066930
4015	3260	0.622376
4015	4014	1.022475
4015	4016	4.267721
4015	4033	0.792629
4015	4034	2.478261
4016	2341	0.454545
4016	2342	0.409091
4016	3260	0.318182
4016	3261	0.045455
4016	3262	0.863636
4016	3404	0.090909
4016	4015	4.267721
4016	4017	3.409091
4016	4032	0.667424
4016	4033	0.953463
4017	3262	0.090909
4017	3404	0.590909
4017	4016	3.409091
4017	4018	3.623158
4017	4030	0.044455
4017	4031	0.667424
4017	4032	1.334848
4018	3404	0.143019
4018	3405	0.700000
4018	3438	0.047673
4018	4017	3.623158
4018	4019	3.730019
4018	4028	0.050000
4018	4030	0.792629
4018	4031	0.400000
4019	3405	0.932505
4019	3406	0.093250
4019	3432	0.755742
4019	3433	0.186501
4019	3434	0.130435
4019	3437	0.044455
4019	4018	3.730019
4019	4020	5.175402
4019	4027	0.266733
4019	4028	0.792629
4019	4030	2.043478
4020	3432	1.144155
4020	3433	0.050000
4020	3434	0.046625
4020	4019	5.175402
4020	4021	3.200000
4020	4027	0.715097
4020	4028	0.150000
4021	4020	3.200000
4021	4022	3.450268
4021	4026	0.792629
4021	4027	0.905789
4022	4021	3.450268
4022	4023	1.165631
4022	4024	1.695652
4022	4025	0.489010
4022	4026	1.826087
4023	3541	0.800000
4023	3542	1.050000
4023	4022	1.165631
4023	4024	3.543518
4024	3369	0.043478
4024	3540	1.025755
4024	3541	0.746004
4024	3862	0.088911
4024	3863	0.260870
4024	4022	1.695652
4024	4023	3.543518
4024	4025	3.645345
4025	3538	0.044455
4025	3539	0.476731
4025	3540	0.858116
4025	3863	0.622376
4025	3864	0.667424
4025	4022	0.489010
4025	4024	3.645345
4025	4026	2.000494
4026	3864	0.466252
4026	3865	0.373002
4026	3867	0.046625
4026	4021	0.792629
4026	4022	1.826087
4026	4025	2.000494
4026	4027	4.312176
4027	3865	0.524404
4027	3866	0.318182
4027	3867	0.047673
4027	4019	0.266733
4027	4020	0.715097
4027	4021	0.905789
4027	4026	4.312176
4027	4028	3.146427
4028	3866	0.047673
4028	4018	0.050000
4028	4019	0.792629
4028	4020	0.150000
4028	4027	3.146427
4028	4029	0.905789
4028	4030	1.538633
4029	4028	0.905789
4029	4030	1.244752
4030	3405	0.093250
4030	3406	0.186501
4030	4017	0.044455
4030	4018	0.792629
4030	4019	2.043478
4030	4028	1.538633
4030	4029	1.244752
4030	4031	4.056396
4031	3404	0.095346
4031	3405	0.350000
4031	3406	0.050000
4031	4017	0.667424
4031	4018	0.400000
4031	4030	4.056396
4031	4032	3.000000
4032	3261	0.143019
4032	3404	0.715097
4032	3405	0.050000
4032	4016	0.667424
4032	4017	1.334848
4032	4031	3.000000
4032	4033	3.150000
4033	3261	0.905789
4033	3404	0.047673
4033	3448	0.050000
4033	3449	0.650000
4033	4015	0.792629
4033	4016	0.953463
4033	4032	3.150000
4033	4034	2.750889
4034	3258	0.755742
4034	3259	0.044455
4034	3449	0.093250
4034	4014	0.222277
4034	4015	2.478261
4034	4033	2.750889
4034	4035	4.130435
4035	2299	0.043478
4035	3257	0.839254
4035	3258	0.489010
4035	4013	0.885880
4035	4014	0.755742
4035	4034	4.130435
4035	4036	1.119006
4036	2310	0.667424
4036	3256	0.050000
4036	3257	3.150000
4036	4035	1.119006
4036	4037	1.100000
4037	2304	0.190693
4037	3932	0.792629
4037	4007	0.050000
4037	4008	2.844140
4037	4036	1.100000
4037	4038	1.400000
4038	2304	1.334848
4038	2305	0.150000
4038	3523	0.762770
4038	3524	0.286039
4038	4037	1.400000
4038	4039	1.200000
4039	2304	2.049945
4039	2305	0.350000
4039	2306	0.326377
4039	4038	1.200000
4039	4040	2.200000
4040	2305	1.950000
4040	2306	0.046625
4040	2767	0.619751
4040	3479	0.667424
4040	3480	0.524404
4040	4039	2.200000
4040	4041	1.287174
4041	3517	3.181818
4041	3519	0.177822
4041	3520	0.090909
4041	4004	1.363636
4041	4005	0.222277
4041	4040	1.287174
4041	4042	1.430194
4041	4043	0.095346
4042	2763	0.326377
4042	2764	0.333712
4042	3520	0.715097
4042	4004	0.095346
4042	4041	1.430194
4042	4043	2.600000
4043	3488	0.850000
4043	3519	1.025755
4043	3520	1.334848
4043	4041	0.095346
4043	4042	2.600000
4043	4044	2.900000
4044	3488	0.350000
4044	3489	1.025755
4044	3490	0.093250
4044	3517	0.095346
4044	3518	0.792629
4044	3519	1.678509
4044	4043	2.900000
4044	4045	3.496893
4045	3489	0.608696
4045	3515	0.043478
4045	3516	0.885880
4045	3517	0.133366
4045	3518	1.347826
4045	4044	3.496893
4045	4046	4.196272
4046	3515	0.932505
4046	3516	0.450000
4046	4045	4.196272
4046	4047	2.750000
4047	3514	0.932505
4047	3515	1.585258
4047	4046	2.750000
4047	4048	3.527812
4048	3512	0.044455
4048	3513	0.667424
4048	3514	2.178316
4048	4047	3.527812
4048	4049	3.718504
4049	3512	0.932505
4049	3513	0.200000
4049	4048	3.718504
4049	4050	2.144761
4049	4249	0.250000
4049	4250	0.400000
4049	4251	0.047673
4050	3511	0.932505
4050	3512	3.130435
4050	4049	2.144761
4050	4051	3.608696
4050	4250	0.699379
4050	4251	1.022475
4051	3510	0.979130
4051	3511	1.631883
4051	4050	3.608696
4051	4052	3.652174
4051	4251	0.177822
4052	2089	0.978019
4052	3509	0.932505
4052	3510	1.958260
4052	4051	3.652174
4052	4053	4.569274
4052	4205	0.434783
4053	2089	1.191828
4053	3509	0.150000
4053	4052	4.569274
4053	4054	3.636769
4053	4205	0.885880
4054	4053	3.636769
4054	4055	4.242897
4054	4205	2.130435
4054	4207	0.046625
4054	4209	0.889108
4055	4054	4.242897
4055	4056	1.191828
4055	4205	0.046625
4055	4209	2.479003
4055	4210	0.139876
4056	4055	1.191828
4056	4057	1.022475
4056	4210	0.044455
4056	4319	0.476731
4057	4056	1.022475
4057	4058	4.173913
4057	4215	0.046625
4057	4216	0.932505
4057	4217	0.233126
4057	4234	0.177822
4057	4316	0.533465
4057	4318	2.608696
4058	4057	4.173913
4058	4059	3.867622
4058	4215	0.792629
4058	4216	1.025755
4058	4234	0.133366
4058	4235	0.844653
4058	4315	0.086957
4058	4316	0.266733
4059	4058	3.867622
4059	4060	3.022969
4059	4213	0.047673
4059	4214	0.762770
4059	4215	0.953463
4059	4235	0.136364
4059	4236	0.489010
4059	4237	0.044455
4060	4059	3.022969
4060	4061	3.826087
4060	4213	0.699379
4060	4214	0.652753
4060	4236	0.478261
4060	4237	0.521739
4061	4060	3.826087
4061	4062	3.823270
4061	4211	0.043478
4061	4212	0.746004
4061	4213	0.932505
4062	4061	3.823270
4062	4063	3.300000
4062	4211	0.792629
4062	4212	0.150000
4063	4062	3.300000
4063	4064	2.150000
4063	4210	0.885880
4063	4211	1.119006
4064	4063	2.150000
4064	4065	4.103021
4064	4204	0.905789
4064	4206	0.143019
4064	4210	1.958260
4065	4064	4.103021
4065	4066	1.778217
4065	4067	0.130435
4065	4203	2.978513
4065	4204	0.978019
4065	4206	0.711287
4066	4065	1.778217
4066	4067	4.089899
4066	4203	0.727273
4066	4206	3.136364
4067	4065	0.130435
4067	4066	4.089899
4067	4068	3.652174
4067	4202	0.792629
4067	4203	0.755742
4068	4067	3.652174
4068	4069	4.260870
4068	4200	0.046625
4068	4201	0.932505
4068	4202	1.865010
4069	4068	4.260870
4069	4070	3.913043
4069	4200	0.885880
4069	4201	1.305507
4070	4069	3.913043
4070	4071	4.173913
4070	4199	0.792629
4070	4200	1.678509
4071	4070	4.173913
4071	4072	3.956522
4071	4160	0.043478
4071	4198	0.086957
4071	4199	0.233126
4072	3970	1.043478
4072	3971	0.521739
4072	4071	3.956522
4072	4073	1.165631
4072	4160	0.652174
4072	4161	0.177822
4072	4193	0.044455
4072	4194	0.086957
4072	4195	0.186501
4073	3949	0.050000
4073	3970	0.279751
4073	3971	0.606128
4073	3991	0.047673
4073	4072	1.165631
4073	4074	3.050000
4073	4101	0.792629
4073	4102	0.905789
4073	4160	1.538633
4073	4161	0.238366
4073	4193	0.238366
4074	3949	1.200000
4074	3970	0.139876
4074	3991	1.477867
4074	4073	3.050000
4074	4075	2.150000
4074	4100	0.885880
4074	4101	0.885880
4074	4193	0.143019
4075	3949	0.200000
4075	3991	1.287174
4075	4074	2.150000
4075	4076	3.800000
4075	4099	0.885880
4075	4100	1.678509
4076	4075	3.800000
4076	4077	3.900000
4076	4098	0.667424
4076	4099	1.165631
4077	4076	3.900000
4077	4078	3.000000
4077	4097	0.810443
4077	4098	0.905789
4078	4077	3.000000
4078	4079	2.050000
4078	4096	0.746004
4078	4097	1.525540
4079	4078	2.050000
4079	4080	3.600000
4079	4095	0.979130
4079	4096	1.445382
4080	4079	3.600000
4080	4081	3.575485
4080	4082	0.139876
4080	4094	0.350000
4080	4095	1.025755
4081	4080	3.575485
4081	4082	1.022475
4081	4083	3.194100
4081	4092	0.727273
4081	4093	0.047673
4081	4094	0.047673
4082	4080	0.139876
4082	4081	1.022475
4082	4083	1.445382
4082	4090	0.043478
4082	4091	1.304348
4083	4081	3.194100
4083	4082	1.445382
4083	4084	1.859252
4083	4091	0.559503
4083	4092	0.905789
4084	3959	0.400099
4084	4083	1.859252
4084	4085	3.718504
4084	4086	0.044455
4084	4091	0.755742
4084	4092	3.136364
4085	3958	0.762770
4085	3959	0.186501
4085	4084	3.718504
4085	4086	2.331262
4085	4090	0.746004
4085	4091	0.419627
4086	3958	0.311188
4086	4084	0.044455
4086	4085	2.331262
4086	4087	1.111386
4086	4088	0.826087
4086	4089	0.044455
4086	4090	0.478261
4087	3958	0.090909
4087	4086	1.111386
4087	4088	2.533959
4088	3958	0.044455
4088	4086	0.826087
4088	4087	2.533959
4088	4089	2.533959
4089	3958	0.136364
4089	3959	0.266733
4089	4086	0.044455
4089	4088	2.533959
4089	4090	2.400593
4090	3958	0.133366
4090	3959	0.869565
4090	4082	0.043478
4090	4085	0.746004
4090	4086	0.478261
4090	4089	2.400593
4090	4091	4.826087
4091	3959	0.173913
4091	3960	0.933564
4091	4082	1.304348
4091	4083	0.559503
4091	4084	0.755742
4091	4085	0.419627
4091	4090	4.826087
4091	4092	1.289207
4092	3959	0.177822
4092	3960	0.454545
4092	4081	0.727273
4092	4083	0.905789
4092	4084	3.136364
4092	4091	1.289207
4092	4093	1.620886
4093	4081	0.047673
4093	4092	1.620886
4093	4094	2.750000
4093	4095	0.046625
4094	4080	0.350000
4094	4081	0.047673
4094	4093	2.750000
4094	4095	3.543518
4095	4079	0.979130
4095	4080	1.025755
4095	4093	0.046625
4095	4094	3.543518
4095	4096	3.652174
4096	4078	0.746004
4096	4079	1.445382
4096	4095	3.652174
4096	4097	3.467523
4097	4077	0.810443
4097	4078	1.525540
4097	4096	3.467523
4097	4098	3.681818
4098	4076	0.667424
4098	4077	0.905789
4098	4097	3.681818
4098	4099	3.645345
4099	4075	0.885880
4099	4076	1.165631
4099	4098	3.645345
4099	4100	3.260870
4100	4074	0.885880
4100	4075	1.678509
4100	4099	3.260870
4100	4101	3.695652
4101	3991	0.044455
4101	4073	0.792629
4101	4074	0.885880
4101	4100	3.695652
4101	4102	4.178810
4102	4073	0.905789
4102	4101	4.178810
4102	4103	4.242909
4102	4159	0.133366
4102	4160	0.577920
4103	4102	4.242909
4103	4104	2.471138
4103	4159	0.746004
4103	4160	0.326377
4104	4103	2.471138
4104	4105	3.496893
4104	4157	0.043478
4104	4158	0.746004
4104	4159	2.652174
4105	4104	3.496893
4105	4106	3.194100
4105	4157	0.932505
4106	4105	3.194100
4106	4107	4.052216
4106	4155	0.044455
4106	4156	0.667424
4106	4157	1.867128
4107	4106	4.052216
4107	4108	3.050000
4107	4109	0.050000
4107	4153	0.047673
4107	4155	0.885880
4107	4156	0.150000
4108	4107	3.050000
4108	4109	1.350000
4108	4110	0.100000
4108	4111	0.100000
4108	4151	0.050000
4108	4152	1.000000
4108	4153	0.524404
4108	4155	1.072381
4109	4107	0.050000
4109	4108	1.350000
4109	4110	4.150000
4109	4149	0.143019
4109	4150	0.046625
4109	4155	0.139876
4109	4156	0.750000
4110	4108	0.100000
4110	4109	4.150000
4110	4111	2.750000
4110	4153	0.047673
4110	4155	0.792629
4110	4156	0.350000
4111	4108	0.100000
4111	4110	2.750000
4111	4112	3.357017
4111	4153	0.667424
4111	4155	0.885880
4112	3155	0.489010
4112	4111	3.357017
4112	4113	3.043478
4112	4152	0.932505
4112	4153	2.044949
4112	4154	0.512878
4113	3153	0.046625
4113	3154	0.699379
4113	3155	0.400099
4113	3464	0.130435
4113	3465	0.373002
4113	4112	3.043478
4113	4114	4.849025
4113	4150	0.347826
4113	4151	0.792629
4113	4152	1.305507
4113	4154	0.093250
4114	3152	0.233126
4114	3153	0.750000
4114	3154	0.350000
4114	3464	0.186501
4114	3465	1.250000
4114	3466	0.233126
4114	4113	4.849025
4114	4115	3.650000
4114	4148	0.050000
4114	4150	0.606128
4115	3152	0.186501
4115	3466	0.373002
4115	4114	3.650000
4115	4116	1.000000
4115	4141	0.238366
4115	4147	1.631883
4115	4148	0.600000
4115	4149	0.286039
4115	4150	0.186501
4115	4298	0.047673
4116	3152	0.139876
4116	3466	0.512878
4116	3467	1.573213
4116	4115	1.000000
4116	4117	2.550000
4116	4118	0.350000
4116	4141	3.813850
4116	4147	0.466252
4116	4297	0.186501
4116	4298	0.047673
4117	4116	2.550000
4117	4118	1.200000
4117	4119	0.050000
4117	4141	0.619751
4117	4142	0.093250
4117	4297	0.093250
4118	4116	0.350000
4118	4117	1.200000
4118	4119	2.900000
4118	4146	0.839254
4118	4147	1.025755
4118	4271	0.186501
4118	4296	0.650000
4118	4297	2.890765
4119	4117	0.050000
4119	4118	2.900000
4119	4120	2.717368
4119	4145	0.792629
4119	4146	1.585258
4119	4271	0.466252
4119	4272	0.900000
4119	4294	0.279751
4119	4295	0.500000
4119	4296	0.350000
4120	3229	0.047673
4120	4119	2.717368
4120	4121	3.823166
4120	4144	0.667424
4120	4145	2.222771
4120	4272	0.095346
4120	4273	0.133366
4120	4274	0.047673
4120	4294	0.044455
4121	3228	0.043478
4121	3229	0.046625
4121	3230	0.622376
4121	4120	3.823166
4121	4122	4.056396
4121	4142	0.043478
4121	4143	0.792629
4121	4144	1.352132
4122	3230	0.286039
4122	3233	1.305507
4122	4121	4.056396
4122	4123	2.400000
4122	4142	0.885880
4122	4143	0.250000
4123	3233	1.258881
4123	3234	1.334848
4123	4122	2.400000
4123	4124	3.263767
4123	4138	0.667424
4123	4142	0.746004
4124	3120	0.478261
4124	3128	0.266733
4124	3129	0.279751
4124	3234	0.400099
4124	4123	3.263767
4124	4125	4.336147
4124	4136	0.086957
4124	4137	0.792629
4124	4138	1.511484
4125	3118	0.093250
4125	3119	0.800000
4125	3120	0.373002
4125	3128	0.047673
4125	3129	0.950000
4125	3130	0.050000
4125	4124	4.336147
4125	4126	3.200000
4125	4136	0.606128
4125	4137	0.200000
4126	3118	0.186501
4126	3119	0.250000
4126	3129	0.200000
4126	3130	1.150000
4126	4125	3.200000
4126	4127	2.850000
4126	4135	0.746004
4126	4136	1.165631
4127	4126	2.850000
4127	4128	2.050000
4127	4134	0.746004
4127	4135	1.305507
4128	4127	2.050000
4128	4129	2.100000
4128	4130	0.250000
4128	4133	0.792629
4128	4134	1.165631
4129	2953	1.763906
4129	2954	0.500000
4129	2962	0.050000
4129	4128	2.100000
4129	4130	2.000000
4129	4131	0.150000
4129	4132	0.238366
4130	2953	0.190693
4130	2956	0.792629
4130	2957	1.048809
4130	2962	0.650000
4130	2963	0.100000
4130	4128	0.250000
4130	4129	2.000000
4130	4131	3.200000
4131	2955	0.699379
4131	2956	1.865010
4131	4129	0.150000
4131	4130	3.200000
4131	4132	4.147562
4131	4133	0.046625
4132	2954	0.143019
4132	2955	0.755742
4132	4129	0.238366
4132	4131	4.147562
4132	4133	4.712275
4132	4276	0.045455
4132	4277	0.266733
4133	4128	0.792629
4133	4131	0.046625
4133	4132	4.712275
4133	4134	3.739130
4133	4276	0.311188
4133	4277	0.260870
4134	4127	0.746004
4134	4128	1.165631
4134	4133	3.739130
4134	4135	3.391304
4135	4126	0.746004
4135	4127	1.305507
4135	4134	3.391304
4135	4136	3.347826
4136	2795	0.478261
4136	2796	0.046625
4136	3129	0.326377
4136	3130	0.233126
4136	4124	0.086957
4136	4125	0.606128
4136	4126	1.165631
4136	4135	3.347826
4136	4137	4.242897
4137	2774	0.047673
4137	2795	0.139876
4137	2796	0.550000
4137	3128	0.095346
4137	3129	0.900000
4137	4124	0.792629
4137	4125	0.200000
4137	4136	4.242897
4137	4138	3.194100
4137	4140	0.095346
4138	2796	0.095346
4138	3128	0.772727
4138	3129	0.476731
4138	3234	0.363636
4138	3235	0.227273
4138	4123	0.667424
4138	4124	1.511484
4138	4137	3.194100
4138	4139	1.668560
4138	4140	0.500000
4138	4142	2.889602
4139	3151	0.200000
4139	3152	0.326377
4139	3235	0.238366
4139	4138	1.668560
4139	4140	2.288310
4139	4141	0.667424
4139	4142	0.652753
4139	4143	0.250000
4140	2772	0.190693
4140	3150	0.429058
4140	3151	0.476731
4140	3467	0.090909
4140	3468	0.355643
4140	4137	0.095346
4140	4138	0.500000
4140	4139	2.288310
4140	4141	1.000000
4140	4142	0.044455
4141	3152	0.088911
4141	3467	0.090909
4141	4115	0.238366
4141	4116	3.813850
4141	4117	0.619751
4141	4139	0.667424
4141	4140	1.000000
4141	4142	1.155841
4141	4143	0.286039
4142	3234	0.755742
4142	3235	0.133366
4142	4117	0.093250
4142	4121	0.043478
4142	4122	0.885880
4142	4123	0.746004
4142	4138	2.889602
4142	4139	0.652753
4142	4140	0.044455
4142	4141	1.155841
4142	4143	4.103021
4143	3230	0.047673
4143	3234	0.715097
4143	3235	0.190693
4143	4121	0.792629
4143	4122	0.250000
4143	4139	0.250000
4143	4141	0.286039
4143	4142	4.103021
4143	4144	3.550000
4144	3229	0.800000
4144	3230	0.667424
4144	4120	0.667424
4144	4121	1.352132
4144	4143	3.550000
4144	4145	2.144761
4145	3229	1.212256
4145	4119	0.792629
4145	4120	2.222771
4145	4144	2.144761
4145	4146	3.521739
4145	4272	0.046625
4145	4273	0.173913
4146	4118	0.839254
4146	4119	1.585258
4146	4145	3.521739
4146	4147	4.695652
4146	4271	0.217391
4146	4272	0.792629
4147	4115	1.631883
4147	4116	0.466252
4147	4118	1.025755
4147	4146	4.695652
4147	4148	1.352132
4147	4271	0.782609
4147	4272	0.419627
4147	4297	0.217391
4148	4114	0.050000
4148	4115	0.600000
4148	4147	1.352132
4148	4149	3.051080
4148	4269	0.046625
4148	4270	0.419627
4148	4271	0.046625
4148	4297	1.165631
4148	4298	0.667424
4149	4109	0.143019
4149	4115	0.286039
4149	4148	3.051080
4149	4150	4.401087
4149	4298	0.954545
4149	4299	0.429058
4150	3465	0.279751
4150	3466	0.130435
4150	4109	0.046625
4150	4113	0.347826
4150	4114	0.606128
4150	4115	0.186501
4150	4149	4.401087
4150	4151	4.755775
4150	4245	0.222277
4151	3464	0.093250
4151	3465	0.850000
4151	4108	0.050000
4151	4113	0.792629
4151	4150	4.755775
4151	4152	2.600000
4151	4245	0.143019
4152	3464	0.746004
4152	3465	0.400000
4152	4108	1.000000
4152	4112	0.932505
4152	4113	1.305507
4152	4151	2.600000
4152	4153	1.573213
4153	3464	0.044455
4153	4107	0.047673
4153	4108	0.524404
4153	4110	0.047673
4153	4111	0.667424
4153	4112	2.044949
4153	4152	1.573213
4153	4154	2.860388
4153	4155	3.334157
4154	3155	3.098753
4154	3462	0.150000
4154	4112	0.512878
4154	4113	0.093250
4154	4153	2.860388
4154	4155	1.352132
4155	4106	0.044455
4155	4107	0.885880
4155	4108	1.072381
4155	4109	0.139876
4155	4110	0.792629
4155	4111	0.885880
4155	4153	3.334157
4155	4154	1.352132
4155	4156	3.590144
4156	4106	0.667424
4156	4107	0.150000
4156	4109	0.750000
4156	4110	0.350000
4156	4155	3.590144
4156	4157	2.704264
4157	4104	0.043478
4157	4105	0.932505
4157	4106	1.867128
4157	4156	2.704264
4157	4158	4.522648
4158	4104	0.746004
4158	4157	4.522648
4158	4159	2.517763
4159	4102	0.133366
4159	4103	0.746004
4159	4104	2.652174
4159	4158	2.517763
4159	4160	3.434783
4160	4071	0.043478
4160	4072	0.652174
4160	4073	1.538633
4160	4102	0.577920
4160	4103	0.326377
4160	4159	3.434783
4160	4161	2.000494
4161	4072	0.177822
4161	4073	0.238366
4161	4160	2.000494
4161	4162	4.090909
4161	4198	0.355643
4161	4199	0.047673
4162	4161	4.090909
4162	4163	3.778711
4162	4198	0.711287
4163	4162	3.778711
4163	4164	3.043478
4163	4197	0.559503
4163	4198	0.826087
4164	4163	3.043478
4164	4165	4.347826
4164	4196	0.792629
4164	4197	1.631883
4165	4164	4.347826
4165	4166	3.778711
4165	4195	0.792629
4165	4196	1.492008
4166	4165	3.778711
4166	4167	3.337119
4166	4194	0.711287
4166	4195	1.048809
4167	4166	3.337119
4167	4168	1.906925
4167	4191	1.305507
4167	4192	0.810443
4167	4194	0.652753
4168	3950	0.088911
4168	3951	0.177822
4168	3967	0.953463
4168	4167	1.906925
4168	4169	4.545455
4168	4170	0.047673
4168	4191	0.889108
4168	4192	3.318182
4169	3951	0.889108
4169	3952	0.400099
4169	3966	0.381385
4169	3967	0.476731
4169	4168	4.545455
4169	4170	3.623158
4169	4191	0.933564
4170	3952	0.512878
4170	3953	0.512878
4170	4168	0.047673
4170	4169	3.623158
4170	4171	2.550000
4170	4190	0.606128
4170	4191	0.839254
4171	3953	0.279751
4171	4170	2.550000
4171	4172	1.958260
4171	4183	0.700000
4171	4189	0.792629
4171	4190	1.305507
4172	4171	1.958260
4172	4173	3.403643
4172	4183	1.492008
4172	4188	0.792629
4172	4189	3.173913
4173	4172	3.403643
4173	4174	3.500000
4173	4183	0.500000
4173	4187	0.932505
4173	4188	0.750000
4174	4173	3.500000
4174	4175	3.450268
4174	4183	0.250000
4174	4184	0.700000
4174	4186	0.238366
4174	4187	1.352132
4175	4174	3.450268
4175	4176	2.000494
4175	4182	2.424513
4175	4183	0.512878
4175	4184	1.352132
4175	4185	0.577920
4175	4186	0.088911
4176	4175	2.000494
4176	4177	5.409091
4176	4182	0.762770
4176	4184	0.047673
4176	4185	3.000000
4177	4176	5.409091
4177	4178	4.045455
4177	4179	0.222277
4177	4181	0.545455
4177	4182	0.143019
4178	2584	0.953463
4178	4177	4.045455
4178	4179	1.022475
4178	4180	0.333712
4178	4181	0.318182
4179	2600	0.512878
4179	2601	3.378612
4179	4177	0.222277
4179	4178	1.022475
4179	4180	1.352132
4180	2601	0.524404
4180	2602	0.186501
4180	4178	0.333712
4180	4179	1.352132
4180	4181	2.526676
4181	4177	0.545455
4181	4178	0.318182
4181	4180	2.526676
4181	4182	3.194100
4182	4175	2.424513
4182	4176	0.762770
4182	4177	0.143019
4182	4181	3.194100
4182	4183	1.600000
4182	4184	0.700000
4183	4171	0.700000
4183	4172	1.492008
4183	4173	0.500000
4183	4174	0.250000
4183	4175	0.512878
4183	4182	1.600000
4183	4184	1.550000
4184	4174	0.700000
4184	4175	1.352132
4184	4176	0.047673
4184	4182	0.700000
4184	4183	1.550000
4184	4185	3.003407
4184	4186	0.905789
4184	4187	1.305507
4185	4175	0.577920
4185	4176	3.000000
4185	4184	3.003407
4185	4186	1.863636
4186	4174	0.238366
4186	4175	0.088911
4186	4184	0.905789
4186	4185	1.863636
4186	4187	3.689800
4187	4173	0.932505
4187	4174	1.352132
4187	4184	1.305507
4187	4186	3.689800
4187	4188	4.103021
4188	4172	0.792629
4188	4173	0.750000
4188	4187	4.103021
4188	4189	1.585258
4189	4171	0.792629
4189	4172	3.173913
4189	4188	1.585258
4189	4190	3.956522
4190	4170	0.606128
4190	4171	1.305507
4190	4189	3.956522
4190	4191	3.434783
4191	3951	0.043478
4191	4167	1.305507
4191	4168	0.889108
4191	4169	0.933564
4191	4170	0.839254
4191	4190	3.434783
4191	4192	1.022475
4192	3950	0.844653
4192	3951	0.222277
4192	3968	0.318182
4192	4167	0.810443
4192	4168	3.318182
4192	4191	1.022475
4192	4193	1.090909
4192	4194	3.467523
4193	3949	0.858116
4193	3950	2.889602
4193	3968	0.590909
4193	3970	2.133860
4193	4072	0.044455
4193	4073	0.238366
4193	4074	0.143019
4193	4192	1.090909
4193	4194	1.644851
4194	3968	0.177822
4194	3969	0.044455
4194	3970	0.521739
4194	4072	0.086957
4194	4166	0.711287
4194	4167	0.652753
4194	4192	3.467523
4194	4193	1.644851
4194	4195	3.730019
4195	3970	0.326377
4195	4072	0.186501
4195	4165	0.792629
4195	4166	1.048809
4195	4194	3.730019
4195	4196	3.300000
4196	4164	0.792629
4196	4165	1.492008
4196	4195	3.300000
4196	4197	3.050000
4197	4163	0.559503
4197	4164	1.631883
4197	4196	3.050000
4197	4198	3.776644
4198	4071	0.086957
4198	4161	0.355643
4198	4162	0.711287
4198	4163	0.826087
4198	4197	3.776644
4198	4199	1.911635
4199	4070	0.792629
4199	4071	0.233126
4199	4161	0.047673
4199	4198	1.911635
4199	4200	3.300000
4200	4068	0.046625
4200	4069	0.885880
4200	4070	1.678509
4200	4199	3.300000
4200	4201	3.900000
4201	4068	0.932505
4201	4069	1.305507
4201	4200	3.900000
4201	4202	2.300000
4202	4067	0.792629
4202	4068	1.865010
4202	4201	2.300000
4202	4203	4.099889
4203	4065	2.978513
4203	4066	0.727273
4203	4067	0.755742
4203	4202	4.099889
4203	4204	0.954545
4204	4064	0.905789
4204	4065	0.978019
4204	4203	0.954545
4204	4205	1.022475
4204	4206	3.909091
4204	4209	0.363636
4204	4210	2.667325
4205	2090	0.233126
4205	3509	2.657639
4205	4052	0.434783
4205	4053	0.885880
4205	4054	2.130435
4205	4055	0.046625
4205	4204	1.022475
4205	4206	1.244752
4205	4207	0.699379
4205	4209	0.400099
4206	4064	0.143019
4206	4065	0.711287
4206	4066	3.136364
4206	4204	3.909091
4206	4205	1.244752
4206	4207	0.905789
4206	4208	0.222277
4206	4209	0.227273
4207	2090	1.550000
4207	3509	0.150000
4207	4054	0.046625
4207	4205	0.699379
4207	4206	0.905789
4207	4208	1.958260
4207	4209	3.384792
4208	4206	0.222277
4208	4207	1.958260
4208	4209	1.022475
4209	4054	0.889108
4209	4055	2.479003
4209	4204	0.363636
4209	4205	0.400099
4209	4206	0.227273
4209	4207	3.384792
4209	4208	1.022475
4209	4210	1.422574
4210	4055	0.139876
4210	4056	0.044455
4210	4063	0.885880
4210	4064	1.958260
4210	4204	2.667325
4210	4209	1.422574
4210	4211	3.695652
4211	4061	0.043478
4211	4062	0.792629
4211	4063	1.119006
4211	4210	3.695652
4211	4212	4.569274
4212	4061	0.746004
4212	4062	0.150000
4212	4211	4.569274
4212	4213	3.250000
4213	4059	0.047673
4213	4060	0.699379
4213	4061	0.932505
4213	4212	3.250000
4213	4214	3.600000
4214	4059	0.762770
4214	4060	0.652753
4214	4213	3.600000
4214	4215	2.550000
4215	4057	0.046625
4215	4058	0.792629
4215	4059	0.953463
4215	4214	2.550000
4215	4216	3.100000
4215	4235	0.286039
4216	4057	0.932505
4216	4058	1.025755
4216	4215	3.100000
4216	4217	3.350000
4216	4234	1.239501
4216	4235	1.001136
4217	4057	0.233126
4217	4216	3.350000
4217	4218	0.858116
4217	4234	0.143019
4217	4316	0.238366
4217	4318	0.512878
4218	4217	0.858116
4218	4219	1.334848
4218	4317	0.666831
4218	4318	0.222277
4219	4218	1.334848
4219	4220	1.911635
4219	4221	0.186501
4219	4317	1.025755
4219	4318	0.279751
4220	4219	1.911635
4220	4221	3.478261
4220	4230	0.699379
4220	4231	2.043478
4220	4317	0.782609
4221	4219	0.186501
4221	4220	3.478261
4221	4222	3.077266
4221	4229	0.932505
4221	4230	1.305507
4222	4221	3.077266
4222	4223	0.979130
4222	4227	0.143019
4222	4229	1.050000
4223	4222	0.979130
4223	4224	1.585258
4223	4225	0.606128
4223	4227	0.444554
4223	4228	0.478261
4224	4223	1.585258
4224	4225	1.200000
4225	4223	0.606128
4225	4224	1.200000
4225	4226	1.525540
4225	4227	0.333712
4226	4225	1.525540
4226	4227	1.590909
4226	4228	0.044455
4226	4319	0.476731
4227	4222	0.143019
4227	4223	0.444554
4227	4225	0.333712
4227	4226	1.590909
4227	4228	1.911583
4227	4229	1.048809
4228	4223	0.478261
4228	4226	0.044455
4228	4227	1.911583
4228	4229	1.445382
4228	4230	0.046625
4229	4221	0.932505
4229	4222	1.050000
4229	4227	1.048809
4229	4228	1.445382
4229	4230	2.600000
4230	4220	0.699379
4230	4221	1.305507
4230	4228	0.046625
4230	4229	2.600000
4230	4231	3.123891
4231	4220	2.043478
4231	4230	3.123891
4231	4232	2.695652
4231	4317	0.521739
4232	4231	2.695652
4232	4233	3.030641
4232	4316	0.533465
4232	4317	1.173913
4233	4232	3.030641
4233	4234	3.623158
4233	4315	0.746004
4233	4316	1.668560
4234	4057	0.177822
4234	4058	0.133366
4234	4216	1.239501
4234	4217	0.143019
4234	4233	3.623158
4234	4235	3.454545
4234	4315	0.666831
4234	4316	1.727273
4235	4058	0.844653
4235	4059	0.136364
4235	4215	0.286039
4235	4216	1.001136
4235	4234	3.454545
4235	4236	3.156335
4235	4315	0.755742
4236	4059	0.489010
4236	4060	0.478261
4236	4235	3.156335
4236	4237	3.260870
4236	4314	0.792629
4236	4315	1.391304
4237	4059	0.044455
4237	4060	0.521739
4237	4236	3.260870
4237	4238	4.000988
4237	4313	0.932505
4237	4314	1.818384
4238	4237	4.000988
4238	4239	3.909197
4238	4311	0.044455
4238	4312	0.667424
4238	4313	0.953463
4239	4238	3.909197
4239	4240	3.100000
4239	4311	0.792629
4239	4312	0.450000
4240	4239	3.100000
4240	4241	3.500000
4240	4256	0.792629
4241	4240	3.500000
4241	4242	2.098136
4241	4255	0.792629
4241	4256	1.445382
4241	4308	0.667424
4242	4241	2.098136
4242	4243	4.130435
4242	4254	0.792629
4242	4255	2.826087
4242	4261	0.746004
4242	4262	0.391304
4242	4307	0.088911
4242	4308	0.577920
4243	4242	4.130435
4243	4244	3.608696
4243	4252	0.046625
4243	4253	0.932505
4243	4254	1.492008
4243	4261	0.326377
4243	4262	1.347826
4244	4243	3.608696
4244	4245	1.066930
4244	4246	3.823166
4244	4251	0.133366
4244	4252	0.839254
4244	4253	1.398757
4244	4262	0.043478
4245	4150	0.222277
4245	4151	0.143019
4245	4244	1.066930
4245	4246	1.318182
4245	4247	0.044455
4245	4300	0.095346
4246	4244	3.823166
4246	4245	1.318182
4246	4247	4.134354
4246	4251	0.818182
4246	4252	0.143019
4247	3143	0.088911
4247	3144	0.652174
4247	4245	0.044455
4247	4246	4.134354
4247	4248	1.200296
4247	4249	0.839254
4247	4250	0.373002
4247	4251	0.400099
4248	3143	0.045455
4248	3145	1.227273
4248	3472	0.715097
4248	3473	0.095346
4248	3513	0.524404
4248	3514	1.644851
4248	4247	1.200296
4248	4249	4.290582
4249	3143	0.047673
4249	3472	0.050000
4249	3473	0.800000
4249	3513	0.050000
4249	4049	0.250000
4249	4247	0.839254
4249	4248	4.290582
4249	4250	4.600000
4250	4049	0.400000
4250	4050	0.699379
4250	4247	0.373002
4250	4249	4.600000
4250	4251	3.432465
4251	4049	0.047673
4251	4050	1.022475
4251	4051	0.177822
4251	4244	0.133366
4251	4246	0.818182
4251	4247	0.400099
4251	4250	3.432465
4251	4252	4.481274
4252	4243	0.046625
4252	4244	0.839254
4252	4246	0.143019
4252	4251	4.481274
4252	4253	3.300000
4253	4243	0.932505
4253	4244	1.398757
4253	4252	3.300000
4253	4254	2.900000
4254	4242	0.792629
4254	4243	1.492008
4254	4253	2.900000
4254	4255	3.123891
4255	4241	0.792629
4255	4242	2.826087
4255	4254	3.123891
4255	4256	3.739130
4255	4259	0.086957
4255	4261	0.326377
4255	4308	0.889108
4256	4240	0.792629
4256	4241	1.445382
4256	4255	3.739130
4256	4257	1.492008
4256	4259	0.608696
4256	4308	2.445048
4256	4309	0.839254
4257	4256	1.492008
4257	4258	1.352132
4257	4259	2.984015
4257	4308	0.715097
4257	4309	0.250000
4258	4257	1.352132
4258	4259	0.913043
4259	4255	0.086957
4259	4256	0.608696
4259	4257	2.984015
4259	4258	0.913043
4259	4260	1.200296
4259	4261	0.139876
4259	4304	2.331262
4259	4307	0.355643
4259	4308	0.800198
4260	4259	1.200296
4260	4261	1.287174
4260	4262	0.088911
4260	4263	0.088911
4260	4303	1.716233
4260	4304	2.908061
4260	4305	0.238366
4260	4306	0.095346
4260	4307	0.045455
4261	4242	0.746004
4261	4243	0.326377
4261	4255	0.326377
4261	4259	0.139876
4261	4260	1.287174
4261	4262	3.170516
4261	4304	0.200000
4261	4307	0.715097
4261	4308	1.954598
4262	4242	0.391304
4262	4243	1.347826
4262	4244	0.043478
4262	4260	0.088911
4262	4261	3.170516
4262	4263	3.956522
4262	4306	0.792629
4262	4307	1.733761
4263	4260	0.088911
4263	4262	3.956522
4263	4264	4.434783
4263	4305	0.746004
4263	4306	1.631883
4264	4263	4.434783
4264	4265	5.268652
4264	4302	0.260870
4264	4303	0.606128
4264	4305	1.258881
4265	4264	5.268652
4265	4266	3.000000
4265	4302	0.792629
4265	4303	0.150000
4266	4265	3.000000
4266	4267	2.611013
4266	4301	0.885880
4266	4302	1.725134
4267	4266	2.611013
4267	4268	4.130435
4267	4300	0.885880
4267	4301	3.086957
4268	4267	4.130435
4268	4269	4.347826
4268	4299	0.746004
4268	4300	1.538633
4269	4148	0.046625
4269	4268	4.347826
4269	4270	4.695652
4269	4299	0.839254
4270	4148	0.419627
4270	4269	4.695652
4270	4271	2.869565
4270	4296	0.373002
4271	4118	0.186501
4271	4119	0.466252
4271	4146	0.217391
4271	4147	0.782609
4271	4148	0.046625
4271	4270	2.869565
4271	4272	4.942275
4271	4294	0.304348
4271	4295	0.792629
4271	4296	0.746004
4272	4119	0.900000
4272	4120	0.095346
4272	4145	0.046625
4272	4146	0.792629
4272	4147	0.419627
4272	4271	4.942275
4272	4273	2.937390
4272	4293	0.143019
4272	4294	0.606128
4273	4120	0.133366
4273	4145	0.173913
4273	4272	2.937390
4273	4274	0.932505
4273	4292	3.043478
4273	4293	0.311188
4274	4120	0.047673
4274	4273	0.932505
4274	4275	0.953463
4274	4291	0.900000
4274	4292	2.937390
4274	4293	1.573213
4275	4274	0.953463
4275	4276	5.090909
4275	4290	0.095346
4275	4291	0.524404
4275	4293	1.181818
4275	4294	1.956039
4276	4132	0.045455
4276	4133	0.311188
4276	4275	5.090909
4276	4277	4.667819
4276	4291	0.286039
4277	2955	0.260870
4277	4132	0.266733
4277	4133	0.260870
4277	4276	4.667819
4277	4278	4.755775
4277	4289	0.217391
4277	4290	0.699379
4277	4291	0.139876
4278	2955	0.326377
4278	2956	0.046625
4278	4277	4.755775
4278	4279	2.144761
4278	4289	0.792629
4278	4290	0.050000
4279	4278	2.144761
4279	4280	4.429398
4279	4287	0.043478
4279	4288	0.885880
4279	4289	2.521739
4280	4279	4.429398
4280	4281	3.100000
4280	4287	0.792629
4280	4288	0.450000
4281	4280	3.100000
4281	4282	2.984015
4281	4286	0.885880
4281	4287	1.678509
4282	4281	2.984015
4282	4283	1.398757
4282	4284	1.956522
4282	4285	0.266733
4282	4286	2.086957
4283	3201	0.500000
4283	4282	1.398757
4283	4284	3.030641
4284	3200	0.839254
4284	3201	0.326377
4284	3225	0.043478
4284	4282	1.956522
4284	4283	3.030641
4284	4285	4.267721
4284	4286	0.043478
4285	3199	0.333712
4285	3200	1.048809
4285	3225	0.755742
4285	3226	1.048809
4285	4282	0.266733
4285	4284	4.267721
4285	4286	1.911583
4286	3226	0.512878
4286	3227	0.326377
4286	4281	0.885880
4286	4282	2.086957
4286	4284	0.043478
4286	4285	1.911583
4286	4287	4.391304
4287	3227	0.466252
4287	3228	0.086957
4287	4279	0.043478
4287	4280	0.792629
4287	4281	1.678509
4287	4286	4.391304
4287	4288	4.056396
4288	1426	0.512878
4288	4279	0.885880
4288	4280	0.450000
4288	4287	4.056396
4288	4289	2.098136
4289	1426	0.260870
4289	1645	0.903562
4289	4277	0.217391
4289	4278	0.792629
4289	4279	2.521739
4289	4288	2.098136
4289	4290	4.709149
4290	1645	0.521749
4290	4275	0.095346
4290	4277	0.699379
4290	4278	0.050000
4290	4289	4.709149
4290	4291	3.800000
4290	4292	0.139876
4291	1645	0.149071
4291	4274	0.900000
4291	4275	0.524404
4291	4276	0.286039
4291	4277	0.139876
4291	4290	3.800000
4291	4292	1.352132
4291	4293	1.763906
4292	1645	0.347524
4292	4273	3.043478
4292	4274	2.937390
4292	4290	0.139876
4292	4291	1.352132
4292	4293	1.155841
4293	4272	0.143019
4293	4273	0.311188
4293	4274	1.573213
4293	4275	1.181818
4293	4291	1.763906
4293	4292	1.155841
4293	4294	4.712275
4294	4119	0.279751
4294	4120	0.044455
4294	4271	0.304348
4294	4272	0.606128
4294	4275	1.956039
4294	4293	4.712275
4294	4295	4.988901
4295	4119	0.500000
4295	4271	0.792629
4295	4294	4.988901
4295	4296	4.500000
4296	4118	0.650000
4296	4119	0.350000
4296	4270	0.373002
4296	4271	0.746004
4296	4295	4.500000
4296	4297	1.258881
4297	4116	0.186501
4297	4117	0.093250
4297	4118	2.890765
4297	4147	0.217391
4297	4148	1.165631
4297	4296	1.258881
4297	4298	3.289701
4298	4115	0.047673
4298	4116	0.047673
4298	4148	0.667424
4298	4149	0.954545
4298	4297	3.289701
4298	4299	1.859252
4299	4149	0.429058
4299	4268	0.746004
4299	4269	0.839254
4299	4298	1.859252
4299	4300	2.250000
4300	1628	0.269680
4300	1629	0.559017
4300	1630	1.300000
4300	1631	0.079057
4300	4245	0.095346
4300	4267	0.885880
4300	4268	1.538633
4300	4299	2.250000
4300	4301	3.030641
4301	1626	0.147442
4301	1627	1.105815
4301	1628	2.263301
4301	1629	0.521286
4301	4266	0.885880
4301	4267	3.086957
4301	4300	3.030641
4301	4302	3.956522
4302	1627	0.221163
4302	1628	0.628695
4302	4264	0.260870
4302	4265	0.792629
4302	4266	1.725134
4302	4301	3.956522
4302	4303	3.590144
4303	4260	1.716233
4303	4264	0.606128
4303	4265	0.150000
4303	4302	3.590144
4303	4304	1.050000
4303	4305	0.200000
4304	4259	2.331262
4304	4260	2.908061
4304	4261	0.200000
4304	4303	1.050000
4304	4305	1.450000
4304	4306	0.250000
4304	4307	0.381385
4304	4308	0.047673
4305	4260	0.238366
4305	4263	0.746004
4305	4264	1.258881
4305	4303	0.200000
4305	4304	1.450000
4305	4306	2.600000
4306	4260	0.095346
4306	4262	0.792629
4306	4263	1.631883
4306	4304	0.250000
4306	4305	2.600000
4306	4307	3.527812
4307	4242	0.088911
4307	4259	0.355643
4307	4260	0.045455
4307	4261	0.715097
4307	4262	1.733761
4307	4304	0.381385
4307	4306	3.527812
4307	4308	2.363636
4308	4241	0.667424
4308	4242	0.577920
4308	4255	0.889108
4308	4256	2.445048
4308	4257	0.715097
4308	4259	0.800198
4308	4261	1.954598
4308	4304	0.047673
4308	4307	2.363636
4308	4309	1.334848
4309	4256	0.839254
4309	4257	0.250000
4309	4308	1.334848
4309	4310	4.300000
4310	4309	4.300000
4310	4311	3.450268
4311	4238	0.044455
4311	4239	0.792629
4311	4310	3.450268
4311	4312	3.869895
4312	4238	0.667424
4312	4239	0.450000
4312	4311	3.869895
4312	4313	3.200000
4313	4237	0.932505
4313	4238	0.953463
4313	4312	3.200000
4313	4314	3.050000
4314	4236	0.792629
4314	4237	1.818384
4314	4313	3.050000
4314	4315	4.103021
4315	4058	0.086957
4315	4233	0.746004
4315	4234	0.666831
4315	4235	0.755742
4315	4236	1.391304
4315	4314	4.103021
4315	4316	1.066930
4316	4057	0.533465
4316	4058	0.266733
4316	4217	0.238366
4316	4232	0.533465
4316	4233	1.668560
4316	4234	1.727273
4316	4315	1.066930
4316	4317	4.089899
4316	4318	0.266733
4317	4218	0.666831
4317	4219	1.025755
4317	4220	0.782609
4317	4231	0.521739
4317	4232	1.173913
4317	4316	4.089899
4317	4318	1.869565
4318	4057	2.608696
4318	4217	0.512878
4318	4218	0.222277
4318	4219	0.279751
4318	4316	0.266733
4318	4317	1.869565
4318	4319	0.932505
4319	4056	0.476731
4319	4226	0.476731
4319	4318	0.932505
4319	4320	1.650000
4320	4319	1.650000
4320	4321	0.900000
4321	4320	0.900000
