# shape 4431 4431
# row_index	column_index	value
0	1	2.345208
0	2	0.106600
1	0	2.345208
1	2	2.375000
1	3	0.866025
1	5	0.250000
2	0	0.106600
2	1	2.375000
2	3	2.598076
2	4	2.055480
2	5	0.625000
3	1	0.866025
3	2	2.598076
3	4	2.921187
3	5	1.299038
3	6	0.544331
4	2	2.055480
4	3	2.921187
4	5	3.162278
4	6	1.192570
4	7	1.213560
4	8	0.282843
5	1	0.250000
5	2	0.625000
5	3	1.299038
5	4	3.162278
5	6	1.885618
5	7	0.959403
5	8	1.006231
5	9	1.279204
6	3	0.544331
6	4	1.192570
6	5	1.885618
6	7	1.909572
6	8	0.843274
6	9	2.010076
6	10	1.777778
7	4	1.213560
7	5	0.959403
7	6	1.909572
7	8	1.620886
7	9	0.454545
7	10	1.206045
7	11	0.861640
8	4	0.282843
8	5	1.006231
8	6	0.843274
8	7	1.620886
8	9	1.906925
8	10	0.948683
8	11	2.194691
8	12	1.229837
9	5	1.279204
9	6	2.010076
9	7	0.454545
9	8	1.906925
9	10	1.809068
9	11	0.492366
9	12	0.746203
9	13	0.603023
10	6	1.777778
10	7	1.206045
10	8	0.948683
10	9	1.809068
10	11	2.449490
10	12	1.060660
10	13	0.777778
10	14	0.502519
11	7	0.861640
11	8	2.194691
11	9	0.492366
11	10	2.449490
11	12	3.175426
11	13	0.272166
11	14	0.984732
11	15	0.615457
12	8	1.229837
12	9	0.746203
12	10	1.060660
12	11	3.175426
12	13	2.239171
12	14	0.959403
12	15	1.066004
12	16	0.875000
13	9	0.603023
13	10	0.777778
13	11	0.272166
13	12	2.239171
13	14	1.809068
13	15	0.402015
13	16	0.707107
13	17	0.904534
14	10	0.502519
14	11	0.984732
14	12	0.959403
14	13	1.809068
14	15	1.636364
14	16	0.959403
14	17	0.818182
14	18	1.172604
14	62	0.123091
15	11	0.615457
15	12	1.066004
15	13	0.402015
15	14	1.636364
15	16	2.558409
15	17	0.818182
15	18	1.492405
15	19	0.804030
15	1456	0.064282
16	12	0.875000
16	13	0.707107
16	14	0.959403
16	15	2.558409
16	17	1.812206
16	18	0.500000
16	19	0.942809
16	20	0.632456
16	1455	0.237171
17	13	0.904534
17	14	0.818182
17	15	0.818182
17	16	1.812206
17	18	2.345208
17	19	0.804030
17	20	0.943880
17	21	0.904534
18	14	1.172604
18	15	1.492405
18	16	0.500000
18	17	2.345208
18	19	2.239171
18	20	1.423025
18	21	1.414214
18	22	0.589256
18	23	0.144338
18	63	2.271721
19	15	0.804030
19	16	0.942809
19	17	0.804030
19	18	2.239171
19	20	2.683282
19	21	0.333333
19	22	0.555556
19	23	0.952579
19	1455	0.894427
19	1456	0.426401
20	16	0.632456
20	17	0.943880
20	18	1.423025
20	19	2.683282
20	21	2.683282
20	22	1.192570
20	23	2.556039
20	24	0.800000
20	1454	0.559503
20	1455	0.500000
21	17	0.904534
21	18	1.414214
21	19	0.333333
21	20	2.683282
21	22	2.000000
21	23	0.408248
21	24	0.894427
21	25	0.824958
21	54	0.117851
21	58	0.149071
22	18	0.589256
22	19	0.555556
22	20	1.192570
22	21	2.000000
22	23	2.585573
22	24	1.192570
22	25	2.003469
22	26	1.444444
22	64	0.117851
22	72	1.005038
23	18	0.144338
23	19	0.952579
23	20	2.556039
23	21	0.408248
23	22	2.585573
23	24	3.286335
23	25	0.433013
23	26	1.224745
23	27	1.080123
23	1454	0.851257
23	1455	0.456435
24	20	0.800000
24	21	0.894427
24	22	1.192570
24	23	3.286335
24	25	2.846050
24	26	1.341641
24	27	2.366432
24	28	0.948683
24	29	0.182574
24	54	0.158114
24	1453	0.279751
24	1454	0.559503
25	21	0.824958
25	22	2.003469
25	23	0.433013
25	24	2.846050
25	26	2.357023
25	27	0.801784
25	28	0.625000
25	29	1.154701
25	54	0.750000
25	55	0.625000
26	22	1.444444
26	23	1.224745
26	24	1.341641
26	25	2.357023
26	27	2.519763
26	28	0.471405
26	29	1.224745
26	30	0.888889
26	1438	0.074536
26	1439	0.556038
27	23	1.080123
27	24	2.366432
27	25	0.801784
27	26	2.519763
27	28	2.672612
27	29	1.234427
27	30	1.133893
27	31	0.503953
27	1453	0.157622
27	1454	0.551677
28	24	0.948683
28	25	0.625000
28	26	0.471405
28	27	2.672612
28	29	2.598076
28	30	0.942809
28	31	1.178511
28	32	0.632456
28	47	0.625000
28	50	0.117851
28	51	0.474342
28	1452	0.073721
28	1453	0.147442
29	24	0.182574
29	25	1.154701
29	26	1.224745
29	27	1.234427
29	28	2.598076
29	30	2.585573
29	31	0.952579
29	32	1.278019
29	33	1.080123
29	51	0.547723
29	76	1.010363
30	26	0.888889
30	27	1.133893
30	28	0.942809
30	29	2.585573
30	31	2.000000
30	32	1.341641
30	33	1.133893
30	34	0.666667
30	1440	0.223607
30	1441	0.074536
31	27	0.503953
31	28	1.178511
31	29	0.952579
31	30	2.000000
31	32	2.385139
31	33	0.251976
31	34	0.666667
31	35	0.942809
31	47	0.235702
31	1452	0.486534
31	1453	0.417029
32	28	0.632456
32	29	1.278019
32	30	1.341641
32	31	2.385139
32	33	3.211586
32	34	1.490712
32	35	1.581139
32	36	0.800000
32	44	0.400000
32	47	0.948683
32	48	0.474342
33	29	1.080123
33	30	1.133893
33	31	0.251976
33	32	3.211586
33	34	2.141799
33	35	0.534522
33	36	1.183216
33	37	0.503953
33	76	0.267261
33	80	0.428571
33	83	0.668153
34	30	0.666667
34	31	0.666667
34	32	1.490712
34	33	2.141799
34	35	2.474874
34	36	1.192570
34	37	1.000000
34	38	1.111111
35	31	0.942809
35	32	1.581139
35	33	0.534522
35	34	2.474874
35	36	2.687936
35	37	0.942809
35	38	1.414214
35	39	0.530330
35	40	1.296362
35	43	0.589256
35	44	1.264911
36	32	0.800000
36	33	1.183216
36	34	1.192570
36	35	2.687936
36	37	2.385139
36	38	0.596285
36	39	0.670820
36	40	0.596285
36	44	0.400000
36	80	1.014185
36	83	1.739253
36	84	1.423025
37	33	0.503953
37	34	1.000000
37	35	0.942809
37	36	2.385139
37	38	2.222222
37	39	1.000000
37	83	1.532065
38	34	1.111111
38	35	1.414214
38	36	0.596285
38	37	2.222222
38	39	2.166667
38	40	0.333333
39	35	0.530330
39	36	0.670820
39	37	1.000000
39	38	2.166667
39	40	3.000000
39	41	0.894427
39	84	0.176777
40	35	1.296362
40	36	0.596285
40	38	0.333333
40	39	3.000000
40	41	2.086997
40	42	0.111111
40	43	0.888889
40	44	0.447214
40	84	0.353553
41	39	0.894427
41	40	2.086997
41	42	2.683282
41	43	0.298142
41	44	2.400000
41	45	0.948683
41	84	0.790569
41	91	0.632456
42	40	0.111111
42	41	2.683282
42	43	3.000000
42	44	1.192570
42	45	0.589256
42	46	0.444444
42	91	0.353553
42	92	1.296362
43	35	0.589256
43	40	0.888889
43	41	0.298142
43	42	3.000000
43	44	2.534210
43	45	0.942809
43	46	1.222222
43	47	0.824958
44	32	0.400000
44	35	1.264911
44	36	0.400000
44	40	0.447214
44	41	2.400000
44	42	1.192570
44	43	2.534210
44	45	2.846050
44	46	0.745356
44	47	0.948683
44	48	0.632456
45	41	0.948683
45	42	0.589256
45	43	0.942809
45	44	2.846050
45	46	2.003469
45	47	1.125000
45	48	1.500000
45	49	1.279204
45	80	0.133631
45	90	0.400892
45	92	0.125000
45	94	0.883883
45	95	0.176777
45	96	0.250000
46	42	0.444444
46	43	1.222222
46	44	0.745356
46	45	2.003469
46	47	2.710576
46	48	0.471405
46	49	1.306549
46	50	0.444444
47	28	0.625000
47	31	0.235702
47	32	0.948683
47	43	0.824958
47	44	0.948683
47	45	1.125000
47	46	2.710576
47	48	2.375000
47	49	0.959403
47	50	1.060660
47	51	0.632456
47	52	0.117851
48	32	0.474342
48	44	0.632456
48	45	1.500000
48	46	0.471405
48	47	2.375000
48	49	2.238608
48	50	0.471405
48	51	0.790569
48	52	0.942809
48	76	0.625000
48	77	0.750000
48	80	0.935414
48	96	0.125000
49	45	1.279204
49	46	1.306549
49	47	0.959403
49	48	2.238608
49	50	1.809068
49	51	1.213560
49	52	1.507557
49	53	0.492366
49	92	0.533002
49	93	1.206045
49	94	1.356801
49	95	0.452267
50	28	0.117851
50	46	0.444444
50	47	1.060660
50	48	0.471405
50	49	1.809068
50	51	2.832353
50	52	0.777778
50	53	0.952579
50	54	0.471405
51	28	0.474342
51	29	0.547723
51	47	0.632456
51	48	0.790569
51	49	1.213560
51	50	2.832353
51	52	2.534210
51	53	1.643168
51	54	1.423025
51	55	0.790569
52	47	0.117851
52	48	0.942809
52	49	1.507557
52	50	0.777778
52	51	2.534210
52	53	2.721655
52	54	0.471405
52	55	0.707107
52	56	0.589256
52	73	0.777778
52	77	0.353553
53	49	0.492366
53	50	0.952579
53	51	1.643168
53	52	2.721655
53	54	2.598076
53	55	1.443376
53	56	1.010363
53	57	1.769076
54	21	0.117851
54	24	0.158114
54	25	0.750000
54	50	0.471405
54	51	1.423025
54	52	0.471405
54	53	2.598076
54	55	2.125000
54	56	0.625000
54	57	1.767767
54	58	0.632456
55	25	0.625000
55	51	0.790569
55	52	0.707107
55	53	1.443376
55	54	2.125000
55	56	2.625000
55	57	0.942809
55	58	0.948683
55	59	0.790569
55	64	0.375000
55	69	0.790569
55	72	0.639602
55	73	0.942809
56	52	0.589256
56	53	1.010363
56	54	0.625000
56	55	2.625000
56	57	2.003469
56	58	1.106797
56	59	1.423025
56	60	0.589256
56	69	0.158114
56	73	1.060660
57	53	1.769076
57	54	1.767767
57	55	0.942809
57	56	2.003469
57	58	2.385139
57	59	0.894427
57	60	0.888889
57	61	0.166667
58	21	0.149071
58	54	0.632456
58	55	0.948683
58	56	1.106797
58	57	2.385139
58	59	3.200000
58	60	1.043498
58	61	1.341641
58	63	0.845154
58	64	0.790569
59	55	0.790569
59	56	1.423025
59	57	0.894427
59	58	3.200000
59	60	2.683282
59	61	2.012461
59	64	1.423025
59	65	1.838478
59	69	0.200000
60	56	0.589256
60	57	0.888889
60	58	1.043498
60	59	2.683282
60	61	2.833333
60	62	0.272166
60	65	0.737865
61	57	0.166667
61	58	1.341641
61	59	2.012461
61	60	2.833333
61	62	2.857738
61	63	1.511858
61	64	0.176777
61	65	1.423025
62	14	0.123091
62	60	0.272166
62	61	2.857738
62	63	2.931764
62	64	0.144338
62	65	0.387298
63	18	2.271721
63	58	0.845154
63	61	1.511858
63	62	2.931764
63	64	3.073504
63	65	0.956183
64	22	0.117851
64	55	0.375000
64	58	0.790569
64	59	1.423025
64	61	0.176777
64	62	0.144338
64	63	3.073504
64	65	2.571478
64	68	0.632456
64	69	1.106797
65	59	1.838478
65	60	0.737865
65	61	1.423025
65	62	0.387298
65	63	0.956183
65	64	2.571478
65	66	2.740641
65	67	0.335410
65	68	0.707107
65	69	0.565685
66	65	2.740641
66	67	2.710576
66	68	0.894427
66	69	0.596285
67	65	0.335410
67	66	2.710576
67	68	2.846050
67	69	1.264911
67	70	1.423025
67	71	0.426401
68	64	0.632456
68	65	0.707107
68	66	0.894427
68	67	2.846050
68	69	3.200000
68	70	1.600000
68	71	2.022600
68	72	1.078720
69	55	0.790569
69	56	0.158114
69	59	0.200000
69	64	1.106797
69	65	0.565685
69	66	0.596285
69	67	1.264911
69	68	3.200000
69	70	3.400000
69	71	0.539360
69	72	1.213560
69	73	1.192570
70	67	1.423025
70	68	1.600000
70	69	3.400000
70	71	2.292280
70	72	1.078720
70	73	1.937926
70	74	0.912871
70	387	0.900000
71	67	0.426401
71	68	2.022600
71	69	0.539360
71	70	2.292280
71	72	2.000000
71	73	0.703526
71	74	0.738549
71	75	0.636364
72	22	1.005038
72	55	0.639602
72	68	1.078720
72	69	1.213560
72	70	1.078720
72	71	2.000000
72	73	1.909572
72	74	0.492366
72	75	0.454545
72	76	0.639602
73	52	0.777778
73	55	0.942809
73	56	1.060660
73	69	1.192570
73	70	1.937926
73	71	0.703526
73	72	1.909572
73	74	2.313407
73	75	0.502519
73	76	0.942809
73	77	0.824958
73	387	0.670820
74	70	0.912871
74	71	0.738549
74	72	0.492366
74	73	2.313407
74	75	2.708013
74	76	1.154701
74	77	1.154701
74	78	1.107823
74	79	0.136083
74	387	1.460593
74	388	0.547723
75	71	0.636364
75	72	0.454545
75	73	0.502519
75	74	2.708013
75	76	1.918806
75	77	0.426401
75	78	0.909091
75	79	0.603023
76	29	1.010363
76	33	0.267261
76	48	0.625000
76	72	0.639602
76	73	0.942809
76	74	1.154701
76	75	1.918806
76	77	2.625000
76	78	0.426401
76	79	0.707107
76	80	0.935414
77	48	0.750000
77	52	0.353553
77	73	0.824958
77	74	1.154701
77	75	0.426401
77	76	2.625000
77	78	1.918806
77	79	0.942809
77	80	1.603567
77	81	0.426401
77	96	0.250000
77	387	0.632456
77	388	0.711512
78	74	1.107823
78	75	0.909091
78	76	0.426401
78	77	1.918806
78	79	2.010076
78	80	0.455842
78	81	0.545455
78	82	1.005038
78	388	0.337100
79	74	0.136083
79	75	0.603023
79	76	0.707107
79	77	0.942809
79	78	2.010076
79	80	2.393775
79	81	0.703526
79	82	1.333333
79	83	0.824958
80	33	0.428571
80	36	1.014185
80	45	0.133631
80	48	0.935414
80	76	0.935414
80	77	1.603567
80	78	0.455842
80	79	2.393775
80	81	2.165251
80	82	1.007905
80	83	1.202676
80	84	0.935414
81	77	0.426401
81	78	0.545455
81	79	0.703526
81	80	2.165251
81	82	1.809068
81	83	0.533002
81	84	0.533002
81	85	0.502519
81	96	1.172604
81	97	0.738549
81	98	0.492366
81	388	1.078720
81	389	1.213560
82	78	1.005038
82	79	1.333333
82	80	1.007905
82	81	1.809068
82	83	2.003469
82	84	0.824958
82	85	2.888889
82	86	0.447214
83	33	0.668153
83	36	1.739253
83	37	1.532065
83	79	0.824958
83	80	1.202676
83	81	0.533002
83	82	2.003469
83	84	2.500000
83	85	0.471405
83	86	1.106797
84	36	1.423025
84	39	0.176777
84	40	0.353553
84	41	0.790569
84	80	0.935414
84	81	0.533002
84	82	0.824958
84	83	2.500000
84	85	1.885618
84	86	1.423025
84	87	1.264911
84	88	0.353553
84	89	0.158114
85	81	0.502519
85	82	2.888889
85	83	0.471405
85	84	1.885618
85	86	2.534210
85	87	0.894427
86	82	0.447214
86	83	1.106797
86	84	1.423025
86	85	2.534210
86	87	3.200000
86	88	0.223607
87	84	1.264911
87	85	0.894427
87	86	3.200000
87	88	2.236068
87	89	0.200000
88	84	0.353553
88	86	0.223607
88	87	2.236068
88	89	3.801316
88	90	0.377964
88	91	0.353553
89	84	0.158114
89	87	0.200000
89	88	3.801316
89	90	3.549648
89	91	1.581139
90	45	0.400892
90	88	0.377964
90	89	3.549648
90	91	2.271721
90	92	0.534522
90	96	0.267261
91	41	0.632456
91	42	0.353553
91	88	0.353553
91	89	1.581139
91	90	2.271721
91	92	2.750000
91	93	0.530330
92	42	1.296362
92	45	0.125000
92	49	0.533002
92	90	0.534522
92	91	2.750000
92	93	3.005204
92	94	1.060660
93	49	1.206045
93	91	0.530330
93	92	3.005204
93	94	3.500000
93	95	0.500000
93	400	0.312772
94	45	0.883883
94	49	1.356801
94	92	1.060660
94	93	3.500000
94	95	3.000000
94	96	1.590990
94	400	0.312772
95	45	0.176777
95	49	0.452267
95	93	0.500000
95	94	3.000000
95	96	3.005204
95	97	0.612372
95	388	0.111803
95	400	1.459601
96	45	0.250000
96	48	0.125000
96	77	0.250000
96	81	1.172604
96	90	0.267261
96	94	1.590990
96	95	3.005204
96	97	2.453739
96	98	0.288675
96	388	0.316228
96	400	0.589768
97	81	0.738549
97	95	0.612372
97	96	2.453739
97	98	3.000000
97	388	1.369306
97	389	1.186732
97	398	0.085126
97	399	1.095445
97	400	2.213267
98	81	0.492366
98	96	0.288675
98	97	3.000000
98	389	0.547723
98	399	0.182574
99	100	2.500000
99	101	1.750000
99	102	2.651650
99	1237	0.111803
99	1238	0.426401
99	1244	0.111803
99	1245	0.111803
99	1306	0.417029
99	1307	0.729800
100	99	2.500000
100	101	1.833333
100	102	0.353553
100	1237	1.043498
100	1238	1.137070
100	1307	0.069505
100	1354	0.447214
100	1355	0.208514
101	99	1.750000
101	100	1.833333
101	102	3.535534
101	103	0.452267
101	1237	0.335410
101	1307	1.876630
101	1308	0.106600
102	99	2.651650
102	100	0.353553
102	101	3.535534
102	103	1.599005
102	104	0.746203
102	1306	0.073721
102	1307	1.105815
103	101	0.452267
103	102	1.599005
103	104	2.181818
103	1328	0.134840
103	1329	0.134840
103	1330	0.269680
103	1331	0.128565
104	102	0.746203
104	103	2.181818
104	1330	0.404520
104	1331	0.449977
104	1332	0.067420
104	1333	0.125739
105	106	3.000000
105	107	0.596285
105	108	2.086997
105	109	0.632456
106	105	3.000000
106	107	2.534210
106	108	0.894427
106	109	1.581139
106	110	0.632456
107	105	0.596285
107	106	2.534210
107	108	2.000000
107	109	0.589256
107	110	1.296362
107	111	1.222222
108	105	2.086997
108	106	0.894427
108	107	2.000000
108	109	2.003469
108	110	0.942809
108	111	1.666667
108	112	0.471405
109	105	0.632456
109	106	1.581139
109	107	0.589256
109	108	2.003469
109	110	2.250000
109	111	0.824958
109	112	1.125000
109	113	0.408248
110	106	0.632456
110	107	1.296362
110	108	0.942809
110	109	2.250000
110	111	2.710576
110	112	1.000000
110	113	0.510310
110	114	2.236068
111	107	1.222222
111	108	1.666667
111	109	0.824958
111	110	2.710576
111	112	2.003469
111	113	0.577350
111	114	0.632456
111	115	1.444444
112	108	0.471405
112	109	1.125000
112	110	1.000000
112	111	2.003469
112	113	1.939179
112	114	0.782624
112	115	0.824958
112	116	1.069045
113	109	0.408248
113	110	0.510310
113	111	0.577350
113	112	1.939179
113	114	2.099603
113	115	0.673575
113	116	1.527525
113	117	0.816497
113	190	0.102062
113	357	3.394674
114	110	2.236068
114	111	0.632456
114	112	0.782624
114	113	2.099603
114	115	2.319004
114	116	0.478091
114	117	0.447214
114	118	0.559017
115	111	1.444444
115	112	0.824958
115	113	0.673575
115	114	2.319004
115	116	2.267787
115	117	0.353553
115	119	0.353553
116	112	1.069045
116	113	1.527525
116	114	0.478091
116	115	2.267787
116	117	2.271721
116	118	0.267261
116	361	2.645751
117	113	0.816497
117	114	0.447214
117	115	0.353553
117	116	2.271721
117	118	2.375000
117	119	0.750000
117	120	0.852803
117	123	0.316228
117	186	0.375000
117	189	0.707107
117	190	0.500000
117	361	0.589256
118	114	0.559017
118	116	0.267261
118	117	2.375000
118	119	2.625000
118	120	0.533002
119	115	0.353553
119	117	0.750000
119	118	2.625000
119	120	2.345208
119	121	0.267261
120	117	0.852803
120	118	0.533002
120	119	2.345208
120	121	2.849014
120	122	0.667424
120	123	1.618080
120	124	0.100504
120	189	0.904534
120	192	0.492366
121	119	0.267261
121	120	2.849014
121	122	4.183300
121	123	0.507093
121	124	0.503953
122	120	0.667424
122	121	4.183300
122	123	2.262742
122	124	2.108185
122	125	1.791957
122	188	0.182574
122	223	0.478091
123	117	0.316228
123	120	1.618080
123	121	0.507093
123	122	2.262742
123	124	3.577709
123	125	1.192570
123	186	1.739253
123	187	0.200000
123	188	1.032796
123	189	1.788854
124	120	0.100504
124	121	0.503953
124	122	2.108185
124	123	3.577709
124	125	2.666667
124	126	0.235702
124	184	0.166667
124	185	0.666667
124	186	1.532065
125	122	1.791957
125	123	1.192570
125	124	2.666667
125	126	2.946278
125	127	0.298142
125	186	0.353553
125	187	0.894427
125	188	0.384900
125	223	0.755929
125	224	0.666667
126	124	0.235702
126	125	2.946278
126	127	2.371708
126	181	0.125000
126	182	0.801784
126	183	1.296362
126	184	2.828427
126	185	0.117851
126	187	0.632456
126	188	0.204124
126	222	0.125000
126	223	0.534522
126	224	0.942809
127	125	0.298142
127	126	2.371708
127	128	2.687936
127	129	0.316228
127	180	0.158114
127	181	0.790569
127	182	2.197401
127	187	1.000000
127	188	0.774597
127	221	0.169031
127	222	1.106797
127	223	0.169031
128	127	2.687936
128	129	2.000000
128	130	0.400892
128	179	0.353553
128	180	0.875000
128	182	0.133631
128	220	0.353553
128	221	0.935414
128	222	2.500000
128	223	0.267261
128	224	0.117851
129	127	0.316228
129	128	2.000000
129	130	2.939874
129	131	0.500000
129	151	0.510310
129	178	0.158114
129	179	0.707107
129	180	2.250000
129	191	0.125000
129	219	0.267261
129	220	0.824958
129	221	0.668153
130	128	0.400892
130	129	2.939874
130	131	2.138090
130	132	0.251976
130	178	0.845154
130	179	1.007905
130	218	0.566947
130	219	1.000000
130	220	1.763834
131	129	0.500000
131	130	2.138090
131	132	1.649916
131	133	0.534522
131	144	0.948683
131	147	0.500000
131	148	0.500000
131	151	0.102062
131	177	0.612372
131	178	1.581139
131	218	1.237437
131	219	0.133631
132	130	0.251976
132	131	1.649916
132	133	3.527668
132	134	0.333333
132	176	0.235702
132	177	0.481125
132	217	0.298142
132	218	1.833333
132	317	0.111111
132	3444	0.142134
132	3445	0.596285
132	3446	0.298142
133	131	0.534522
133	132	3.527668
133	134	2.456769
133	140	0.507093
133	141	0.771517
133	144	0.845154
133	175	0.534522
133	176	0.935414
133	177	0.218218
133	216	0.227921
133	217	0.507093
133	317	0.377964
134	132	0.333333
134	133	2.456769
134	135	3.354102
134	136	1.000000
134	137	0.250000
134	140	0.670820
134	216	0.904534
134	217	0.223607
134	317	1.166667
134	1489	0.426401
134	3444	0.639602
135	134	3.354102
135	136	2.236068
135	137	0.447214
135	140	0.600000
135	215	0.547723
135	216	1.348400
135	317	0.745356
135	318	0.358569
135	1488	0.095346
135	1489	0.858116
135	3444	1.048809
136	134	1.000000
136	135	2.236068
136	137	3.500000
136	138	0.566947
136	139	0.833333
136	140	2.236068
136	215	0.408248
136	1489	0.639602
137	134	0.250000
137	135	0.447214
137	136	3.500000
137	138	2.834734
137	139	1.333333
137	140	2.683282
137	141	0.816497
137	1489	1.279204
137	1490	0.104257
138	136	0.566947
138	137	2.834734
138	139	2.393775
138	140	0.676123
138	141	1.234427
138	142	0.534522
138	171	0.142857
138	172	0.629941
138	173	0.338062
138	206	1.139606
139	136	0.833333
139	137	1.333333
139	138	2.393775
139	140	3.130495
139	141	1.088662
139	142	1.178511
139	143	0.356348
139	202	0.502519
139	204	1.088662
139	205	0.125988
139	206	0.904534
139	213	0.316228
139	215	0.952579
140	133	0.507093
140	134	0.670820
140	135	0.600000
140	136	2.236068
140	137	2.683282
140	138	0.676123
140	139	3.130495
140	141	3.103761
140	142	0.790569
140	143	0.717137
140	144	0.800000
140	215	0.547723
140	216	0.269680
141	133	0.771517
141	137	0.816497
141	138	1.234427
141	139	1.088662
141	140	3.103761
141	142	2.598076
141	143	0.872872
141	144	1.643168
141	145	1.496910
141	173	0.730297
141	174	0.204124
141	175	1.732051
142	138	0.534522
142	139	1.178511
142	140	0.790569
142	141	2.598076
142	143	1.795331
142	144	0.790569
142	145	2.592725
142	146	1.000000
142	173	0.790569
142	202	0.533002
142	205	0.133631
142	206	0.639602
143	139	0.356348
143	140	0.717137
143	141	0.872872
143	142	1.795331
143	144	2.151411
143	145	0.801784
143	146	1.795331
143	147	2.267787
143	198	1.014185
143	199	0.805823
143	200	2.929225
143	215	0.327327
143	217	0.478091
143	325	0.617213
144	131	0.948683
144	133	0.845154
144	140	0.800000
144	141	1.643168
144	142	0.790569
144	143	2.151411
144	145	2.683282
144	146	0.790569
144	147	1.264911
144	148	0.632456
144	175	1.106797
144	217	0.600000
145	141	1.496910
145	142	2.592725
145	143	0.801784
145	144	2.683282
145	146	2.121320
145	147	0.942809
145	148	1.060660
145	149	2.110579
145	173	1.043498
145	174	2.500000
145	175	2.239171
146	142	1.000000
146	143	1.795331
146	144	0.790569
146	145	2.121320
146	147	2.250000
146	148	0.875000
146	149	0.639602
146	150	0.625000
146	202	0.106600
146	348	0.125000
147	131	0.500000
147	143	2.267787
147	144	1.264911
147	145	0.942809
147	146	2.250000
147	148	2.000000
147	149	0.852803
147	150	1.375000
147	151	1.224745
147	198	0.559017
147	217	0.158114
148	131	0.500000
148	144	0.632456
148	145	1.060660
148	146	0.875000
148	147	2.000000
148	149	2.558409
148	150	0.875000
148	151	0.510310
148	152	1.336306
148	175	0.250000
148	178	0.316228
149	145	2.110579
149	146	0.639602
149	147	0.852803
149	148	2.558409
149	150	1.705606
149	151	0.348155
149	152	1.481487
149	153	0.545455
150	146	0.625000
150	147	1.375000
150	148	0.875000
150	149	1.705606
150	151	2.347428
150	152	1.069045
150	153	0.639602
150	154	0.426401
150	323	0.106600
150	325	0.306186
150	347	0.534522
150	348	1.000000
150	349	0.375000
150	352	0.375000
151	129	0.510310
151	131	0.102062
151	147	1.224745
151	148	0.510310
151	149	0.348155
151	150	2.347428
151	152	1.854852
151	153	0.522233
151	154	0.783349
151	155	0.516398
151	194	1.250926
151	198	0.365148
151	219	0.109109
151	323	0.087039
151	325	0.083333
151	352	0.204124
152	148	1.336306
152	149	1.481487
152	150	1.069045
152	151	1.854852
152	153	2.165251
152	154	0.797724
152	155	1.014185
152	156	0.755929
152	162	0.428571
153	149	0.545455
153	150	0.639602
153	151	0.522233
153	152	2.165251
153	154	1.545455
153	155	0.943880
153	156	1.005038
153	157	0.454545
153	349	1.599005
153	959	0.674200
153	960	0.337100
154	150	0.426401
154	151	0.783349
154	152	0.797724
154	153	1.545455
154	155	2.966479
154	156	0.703526
154	157	0.454545
154	158	1.306549
154	191	0.213201
154	349	0.213201
154	350	1.356801
154	352	1.066004
154	353	0.213201
154	356	0.213201
155	151	0.516398
155	152	1.014185
155	153	0.943880
155	154	2.966479
155	156	2.534210
155	157	0.943880
155	158	1.490712
155	159	0.894427
155	160	1.887760
155	162	0.169031
155	182	0.169031
156	152	0.755929
156	153	1.005038
156	154	0.703526
156	155	2.534210
156	157	1.708564
156	158	0.444444
156	159	0.833333
156	160	0.703526
156	162	0.377964
157	153	0.454545
157	154	0.454545
157	155	0.943880
157	156	1.708564
157	158	1.608061
157	159	0.904534
157	349	0.319801
157	350	1.809068
157	351	0.746203
157	353	0.213201
158	154	1.306549
158	155	1.490712
158	156	0.444444
158	157	1.608061
158	159	2.333333
158	160	3.015113
158	185	0.111111
158	190	0.353553
159	155	0.894427
159	156	0.833333
159	157	0.904534
159	158	2.333333
159	160	3.165869
160	155	1.887760
160	156	0.703526
160	158	3.015113
160	159	3.165869
160	161	1.608061
160	162	0.227921
160	183	1.005038
160	184	1.658312
160	185	1.708564
160	187	0.539360
161	160	1.608061
161	162	2.015811
161	163	0.555556
161	181	0.353553
161	182	0.251976
161	183	2.000000
162	152	0.428571
162	155	0.169031
162	156	0.377964
162	160	0.227921
162	161	2.015811
162	163	2.267787
162	164	0.428571
162	180	0.668153
162	181	0.267261
162	182	0.142857
163	161	0.555556
163	162	2.267787
163	164	2.015811
163	165	0.503953
163	180	0.471405
163	181	2.357023
163	183	1.111111
164	162	0.428571
164	163	2.015811
164	165	2.428571
164	166	0.668153
164	167	0.133631
164	179	0.503953
164	180	0.133631
165	163	0.503953
165	164	2.428571
165	166	2.806243
165	179	1.385870
165	180	0.267261
165	181	0.133631
166	164	0.668153
166	165	2.806243
166	167	2.750000
166	177	0.612372
166	178	0.790569
166	179	1.767767
167	164	0.133631
167	166	2.750000
167	168	2.806243
167	169	0.668153
167	175	0.250000
167	177	0.306186
167	178	0.316228
168	167	2.806243
168	169	4.000000
168	170	0.377964
168	175	0.801784
168	176	0.801784
168	177	1.745743
168	178	0.169031
169	167	0.668153
169	168	4.000000
169	170	2.834734
169	174	1.322876
169	175	0.935414
169	176	0.400892
170	168	0.377964
170	169	2.834734
170	171	3.968627
170	172	0.500000
170	173	1.118034
170	174	0.500000
170	175	0.883883
170	176	0.530330
171	138	0.142857
171	170	3.968627
171	172	2.519763
171	173	0.845154
172	138	0.629941
172	170	0.500000
172	171	2.519763
172	173	3.130495
172	174	0.500000
173	138	0.338062
173	141	0.730297
173	142	0.790569
173	145	1.043498
173	170	1.118034
173	171	0.845154
173	172	3.130495
173	174	2.459675
173	175	0.316228
173	206	0.269680
174	141	0.204124
174	145	2.500000
174	169	1.322876
174	170	0.500000
174	172	0.500000
174	173	2.459675
174	175	3.005204
175	133	0.534522
175	141	1.732051
175	144	1.106797
175	145	2.239171
175	148	0.250000
175	167	0.250000
175	168	0.801784
175	169	0.935414
175	170	0.883883
175	173	0.316228
175	174	3.005204
175	176	2.250000
175	177	1.122683
175	178	0.790569
176	132	0.235702
176	133	0.935414
176	168	0.801784
176	169	0.400892
176	170	0.530330
176	175	2.250000
176	177	2.143304
176	3444	0.301511
177	131	0.612372
177	132	0.481125
177	133	0.218218
177	166	0.612372
177	167	0.306186
177	168	1.745743
177	175	1.122683
177	176	2.143304
177	178	4.260282
177	179	0.673575
178	129	0.158114
178	130	0.845154
178	131	1.581139
178	148	0.316228
178	166	0.790569
178	167	0.316228
178	168	0.169031
178	175	0.790569
178	177	4.260282
178	179	2.385139
179	128	0.353553
179	129	0.707107
179	130	1.007905
179	164	0.503953
179	165	1.385870
179	166	1.767767
179	177	0.673575
179	178	2.385139
179	180	2.239171
180	127	0.158114
180	128	0.875000
180	129	2.250000
180	162	0.668153
180	163	0.471405
180	164	0.133631
180	165	0.267261
180	179	2.239171
180	181	2.500000
180	182	0.801784
181	126	0.125000
181	127	0.790569
181	161	0.353553
181	162	0.267261
181	163	2.357023
181	165	0.133631
181	180	2.500000
181	182	3.073504
181	183	1.060660
182	126	0.801784
182	127	2.197401
182	128	0.133631
182	155	0.169031
182	161	0.251976
182	162	0.142857
182	180	0.801784
182	181	3.073504
182	183	2.015811
182	184	0.377964
182	187	0.845154
182	191	0.400892
183	126	1.296362
183	160	1.005038
183	161	2.000000
183	163	1.111111
183	181	1.060660
183	182	2.015811
183	184	2.000000
184	124	0.166667
184	126	2.828427
184	160	1.658312
184	182	0.377964
184	183	2.000000
184	185	2.500000
185	124	0.666667
185	126	0.117851
185	158	0.111111
185	160	1.708564
185	184	2.500000
185	186	3.417683
185	187	0.894427
186	117	0.375000
186	123	1.739253
186	124	1.532065
186	125	0.353553
186	185	3.417683
186	187	2.529822
186	188	0.714435
186	189	0.883883
186	190	1.250000
187	123	0.200000
187	125	0.894427
187	126	0.632456
187	127	1.000000
187	160	0.539360
187	182	0.845154
187	185	0.894427
187	186	2.529822
187	188	2.065591
187	189	0.670820
187	190	0.948683
187	191	1.264911
188	122	0.182574
188	123	1.032796
188	125	0.384900
188	126	0.204124
188	127	0.774597
188	186	0.714435
188	187	2.065591
188	189	2.598076
188	190	0.816497
188	191	0.612372
188	192	1.296362
188	221	1.309307
188	222	1.020621
188	223	1.200198
189	117	0.707107
189	120	0.904534
189	123	1.788854
189	186	0.883883
189	187	0.670820
189	188	2.598076
189	190	2.828427
189	191	0.530330
189	192	1.224745
189	193	0.566947
190	113	0.102062
190	117	0.500000
190	158	0.353553
190	186	1.250000
190	187	0.948683
190	188	0.816497
190	189	2.828427
190	191	2.375000
190	192	0.577350
190	193	0.400892
190	356	0.750000
190	357	0.472456
191	129	0.125000
191	154	0.213201
191	182	0.400892
191	187	1.264911
191	188	0.612372
191	189	0.530330
191	190	2.375000
191	192	2.309401
191	193	1.469937
191	194	1.060660
191	221	0.668153
192	120	0.492366
192	188	1.296362
192	189	1.224745
192	190	0.577350
192	191	2.309401
192	193	4.474797
192	194	0.816497
192	195	0.365148
192	221	0.308607
193	189	0.566947
193	190	0.400892
193	191	1.469937
193	192	4.474797
193	194	2.645751
193	195	0.169031
193	336	0.911685
193	356	0.267261
193	360	2.138090
193	361	0.125988
194	151	1.250926
194	191	1.060660
194	192	0.816497
194	193	2.645751
194	195	2.534210
194	196	0.500000
194	198	0.421637
194	219	0.755929
194	323	0.904534
194	336	0.201008
194	356	0.117851
194	360	0.353553
195	192	0.365148
195	193	0.169031
195	194	2.534210
195	196	3.130495
195	197	0.507093
195	198	0.282843
195	219	1.352247
195	313	0.169031
195	322	0.474342
196	194	0.500000
196	195	3.130495
196	197	2.834734
196	198	0.790569
196	217	0.223607
196	218	0.500000
196	219	1.889822
196	322	0.707107
197	195	0.507093
197	196	2.834734
197	198	3.346640
197	199	0.113961
197	216	0.569803
197	217	1.014185
197	316	0.133631
197	317	0.629941
197	320	0.771517
197	321	0.377964
197	322	1.202676
197	323	0.113961
198	143	1.014185
198	147	0.559017
198	151	0.365148
198	194	0.421637
198	195	0.282843
198	196	0.790569
198	197	3.346640
198	199	1.334848
198	200	0.223607
198	215	0.387298
198	216	0.572078
198	217	1.131371
198	219	0.478091
198	323	0.667424
198	325	0.730297
199	143	0.805823
199	197	0.113961
199	198	1.334848
199	200	1.599005
199	201	0.683763
199	214	0.569803
199	215	0.246183
199	216	0.636364
199	321	1.507557
199	323	0.363636
199	324	1.846372
199	325	0.783349
199	326	0.113961
199	528	0.809040
199	529	0.067420
199	540	0.188608
200	143	2.929225
200	198	0.223607
200	199	1.599005
200	201	3.073504
200	202	0.746203
200	213	0.335410
200	214	0.935414
200	215	2.598076
200	325	0.918559
200	327	0.375000
201	199	0.683763
201	200	3.073504
201	202	2.051290
201	212	0.683763
201	213	0.239046
201	214	0.428571
201	325	0.654654
201	326	1.857143
201	327	0.935414
201	328	0.400892
202	139	0.502519
202	142	0.533002
202	146	0.106600
202	200	0.746203
202	201	2.051290
202	203	3.874660
202	204	0.369274
202	205	1.139606
202	206	0.090909
202	211	0.181818
202	212	0.636364
202	213	0.762770
202	327	0.426401
202	328	0.533002
203	202	3.874660
203	204	2.314550
203	205	0.571429
203	210	1.133893
203	211	0.569803
203	212	0.341882
203	328	0.801784
204	139	1.088662
204	202	0.369274
204	203	2.314550
204	205	4.011887
204	206	1.723281
204	207	1.732051
204	210	0.612372
204	211	0.492366
204	213	0.387298
205	139	0.125988
205	142	0.133631
205	202	1.139606
205	203	0.571429
205	204	4.011887
205	206	3.874660
205	207	0.400892
206	138	1.139606
206	139	0.904534
206	142	0.639602
206	173	0.269680
206	202	0.090909
206	204	1.723281
206	205	3.874660
206	207	1.599005
206	208	0.269680
207	204	1.732051
207	205	0.400892
207	206	1.599005
207	208	3.478505
207	209	3.175426
207	210	2.298097
207	211	1.492405
207	213	0.670820
208	206	0.269680
208	207	3.478505
208	209	3.103761
208	210	0.894427
208	1401	0.200000
209	207	3.175426
209	208	3.103761
209	210	2.857738
209	211	0.369274
209	1198	0.273861
209	1398	0.273861
210	203	1.133893
210	204	0.612372
210	207	2.298097
210	208	0.894427
210	209	2.857738
210	211	2.562846
210	212	0.301511
210	1198	0.447214
211	202	0.181818
211	203	0.569803
211	204	0.492366
211	207	1.492405
211	209	0.369274
211	210	2.562846
211	212	1.909091
211	213	1.811579
211	1057	0.067420
211	1198	0.674200
212	201	0.683763
212	202	0.636364
212	203	0.341882
212	210	0.301511
212	211	1.909091
212	213	2.097618
212	214	0.113961
212	326	0.341882
212	328	1.812206
212	329	0.402015
212	540	0.251478
212	541	0.674200
212	1057	0.471940
212	1198	0.067420
213	139	0.316228
213	200	0.335410
213	201	0.239046
213	202	0.762770
213	204	0.387298
213	207	0.670820
213	211	1.811579
213	212	2.097618
213	214	2.031889
213	215	0.387298
214	199	0.569803
214	200	0.935414
214	201	0.428571
214	212	0.113961
214	213	2.031889
214	215	2.777460
214	216	1.025645
215	135	0.547723
215	136	0.408248
215	139	0.952579
215	140	0.547723
215	143	0.327327
215	198	0.387298
215	199	0.246183
215	200	2.598076
215	213	0.387298
215	214	2.777460
215	216	3.323470
215	217	0.365148
216	133	0.227921
216	134	0.904534
216	135	1.348400
216	140	0.269680
216	197	0.569803
216	198	0.572078
216	199	0.636364
216	214	1.025645
216	215	3.323470
216	217	1.887760
216	218	0.150756
216	317	1.105542
216	318	2.659216
216	320	0.246183
216	321	0.502519
217	132	0.298142
217	133	0.507093
217	134	0.223607
217	143	0.478091
217	144	0.600000
217	147	0.158114
217	196	0.223607
217	197	1.014185
217	198	1.131371
217	215	0.365148
217	216	1.887760
217	218	2.906888
217	219	0.338062
217	317	0.596285
218	130	0.566947
218	131	1.237437
218	132	1.833333
218	196	0.500000
218	216	0.150756
218	217	2.906888
218	219	2.645751
218	317	0.166667
219	129	0.267261
219	130	1.000000
219	131	0.133631
219	151	0.109109
219	194	0.755929
219	195	1.352247
219	196	1.889822
219	198	0.478091
219	217	0.338062
219	218	2.645751
219	220	2.519763
220	128	0.353553
220	129	0.824958
220	130	1.763834
220	219	2.519763
220	221	2.141799
220	310	0.904534
221	127	0.169031
221	128	0.935414
221	129	0.668153
221	188	1.309307
221	191	0.668153
221	192	0.308607
221	220	2.141799
221	222	2.672612
222	126	0.125000
222	127	1.106797
222	128	2.500000
222	188	1.020621
222	221	2.672612
222	223	3.741657
222	224	0.117851
222	306	0.375000
223	122	0.478091
223	125	0.755929
223	126	0.534522
223	127	0.169031
223	128	0.267261
223	188	1.200198
223	222	3.741657
223	224	3.023716
224	125	0.666667
224	126	0.942809
224	128	0.117851
224	222	0.117851
224	223	3.023716
224	225	2.393775
225	224	2.393775
225	226	2.672612
226	225	2.672612
226	227	2.946278
226	302	0.319801
227	226	2.946278
227	228	3.444444
227	229	1.385870
227	295	0.192450
227	299	1.105542
227	302	0.502519
228	227	3.444444
228	229	3.023716
228	230	0.444444
228	231	0.755929
228	232	0.251976
228	298	0.888889
228	299	0.100504
228	302	1.105542
229	227	1.385870
229	228	3.023716
229	230	2.267787
229	231	0.714286
229	232	0.714286
229	295	0.327327
230	228	0.444444
230	229	2.267787
230	231	2.141799
230	232	0.881917
230	233	1.296362
230	234	0.111111
230	291	0.555556
231	228	0.755929
231	229	0.714286
231	230	2.141799
231	232	2.428571
231	233	0.267261
231	234	0.881917
231	237	0.377964
232	228	0.251976
232	229	0.714286
232	230	0.881917
232	231	2.428571
232	233	2.538982
232	234	1.385870
232	237	1.763834
232	264	0.358569
232	294	0.400892
232	298	0.125988
233	230	1.296362
233	231	0.267261
233	232	2.538982
233	234	1.885618
233	235	0.801784
233	238	0.250000
233	288	0.117851
233	291	0.707107
234	230	0.111111
234	231	0.881917
234	232	1.385870
234	233	1.885618
234	235	2.897728
234	236	1.444444
234	237	1.222222
234	238	0.353553
235	233	0.801784
235	234	2.897728
235	236	2.645751
235	237	0.881917
235	238	1.603567
236	234	1.444444
236	235	2.645751
236	237	2.888889
236	238	0.471405
237	231	0.377964
237	232	1.763834
237	234	1.222222
237	235	0.881917
237	236	2.888889
237	238	2.357023
237	239	0.201008
237	264	0.105409
237	265	1.178511
237	266	1.385870
238	233	0.250000
238	234	0.353553
238	235	1.603567
238	236	0.471405
238	237	2.357023
238	239	1.599005
238	240	0.125000
238	263	0.668153
238	264	0.223607
238	265	0.875000
238	287	0.125000
238	290	0.125000
239	237	0.201008
239	238	1.599005
239	240	1.705606
239	241	1.172604
239	261	0.454545
239	262	0.455842
239	263	2.621093
239	265	0.746203
239	4078	0.188608
239	4079	0.134840
240	238	0.125000
240	239	1.705606
240	241	2.625000
240	242	0.267261
240	260	0.133631
240	261	0.319801
240	262	0.935414
240	283	0.589256
240	287	0.125000
241	239	1.172604
241	240	2.625000
241	242	2.806243
241	243	0.125000
241	259	0.316228
241	260	0.668153
241	261	1.812206
241	4077	0.237171
241	4078	0.147442
242	240	0.267261
242	241	2.806243
242	243	2.806243
242	257	0.801784
242	259	0.845154
242	279	1.133893
242	4013	0.253546
242	4077	0.084515
243	241	0.125000
243	242	2.806243
243	244	2.451808
243	245	0.474342
243	257	1.500000
243	258	0.577350
243	259	3.320392
243	261	0.213201
243	4076	0.711512
243	4077	0.632456
244	243	2.451808
244	245	2.561959
244	246	0.246183
244	253	0.227921
244	254	0.852803
244	256	0.341882
244	257	1.279204
244	258	0.123091
244	259	0.404520
244	4028	0.674200
244	4029	0.565825
244	4076	1.415820
244	4094	1.146140
245	243	0.474342
245	244	2.561959
245	246	3.286335
245	253	0.845154
245	256	0.169031
245	258	0.182574
245	259	1.000000
245	274	0.447214
245	4123	0.286039
246	244	0.246183
246	245	3.286335
246	247	3.265986
246	248	0.617213
246	253	0.462910
246	274	1.769076
246	4074	0.340503
246	4075	0.365148
247	246	3.265986
247	248	3.968627
247	249	0.500000
247	253	0.566947
247	4074	0.104257
247	4105	0.559017
247	4125	0.111803
248	246	0.617213
248	247	3.968627
248	249	2.078805
248	250	0.188982
248	253	0.857143
248	4105	0.253546
248	4106	0.422577
248	4123	2.095140
248	4124	0.157622
248	4125	0.760639
249	247	0.500000
249	248	2.078805
249	250	3.500000
249	251	0.500000
249	252	1.500000
249	253	2.456769
249	4105	0.111803
249	4106	0.447214
249	4123	1.599005
250	248	0.188982
250	249	3.500000
250	251	2.333333
250	252	2.000000
250	253	1.889822
250	254	1.767767
250	4105	1.341641
250	4106	1.006231
251	249	0.500000
251	250	2.333333
251	252	2.500000
251	253	0.377964
251	254	1.532065
251	255	0.881917
251	3972	0.142134
251	3973	0.968963
251	4027	1.639783
251	4105	0.074536
251	4106	0.521749
252	249	1.500000
252	250	2.000000
252	251	2.500000
252	253	3.023716
252	254	1.237437
252	255	0.944911
252	256	1.889822
252	3972	0.106600
252	4123	0.533002
253	244	0.227921
253	245	0.845154
253	246	0.462910
253	247	0.566947
253	248	0.857143
253	249	2.456769
253	250	1.889822
253	251	0.377964
253	252	3.023716
253	254	3.207135
253	255	0.285714
253	256	0.857143
253	4105	0.084515
253	4123	1.289317
254	244	0.852803
254	250	1.767767
254	251	1.532065
254	252	1.237437
254	253	3.207135
254	255	2.672612
254	256	0.534522
254	4027	0.316228
254	4028	1.581139
254	4104	0.442326
254	4105	0.553399
254	4106	0.158114
255	251	0.881917
255	252	0.944911
255	253	0.285714
255	254	2.672612
255	256	2.571429
255	257	0.267261
255	3973	0.591608
255	3974	0.564076
255	4014	0.084515
255	4027	0.169031
255	4028	0.253546
255	4094	0.676123
256	244	0.341882
256	245	0.169031
256	252	1.889822
256	253	0.857143
256	254	0.534522
256	255	2.571429
256	257	2.672612
256	258	1.234427
256	3973	0.084515
256	4014	0.422577
256	4015	0.157622
256	4094	0.169031
256	4123	0.322329
257	242	0.801784
257	243	1.500000
257	244	1.279204
257	255	0.267261
257	256	2.672612
257	258	2.598076
257	259	0.474342
257	279	0.471405
257	4013	1.264911
257	4014	1.185854
257	4094	0.553399
258	243	0.577350
258	244	0.123091
258	245	0.182574
258	256	1.234427
258	257	2.598076
258	259	3.468910
258	260	0.617213
258	273	0.166667
258	274	0.136083
258	277	0.492366
258	279	0.680414
258	282	0.721688
258	4123	0.522233
259	241	0.316228
259	242	0.845154
259	243	3.320392
259	244	0.404520
259	245	1.000000
259	257	0.474342
259	258	3.468910
259	260	2.704494
259	261	0.134840
259	273	0.365148
259	274	0.298142
260	240	0.133631
260	241	0.668153
260	258	0.617213
260	259	2.704494
260	261	1.823369
260	262	0.142857
260	272	0.714286
260	273	1.697337
260	279	0.629941
260	282	0.668153
260	283	1.007905
261	239	0.454545
261	240	0.319801
261	241	1.812206
261	243	0.213201
261	259	0.134840
261	260	1.823369
261	262	2.051290
261	263	0.227921
261	270	0.227921
261	271	0.455842
261	272	1.139606
261	4077	0.741620
261	4078	1.131650
262	239	0.455842
262	240	0.935414
262	260	0.142857
262	261	2.051290
262	263	2.285714
262	264	0.239046
262	269	0.133631
262	270	0.714286
262	271	1.714286
262	286	0.845154
262	287	0.801784
262	290	0.534522
263	238	0.668153
263	239	2.621093
263	261	0.227921
263	262	2.285714
263	264	2.151411
263	265	1.202676
263	268	0.188982
263	269	0.400892
263	270	0.714286
264	232	0.358569
264	237	0.105409
264	238	0.223607
264	262	0.239046
264	263	2.151411
264	265	2.012461
264	266	3.346640
264	267	2.270934
264	268	0.790569
264	269	1.229837
264	290	0.559017
264	294	1.453444
265	237	1.178511
265	238	0.875000
265	239	0.746203
265	263	1.202676
265	264	2.012461
265	266	3.207135
265	267	0.801784
265	268	0.883883
266	237	1.385870
266	264	3.346640
266	265	3.207135
266	267	2.714286
266	268	0.566947
267	264	2.270934
267	265	0.801784
267	266	2.714286
267	268	3.212698
267	269	1.737198
267	294	0.267261
268	263	0.188982
268	264	0.790569
268	265	0.883883
268	266	0.566947
268	267	3.212698
268	269	3.005204
268	270	0.944911
269	262	0.133631
269	263	0.400892
269	264	1.229837
269	267	1.737198
269	268	3.005204
269	270	2.538982
269	290	0.375000
269	293	0.213201
269	294	0.125000
270	261	0.227921
270	262	0.714286
270	263	0.714286
270	268	0.944911
270	269	2.538982
270	271	3.285714
270	272	0.142857
270	293	0.341882
271	261	0.455842
271	262	1.714286
271	270	3.285714
271	272	2.428571
271	273	0.154303
271	286	0.676123
271	290	0.801784
271	293	0.911685
271	3474	0.253546
272	260	0.714286
272	261	1.139606
272	270	0.142857
272	271	2.428571
272	273	2.314550
272	3473	0.507093
272	3474	0.929670
272	3475	0.084515
273	258	0.166667
273	259	0.365148
273	260	1.697337
273	271	0.154303
273	272	2.314550
273	274	2.041241
273	275	0.771517
273	282	1.154701
273	286	0.182574
274	245	0.447214
274	246	1.769076
274	258	0.136083
274	259	0.298142
274	273	2.041241
274	275	2.393775
274	276	0.503953
274	282	0.942809
274	3473	0.074536
275	273	0.771517
275	274	2.393775
275	276	3.571429
275	277	0.227921
275	282	0.935414
275	285	0.133631
275	3472	0.084515
275	4123	0.322329
275	4124	0.078811
276	274	0.503953
276	275	3.571429
276	277	2.393172
276	278	1.388730
276	281	0.251976
276	282	2.806243
276	285	0.133631
276	4123	0.322329
277	258	0.492366
277	275	0.227921
277	276	2.393172
277	278	1.846372
277	279	0.201008
277	4015	0.062869
277	4123	2.057038
278	276	1.388730
278	277	1.846372
278	279	2.449490
278	280	2.020726
278	281	2.177324
278	282	1.587713
278	4014	0.091287
279	242	1.133893
279	257	0.471405
279	258	0.680414
279	260	0.629941
279	277	0.201008
279	278	2.449490
279	280	2.239171
279	281	0.555556
279	282	1.178511
279	283	0.555556
279	4013	0.447214
279	4014	1.490712
280	278	2.020726
280	279	2.239171
280	281	2.357023
280	282	0.875000
280	283	0.707107
280	284	0.707107
280	4014	0.632456
281	276	0.251976
281	278	2.177324
281	279	0.555556
281	280	2.357023
281	282	2.239171
281	283	0.333333
281	284	1.222222
281	285	0.824958
282	258	0.721688
282	260	0.668153
282	273	1.154701
282	274	0.942809
282	275	0.935414
282	276	2.806243
282	278	1.587713
282	279	1.178511
282	280	0.875000
282	281	2.239171
282	283	1.885618
282	284	0.942809
282	285	1.250000
282	286	0.632456
283	240	0.589256
283	260	1.007905
283	279	0.555556
283	280	0.707107
283	281	0.333333
283	282	1.885618
283	284	2.000000
283	285	0.824958
283	286	0.745356
283	287	1.178511
283	3982	0.074536
284	280	0.707107
284	281	1.222222
284	282	0.942809
284	283	2.000000
284	285	2.239171
284	286	0.298142
284	287	0.707107
284	288	0.777778
285	275	0.133631
285	276	0.133631
285	281	0.824958
285	282	1.250000
285	283	0.824958
285	284	2.239171
285	286	2.687936
285	287	1.000000
285	288	1.178511
285	289	0.875000
286	262	0.845154
286	271	0.676123
286	273	0.182574
286	282	0.632456
286	283	0.745356
286	284	0.298142
286	285	2.687936
286	287	2.846050
286	288	1.043498
286	289	0.948683
286	290	0.790569
287	238	0.125000
287	240	0.125000
287	262	0.801784
287	283	1.178511
287	284	0.707107
287	285	1.000000
287	286	2.846050
287	288	2.121320
287	289	0.875000
287	290	0.875000
287	291	0.471405
288	233	0.117851
288	284	0.777778
288	285	1.178511
288	286	1.043498
288	287	2.121320
288	289	2.003469
288	290	0.353553
288	291	1.666667
288	292	0.298142
289	285	0.875000
289	286	0.948683
289	287	0.875000
289	288	2.003469
289	290	2.125000
289	291	1.060660
289	292	1.106797
289	293	0.746203
289	3473	0.079057
290	238	0.125000
290	262	0.534522
290	264	0.559017
290	269	0.375000
290	271	0.801784
290	286	0.790569
290	287	0.875000
290	288	0.353553
290	289	2.125000
290	291	2.239171
290	292	0.948683
290	293	0.639602
290	294	0.750000
290	295	0.102062
291	230	0.555556
291	233	0.707107
291	287	0.471405
291	288	1.666667
291	289	1.060660
291	290	2.239171
291	292	2.981424
291	293	0.804030
291	294	0.824958
291	295	0.481125
292	288	0.298142
292	289	1.106797
292	290	0.948683
292	291	2.981424
292	293	2.292280
292	294	0.790569
292	295	1.420094
292	296	0.596285
293	269	0.213201
293	270	0.341882
293	271	0.911685
293	289	0.746203
293	290	0.639602
293	291	0.804030
293	292	2.292280
293	294	1.918806
293	295	0.696311
293	296	0.603023
293	297	0.426401
293	3473	0.269680
293	3474	0.337100
294	232	0.400892
294	264	1.453444
294	267	0.267261
294	269	0.125000
294	290	0.750000
294	291	0.824958
294	292	0.790569
294	293	1.918806
294	295	1.735055
294	296	0.589256
294	297	0.875000
294	298	0.471405
295	227	0.192450
295	229	0.327327
295	290	0.102062
295	291	0.481125
295	292	1.420094
295	293	0.696311
295	294	1.735055
295	296	2.213176
295	297	0.510310
295	298	0.481125
295	299	1.827815
296	292	0.596285
296	293	0.603023
296	294	0.589256
296	295	2.213176
296	297	2.121320
296	298	0.888889
296	299	1.206045
296	300	0.444444
297	293	0.426401
297	294	0.875000
297	295	0.510310
297	296	2.121320
297	298	2.474874
297	299	0.746203
297	300	0.942809
297	301	0.589256
298	228	0.888889
298	232	0.125988
298	294	0.471405
298	295	0.481125
298	296	0.888889
298	297	2.474874
298	299	1.708564
298	300	0.555556
298	301	1.000000
298	302	0.804030
299	227	1.105542
299	228	0.100504
299	295	1.827815
299	296	1.206045
299	297	0.746203
299	298	1.708564
299	300	1.708564
299	301	0.703526
299	302	1.454545
299	303	0.402015
300	296	0.444444
300	297	0.942809
300	298	0.555556
300	299	1.708564
300	301	2.888889
300	302	0.804030
300	303	1.111111
300	304	1.333333
301	297	0.589256
301	298	1.000000
301	299	0.703526
301	300	2.888889
301	302	1.708564
301	303	0.666667
301	304	1.222222
301	305	1.333333
302	226	0.319801
302	227	0.502519
302	228	1.105542
302	298	0.804030
302	299	1.454545
302	300	0.804030
302	301	1.708564
302	303	1.809068
302	304	0.703526
302	305	1.809068
302	306	0.533002
303	299	0.402015
303	300	1.111111
303	301	0.666667
303	302	1.809068
303	304	1.888889
303	305	0.888889
303	306	1.060660
303	307	1.333333
303	3446	0.074536
304	300	1.333333
304	301	1.222222
304	302	0.703526
304	303	1.888889
304	305	2.000000
304	306	0.471405
304	307	1.555556
304	308	0.596285
305	301	1.333333
305	302	1.809068
305	303	0.888889
305	304	2.000000
305	306	2.003469
305	307	0.666667
305	308	1.192570
305	309	0.471405
306	222	0.375000
306	302	0.533002
306	303	1.060660
306	304	0.471405
306	305	2.003469
306	307	2.003469
306	308	1.106797
306	309	1.625000
306	310	0.852803
307	303	1.333333
307	304	1.555556
307	305	0.666667
307	306	2.003469
307	308	2.385139
307	309	0.589256
307	310	1.608061
307	311	0.500000
307	3445	0.074536
307	3446	0.372678
308	304	0.596285
308	305	1.192570
308	306	1.106797
308	307	2.385139
308	309	2.529822
308	310	0.674200
308	311	2.012461
308	312	0.596285
309	305	0.471405
309	306	1.625000
309	307	0.589256
309	308	2.529822
309	310	1.918806
309	311	1.414214
309	312	1.649916
309	313	0.267261
310	220	0.904534
310	306	0.852803
310	307	1.608061
310	308	0.674200
310	309	1.918806
310	311	2.110579
310	312	0.703526
310	313	0.911685
310	314	1.363636
310	3445	0.269680
311	307	0.500000
311	308	2.012461
311	309	1.414214
311	310	2.110579
311	312	2.500000
311	313	1.133893
312	308	0.596285
312	309	1.649916
312	310	0.703526
312	311	2.500000
312	313	3.527668
313	195	0.169031
313	309	0.267261
313	310	0.911685
313	311	1.133893
313	312	3.527668
313	314	1.937330
313	315	0.857143
314	310	1.363636
314	313	1.937330
314	315	2.849014
314	316	0.213201
314	3445	1.483240
315	313	0.857143
315	314	2.849014
315	316	2.672612
315	317	0.251976
315	320	0.462910
316	197	0.133631
316	314	0.213201
316	315	2.672612
316	317	2.828427
316	318	0.094491
316	320	0.577350
317	132	0.111111
317	133	0.377964
317	134	1.166667
317	135	0.745356
317	197	0.629941
317	216	1.105542
317	217	0.596285
317	218	0.166667
317	315	0.251976
317	316	2.828427
317	318	1.603567
317	319	0.166667
317	320	0.136083
317	3444	0.142134
318	135	0.358569
318	216	2.659216
318	316	0.094491
318	317	1.603567
318	319	2.405351
318	320	0.981981
318	321	0.178174
318	528	0.059761
318	529	0.059761
318	1488	2.450152
318	3444	0.056980
319	317	0.166667
319	318	2.405351
319	320	3.265986
319	321	1.000000
319	529	0.670820
320	197	0.771517
320	216	0.246183
320	315	0.462910
320	316	0.577350
320	317	0.136083
320	318	0.981981
320	319	3.265986
320	321	3.129904
321	197	0.377964
321	199	1.507557
321	216	0.502519
321	318	0.178174
321	319	1.000000
321	320	3.129904
321	322	2.239171
321	323	0.201008
321	324	0.136083
321	335	0.105409
321	529	0.745356
322	195	0.474342
322	196	0.707107
322	197	1.202676
322	321	2.239171
322	323	2.132007
322	333	0.117851
322	334	0.875000
322	335	1.006231
322	336	1.279204
323	150	0.106600
323	151	0.087039
323	194	0.904534
323	197	0.113961
323	198	0.667424
323	199	0.363636
323	321	0.201008
323	322	2.132007
323	324	2.338738
323	325	2.175971
323	333	1.206045
323	334	2.345208
323	335	0.476731
323	355	0.533002
323	360	0.213201
324	199	1.846372
324	321	0.136083
324	323	2.338738
324	325	2.946278
324	326	0.308607
324	331	0.117851
324	332	1.080123
324	333	1.769076
324	335	1.032796
325	143	0.617213
325	150	0.306186
325	151	0.083333
325	198	0.730297
325	199	0.783349
325	200	0.918559
325	201	0.654654
325	323	2.175971
325	324	2.946278
325	326	1.745743
325	327	0.408248
325	331	0.166667
325	332	0.218218
325	347	0.109109
325	348	0.306186
326	199	0.113961
326	201	1.857143
326	212	0.341882
326	324	0.308607
326	325	1.745743
326	327	2.538982
326	328	1.202676
326	329	0.377964
326	330	0.534522
326	331	2.618615
326	344	0.142857
327	200	0.375000
327	201	0.935414
327	202	0.426401
327	325	0.408248
327	326	2.538982
327	328	2.125000
327	329	0.235702
327	330	1.125000
327	344	0.267261
328	201	0.400892
328	202	0.533002
328	203	0.801784
328	212	1.812206
328	326	1.202676
328	327	2.125000
328	329	2.357023
328	330	0.875000
328	1055	0.316228
328	1056	0.073721
329	212	0.402015
329	326	0.377964
329	327	0.235702
329	328	2.357023
329	330	2.121320
329	331	0.769800
329	541	0.223607
329	542	0.284268
329	1054	0.149071
329	1055	0.149071
329	1057	0.149071
330	326	0.534522
330	327	1.125000
330	328	0.875000
330	329	2.121320
330	331	2.041241
330	341	0.106600
330	342	1.006231
330	344	1.069045
330	345	0.117851
330	1054	0.316228
330	1055	0.237171
331	324	0.117851
331	325	0.166667
331	326	2.618615
331	329	0.769800
331	330	2.041241
331	332	2.509506
331	333	0.192450
331	340	0.306186
331	341	0.609272
331	342	0.365148
331	344	0.654654
331	540	0.060193
331	541	0.774597
332	324	1.080123
332	325	0.218218
332	331	2.509506
332	333	2.267787
332	334	0.133631
332	340	0.668153
332	341	1.139606
332	344	0.714286
332	347	0.571429
333	322	0.117851
333	323	1.206045
333	324	1.769076
333	331	0.192450
333	332	2.267787
333	334	2.121320
333	335	1.370320
333	339	0.471405
333	340	0.235702
333	527	0.556038
333	541	0.223607
334	322	0.875000
334	323	2.345208
334	332	0.133631
334	333	2.121320
334	335	2.236068
334	336	1.918806
334	337	1.202676
334	338	0.707107
334	339	0.625000
334	360	0.375000
335	321	0.105409
335	322	1.006231
335	323	0.476731
335	324	1.032796
335	333	1.370320
335	334	2.236068
335	336	1.620886
335	337	0.717137
335	338	0.316228
335	528	0.141421
336	193	0.911685
336	194	0.201008
336	322	1.279204
336	334	1.918806
336	335	1.620886
336	337	2.051290
336	338	0.452267
336	360	0.533002
336	363	0.603023
336	367	0.818182
337	334	1.202676
337	335	0.717137
337	336	2.051290
337	338	3.212698
337	339	1.603567
337	359	0.566947
337	363	0.377964
338	334	0.707107
338	335	0.316228
338	336	0.452267
338	337	3.212698
338	339	3.005204
338	340	0.883883
339	333	0.471405
339	334	0.625000
339	337	1.603567
339	338	3.005204
339	340	3.000000
339	355	0.375000
340	331	0.306186
340	332	0.668153
340	333	0.235702
340	338	0.883883
340	339	3.000000
340	341	2.345208
341	330	0.106600
341	331	0.609272
341	332	1.139606
341	340	2.345208
341	342	2.669695
341	343	1.705606
341	347	0.227921
341	351	0.639602
341	355	0.106600
342	330	1.006231
342	331	0.365148
342	341	2.669695
342	343	2.124265
342	344	0.597614
343	341	1.705606
343	342	2.124265
343	344	3.474396
343	345	1.060660
343	346	1.500000
343	347	1.336306
344	326	0.142857
344	327	0.267261
344	330	1.069045
344	331	0.654654
344	332	0.714286
344	342	0.597614
344	343	3.474396
344	345	2.393775
344	346	0.801784
344	347	1.857143
344	348	1.202676
345	330	0.117851
345	343	1.060660
345	344	2.393775
345	346	2.239171
345	347	1.007905
345	348	1.060660
345	349	0.353553
345	967	0.069505
346	343	1.500000
346	344	0.801784
346	345	2.239171
346	347	2.405351
346	348	1.000000
346	349	1.000000
346	350	0.530330
346	351	1.000000
347	150	0.534522
347	325	0.109109
347	332	0.571429
347	341	0.227921
347	343	1.336306
347	344	1.857143
347	345	1.007905
347	346	2.405351
347	348	2.806243
347	349	0.935414
347	350	0.566947
347	351	0.534522
347	352	0.267261
348	146	0.125000
348	150	1.000000
348	325	0.306186
348	344	1.202676
348	345	1.060660
348	346	1.000000
348	347	2.806243
348	349	1.875000
348	350	0.176777
349	150	0.375000
349	153	1.599005
349	154	0.213201
349	157	0.319801
349	345	0.353553
349	346	1.000000
349	347	0.935414
349	348	1.875000
349	350	2.298097
349	351	0.125000
350	154	1.356801
350	157	1.809068
350	346	0.530330
350	347	0.566947
350	348	0.176777
350	349	2.298097
350	351	2.651650
350	352	2.121320
350	353	0.353553
351	157	0.746203
351	341	0.639602
351	346	1.000000
351	347	0.534522
351	349	0.125000
351	350	2.651650
351	352	2.250000
351	353	0.250000
352	150	0.375000
352	151	0.204124
352	154	1.066004
352	347	0.267261
352	350	2.121320
352	351	2.250000
352	353	2.375000
352	354	0.750000
352	355	1.500000
352	356	2.000000
352	357	0.094491
353	154	0.213201
353	157	0.213201
353	350	0.353553
353	351	0.250000
353	352	2.375000
353	354	2.250000
353	355	0.875000
353	356	0.625000
353	357	2.834734
354	352	0.750000
354	353	2.250000
354	355	2.250000
354	356	0.375000
354	357	0.850420
354	358	0.632456
355	323	0.533002
355	339	0.375000
355	341	0.106600
355	352	1.500000
355	353	0.875000
355	354	2.250000
355	356	2.500000
355	357	0.661438
355	358	0.632456
355	359	0.707107
355	360	1.000000
356	154	0.213201
356	190	0.750000
356	193	0.267261
356	194	0.117851
356	352	2.000000
356	353	0.625000
356	354	0.375000
356	355	2.500000
356	357	1.984313
356	358	0.948683
356	359	0.530330
356	360	2.500000
356	361	0.471405
357	113	3.394674
357	190	0.472456
357	352	0.094491
357	353	2.834734
357	354	0.850420
357	355	0.661438
357	356	1.984313
357	358	2.151411
357	359	0.267261
357	360	0.188982
357	361	0.801784
357	362	0.071429
358	354	0.632456
358	355	0.632456
358	356	0.948683
358	357	2.151411
358	359	3.130495
358	360	0.632456
358	361	0.745356
358	362	1.553797
358	363	0.149071
359	337	0.566947
359	355	0.707107
359	356	0.530330
359	357	0.267261
359	358	3.130495
359	360	2.828427
359	361	0.500000
359	362	1.069045
359	363	1.000000
360	193	2.138090
360	194	0.353553
360	323	0.213201
360	334	0.375000
360	336	0.533002
360	355	1.000000
360	356	2.500000
360	357	0.188982
360	358	0.632456
360	359	2.828427
360	361	2.003469
360	362	0.661438
360	363	0.589256
360	364	0.790569
360	365	0.176777
361	116	2.645751
361	117	0.589256
361	193	0.125988
361	356	0.471405
361	357	0.801784
361	358	0.745356
361	359	0.500000
361	360	2.003469
361	362	2.227177
361	363	0.777778
361	364	0.894427
361	365	0.666667
361	366	0.100504
362	357	0.071429
362	358	1.553797
362	359	1.069045
362	360	0.661438
362	361	2.227177
362	363	1.692655
362	364	0.478091
362	365	0.534522
362	366	0.564076
362	367	0.080582
363	336	0.603023
363	337	0.377964
363	358	0.149071
363	359	1.000000
363	360	0.589256
363	361	0.777778
363	362	1.692655
363	364	2.683282
363	365	1.166667
363	366	0.904534
363	367	3.417129
364	360	0.790569
364	361	0.894427
364	362	0.478091
364	363	2.683282
364	365	3.354102
364	366	0.539360
364	367	1.483240
364	368	0.596285
365	360	0.176777
365	361	0.666667
365	362	0.534522
365	363	1.166667
365	364	3.354102
365	366	2.261335
365	367	1.055290
365	368	0.833333
365	369	1.000000
366	361	0.100504
366	362	0.564076
366	363	0.904534
366	364	0.539360
366	365	2.261335
366	367	1.818182
366	368	0.301511
366	369	0.753778
366	370	1.481487
367	336	0.818182
367	362	0.080582
367	363	3.417129
367	364	1.483240
367	365	1.055290
367	366	1.818182
367	368	1.909572
367	369	1.055290
367	370	0.911685
367	371	0.502519
368	364	0.596285
368	365	0.833333
368	366	0.301511
368	367	1.909572
368	369	2.500000
368	370	0.377964
368	371	1.111111
368	372	0.555556
368	376	0.527046
369	365	1.000000
369	366	0.753778
369	367	1.055290
369	368	2.500000
369	370	3.023716
369	371	1.333333
369	372	1.500000
369	373	1.133893
370	366	1.481487
370	367	0.911685
370	368	0.377964
370	369	3.023716
370	371	2.393775
370	372	0.503953
370	373	1.142857
370	374	1.637846
370	375	0.169031
371	367	0.502519
371	368	1.111111
371	369	1.333333
371	370	2.393775
371	372	1.888889
371	373	0.503953
371	374	0.444444
371	375	1.639783
371	376	2.002776
372	368	0.555556
372	369	1.500000
372	370	0.503953
372	371	1.888889
372	373	2.267787
372	374	0.444444
372	376	3.583915
373	369	1.133893
373	370	1.142857
373	371	0.503953
373	372	2.267787
373	374	2.015811
373	375	0.169031
374	370	1.637846
374	371	0.444444
374	372	0.444444
374	373	2.015811
374	375	2.236068
374	376	0.105409
375	370	0.169031
375	371	1.639783
375	373	0.169031
375	374	2.236068
375	376	2.262742
376	368	0.527046
376	371	2.002776
376	372	3.583915
376	374	0.105409
376	375	2.262742
377	378	2.750000
377	1032	2.550000
377	1036	0.885880
377	1037	2.191386
378	377	2.750000
378	379	3.250000
378	382	0.746004
378	1036	1.445382
379	378	3.250000
379	380	0.047673
379	381	0.885880
379	382	1.165631
379	1033	3.963145
380	379	0.047673
380	381	3.067424
380	1033	1.066930
380	1035	2.756236
381	379	0.885880
381	380	3.067424
381	382	5.000000
381	1033	0.695652
382	378	0.746004
382	379	1.165631
382	381	5.000000
382	1036	3.391304
383	384	1.119006
384	383	1.119006
384	394	2.869565
385	386	1.850000
385	980	2.564388
385	982	0.047673
385	1325	0.326377
385	1326	1.048809
385	1361	0.300000
385	1363	3.403643
386	385	1.850000
386	953	0.047673
386	954	0.150000
386	980	0.279751
386	982	0.238366
386	1226	0.792629
386	1325	1.258881
386	1326	0.905789
386	1364	1.573213
387	70	0.900000
387	73	0.670820
387	74	1.460593
387	77	0.632456
387	388	2.800000
387	400	0.839254
388	74	0.547723
388	77	0.711512
388	78	0.337100
388	81	1.078720
388	95	0.111803
388	96	0.316228
388	97	1.369306
388	387	2.800000
388	389	3.700000
388	399	0.150000
388	400	1.445382
389	81	1.213560
389	97	1.186732
389	98	0.547723
389	388	3.700000
389	390	3.077266
389	398	0.699379
389	399	0.100000
390	389	3.077266
390	391	4.755775
390	396	0.043478
390	397	0.885880
390	398	2.608696
391	390	4.755775
391	392	3.150000
391	396	0.652753
391	397	0.500000
392	391	3.150000
392	393	3.150000
392	395	0.792629
392	396	1.631883
393	392	3.150000
393	394	0.792629
393	395	1.865010
394	384	2.869565
394	393	0.792629
394	395	3.739130
395	392	0.792629
395	393	1.865010
395	394	3.739130
395	396	3.956522
396	390	0.043478
396	391	0.652753
396	392	1.631883
396	395	3.956522
396	397	4.056396
397	390	0.885880
397	391	0.500000
397	396	4.056396
397	398	2.890765
398	97	0.085126
398	389	0.699379
398	390	2.608696
398	397	2.890765
398	399	4.289522
399	97	1.095445
399	98	0.182574
399	388	0.150000
399	389	0.100000
399	398	4.289522
399	400	2.844140
400	93	0.312772
400	94	0.312772
400	95	1.459601
400	96	0.589768
400	97	2.213267
400	387	0.839254
400	388	1.445382
400	399	2.844140
401	402	3.123891
401	406	0.792629
401	407	0.150000
402	401	3.123891
402	403	1.212256
402	404	1.244752
402	405	0.533465
402	406	2.043478
403	402	1.212256
403	404	3.813850
404	402	1.244752
404	403	3.813850
404	405	4.681818
404	476	0.047673
405	402	0.533465
405	404	4.681818
405	406	3.111880
405	475	0.333712
405	476	0.143019
406	401	0.792629
406	402	2.043478
406	405	3.111880
406	407	4.103021
407	401	0.150000
407	406	4.103021
407	408	3.250000
408	407	3.250000
408	409	3.250000
409	408	3.250000
409	410	1.165631
409	411	0.429058
410	409	1.165631
410	411	0.978019
410	412	0.186501
411	409	0.429058
411	410	0.978019
411	412	3.766177
412	410	0.186501
412	411	3.766177
412	413	2.890765
413	412	2.890765
413	414	3.652174
413	493	0.355643
414	413	3.652174
414	415	4.445542
414	493	0.133366
414	494	0.419627
415	414	4.445542
415	416	3.156335
415	494	0.476731
415	495	0.222277
416	415	3.156335
416	417	3.916520
417	416	3.916520
417	418	2.471138
418	417	2.471138
418	419	1.200296
418	420	2.098136
419	418	1.200296
419	420	1.573213
419	421	0.355643
419	557	0.500000
419	558	1.867128
420	418	2.098136
420	419	1.573213
420	421	2.051511
421	419	0.355643
421	420	2.051511
421	422	4.429398
422	421	4.429398
422	423	2.750000
422	632	0.286039
423	422	2.750000
423	424	3.030641
423	558	0.046625
423	631	0.810443
423	632	0.810443
424	423	3.030641
424	425	4.056396
424	630	0.839254
424	631	0.489010
425	424	4.056396
425	426	2.200000
425	557	0.095346
426	425	2.200000
426	427	3.650000
426	507	0.095346
426	508	0.500000
426	509	0.047673
426	557	0.143019
427	426	3.650000
427	428	2.098136
427	506	0.238366
427	507	0.333712
427	508	1.550000
427	509	0.762770
428	427	2.098136
428	429	3.826087
428	457	0.046625
428	458	0.932505
428	459	1.025755
428	506	4.223265
429	428	3.826087
429	430	4.134354
429	456	0.046625
429	457	0.839254
429	458	1.538633
430	429	4.134354
430	431	3.912077
430	456	0.715097
430	457	0.619751
431	430	3.912077
431	432	4.521739
431	455	0.979130
431	456	1.585258
432	431	4.521739
432	433	1.066930
432	451	3.077266
432	452	0.044455
432	453	0.622376
432	454	0.800198
432	455	0.233126
433	432	1.066930
433	434	1.500000
433	435	3.156335
433	450	0.266733
433	451	1.573213
433	452	0.318182
433	453	0.181818
434	433	1.500000
434	435	1.333663
435	433	3.156335
435	434	1.333663
435	436	0.889108
435	450	1.217391
435	451	0.373002
436	435	0.889108
436	437	4.409091
436	449	0.047673
436	450	0.266733
436	452	0.454545
436	453	1.363636
437	436	4.409091
437	438	4.445542
437	450	0.222277
437	452	0.090909
438	437	4.445542
438	439	4.242897
438	448	0.217391
438	449	0.652753
438	450	0.130435
439	438	4.242897
439	440	3.000000
439	448	0.792629
439	449	0.050000
439	550	0.139876
440	439	3.000000
440	441	3.300000
440	447	0.792629
440	448	1.445382
440	549	0.095346
440	550	1.212256
441	440	3.300000
441	442	2.900000
441	446	0.792629
441	447	1.538633
441	522	0.150000
441	523	0.700000
442	441	2.900000
442	443	1.450000
442	444	1.700000
442	445	0.512878
442	446	1.258881
442	523	0.200000
443	442	1.450000
443	444	1.250000
443	445	0.466252
444	442	1.700000
444	443	1.250000
444	445	2.471138
445	442	0.512878
445	443	0.466252
445	444	2.471138
445	446	2.869565
446	441	0.792629
446	442	1.258881
446	445	2.869565
446	447	3.608696
447	440	0.792629
447	441	1.538633
447	446	3.608696
447	448	3.565217
448	438	0.217391
448	439	0.792629
448	440	1.445382
448	447	3.565217
448	449	3.496893
448	550	0.086957
448	551	0.086957
449	436	0.047673
449	438	0.652753
449	439	0.050000
449	448	3.496893
449	450	4.196272
449	551	0.699379
449	552	0.279751
450	433	0.266733
450	435	1.217391
450	436	0.266733
450	437	0.222277
450	438	0.130435
450	449	4.196272
450	451	1.538633
450	452	3.600889
451	432	3.077266
451	433	1.573213
451	435	0.373002
451	450	1.538633
451	452	2.860388
451	453	0.905789
451	454	0.238366
452	432	0.044455
452	433	0.318182
452	436	0.454545
452	437	0.090909
452	450	3.600889
452	451	2.860388
452	453	3.227273
453	432	0.622376
453	433	0.181818
453	436	1.363636
453	451	0.905789
453	452	3.227273
453	454	4.863636
454	432	0.800198
454	451	0.238366
454	453	4.863636
454	455	4.719640
455	431	0.979130
455	432	0.233126
455	454	4.719640
455	456	2.550000
456	429	0.046625
456	430	0.715097
456	431	1.585258
456	455	2.550000
456	457	3.750000
457	428	0.046625
457	429	0.839254
457	430	0.619751
457	456	3.750000
457	458	3.000000
458	428	0.932505
458	429	1.538633
458	457	3.000000
458	459	3.250000
458	506	0.047673
459	428	1.025755
459	458	3.250000
459	460	4.382773
459	506	0.810443
460	459	4.382773
460	461	1.422574
460	504	0.826087
460	505	2.564388
460	506	0.844653
460	507	0.622376
461	460	1.422574
461	462	3.000000
461	504	0.622376
461	505	0.715097
461	507	3.227273
462	461	3.000000
462	463	4.195235
462	504	0.800198
462	505	1.954598
463	462	4.195235
463	464	3.150000
463	503	0.979130
463	504	0.419627
464	463	3.150000
464	465	2.900000
464	502	0.792629
464	503	2.004885
465	464	2.900000
465	466	2.704264
465	501	0.792629
465	502	1.585258
466	465	2.704264
466	467	4.521739
466	500	0.792629
466	501	2.826087
467	466	4.521739
467	468	4.565217
467	498	0.044455
467	499	0.419627
467	500	1.305507
468	467	4.565217
468	469	1.333663
468	496	3.739130
468	497	0.839254
468	498	0.755742
468	499	0.233126
469	468	1.333663
469	470	3.289446
469	495	0.666831
469	496	0.533465
469	497	0.858116
469	498	2.590909
470	469	3.289446
470	471	3.963145
470	492	0.046625
470	495	0.186501
471	470	3.963145
471	472	1.600395
471	473	0.133366
471	492	2.652174
471	493	0.311188
471	494	1.025755
471	495	0.565217
472	471	1.600395
472	473	2.727273
472	491	1.525540
472	492	3.467523
473	471	0.133366
473	472	2.727273
473	474	5.045455
473	489	0.045455
473	490	0.190693
473	491	0.810443
474	473	5.045455
474	475	4.528947
474	489	0.090909
474	490	0.572078
474	491	0.476731
475	405	0.333712
475	474	4.528947
475	476	3.000000
475	489	0.333712
475	490	0.300000
476	404	0.047673
476	405	0.143019
476	475	3.000000
476	477	3.150000
476	487	0.046625
476	488	0.792629
476	489	0.953463
477	476	3.150000
477	478	2.350000
477	487	0.792629
477	488	1.165631
478	477	2.350000
478	479	3.150000
478	486	0.746004
478	487	1.445382
479	478	3.150000
479	480	3.776644
479	482	0.046625
479	485	0.699379
479	486	1.585258
480	479	3.776644
480	481	1.511484
480	482	0.956522
480	483	1.173913
480	484	0.889108
480	485	1.043478
481	480	1.511484
481	482	1.244752
481	483	2.711781
482	479	0.046625
482	480	0.956522
482	481	1.244752
482	483	1.043478
483	480	1.173913
483	481	2.711781
483	482	1.043478
483	484	4.312176
484	480	0.889108
484	483	4.312176
484	485	4.489998
485	479	0.699379
485	480	1.043478
485	484	4.489998
485	486	3.608696
486	478	0.746004
486	479	1.585258
486	485	3.608696
486	487	3.695652
487	476	0.046625
487	477	0.792629
487	478	1.445382
487	486	3.695652
487	488	3.826087
488	476	0.792629
488	477	1.165631
488	487	3.826087
488	489	4.045443
489	473	0.045455
489	474	0.090909
489	475	0.333712
489	476	0.953463
489	488	4.045443
489	490	2.622022
490	473	0.190693
490	474	0.572078
490	475	0.300000
490	489	2.622022
490	491	2.950000
491	472	1.525540
491	473	0.810443
491	474	0.476731
491	490	2.950000
491	492	0.979130
492	470	0.046625
492	471	2.652174
492	472	3.467523
492	491	0.979130
492	493	1.778217
492	494	0.373002
492	495	0.043478
493	413	0.355643
493	414	0.133366
493	471	0.311188
493	492	1.778217
493	494	4.195235
494	414	0.419627
494	415	0.476731
494	471	1.025755
494	492	0.373002
494	493	4.195235
494	495	3.217142
495	415	0.222277
495	469	0.666831
495	470	0.186501
495	471	0.565217
495	492	0.043478
495	494	3.217142
495	496	1.478261
495	497	3.263767
496	468	3.739130
496	469	0.533465
496	495	1.478261
496	497	1.725134
497	468	0.839254
497	469	0.858116
497	495	3.263767
497	496	1.725134
497	498	2.860388
498	467	0.044455
498	468	0.755742
498	469	2.590909
498	497	2.860388
498	499	5.577756
499	467	0.419627
499	468	0.233126
499	498	5.577756
499	500	2.350000
500	466	0.792629
500	467	1.305507
500	499	2.350000
500	501	2.937390
501	465	0.792629
501	466	2.826087
501	500	2.937390
501	502	4.391304
502	464	0.792629
502	465	1.585258
502	501	4.391304
502	503	3.956522
503	463	0.979130
503	464	2.004885
503	502	3.956522
503	504	4.173913
504	460	0.826087
504	461	0.622376
504	462	0.800198
504	463	0.419627
504	503	4.173913
504	505	2.004885
505	460	2.564388
505	461	0.715097
505	462	1.954598
505	504	2.004885
505	506	1.096482
505	507	0.667424
506	427	0.238366
506	428	4.223265
506	458	0.047673
506	459	0.810443
506	460	0.844653
506	505	1.096482
506	507	4.090909
507	426	0.095346
507	427	0.333712
507	460	0.622376
507	461	3.227273
507	505	0.667424
507	506	4.090909
507	508	1.096482
508	426	0.500000
508	427	1.550000
508	507	1.096482
508	509	1.906925
508	557	0.667424
509	426	0.047673
509	427	0.762770
509	508	1.906925
509	510	2.934058
509	556	1.111386
509	557	3.090909
510	509	2.934058
510	511	3.730019
510	554	0.130435
510	555	0.885880
510	556	1.739130
510	557	0.489010
510	558	0.217391
510	559	0.139876
511	510	3.730019
511	512	2.937390
511	554	0.792629
511	555	0.150000
511	558	0.139876
511	559	1.300000
511	560	0.093250
512	511	2.937390
512	513	4.802400
512	519	0.088911
512	553	0.746004
512	554	2.434783
512	559	0.279751
512	560	1.304348
513	512	4.802400
513	514	2.850000
513	519	0.095346
513	520	0.572078
513	552	0.746004
513	553	0.500000
514	513	2.850000
514	515	1.072381
514	520	2.526676
514	521	0.600000
514	544	0.050000
514	551	0.746004
514	552	1.492008
515	514	1.072381
515	516	3.565217
515	521	0.093250
515	535	0.046625
515	536	0.746004
515	544	1.445382
515	545	4.045443
516	515	3.565217
516	517	4.709149
516	518	0.046625
516	534	0.434783
516	535	0.792629
516	536	0.699379
516	544	0.093250
517	516	4.709149
517	518	4.100000
517	519	0.190693
517	534	0.792629
518	516	0.046625
518	517	4.100000
518	519	1.906925
518	520	0.143019
518	534	0.046625
519	512	0.088911
519	513	0.095346
519	517	0.190693
519	518	1.906925
519	520	3.727273
519	553	1.048809
519	554	0.311188
520	513	0.572078
520	514	2.526676
520	518	0.143019
520	519	3.727273
520	521	1.239501
520	551	0.044455
520	552	0.978019
520	553	1.191828
521	514	0.600000
521	515	0.093250
521	520	1.239501
521	522	3.800000
521	544	0.250000
521	549	0.047673
521	550	0.746004
521	551	0.885880
522	441	0.150000
522	521	3.800000
522	523	3.400000
522	544	0.100000
522	549	0.715097
522	550	1.025755
523	441	0.700000
523	442	0.200000
523	522	3.400000
523	524	3.600000
523	547	0.046625
523	548	0.979130
523	549	0.953463
524	523	3.600000
524	525	3.263767
524	547	0.792629
524	548	0.885880
525	524	3.263767
525	526	4.802400
525	543	0.311188
525	546	0.792629
525	547	2.739130
526	525	4.802400
526	527	3.869895
526	529	0.400000
526	542	0.047673
526	543	0.953463
526	546	0.050000
527	333	0.556038
527	526	3.869895
527	528	0.932505
527	529	1.165631
527	539	0.217391
527	540	0.434783
527	541	2.424513
527	542	0.400099
527	543	0.577920
528	199	0.809040
528	318	0.059761
528	335	0.141421
528	527	0.932505
528	529	1.850000
528	539	3.077266
528	540	3.496893
528	1488	0.095346
529	199	0.067420
529	318	0.059761
529	319	0.670820
529	321	0.745356
529	526	0.400000
529	527	1.165631
529	528	1.850000
529	530	4.528947
529	539	0.326377
529	543	0.095346
530	529	4.528947
530	531	3.689800
530	539	0.444554
530	543	0.272727
530	546	0.858116
531	530	3.689800
531	532	3.170516
531	538	0.792629
531	539	1.130435
531	546	0.932505
531	547	0.130435
532	531	3.170516
532	533	4.290582
532	537	0.792629
532	538	0.950000
532	546	0.550000
532	547	0.093250
533	532	4.290582
533	534	1.200296
533	535	0.190693
533	537	0.311188
534	516	0.434783
534	517	0.792629
534	518	0.046625
534	533	1.200296
534	535	3.963145
535	515	0.046625
535	516	0.792629
535	533	0.190693
535	534	3.963145
535	536	2.700000
536	515	0.746004
536	516	0.699379
536	535	2.700000
536	537	1.865010
536	545	0.143019
536	917	0.190693
536	918	0.047673
537	532	0.792629
537	533	0.311188
537	536	1.865010
537	538	3.496893
537	545	0.666831
537	917	0.044455
537	918	0.044455
538	531	0.792629
538	532	0.950000
538	537	3.496893
538	539	1.678509
538	543	0.095346
538	545	1.811579
539	527	0.217391
539	528	3.077266
539	529	0.326377
539	530	0.444554
539	531	1.130435
539	538	1.678509
539	540	1.130435
539	543	1.200296
540	199	0.188608
540	212	0.251478
540	331	0.060193
540	527	0.434783
540	528	3.496893
540	539	1.130435
540	541	0.979130
540	1488	0.222277
541	212	0.674200
541	329	0.223607
541	331	0.774597
541	333	0.223607
541	527	2.424513
541	540	0.979130
541	542	1.430194
542	329	0.284268
542	526	0.047673
542	527	0.400099
542	541	1.430194
542	543	0.863636
542	1208	0.088911
542	1209	0.266733
543	525	0.311188
543	526	0.953463
543	527	0.577920
543	529	0.095346
543	530	0.272727
543	538	0.095346
543	539	1.200296
543	542	0.863636
543	544	1.477867
543	545	0.590909
543	546	2.717368
544	514	0.050000
544	515	1.445382
544	516	0.093250
544	521	0.250000
544	522	0.100000
544	543	1.477867
544	545	1.287174
545	515	4.045443
545	536	0.143019
545	537	0.666831
545	538	1.811579
545	543	0.590909
545	544	1.287174
545	546	1.620886
546	525	0.792629
546	526	0.050000
546	530	0.858116
546	531	0.932505
546	532	0.550000
546	543	2.717368
546	545	1.620886
546	547	3.310392
547	523	0.046625
547	524	0.792629
547	525	2.739130
547	531	0.130435
547	532	0.093250
547	546	3.310392
547	548	3.304348
548	523	0.979130
548	524	0.885880
548	547	3.304348
548	549	4.445542
549	440	0.095346
549	521	0.047673
549	522	0.715097
549	523	0.953463
549	548	4.445542
549	550	4.089899
550	439	0.139876
550	440	1.212256
550	448	0.086957
550	521	0.746004
550	522	1.025755
550	549	4.089899
550	551	4.826087
551	448	0.086957
551	449	0.699379
551	514	0.746004
551	520	0.044455
551	521	0.885880
551	550	4.826087
551	552	3.782609
552	449	0.279751
552	513	0.746004
552	514	1.492008
552	520	0.978019
552	551	3.782609
552	553	3.683394
553	512	0.746004
553	513	0.500000
553	519	1.048809
553	520	1.191828
553	552	3.683394
553	554	2.797514
554	510	0.130435
554	511	0.792629
554	512	2.434783
554	519	0.311188
554	553	2.797514
554	555	4.662524
554	559	0.233126
554	560	0.086957
555	510	0.885880
555	511	0.150000
555	554	4.662524
555	556	3.263767
555	558	0.093250
555	559	0.650000
556	509	1.111386
556	510	1.739130
556	555	3.263767
556	557	1.244752
556	558	0.869565
556	559	0.279751
557	419	0.500000
557	425	0.095346
557	426	0.143019
557	508	0.667424
557	509	3.090909
557	510	0.489010
557	556	1.244752
557	558	2.222771
558	419	1.867128
558	423	0.046625
558	510	0.217391
558	511	0.139876
558	555	0.093250
558	556	0.869565
558	557	2.222771
558	559	4.056396
559	510	0.139876
559	511	1.300000
559	512	0.279751
559	554	0.233126
559	555	0.650000
559	556	0.279751
559	558	4.056396
559	560	3.030641
560	511	0.093250
560	512	1.304348
560	554	0.086957
560	559	3.030641
560	561	4.009771
561	560	4.009771
561	562	3.650000
562	561	3.650000
562	563	3.051080
563	562	3.051080
563	564	4.338255
564	563	4.338255
564	565	2.850000
565	564	2.850000
565	566	3.300000
566	565	3.300000
566	567	2.797514
567	566	2.797514
567	568	4.478261
568	567	4.478261
568	569	3.823166
568	570	0.419627
569	568	3.823166
569	570	1.525540
569	571	1.954598
569	572	0.095346
570	568	0.419627
570	569	1.525540
570	571	1.600000
570	572	0.100000
570	573	0.238366
570	576	4.103021
571	569	1.954598
571	570	1.600000
571	572	1.050000
571	573	0.143019
572	569	0.095346
572	570	0.100000
572	571	1.050000
572	573	2.002271
572	888	2.150000
573	570	0.238366
573	571	0.143019
573	572	2.002271
573	574	1.001136
573	575	0.333712
573	576	0.978019
573	577	4.178810
573	888	0.762770
574	573	1.001136
574	575	4.100000
574	576	0.186501
574	577	0.046625
575	573	0.333712
575	574	4.100000
575	576	4.103021
575	577	0.186501
576	570	4.103021
576	573	0.978019
576	574	0.186501
576	575	4.103021
576	577	1.130435
577	573	4.178810
577	574	0.046625
577	575	0.186501
577	576	1.130435
577	578	3.782609
577	584	0.044455
577	887	0.792629
577	888	0.652753
578	577	3.782609
578	579	3.730019
578	583	0.044455
578	584	0.666831
578	885	0.043478
578	886	0.792629
578	887	1.678509
579	578	3.730019
579	580	1.119006
579	581	0.050000
579	584	2.097618
579	585	0.326377
579	885	0.792629
579	886	0.750000
580	579	1.119006
580	581	4.522648
580	829	0.489010
580	830	1.818384
580	869	0.400099
580	870	0.792629
580	877	2.400593
581	579	0.050000
581	580	4.522648
581	582	1.191828
581	829	1.430194
581	868	0.429058
581	869	0.619751
581	870	0.050000
581	921	0.279751
581	922	0.476731
582	581	1.191828
582	583	2.000000
582	584	0.136364
582	829	0.318182
582	868	1.727273
582	919	0.045455
582	920	0.489010
582	921	1.555940
583	578	0.044455
583	582	2.000000
583	584	3.409091
583	887	0.619751
583	888	0.238366
583	890	0.088911
584	577	0.044455
584	578	0.666831
584	579	2.097618
584	582	0.136364
584	583	3.409091
584	585	1.111386
584	885	0.044455
584	886	0.715097
584	887	1.430194
585	579	0.326377
585	584	1.111386
585	586	2.086957
585	830	0.466252
585	831	3.304348
585	884	0.979130
585	885	2.826087
586	585	2.086957
586	587	1.391304
586	588	0.279751
586	768	0.173913
586	769	0.311188
586	770	0.130435
586	827	0.046625
586	884	0.559503
586	885	1.565217
587	586	1.391304
587	588	4.196272
587	739	0.222277
587	774	0.839254
587	775	1.434783
587	823	0.046625
587	826	2.889602
587	827	0.186501
588	586	0.279751
588	587	4.196272
588	589	2.564388
588	738	0.905789
588	739	1.287174
588	773	0.792629
588	774	0.300000
589	588	2.564388
589	590	4.662524
589	738	1.022475
589	771	0.217391
589	772	0.792629
589	773	2.608696
590	589	4.662524
590	591	4.242897
590	771	0.606128
590	772	0.250000
591	590	4.242897
591	592	2.098136
591	768	2.173913
591	769	0.355643
591	770	0.217391
591	771	0.869565
592	591	2.098136
592	593	3.432465
592	768	1.305507
592	769	0.858116
592	770	1.585258
593	592	3.432465
593	594	4.534453
593	768	0.666831
593	769	1.318182
594	593	4.534453
594	595	4.217391
594	767	0.746004
594	768	0.260870
594	883	0.279751
594	884	0.046625
595	594	4.217391
595	596	4.056396
595	765	0.043478
595	766	0.792629
595	767	1.119006
595	882	0.173913
595	883	1.165631
596	595	4.056396
596	597	2.611013
596	765	0.885880
596	766	0.500000
596	882	0.979130
596	883	0.250000
597	596	2.611013
597	598	0.869565
597	655	0.046625
597	763	0.222277
597	764	0.419627
597	765	2.695652
598	597	0.869565
598	599	3.916520
598	660	0.043478
598	661	0.746004
598	662	0.326377
598	663	0.311188
598	763	3.600889
599	598	3.916520
599	600	2.400000
599	660	0.792629
599	661	0.750000
599	663	0.238366
600	599	2.400000
600	601	2.900000
600	659	0.932505
600	660	1.725134
601	600	2.900000
601	602	2.984015
601	658	0.667424
601	659	1.631883
602	601	2.984015
602	603	3.347826
602	656	0.046625
602	657	0.979130
602	658	2.400593
603	602	3.347826
603	604	3.826087
603	656	0.699379
603	657	1.212256
604	603	3.826087
604	605	3.173913
604	606	0.559503
604	655	0.746004
604	656	1.165631
605	604	3.173913
605	606	1.818384
605	607	0.043478
605	608	0.046625
605	650	0.044455
605	651	3.636769
605	653	0.046625
605	654	0.173913
605	655	0.046625
606	604	0.559503
606	605	1.818384
606	607	2.377887
606	608	0.100000
606	654	1.025755
606	655	0.800000
607	605	0.043478
607	606	2.377887
607	608	4.476023
607	651	0.139876
607	652	0.088911
607	653	0.466252
607	654	3.086957
608	605	0.046625
608	606	0.100000
608	607	4.476023
608	609	3.900000
608	649	0.046625
608	650	0.667424
608	652	0.190693
609	608	3.900000
609	610	2.800000
609	649	0.792629
609	650	0.953463
610	609	2.800000
610	611	3.600000
610	648	0.839254
610	649	1.445382
611	610	3.600000
611	612	3.527812
611	647	0.932505
611	648	1.585258
612	611	3.527812
612	613	4.195235
612	645	0.177822
612	646	0.715097
612	647	2.356137
613	612	4.195235
613	614	2.797514
613	645	0.699379
613	646	0.150000
614	613	2.797514
614	615	4.942275
614	643	0.043478
614	644	0.792629
614	645	2.913043
615	614	4.942275
615	616	3.823270
615	643	0.606128
615	644	0.050000
616	615	3.823270
616	617	1.200296
616	641	0.347826
616	642	0.755742
616	643	0.956522
617	616	1.200296
617	618	4.681818
618	617	4.681818
618	619	4.545455
619	618	4.545455
619	620	3.556434
620	619	3.556434
620	621	4.089899
620	635	0.043478
621	620	4.089899
621	622	3.146427
621	638	0.044455
621	639	0.622376
621	640	0.311188
622	621	3.146427
622	623	2.450000
622	638	0.792629
622	639	0.559503
623	622	2.450000
623	624	3.146427
623	637	0.839254
623	638	1.258881
624	623	3.146427
624	625	4.433601
624	635	0.133366
624	636	0.762770
624	637	1.689306
625	624	4.433601
625	626	3.450268
625	635	0.746004
625	636	0.200000
626	625	3.450268
626	627	3.260870
626	634	0.792629
626	635	2.608696
627	626	3.260870
627	628	3.450268
627	631	0.044455
627	633	0.792629
627	634	1.725134
628	627	3.450268
628	629	1.100000
628	630	0.300000
628	631	0.476731
628	632	0.667424
628	633	0.550000
629	628	1.100000
629	630	1.400000
630	424	0.839254
630	628	0.300000
630	629	1.400000
630	631	4.624294
631	423	0.810443
631	424	0.489010
631	627	0.044455
631	628	0.476731
631	630	4.624294
631	632	4.000000
632	422	0.286039
632	423	0.810443
632	628	0.667424
632	631	4.000000
632	633	4.099889
633	627	0.792629
633	628	0.550000
633	632	4.099889
633	634	3.250000
634	626	0.792629
634	627	1.725134
634	633	3.250000
634	635	3.077266
635	620	0.043478
635	624	0.133366
635	625	0.746004
635	626	2.608696
635	634	3.077266
635	636	4.615899
636	624	0.762770
636	625	0.200000
636	635	4.615899
636	637	3.357017
637	623	0.839254
637	624	1.689306
637	636	3.357017
637	638	3.521739
638	621	0.044455
638	622	0.792629
638	623	1.258881
638	637	3.521739
638	639	3.956522
639	621	0.622376
639	622	0.559503
639	638	3.956522
639	640	4.478261
640	621	0.311188
640	639	4.478261
640	641	4.043478
641	616	0.347826
641	640	4.043478
641	642	2.044949
642	616	0.755742
642	641	2.044949
642	643	4.178810
643	614	0.043478
643	615	0.606128
643	616	0.956522
643	642	4.178810
643	644	3.869895
644	614	0.792629
644	615	0.050000
644	643	3.869895
644	645	2.098136
645	612	0.177822
645	613	0.699379
645	614	2.913043
645	644	2.098136
645	646	4.289522
646	612	0.715097
646	613	0.150000
646	645	4.289522
646	647	2.797514
647	611	0.932505
647	612	2.356137
647	646	2.797514
647	648	4.434783
648	610	0.839254
648	611	1.585258
648	647	4.434783
648	649	3.869565
649	608	0.046625
649	609	0.792629
649	610	1.445382
649	648	3.869565
649	650	4.000988
650	605	0.044455
650	608	0.667424
650	609	0.953463
650	649	4.000988
650	651	3.432465
650	652	0.045455
651	605	3.636769
651	607	0.139876
651	650	3.432465
651	652	1.954598
651	653	0.050000
652	607	0.088911
652	608	0.190693
652	650	0.045455
652	651	1.954598
652	653	4.290582
653	605	0.046625
653	607	0.466252
653	651	0.050000
653	652	4.290582
653	654	2.238012
654	605	0.173913
654	606	1.025755
654	607	3.086957
654	653	2.238012
654	655	4.895650
655	597	0.046625
655	604	0.746004
655	605	0.046625
655	606	0.800000
655	654	4.895650
655	656	3.700000
656	602	0.046625
656	603	0.699379
656	604	1.165631
656	655	3.700000
656	657	3.300000
657	602	0.979130
657	603	1.212256
657	656	3.300000
657	658	2.812715
658	601	0.667424
658	602	2.400593
658	657	2.812715
658	659	4.000988
659	600	0.932505
659	601	1.631883
659	658	4.000988
659	660	3.869565
660	598	0.043478
660	599	0.792629
660	600	1.725134
660	659	3.869565
660	661	3.590144
661	598	0.746004
661	599	0.750000
661	660	3.590144
661	662	3.500000
661	663	0.095346
661	762	0.139876
661	763	0.238366
662	598	0.326377
662	661	3.500000
662	663	1.906925
662	664	0.279751
662	762	3.123891
662	763	0.762770
663	598	0.311188
663	599	0.238366
663	661	0.095346
663	662	1.906925
663	664	1.244752
663	763	0.136364
664	662	0.279751
664	663	1.244752
664	665	4.401087
664	762	0.260870
664	763	3.912077
664	764	0.839254
664	765	0.347826
665	664	4.401087
665	666	4.290582
665	761	0.667424
665	762	0.400099
665	764	0.476731
665	765	0.355643
666	665	4.290582
666	667	2.657639
666	760	0.792629
666	761	0.500000
667	666	2.657639
667	668	3.478261
667	759	0.792629
667	760	2.739130
668	667	3.478261
668	669	4.615899
668	756	0.222277
668	757	0.792629
668	759	1.865010
669	668	4.615899
669	670	3.123891
669	756	0.667424
669	757	0.150000
670	669	3.123891
670	671	4.608696
670	755	0.885880
670	756	2.178316
671	670	4.608696
671	672	2.956522
671	754	0.792629
671	755	1.352132
672	671	2.956522
672	673	3.156335
672	753	0.746004
672	754	1.492008
672	845	0.093250
672	846	0.391304
673	672	3.156335
673	674	4.223265
673	752	0.577920
673	753	0.238366
673	845	0.667424
673	846	0.177822
674	673	4.223265
674	675	1.022475
674	676	0.695652
674	735	0.478261
674	736	0.979130
674	737	0.043478
674	751	0.739130
674	752	1.217391
675	674	1.022475
675	676	1.155841
675	677	0.044455
675	734	0.577920
675	735	1.333663
675	742	2.765042
675	743	4.272727
676	674	0.695652
676	675	1.155841
676	677	3.478261
676	735	0.217391
676	736	0.932505
676	737	0.086957
676	741	0.130435
676	742	0.186501
676	750	0.652753
676	751	3.260870
677	675	0.044455
677	676	3.478261
677	678	3.869565
677	742	0.512878
677	749	0.746004
677	750	1.445382
678	677	3.869565
678	679	4.056396
678	747	0.044455
678	748	0.792629
678	749	1.538633
679	678	4.056396
679	680	2.984015
679	747	0.667424
679	748	0.300000
679	817	0.047673
680	679	2.984015
680	681	4.043478
680	746	0.699379
680	747	1.911583
681	680	4.043478
681	682	3.730019
681	745	0.932505
681	746	1.398757
682	681	3.730019
682	683	2.238012
682	744	0.606128
682	745	0.600000
683	682	2.238012
683	684	3.956522
683	726	0.133366
683	727	0.792629
683	744	2.913043
684	683	3.956522
684	685	3.378612
684	725	0.044455
684	726	0.622376
684	727	0.512878
685	684	3.378612
685	686	4.363636
685	724	0.044455
685	725	0.454545
685	726	0.727273
686	685	4.363636
686	687	3.956870
686	723	0.133366
686	724	0.622376
686	725	0.545455
687	686	3.956870
687	688	4.050000
687	722	0.047673
687	723	0.652753
687	724	0.652753
687	787	0.238366
687	788	0.373002
688	687	4.050000
688	689	3.650000
688	721	0.046625
688	722	0.667424
688	723	0.559503
688	787	0.715097
688	788	0.839254
689	688	3.650000
689	690	3.800000
689	721	0.792629
689	722	0.619751
690	689	3.800000
690	691	2.850000
690	720	0.792629
690	721	1.398757
691	690	2.850000
691	692	2.471138
691	719	0.792629
691	720	1.445382
692	691	2.471138
692	693	4.391304
692	718	0.979130
692	719	2.695652
693	692	4.391304
693	694	4.445542
693	717	0.792629
693	718	1.678509
694	693	4.445542
694	695	4.045443
694	714	0.045455
694	716	0.363636
694	717	0.524404
695	694	4.045443
695	696	2.844140
695	713	0.260870
695	714	0.489010
695	715	0.233126
695	716	0.489010
696	695	2.844140
696	697	2.860388
696	713	1.352132
696	714	0.905789
696	715	0.250000
697	696	2.860388
697	698	2.356137
697	710	0.711287
697	711	1.620886
697	713	0.666831
697	714	2.090909
698	697	2.356137
698	699	4.196272
698	708	0.043478
698	709	0.746004
698	710	2.652174
698	714	0.800198
698	715	0.046625
699	698	4.196272
699	700	4.242897
699	708	0.792629
699	709	0.250000
699	714	0.429058
699	715	0.950000
700	699	4.242897
700	701	4.956522
700	706	0.177822
700	707	0.233126
700	708	1.000000
700	715	0.093250
701	700	4.956522
701	702	2.890765
701	705	0.133366
701	706	0.755742
701	807	0.746004
701	808	0.173913
702	701	2.890765
702	703	1.119006
702	704	1.716233
702	705	1.096482
702	806	0.150000
702	807	0.250000
703	702	1.119006
703	704	5.423562
703	797	0.044455
703	798	0.139876
704	702	1.716233
704	703	5.423562
704	705	3.590909
704	797	0.227273
705	701	0.133366
705	702	1.096482
705	704	3.590909
705	706	4.590909
705	796	0.311188
705	797	0.500000
705	807	0.190693
706	700	0.177822
706	701	0.755742
706	705	4.590909
706	707	3.623158
706	796	0.889108
706	797	0.181818
706	807	0.476731
707	700	0.233126
707	706	3.623158
707	708	3.170516
707	795	0.373002
707	796	1.025755
707	807	0.200000
707	808	0.932505
708	698	0.043478
708	699	0.792629
708	700	1.000000
708	707	3.170516
708	709	4.429398
708	808	0.173913
709	698	0.746004
709	699	0.250000
709	708	4.429398
709	710	3.217142
709	714	0.095346
710	697	0.711287
710	698	2.652174
710	709	3.217142
710	711	1.212256
710	713	0.173913
710	714	0.844653
711	697	1.620886
711	710	1.212256
711	712	1.334848
711	713	3.170516
712	711	1.334848
712	713	1.111386
712	3386	0.444554
712	3388	3.363636
712	3426	0.190693
713	695	0.260870
713	696	1.352132
713	697	0.666831
713	710	0.173913
713	711	3.170516
713	712	1.111386
713	714	1.022475
714	694	0.045455
714	695	0.489010
714	696	0.905789
714	697	2.090909
714	698	0.800198
714	699	0.429058
714	709	0.095346
714	710	0.844653
714	713	1.022475
714	715	4.528947
715	695	0.233126
715	696	0.250000
715	698	0.046625
715	699	0.950000
715	700	0.093250
715	714	4.528947
715	716	4.052216
716	694	0.363636
716	695	0.489010
716	715	4.052216
716	717	2.002271
717	693	0.792629
717	694	0.524404
717	716	2.002271
717	718	2.950000
718	692	0.979130
718	693	1.678509
718	717	2.950000
718	719	2.750889
719	691	0.792629
719	692	2.695652
719	718	2.750889
719	720	3.869565
720	690	0.792629
720	691	1.445382
720	719	3.869565
720	721	3.782609
721	688	0.046625
721	689	0.792629
721	690	1.398757
721	720	3.782609
721	722	3.867622
722	687	0.047673
722	688	0.667424
722	689	0.619751
722	721	3.867622
722	723	4.401087
722	4425	0.213201
723	686	0.133366
723	687	0.652753
723	688	0.559503
723	722	4.401087
723	724	3.869565
723	786	0.130435
723	787	0.222277
723	4425	0.278019
724	685	0.044455
724	686	0.622376
724	687	0.652753
724	723	3.869565
724	725	4.356631
724	785	0.130435
724	786	0.304348
724	787	1.733761
725	684	0.044455
725	685	0.454545
725	686	0.545455
725	724	4.356631
725	726	3.227273
725	787	0.954545
725	815	0.810443
726	683	0.133366
726	684	0.622376
726	685	0.727273
726	725	3.227273
726	727	3.670831
726	815	0.286039
727	683	0.792629
727	684	0.512878
727	726	3.670831
727	728	0.932505
727	743	0.095346
727	744	1.725134
728	727	0.932505
728	729	3.543518
728	730	0.233126
728	731	0.043478
728	743	0.088911
728	744	0.043478
729	728	3.543518
729	730	3.300000
729	731	0.139876
730	728	0.233126
730	729	3.300000
730	731	4.522648
730	732	0.047673
731	728	0.043478
731	729	0.139876
731	730	4.522648
731	732	3.200790
731	743	1.689306
732	730	0.047673
732	731	3.200790
732	733	1.668560
732	734	4.000988
732	743	0.545455
733	732	1.668560
733	734	1.025755
733	859	0.046625
734	675	0.577920
734	732	4.000988
734	733	1.025755
734	735	3.652174
734	743	0.489010
734	844	0.186501
734	857	0.043478
734	858	0.043478
735	674	0.478261
735	675	1.333663
735	676	0.217391
735	734	3.652174
735	736	3.869895
735	742	0.746004
735	844	0.186501
735	857	0.130435
735	858	0.391304
736	674	0.979130
736	676	0.932505
736	735	3.869895
736	737	3.077266
736	741	0.792629
736	742	0.150000
736	751	0.046625
736	752	0.186501
736	857	0.046625
737	674	0.043478
737	676	0.086957
737	736	3.077266
737	738	1.333663
737	739	1.600395
737	740	0.434783
737	741	2.043478
737	751	0.086957
737	752	0.347826
737	753	0.139876
738	588	0.905789
738	589	1.022475
738	737	1.333663
738	739	3.818182
738	752	0.133366
738	773	0.088911
739	587	0.222277
739	588	1.287174
739	737	1.600395
739	738	3.818182
739	740	3.334157
739	774	0.524404
739	775	0.222277
739	826	0.090909
739	827	0.047673
740	737	0.434783
740	739	3.334157
740	741	3.086957
740	775	0.826087
740	776	0.889108
740	824	0.355643
740	826	0.044455
741	676	0.130435
741	736	0.792629
741	737	2.043478
741	740	3.086957
741	742	4.009771
741	776	0.933564
741	824	0.088911
741	1522	0.086957
742	675	2.765042
742	676	0.186501
742	677	0.512878
742	735	0.746004
742	736	0.150000
742	741	4.009771
742	743	1.144155
743	675	4.272727
743	727	0.095346
743	728	0.088911
743	731	1.689306
743	732	0.545455
743	734	0.489010
743	742	1.144155
743	744	0.889108
744	682	0.606128
744	683	2.913043
744	727	1.725134
744	728	0.043478
744	743	0.889108
744	745	4.196272
745	681	0.932505
745	682	0.600000
745	744	4.196272
745	746	3.500000
746	680	0.699379
746	681	1.398757
746	745	3.500000
746	747	3.003407
747	678	0.044455
747	679	0.667424
747	680	1.911583
747	746	3.003407
747	748	4.528947
748	678	0.792629
748	679	0.300000
748	747	4.528947
748	749	3.200000
749	677	0.746004
749	678	1.538633
749	748	3.200000
749	750	2.950000
750	676	0.652753
750	677	1.445382
750	749	2.950000
750	751	1.631883
751	674	0.739130
751	676	3.260870
751	736	0.046625
751	737	0.086957
751	750	1.631883
751	752	4.478261
752	673	0.577920
752	674	1.217391
752	736	0.186501
752	737	0.347826
752	738	0.133366
752	751	4.478261
752	753	4.382773
753	672	0.746004
753	673	0.238366
753	737	0.139876
753	752	4.382773
753	754	2.650000
754	671	0.792629
754	672	1.492008
754	753	2.650000
754	755	2.650000
754	855	0.139876
754	856	0.652753
755	670	0.885880
755	671	1.352132
755	754	2.650000
755	756	2.908061
755	846	0.792629
755	847	0.233126
755	855	0.699379
755	856	0.233126
756	668	0.222277
756	669	0.667424
756	670	2.178316
756	755	2.908061
756	757	3.623158
756	847	0.444554
757	668	0.792629
757	669	0.150000
757	756	3.623158
757	758	2.800000
757	759	0.550000
758	757	2.800000
758	759	1.900000
759	667	0.792629
759	668	1.865010
759	757	0.550000
759	758	1.900000
759	760	1.865010
760	666	0.792629
760	667	2.739130
760	759	1.865010
760	761	3.916520
761	665	0.667424
761	666	0.500000
761	760	3.916520
761	762	3.776644
761	764	0.250000
762	661	0.139876
762	662	3.123891
762	664	0.260870
762	665	0.400099
762	761	3.776644
762	763	1.022475
762	764	0.792629
763	597	0.222277
763	598	3.600889
763	661	0.238366
763	662	0.762770
763	663	0.136364
763	664	3.912077
763	762	1.022475
763	764	2.097618
764	597	0.419627
764	664	0.839254
764	665	0.476731
764	761	0.250000
764	762	0.792629
764	763	2.097618
764	765	1.352132
765	595	0.043478
765	596	0.885880
765	597	2.695652
765	664	0.347826
765	665	0.355643
765	764	1.352132
765	766	4.242897
766	595	0.792629
766	596	0.500000
766	765	4.242897
766	767	3.450000
766	833	0.419627
766	882	0.093250
767	594	0.746004
767	595	1.119006
767	766	3.450000
767	768	3.776644
767	831	0.233126
767	832	0.700000
767	833	0.466252
767	882	0.139876
767	883	1.000000
767	884	0.100000
768	586	0.173913
768	591	2.173913
768	592	1.305507
768	593	0.666831
768	594	0.260870
768	767	3.776644
768	769	1.066930
768	831	0.260870
768	883	0.046625
768	884	0.652753
769	586	0.311188
769	591	0.355643
769	592	0.858116
769	593	1.318182
769	768	1.066930
769	770	3.378612
769	884	0.333712
769	885	0.222277
770	586	0.130435
770	591	0.217391
770	592	1.585258
770	769	3.378612
770	771	2.956522
771	589	0.217391
771	590	0.606128
771	591	0.869565
771	770	2.956522
771	772	5.128776
772	589	0.792629
772	590	0.250000
772	771	5.128776
772	773	2.471138
773	588	0.792629
773	589	2.608696
773	738	0.088911
773	772	2.471138
773	774	4.569274
774	587	0.839254
774	588	0.300000
774	739	0.524404
774	773	4.569274
774	775	4.009771
775	587	1.434783
775	739	0.222277
775	740	0.826087
775	774	4.009771
775	776	0.978019
775	822	2.284637
775	823	0.373002
775	824	0.044455
775	826	0.400099
776	740	0.889108
776	741	0.933564
776	775	0.978019
776	777	4.727273
776	823	0.572078
776	824	2.545455
776	1507	0.133366
776	1521	0.800198
776	1522	0.088911
777	776	4.727273
777	778	4.772727
777	823	0.619751
777	1507	0.711287
777	1508	0.286039
777	1520	0.619751
777	1521	0.666831
778	777	4.772727
778	779	3.511978
778	813	0.044455
778	814	0.333712
778	821	0.238366
778	1507	0.088911
778	1508	1.001136
778	1509	0.272727
778	1519	0.355643
778	1520	0.429058
779	778	3.511978
779	780	3.776644
779	812	0.088911
779	813	0.434783
779	819	0.043478
779	820	0.792629
779	821	0.885880
779	903	0.046625
779	904	0.355643
779	905	0.044455
779	1508	0.046625
779	1509	0.533465
780	779	3.776644
780	781	2.238012
780	819	0.885880
780	820	0.550000
780	903	0.950000
780	904	0.476731
781	780	2.238012
781	782	3.730019
781	817	0.133366
781	818	0.885880
781	819	2.956522
781	903	0.186501
782	781	3.730019
782	783	3.310392
782	817	0.762770
782	818	0.150000
783	782	3.310392
783	784	3.869565
783	816	0.979130
783	817	1.733761
783	3333	0.046625
784	783	3.869565
784	785	4.565217
784	815	0.792629
784	816	1.911635
785	724	0.130435
785	784	4.565217
785	786	4.260870
785	813	0.043478
785	814	0.186501
785	815	0.559503
786	723	0.130435
786	724	0.304348
786	785	4.260870
786	787	1.244752
786	788	0.043478
786	812	0.400099
786	813	0.217391
786	814	0.186501
787	687	0.238366
787	688	0.715097
787	723	0.222277
787	724	1.733761
787	725	0.954545
787	786	1.244752
787	788	4.845641
788	687	0.373002
788	688	0.839254
788	786	0.043478
788	787	4.845641
788	789	4.895650
788	813	0.217391
788	814	0.699379
789	788	4.895650
789	790	4.004543
789	813	0.792629
789	814	0.250000
789	1520	0.050000
790	789	4.004543
790	791	1.045455
790	810	1.022475
790	811	1.191828
790	812	0.681818
790	813	0.844653
790	1519	0.577920
790	1520	0.047673
791	790	1.045455
791	792	3.090909
791	810	0.444554
791	811	0.953463
791	812	1.818182
791	1509	0.227273
791	1510	0.810443
791	1517	0.177822
791	1518	0.953463
791	1519	0.889108
792	791	3.090909
792	793	4.195235
792	804	0.181818
792	810	0.666831
792	811	2.335983
792	1510	0.524404
792	1511	0.858116
792	1517	0.266733
792	1518	0.238366
793	792	4.195235
793	794	2.500000
793	804	0.047673
793	809	0.792629
793	810	0.279751
793	1511	0.450000
793	1512	0.046625
793	3376	0.700000
793	3377	0.050000
794	793	2.500000
794	795	2.937390
794	808	0.792629
794	809	1.585258
794	3376	0.150000
794	3377	0.350000
795	707	0.373002
795	794	2.937390
795	796	3.304348
795	807	0.746004
795	808	2.782609
796	705	0.311188
796	706	0.889108
796	707	1.025755
796	795	3.304348
796	797	4.445542
796	806	0.792629
796	807	1.865010
797	703	0.044455
797	704	0.227273
797	705	0.500000
797	706	0.181818
797	796	4.445542
797	798	3.670831
797	802	0.181818
797	803	0.143019
797	805	0.095346
797	806	0.524404
798	703	0.139876
798	797	3.670831
798	799	3.400000
798	802	0.572078
798	804	0.143019
798	805	0.200000
799	798	3.400000
799	800	1.191828
799	801	2.331262
799	802	0.619751
800	799	1.191828
800	801	4.401087
800	1493	0.355643
800	1494	0.429058
800	3453	0.044455
801	799	2.331262
801	800	4.401087
801	802	2.800692
801	1493	0.391304
801	1494	0.419627
802	797	0.181818
802	798	0.572078
802	799	0.619751
802	801	2.800692
802	803	1.191828
802	804	3.409091
802	805	0.047673
802	1494	0.095346
803	797	0.143019
803	802	1.191828
803	804	1.287174
803	1512	1.538633
803	1513	0.606128
804	792	0.181818
804	793	0.047673
804	798	0.143019
804	802	3.409091
804	803	1.287174
804	805	3.813850
804	1502	0.619751
804	1517	0.800198
804	1518	0.190693
805	797	0.095346
805	798	0.200000
805	802	0.047673
805	804	3.813850
805	806	2.250000
805	1502	1.950000
805	1517	0.046625
805	1518	0.350000
806	702	0.150000
806	796	0.792629
806	797	0.524404
806	805	2.250000
806	807	2.900000
807	701	0.746004
807	702	0.250000
807	705	0.190693
807	706	0.476731
807	707	0.200000
807	795	0.746004
807	796	1.865010
807	806	2.900000
807	808	1.958260
808	701	0.173913
808	707	0.932505
808	708	0.173913
808	794	0.792629
808	795	2.782609
808	807	1.958260
808	809	3.565217
809	793	0.792629
809	794	1.585258
809	808	3.565217
809	810	4.000000
810	790	1.022475
810	791	0.444554
810	792	0.666831
810	793	0.279751
810	809	4.000000
810	811	1.678509
811	790	1.191828
811	791	0.953463
811	792	2.335983
811	810	1.678509
811	812	3.337119
812	779	0.088911
812	786	0.400099
812	790	0.681818
812	791	1.818182
812	811	3.337119
812	813	4.401087
813	778	0.044455
813	779	0.434783
813	785	0.043478
813	786	0.217391
813	788	0.217391
813	789	0.792629
813	790	0.844653
813	812	4.401087
813	814	5.035526
814	778	0.333712
814	785	0.186501
814	786	0.186501
814	788	0.699379
814	789	0.250000
814	813	5.035526
814	815	1.700000
815	725	0.810443
815	726	0.286039
815	784	0.792629
815	785	0.559503
815	814	1.700000
815	816	2.550000
816	783	0.979130
816	784	1.911635
816	815	2.550000
816	817	2.717368
817	679	0.047673
817	781	0.133366
817	782	0.762770
817	783	1.733761
817	816	2.717368
817	818	4.528947
818	781	0.885880
818	782	0.150000
818	817	4.528947
818	819	2.657639
819	779	0.043478
819	780	0.885880
819	781	2.956522
819	818	2.657639
819	820	4.196272
819	903	0.046625
820	779	0.792629
820	780	0.550000
820	819	4.196272
820	821	4.100000
820	902	0.093250
820	903	0.400000
820	904	0.143019
821	778	0.238366
821	779	0.885880
821	820	4.100000
821	822	2.300000
821	901	0.050000
821	902	0.233126
821	904	0.572078
821	905	0.715097
822	775	2.284637
822	821	2.300000
822	823	1.950000
822	901	0.050000
822	905	0.095346
822	906	0.279751
822	907	0.606128
823	587	0.046625
823	775	0.373002
823	776	0.572078
823	777	0.619751
823	822	1.950000
823	824	2.002271
823	826	0.953463
823	907	0.606128
823	908	0.350000
823	1507	0.512878
823	1508	0.050000
824	740	0.355643
824	741	0.088911
824	775	0.044455
824	776	2.545455
824	823	2.002271
824	825	1.272727
824	826	3.363636
824	908	0.047673
824	1506	0.143019
824	1507	0.533465
825	824	1.272727
825	826	1.409091
825	827	1.191828
825	1504	0.444554
825	1505	0.858116
825	1506	0.095346
825	1522	0.266733
825	1523	1.525540
825	1524	0.572078
825	1525	3.289701
826	587	2.889602
826	739	0.090909
826	740	0.044455
826	775	0.400099
826	823	0.953463
826	824	3.363636
826	825	1.409091
826	827	1.239501
826	1522	0.177822
826	1523	0.286039
827	586	0.046625
827	587	0.186501
827	739	0.047673
827	825	1.191828
827	826	1.239501
827	828	1.165631
827	829	2.383656
827	830	0.200000
827	1523	0.250000
827	1524	0.100000
827	1525	0.839254
828	827	1.165631
828	829	1.244752
828	830	2.191386
828	877	0.177822
829	580	0.489010
829	581	1.430194
829	582	0.318182
829	827	2.383656
829	828	1.244752
829	830	1.239501
829	1525	2.311682
830	580	1.818384
830	585	0.466252
830	827	0.200000
830	828	2.191386
830	829	1.239501
830	831	1.072381
830	877	0.810443
831	585	3.304348
831	767	0.233126
831	768	0.260870
831	830	1.072381
831	832	4.336147
831	882	0.043478
831	883	0.792629
831	884	1.911635
832	767	0.700000
832	831	4.336147
832	833	2.704264
832	882	0.839254
832	883	0.250000
833	766	0.419627
833	767	0.466252
833	832	2.704264
833	834	4.382773
833	881	0.746004
833	882	2.434783
834	833	4.382773
834	835	2.471138
834	880	0.885880
834	881	0.150000
835	834	2.471138
835	836	4.382773
835	878	0.043478
835	879	0.792629
835	880	2.173913
836	835	4.382773
836	837	4.000000
836	878	0.792629
836	879	0.600000
837	836	4.000000
837	838	1.144155
837	863	0.715097
837	874	2.600000
837	876	0.667424
837	878	1.072381
838	837	1.144155
838	839	3.334157
838	862	0.711287
838	863	3.045455
838	874	0.286039
839	838	3.334157
839	840	3.565217
839	861	0.839254
839	862	0.695652
839	874	0.046625
840	839	3.565217
840	841	4.522648
840	859	0.043478
840	860	0.792629
840	861	1.585258
841	840	4.522648
841	842	2.700000
841	859	0.606128
841	860	0.300000
842	841	2.700000
842	843	3.450000
842	858	0.792629
842	859	2.051511
843	842	3.450000
843	844	2.600000
843	857	0.885880
843	858	1.258881
844	734	0.186501
844	735	0.186501
844	843	2.600000
844	845	3.600000
844	856	0.699379
844	857	2.051511
845	672	0.093250
845	673	0.667424
845	844	3.600000
845	846	1.818384
845	855	0.606128
845	856	0.839254
846	672	0.391304
846	673	0.177822
846	755	0.792629
846	845	1.818384
846	847	3.826087
846	854	0.652753
846	855	3.478261
847	755	0.233126
847	756	0.444554
847	846	3.826087
847	848	4.043478
847	853	0.699379
847	854	0.979130
848	847	4.043478
848	849	1.119006
848	850	1.538633
848	852	0.746004
848	853	1.352132
849	848	1.119006
849	850	2.200000
850	848	1.538633
850	849	2.200000
850	851	0.950000
850	852	1.400000
851	850	0.950000
851	852	2.150000
852	848	0.746004
852	850	1.400000
852	851	2.150000
852	853	3.550000
853	847	0.699379
853	848	1.352132
853	852	3.550000
853	854	3.600000
854	846	0.652753
854	847	0.979130
854	853	3.600000
854	855	2.051511
855	754	0.139876
855	755	0.699379
855	845	0.606128
855	846	3.478261
855	854	2.051511
855	856	4.173913
856	754	0.652753
856	755	0.233126
856	844	0.699379
856	845	0.839254
856	855	4.173913
856	857	3.391304
857	734	0.043478
857	735	0.130435
857	736	0.046625
857	843	0.885880
857	844	2.051511
857	856	3.391304
857	858	4.130435
858	734	0.043478
858	735	0.391304
858	842	0.792629
858	843	1.258881
858	857	4.130435
858	859	3.043478
858	875	1.865010
859	733	0.046625
859	840	0.043478
859	841	0.606128
859	842	2.051511
859	858	3.043478
859	860	4.289522
859	875	0.979130
860	840	0.792629
860	841	0.300000
860	859	4.289522
860	861	2.650000
861	839	0.839254
861	840	1.585258
861	860	2.650000
861	862	4.009771
862	838	0.711287
862	839	0.695652
862	861	4.009771
862	863	0.933564
862	873	2.826087
862	874	0.559503
863	837	0.715097
863	838	3.045455
863	862	0.933564
863	864	5.136364
863	873	0.489010
863	874	0.190693
863	876	0.136364
864	863	5.136364
864	865	4.578909
864	873	0.533465
864	876	0.545455
864	878	0.355643
865	864	4.578909
865	866	3.776644
865	872	0.792629
865	873	0.608696
865	876	0.088911
865	878	0.782609
865	879	0.046625
866	865	3.776644
866	867	3.400000
866	871	0.792629
866	878	0.932505
866	879	0.150000
867	866	3.400000
867	868	1.334848
867	869	0.905789
867	870	0.300000
867	871	1.492008
868	581	0.429058
868	582	1.727273
868	867	1.334848
868	869	5.045455
868	921	0.755742
868	922	0.272727
868	1081	0.429058
869	580	0.400099
869	581	0.619751
869	867	0.905789
869	868	5.045455
869	870	3.575485
869	922	0.863636
869	923	0.272727
869	1081	0.858116
869	1082	0.044455
870	580	0.792629
870	581	0.050000
870	867	0.300000
870	869	3.575485
870	871	2.937390
870	877	0.238366
870	922	0.381385
870	923	0.810443
871	866	0.792629
871	867	1.492008
871	870	2.937390
871	872	3.963145
871	877	0.755742
872	865	0.792629
872	871	3.963145
872	873	4.056396
872	876	0.190693
872	877	1.763906
873	862	2.826087
873	863	0.489010
873	864	0.533465
873	865	0.608696
873	872	4.056396
873	874	1.025755
873	875	0.046625
873	876	1.822672
874	837	2.600000
874	838	0.286039
874	839	0.046625
874	862	0.559503
874	863	0.190693
874	873	1.025755
874	875	1.150000
874	876	0.429058
875	858	1.865010
875	859	0.979130
875	873	0.046625
875	874	1.150000
875	876	1.096482
876	837	0.667424
876	863	0.136364
876	864	0.545455
876	865	0.088911
876	872	0.190693
876	873	1.822672
876	874	0.429058
876	875	1.096482
876	877	1.409091
876	878	3.600889
877	580	2.400593
877	828	0.177822
877	830	0.810443
877	870	0.238366
877	871	0.755742
877	872	1.763906
877	876	1.409091
877	878	0.978019
878	835	0.043478
878	836	0.792629
878	837	1.072381
878	864	0.355643
878	865	0.782609
878	866	0.932505
878	876	3.600889
878	877	0.978019
878	879	4.149646
879	835	0.792629
879	836	0.600000
879	865	0.046625
879	866	0.150000
879	878	4.149646
879	880	3.077266
880	834	0.885880
880	835	2.173913
880	879	3.077266
880	881	3.590144
881	833	0.746004
881	834	0.150000
881	880	3.590144
881	882	2.657639
882	595	0.173913
882	596	0.979130
882	766	0.093250
882	767	0.139876
882	831	0.043478
882	832	0.839254
882	833	2.434783
882	881	2.657639
882	883	4.103021
883	594	0.279751
883	595	1.165631
883	596	0.250000
883	767	1.000000
883	768	0.046625
883	831	0.792629
883	832	0.250000
883	882	4.103021
883	884	2.600000
884	585	0.979130
884	586	0.559503
884	594	0.046625
884	767	0.100000
884	768	0.652753
884	769	0.333712
884	831	1.911635
884	883	2.600000
884	885	2.890765
885	578	0.043478
885	579	0.792629
885	584	0.044455
885	585	2.826087
885	586	1.565217
885	769	0.222277
885	884	2.890765
885	886	4.615899
886	578	0.792629
886	579	0.750000
886	584	0.715097
886	885	4.615899
886	887	2.000000
887	577	0.792629
887	578	1.678509
887	583	0.619751
887	584	1.430194
887	886	2.000000
887	888	3.450000
888	572	2.150000
888	573	0.762770
888	577	0.652753
888	583	0.238366
888	887	3.450000
888	889	1.165631
889	888	1.165631
889	890	3.391304
889	915	0.046625
889	916	0.932505
889	917	1.244752
889	918	1.111386
889	919	0.177822
890	583	0.088911
890	889	3.391304
890	891	4.260870
890	915	0.885880
890	916	1.538633
890	918	0.266733
890	919	1.066930
891	890	4.260870
891	892	3.956522
891	913	0.133366
891	914	0.839254
891	915	1.025755
891	1485	0.130435
892	891	3.956522
892	893	3.467523
892	912	0.844653
892	913	0.889108
892	914	0.186501
892	1484	0.739130
892	1485	0.130435
893	892	3.467523
893	894	1.822672
893	895	3.480138
893	911	0.772727
893	912	0.727273
893	1483	0.044455
893	1484	0.088911
894	893	1.822672
894	895	1.631883
894	910	2.826087
894	911	0.489010
895	893	3.480138
895	894	1.631883
895	896	2.383656
895	910	1.119006
895	911	0.810443
895	912	0.047673
896	895	2.383656
896	897	4.433601
896	910	0.489010
896	911	3.000000
896	1416	0.533465
897	896	4.433601
897	898	3.030641
897	1416	0.279751
897	1417	0.233126
898	897	3.030641
898	899	4.521739
898	909	0.606128
899	898	4.521739
899	900	4.336147
899	907	0.043478
899	908	0.746004
899	909	0.652753
900	899	4.336147
900	901	2.950000
900	907	0.792629
900	908	0.200000
901	821	0.050000
901	822	0.050000
901	900	2.950000
901	902	3.030641
901	906	0.839254
901	907	1.538633
902	820	0.093250
902	821	0.233126
902	901	3.030641
902	903	1.445382
902	904	1.600395
902	905	0.533465
902	906	2.565217
903	779	0.046625
903	780	0.950000
903	781	0.186501
903	819	0.046625
903	820	0.400000
903	902	1.445382
903	904	4.052216
903	3371	0.186501
903	3372	0.300000
904	779	0.355643
904	780	0.476731
904	820	0.143019
904	821	0.572078
904	902	1.600395
904	903	4.052216
904	905	4.636364
904	3372	0.190693
905	779	0.044455
905	821	0.715097
905	822	0.095346
905	902	0.533465
905	904	4.636364
905	906	2.800692
905	1509	0.318182
906	822	0.279751
906	901	0.839254
906	902	2.565217
906	905	2.800692
906	907	3.652174
907	822	0.606128
907	823	0.606128
907	899	0.043478
907	900	0.792629
907	901	1.538633
907	906	3.652174
907	908	4.242897
907	1508	0.046625
908	823	0.350000
908	824	0.047673
908	899	0.746004
908	900	0.200000
908	907	4.242897
908	909	3.550000
909	898	0.606128
909	899	0.652753
909	908	3.550000
909	910	3.030641
910	894	2.826087
910	895	1.119006
910	896	0.489010
910	909	3.030641
910	911	1.422574
911	893	0.772727
911	894	0.489010
911	895	0.810443
911	896	3.000000
911	910	1.422574
911	912	4.090909
912	892	0.844653
912	893	0.727273
912	895	0.047673
912	911	4.090909
912	913	3.636364
912	1415	0.095346
913	891	0.133366
913	892	0.889108
913	912	3.636364
913	914	4.671967
913	1414	0.863636
913	1415	0.333712
914	891	0.839254
914	892	0.186501
914	913	4.671967
914	915	3.350000
914	1413	0.050000
914	1414	0.238366
915	889	0.046625
915	890	0.885880
915	891	1.025755
915	914	3.350000
915	916	2.950000
915	1485	0.233126
915	1486	0.100000
916	889	0.932505
916	890	1.538633
916	915	2.950000
916	917	2.192964
916	918	0.047673
917	536	0.190693
917	537	0.044455
917	889	1.244752
917	916	2.192964
917	918	2.818182
918	536	0.047673
918	537	0.044455
918	889	1.111386
918	890	0.266733
918	916	0.047673
918	917	2.818182
918	919	4.136364
919	582	0.045455
919	889	0.177822
919	890	1.066930
919	918	4.136364
919	920	3.734255
920	582	0.489010
920	919	3.734255
920	921	3.521739
921	581	0.279751
921	582	1.555940
921	868	0.755742
921	920	3.521739
921	922	4.401087
922	581	0.476731
922	868	0.272727
922	869	0.863636
922	870	0.381385
922	921	4.401087
922	923	4.954545
922	1082	0.044455
923	869	0.272727
923	870	0.810443
923	922	4.954545
923	924	3.003407
923	1082	0.133366
923	1083	0.454545
924	923	3.003407
924	925	3.850000
924	1083	1.096482
924	1084	0.466252
924	1397	0.047673
925	924	3.850000
925	926	3.263767
925	1084	0.279751
925	1085	0.373002
925	1397	0.667424
926	925	3.263767
926	927	4.667819
926	1394	0.139876
926	1396	0.979130
926	1397	2.267227
926	1399	0.844653
927	926	4.667819
927	928	4.052216
927	1393	0.222277
927	1394	0.619751
927	1396	0.572078
927	1399	1.181818
927	1400	0.238366
928	927	4.052216
928	929	2.471138
928	1392	0.050000
928	1393	0.792629
928	1394	0.050000
928	1400	1.350000
928	1498	0.572078
929	928	2.471138
929	930	0.869565
929	931	2.391304
929	1392	0.885880
929	1393	2.304348
929	1400	0.046625
929	1498	1.778217
929	1499	0.133366
929	1501	0.130435
930	929	0.869565
930	931	1.260870
930	1501	4.304348
931	929	2.391304
931	930	1.260870
931	932	3.826087
931	1391	0.839254
931	1392	1.865010
931	1498	0.044455
931	1499	0.444554
931	1501	0.173913
932	931	3.826087
932	933	3.826087
932	1390	0.792629
932	1391	1.305507
933	932	3.826087
933	934	3.869895
933	1388	0.043478
933	1389	0.792629
933	1390	1.492008
934	933	3.869895
934	935	2.900000
934	1388	0.792629
934	1389	0.400000
935	934	2.900000
935	936	2.900000
935	1387	0.792629
935	1388	1.725134
936	935	2.900000
936	937	2.331262
936	1386	0.885880
936	1387	1.678509
937	936	2.331262
937	938	1.258881
937	939	2.934058
937	1385	0.792629
937	1386	2.260870
938	937	1.258881
938	939	0.953463
938	940	0.050000
938	941	0.143019
938	942	0.762770
938	943	0.512878
938	1346	2.300000
938	1347	1.900000
938	1376	0.095346
939	937	2.934058
939	938	0.953463
939	940	4.338255
939	1380	0.044455
939	1381	0.667424
939	1383	0.047673
939	1384	0.476731
939	1385	1.048809
940	938	0.050000
940	939	4.338255
940	941	3.718504
940	1380	0.746004
940	1381	0.400000
940	1383	0.600000
940	1384	0.650000
941	938	0.143019
941	940	3.718504
941	942	3.409091
941	1347	0.238366
941	1378	0.318182
941	1379	0.429058
941	1380	1.333663
942	938	0.762770
942	941	3.409091
942	943	4.356631
942	1347	0.572078
942	1376	0.045455
942	1377	0.810443
942	1378	0.090909
943	938	0.512878
943	942	4.356631
943	944	3.963145
943	1345	0.260870
943	1346	1.025755
943	1376	0.978019
943	1377	0.699379
944	943	3.963145
944	945	3.450268
944	1345	0.792629
944	1346	0.200000
944	1351	0.047673
944	1375	0.381385
944	1376	0.190693
945	944	3.450268
945	946	3.608696
945	1344	0.792629
945	1345	2.304348
945	1352	0.133366
946	945	3.608696
946	947	3.776644
946	1343	0.512878
946	1344	2.098136
947	946	3.776644
947	948	2.984015
947	949	0.093250
947	1234	0.150000
947	1238	0.047673
947	1339	0.046625
947	1342	0.572078
947	1343	0.550000
948	947	2.984015
948	949	1.608696
948	950	0.088911
948	1235	0.043478
948	1339	0.434783
948	1340	1.130435
948	1341	0.844653
948	1342	1.867128
949	947	0.093250
949	948	1.608696
949	950	3.334157
949	1238	0.622376
949	1239	0.093250
949	1336	0.260870
949	1339	3.782609
949	1340	0.043478
950	948	0.088911
950	949	3.334157
950	951	3.556434
950	1236	0.047673
950	1237	0.572078
950	1238	1.545455
950	1335	0.681818
950	1336	0.133366
951	950	3.556434
951	952	5.035526
951	1235	0.304348
951	1236	0.932505
951	1237	0.932505
951	1308	0.400099
951	1334	0.311188
951	1335	0.088911
952	951	5.035526
952	953	2.049945
952	1235	0.979130
952	1236	0.450000
952	1308	0.429058
952	1309	0.250000
952	1365	0.050000
953	386	0.047673
953	952	2.049945
953	954	4.099889
953	975	0.666831
953	1233	0.044455
953	1234	0.667424
953	1235	2.711781
953	1364	0.045455
953	1365	1.287174
954	386	0.150000
954	953	4.099889
954	955	2.657639
954	975	2.051511
954	1233	0.885880
954	1234	0.500000
954	1364	0.095346
955	954	2.657639
955	956	4.242897
955	974	1.119006
955	975	0.260870
955	976	0.279751
955	1232	0.792629
955	1233	2.913043
956	955	4.242897
956	957	2.750889
956	967	0.046625
956	968	0.476731
956	969	0.190693
956	973	0.095346
956	974	0.200000
956	976	0.150000
956	1231	0.667424
956	1232	0.700000
957	956	2.750889
957	958	4.434783
957	968	0.088911
957	969	0.311188
957	1230	1.072381
957	1231	2.489504
958	957	4.434783
958	959	4.895650
958	1227	0.177822
958	1228	0.652753
958	1229	0.266733
958	1230	1.072381
959	153	0.674200
959	958	4.895650
959	960	3.850000
959	1227	0.762770
959	1228	0.050000
959	1229	0.524404
960	153	0.337100
960	959	3.850000
960	961	2.650000
960	964	0.800000
960	1227	1.096482
961	960	2.650000
961	962	1.525540
961	963	2.431330
961	964	2.200000
962	961	1.525540
962	963	4.636364
962	989	0.667424
962	990	0.090909
962	1222	0.088911
962	1223	0.177822
963	961	2.431330
963	962	4.636364
963	964	1.716233
963	965	0.095346
963	988	0.381385
963	989	1.239501
963	1223	0.889108
963	1224	0.844653
964	960	0.800000
964	961	2.200000
964	963	1.716233
964	965	1.200000
964	1224	0.279751
964	1225	0.350000
964	1227	3.241773
965	963	0.095346
965	964	1.200000
965	966	3.300000
965	978	0.095346
965	987	2.479003
965	988	1.150000
965	1203	0.429058
965	1224	0.046625
965	1225	0.800000
966	965	3.300000
966	967	2.937390
966	977	0.885880
966	978	0.238366
966	1203	0.476731
967	345	0.069505
967	956	0.046625
967	966	2.937390
967	968	3.645345
967	976	0.746004
967	977	2.217391
967	1201	0.279751
967	1202	0.093250
968	956	0.476731
968	957	0.088911
968	967	3.645345
968	969	1.409091
968	973	1.136364
968	974	0.095346
968	976	0.190693
968	1200	0.222277
968	1201	0.333712
969	956	0.190693
969	957	0.311188
969	968	1.409091
969	970	1.155841
969	973	2.636364
969	1199	0.088911
969	1200	0.489010
970	969	1.155841
970	971	4.849025
970	973	0.266733
970	1401	0.093250
971	970	4.849025
971	972	4.099889
971	973	0.476731
972	971	4.099889
972	973	1.000000
972	1064	0.266733
972	1065	1.334848
972	1066	0.047673
973	956	0.095346
973	968	1.136364
973	969	2.636364
973	970	0.266733
973	971	0.476731
973	972	1.000000
973	974	4.290582
973	976	0.095346
973	1064	0.044455
974	955	1.119006
974	956	0.200000
974	968	0.095346
974	973	4.290582
974	975	0.979130
974	976	0.750000
974	1232	0.050000
974	1233	1.119006
975	953	0.666831
975	954	2.051511
975	955	0.260870
975	974	0.979130
975	976	1.538633
975	1233	0.217391
975	1234	0.186501
975	1235	0.043478
975	1364	0.622376
975	1365	0.559503
975	1366	2.043478
975	1367	0.093250
976	955	0.279751
976	956	0.150000
976	967	0.746004
976	968	0.190693
976	973	0.095346
976	974	0.750000
976	975	1.538633
976	977	1.119006
976	1366	0.093250
976	1367	0.250000
977	966	0.885880
977	967	2.217391
977	976	1.119006
977	978	4.578909
977	979	0.177822
978	965	0.095346
978	966	0.238366
978	977	4.578909
978	979	1.000000
978	980	0.133366
979	977	0.177822
979	978	1.000000
979	980	1.289207
979	1359	1.000000
979	1360	0.715097
979	1364	0.272727
979	1366	0.311188
979	1367	0.476731
979	1368	0.238366
980	385	2.564388
980	386	0.279751
980	978	0.133366
980	979	1.289207
980	981	1.155841
980	1360	2.238012
980	1361	0.419627
980	1363	0.086957
980	1364	2.089405
981	980	1.155841
981	982	1.181818
981	983	0.143019
981	984	0.381385
981	985	0.858116
981	986	0.619751
981	1225	1.477867
981	1226	1.867128
982	385	0.047673
982	386	0.238366
982	981	1.181818
982	983	1.382521
982	984	0.143019
982	1226	0.133366
982	1318	0.577920
982	1320	2.681818
982	1321	3.045455
982	1323	0.095346
982	1324	1.191828
982	1362	0.545455
982	1363	0.666831
983	981	0.143019
983	982	1.382521
983	984	3.000000
983	985	0.600000
983	1221	0.050000
983	1222	0.093250
983	1224	0.326377
983	1225	0.250000
983	1319	0.250000
983	1320	1.430194
983	1324	0.050000
983	1362	0.095346
984	981	0.381385
984	982	0.143019
984	983	3.000000
984	985	3.850000
984	986	0.050000
984	1224	0.046625
984	1363	0.046625
985	981	0.858116
985	983	0.600000
985	984	3.850000
985	986	4.350000
985	1224	0.186501
985	1225	0.250000
986	981	0.619751
986	984	0.050000
986	985	4.350000
986	987	2.955734
986	988	0.150000
986	1224	0.466252
986	1225	0.900000
987	965	2.479003
987	986	2.955734
987	988	2.145291
987	1052	0.810443
987	1053	0.400099
987	1203	0.772727
987	1224	0.222277
987	1225	0.047673
988	963	0.381385
988	965	1.150000
988	986	0.150000
988	987	2.145291
988	989	3.200000
988	1053	0.093250
988	1223	0.792629
988	1224	1.025755
989	962	0.667424
989	963	1.239501
989	988	3.200000
989	990	2.431330
989	1222	0.979130
989	1223	1.911635
990	962	0.090909
990	989	2.431330
990	991	4.267721
990	1220	0.143019
990	1221	0.619751
990	1222	1.822672
991	990	4.267721
991	992	3.260870
991	1019	0.222277
991	1020	0.044455
991	1219	0.046625
991	1220	1.025755
991	1221	0.559503
992	991	3.260870
992	993	4.196272
992	1019	0.444554
992	1020	0.444554
992	1021	0.711287
992	1219	0.979130
992	1220	1.258881
993	992	4.196272
993	994	1.950000
993	1021	0.572078
993	1022	0.512878
993	1218	0.792629
993	1219	0.350000
994	993	1.950000
994	995	3.550000
994	1022	0.139876
994	1023	0.100000
994	1217	0.652753
994	1218	1.771759
995	994	3.550000
995	996	1.050000
995	997	0.093250
995	1214	2.700000
995	1215	0.238366
995	1217	0.326377
996	995	1.050000
996	997	2.611013
996	1000	0.047673
996	1046	1.250000
996	1047	1.191828
996	1048	1.300000
997	995	0.093250
997	996	2.611013
997	998	1.511484
997	999	0.466252
997	1000	0.088911
997	1048	0.792629
997	1049	2.845147
997	1215	0.088911
998	997	1.511484
998	999	3.623158
998	1049	0.181818
998	1050	0.444554
998	1217	0.044455
998	1218	0.577920
999	997	0.466252
999	998	3.623158
999	1000	1.334848
999	1049	0.572078
999	1050	0.093250
1000	996	0.047673
1000	997	0.088911
1000	999	1.334848
1000	1001	4.290582
1000	1047	0.500000
1000	1048	0.476731
1000	1049	0.363636
1001	1000	4.290582
1001	1002	2.704264
1001	1047	0.810443
1002	1001	2.704264
1002	1003	3.963145
1002	1045	0.173913
1002	1046	0.746004
1002	1047	2.178316
1003	1002	3.963145
1003	1004	3.400000
1003	1045	0.606128
1003	1046	0.150000
1004	1003	3.400000
1004	1005	2.574349
1004	1044	0.715097
1004	1045	0.885880
1005	1004	2.574349
1005	1006	3.423068
1005	1043	0.429058
1005	1044	1.954545
1006	1005	3.423068
1006	1007	3.217391
1006	1042	0.699379
1006	1043	0.326377
1007	1006	3.217391
1007	1008	4.086957
1007	1041	0.652753
1007	1042	1.025755
1008	1007	4.086957
1008	1009	2.178316
1008	1010	0.311188
1008	1029	0.043478
1008	1039	0.347826
1008	1040	0.932505
1008	1041	1.165631
1009	1008	2.178316
1009	1010	4.409091
1009	1029	0.933564
1009	1030	1.859252
1009	1031	2.133860
1009	1039	0.800198
1009	1040	0.238366
1010	1008	0.311188
1010	1009	4.409091
1010	1011	3.909197
1010	1028	0.044455
1010	1029	0.311188
1010	1039	0.400099
1010	1040	0.810443
1010	1041	0.238366
1011	1010	3.909197
1011	1012	3.250000
1011	1028	1.025755
1011	1029	0.373002
1011	1040	0.200000
1011	1041	0.050000
1012	1011	3.250000
1012	1013	3.350000
1012	1027	0.746004
1012	1028	1.538633
1013	1012	3.350000
1013	1014	1.725134
1013	1026	0.606128
1013	1027	1.492008
1014	1013	1.725134
1014	1015	4.173913
1014	1025	0.559503
1014	1026	3.130435
1015	1014	4.173913
1015	1016	3.652174
1015	1024	0.792629
1015	1025	0.792629
1016	1015	3.652174
1016	1017	4.382773
1016	1023	0.326377
1016	1024	1.818384
1017	1016	4.382773
1017	1018	2.937390
1017	1022	0.606128
1017	1023	0.150000
1018	1017	2.937390
1018	1019	1.289207
1018	1020	1.733761
1018	1021	0.755742
1018	1022	0.956522
1019	991	0.222277
1019	992	0.444554
1019	1018	1.289207
1019	1020	4.000000
1019	1221	0.667424
1020	991	0.044455
1020	992	0.444554
1020	1018	1.733761
1020	1019	4.000000
1020	1021	4.772727
1020	1220	0.858116
1020	1221	0.381385
1021	992	0.711287
1021	993	0.572078
1021	1018	0.755742
1021	1020	4.772727
1021	1022	3.956533
1021	1219	0.381385
1021	1220	0.667424
1022	993	0.512878
1022	994	0.139876
1022	1017	0.606128
1022	1018	0.956522
1022	1021	3.956533
1022	1023	4.196272
1023	994	0.100000
1023	1016	0.326377
1023	1017	0.150000
1023	1022	4.196272
1023	1024	2.650000
1024	1015	0.792629
1024	1016	1.818384
1024	1023	2.650000
1024	1025	4.100000
1025	1014	0.559503
1025	1015	0.792629
1025	1024	4.100000
1025	1026	1.585258
1026	1013	0.606128
1026	1014	3.130435
1026	1025	1.585258
1026	1027	3.956522
1027	1012	0.746004
1027	1013	1.492008
1027	1026	3.956522
1027	1028	4.391304
1028	1010	0.044455
1028	1011	1.025755
1028	1012	1.538633
1028	1027	4.391304
1028	1029	4.000000
1029	1008	0.043478
1029	1009	0.933564
1029	1010	0.311188
1029	1011	0.373002
1029	1028	4.000000
1029	1030	3.263767
1030	1009	1.859252
1030	1029	3.263767
1030	1031	1.445382
1031	1009	2.133860
1031	1030	1.445382
1031	1032	3.496893
1031	1038	0.444554
1031	1039	0.260870
1032	377	2.550000
1032	1031	3.496893
1032	1037	0.419627
1032	1038	0.762770
1033	379	3.963145
1033	380	1.066930
1033	381	0.695652
1033	1034	1.445382
1033	1035	2.304348
1034	1033	1.445382
1034	1035	3.263767
1035	380	2.756236
1035	1033	2.304348
1035	1034	3.263767
1036	377	0.885880
1036	378	1.445382
1036	382	3.391304
1036	1037	3.130435
1037	377	2.191386
1037	1032	0.419627
1037	1036	3.130435
1037	1038	3.245246
1038	1031	0.444554
1038	1032	0.762770
1038	1037	3.245246
1038	1039	4.356631
1039	1008	0.347826
1039	1009	0.800198
1039	1010	0.400099
1039	1031	0.260870
1039	1038	4.356631
1039	1040	4.709149
1040	1008	0.932505
1040	1009	0.238366
1040	1010	0.810443
1040	1011	0.200000
1040	1039	4.709149
1040	1041	3.500000
1041	1007	0.652753
1041	1008	1.165631
1041	1010	0.238366
1041	1011	0.050000
1041	1040	3.500000
1041	1042	3.200000
1042	1006	0.699379
1042	1007	1.025755
1042	1041	3.200000
1042	1043	4.150000
1043	1005	0.429058
1043	1006	0.326377
1043	1042	4.150000
1043	1044	2.097618
1044	1004	0.715097
1044	1005	1.954545
1044	1043	2.097618
1044	1045	3.334157
1045	1002	0.173913
1045	1003	0.606128
1045	1004	0.885880
1045	1044	3.334157
1045	1046	4.336147
1046	996	1.250000
1046	1002	0.746004
1046	1003	0.150000
1046	1045	4.336147
1046	1047	2.622022
1047	996	1.191828
1047	1000	0.500000
1047	1001	0.810443
1047	1002	2.178316
1047	1046	2.622022
1047	1048	2.860388
1048	996	1.300000
1048	997	0.792629
1048	1000	0.476731
1048	1047	2.860388
1048	1049	2.335983
1049	997	2.845147
1049	998	0.181818
1049	999	0.572078
1049	1000	0.363636
1049	1048	2.335983
1049	1050	3.334157
1049	1213	0.238366
1049	1215	0.454545
1049	1217	0.133366
1050	998	0.444554
1050	999	0.093250
1050	1049	3.334157
1050	1051	2.608696
1050	1212	0.792629
1050	1213	0.466252
1050	1215	0.044455
1050	1216	0.046625
1050	1217	0.652174
1050	1218	0.130435
1051	1050	2.608696
1051	1052	1.538633
1051	1053	1.695652
1051	1211	0.839254
1051	1212	1.818384
1051	1216	0.326377
1051	1217	0.478261
1051	1218	0.043478
1052	987	0.810443
1052	1051	1.538633
1052	1053	1.258881
1052	1203	2.812715
1052	1204	0.233126
1052	1205	0.200000
1053	987	0.400099
1053	988	0.093250
1053	1051	1.695652
1053	1052	1.258881
1053	1054	3.590144
1053	1203	0.088911
1053	1210	0.932505
1053	1211	1.725134
1053	1216	0.139876
1053	1217	0.086957
1054	329	0.149071
1054	330	0.316228
1054	1053	3.590144
1054	1055	3.950000
1054	1203	0.047673
1054	1209	0.792629
1054	1210	0.700000
1055	328	0.316228
1055	329	0.149071
1055	330	0.237171
1055	1054	3.950000
1055	1056	1.165631
1055	1057	0.250000
1055	1058	0.715097
1055	1202	1.900000
1055	1208	0.606128
1055	1209	1.305507
1056	328	0.073721
1056	1055	1.165631
1056	1057	1.958260
1056	1058	0.444554
1056	1059	0.885880
1056	1060	0.521739
1056	1061	0.304348
1056	1201	4.242897
1056	1202	1.492008
1056	1205	0.093250
1056	1206	0.311188
1057	211	0.067420
1057	212	0.471940
1057	329	0.149071
1057	1055	0.250000
1057	1056	1.958260
1057	1058	1.001136
1057	1059	0.050000
1057	1198	2.100000
1057	1199	0.652753
1057	1200	0.233126
1057	1201	0.050000
1058	1055	0.715097
1058	1056	0.444554
1058	1057	1.001136
1058	1059	3.337119
1058	1202	0.762770
1058	1207	0.143019
1058	1208	3.511978
1059	1056	0.885880
1059	1057	0.050000
1059	1058	3.337119
1059	1060	1.445382
1059	1202	1.150000
1059	1206	0.619751
1059	1207	0.500000
1060	1056	0.521739
1060	1059	1.445382
1060	1061	4.608696
1060	1205	0.792629
1060	1206	2.667325
1061	1056	0.304348
1061	1060	4.608696
1061	1062	4.615899
1061	1200	0.347826
1061	1201	0.699379
1061	1204	0.260870
1061	1205	0.326377
1062	1061	4.615899
1062	1063	2.850000
1062	1199	0.046625
1062	1200	0.792629
1062	1201	0.050000
1063	1062	2.850000
1063	1064	2.144761
1063	1199	0.839254
1063	1200	1.445382
1064	972	0.266733
1064	973	0.044455
1064	1063	2.144761
1064	1065	4.569274
1064	1196	0.139876
1064	1197	0.792629
1064	1199	2.739130
1065	972	1.334848
1065	1064	4.569274
1065	1066	3.100000
1065	1195	0.093250
1065	1196	0.750000
1065	1197	0.200000
1066	972	0.047673
1066	1065	3.100000
1066	1067	4.103021
1066	1195	0.792629
1066	1196	0.200000
1066	1386	0.046625
1067	1066	4.103021
1067	1068	1.165631
1067	1069	3.030641
1067	1192	0.478261
1067	1193	0.533465
1067	1194	0.139876
1067	1195	0.565217
1067	1386	0.173913
1067	1387	0.478261
1068	1067	1.165631
1068	1069	1.500000
1068	1070	0.238366
1068	1112	0.450000
1068	1191	0.750000
1068	1192	1.631883
1069	1067	3.030641
1069	1068	1.500000
1069	1070	3.337119
1069	1192	0.046625
1069	1193	0.572078
1069	1387	0.046625
1069	1388	0.139876
1070	1068	0.238366
1070	1069	3.337119
1070	1071	2.889602
1070	1095	0.045455
1070	1096	1.045455
1070	1097	0.444554
1070	1098	0.047673
1070	1111	0.800198
1070	1112	0.190693
1070	1193	0.500000
1070	1388	0.088911
1071	1070	2.889602
1071	1072	3.776644
1071	1097	0.869565
1071	1110	0.792629
1071	1111	1.695652
1071	1193	1.155841
1071	1388	0.347826
1071	1389	0.279751
1072	1071	3.776644
1072	1073	3.200000
1072	1097	0.652753
1072	1109	0.699379
1072	1110	0.250000
1072	1193	0.333712
1072	1194	0.850000
1072	1389	0.150000
1073	1072	3.200000
1073	1074	3.050000
1073	1088	0.600000
1073	1097	0.512878
1073	1108	0.619751
1073	1109	1.352132
1074	1073	3.050000
1074	1075	2.377887
1074	1087	0.233126
1074	1088	0.250000
1074	1107	0.746004
1074	1108	1.096482
1075	1074	2.377887
1075	1076	4.569274
1075	1087	0.260870
1075	1105	0.222277
1075	1106	0.746004
1075	1107	2.260870
1076	1075	4.569274
1076	1077	3.590144
1076	1087	0.139876
1076	1105	0.810443
1076	1106	0.100000
1077	1076	3.590144
1077	1078	4.196272
1077	1085	0.043478
1077	1086	0.932505
1077	1087	0.043478
1077	1104	0.711287
1077	1105	2.489504
1078	1077	4.196272
1078	1079	2.350000
1078	1085	0.792629
1078	1086	0.350000
1078	1104	0.953463
1079	1078	2.350000
1079	1080	2.750889
1079	1084	0.792629
1079	1085	1.725134
1080	1079	2.750889
1080	1081	1.165631
1080	1082	2.000000
1080	1083	0.533465
1080	1084	2.565217
1081	868	0.429058
1081	869	0.858116
1081	1080	1.165631
1081	1082	3.310392
1082	869	0.044455
1082	922	0.044455
1082	923	0.133366
1082	1080	2.000000
1082	1081	3.310392
1082	1083	4.000988
1083	923	0.454545
1083	924	1.096482
1083	1080	0.533465
1083	1082	4.000988
1083	1084	2.533959
1084	924	0.466252
1084	925	0.279751
1084	1079	0.792629
1084	1080	2.565217
1084	1083	2.533959
1084	1085	3.826087
1085	925	0.373002
1085	1077	0.043478
1085	1078	0.792629
1085	1079	1.725134
1085	1084	3.826087
1085	1086	4.149646
1086	1077	0.932505
1086	1078	0.350000
1086	1085	4.149646
1086	1087	3.123891
1086	1104	0.095346
1086	1105	0.429058
1087	1074	0.233126
1087	1075	0.260870
1087	1076	0.139876
1087	1077	0.043478
1087	1086	3.123891
1087	1088	3.776644
1087	1089	1.352132
1087	1103	0.046625
1087	1105	1.200296
1087	1106	0.279751
1087	1107	0.130435
1088	1073	0.600000
1088	1074	0.250000
1088	1087	3.776644
1088	1089	2.150000
1088	1097	2.144761
1088	1102	0.046625
1089	1087	1.352132
1089	1088	2.150000
1089	1090	2.750889
1089	1102	0.885880
1089	1103	0.450000
1089	1390	0.250000
1090	1089	2.750889
1090	1091	3.869565
1090	1100	0.046625
1090	1101	0.792629
1090	1102	2.695652
1090	1389	0.093250
1090	1390	0.326377
1091	1090	3.869565
1091	1092	4.173913
1091	1100	0.792629
1091	1101	1.445382
1091	1170	0.044455
1091	1171	0.088911
1092	1091	4.173913
1092	1093	4.709149
1092	1099	0.932505
1092	1100	1.725134
1092	1171	0.311188
1092	1172	0.355643
1093	1092	4.709149
1093	1094	3.400000
1093	1098	0.700000
1093	1099	0.850000
1093	1172	0.333712
1093	1173	0.512878
1093	1174	0.050000
1094	1093	3.400000
1094	1095	1.239501
1094	1096	1.811579
1094	1097	0.326377
1094	1098	1.900000
1094	1174	0.250000
1095	1070	0.045455
1095	1094	1.239501
1095	1096	4.000000
1095	1112	0.047673
1095	1113	0.136364
1095	1185	1.818182
1096	1070	1.045455
1096	1094	1.811579
1096	1095	4.000000
1096	1097	1.200296
1096	1098	2.431330
1096	1111	0.044455
1096	1112	0.381385
1096	1113	0.136364
1097	1070	0.444554
1097	1071	0.869565
1097	1072	0.652753
1097	1073	0.512878
1097	1088	2.144761
1097	1094	0.326377
1097	1096	1.200296
1097	1098	1.445382
1097	1108	0.044455
1097	1109	0.043478
1097	1111	0.347826
1098	1070	0.047673
1098	1093	0.700000
1098	1094	1.900000
1098	1096	2.431330
1098	1097	1.445382
1098	1099	4.250000
1098	1111	0.652753
1098	1112	0.600000
1099	1092	0.932505
1099	1093	0.850000
1099	1098	4.250000
1099	1100	2.750000
1099	1172	0.572078
1100	1090	0.046625
1100	1091	0.792629
1100	1092	1.725134
1100	1099	2.750000
1100	1101	3.550000
1100	1171	0.953463
1100	1172	0.905789
1101	1090	0.792629
1101	1091	1.445382
1101	1100	3.550000
1101	1102	3.357017
1101	1170	0.381385
1102	1088	0.046625
1102	1089	0.885880
1102	1090	2.695652
1102	1101	3.357017
1102	1103	4.382773
1103	1087	0.046625
1103	1089	0.450000
1103	1102	4.382773
1103	1104	1.334848
1103	1105	0.858116
1103	1106	0.400000
1104	1077	0.711287
1104	1078	0.953463
1104	1086	0.095346
1104	1103	1.334848
1104	1105	2.409091
1105	1075	0.222277
1105	1076	0.810443
1105	1077	2.489504
1105	1086	0.429058
1105	1087	1.200296
1105	1103	0.858116
1105	1104	2.409091
1105	1106	4.052216
1106	1075	0.746004
1106	1076	0.100000
1106	1087	0.279751
1106	1103	0.400000
1106	1105	4.052216
1106	1107	3.776644
1107	1074	0.746004
1107	1075	2.260870
1107	1087	0.130435
1107	1106	3.776644
1107	1108	3.956533
1108	1073	0.619751
1108	1074	1.096482
1108	1097	0.044455
1108	1107	3.956533
1108	1109	3.245246
1109	1072	0.699379
1109	1073	1.352132
1109	1097	0.043478
1109	1108	3.245246
1109	1110	3.543518
1110	1071	0.792629
1110	1072	0.250000
1110	1109	3.543518
1110	1111	2.797514
1110	1193	0.524404
1111	1070	0.800198
1111	1071	1.695652
1111	1096	0.044455
1111	1097	0.347826
1111	1098	0.652753
1111	1110	2.797514
1111	1112	3.869895
1111	1193	0.622376
1112	1068	0.450000
1112	1070	0.190693
1112	1095	0.047673
1112	1096	0.381385
1112	1098	0.600000
1112	1111	3.869895
1112	1113	2.335983
1113	1095	0.136364
1113	1096	0.136364
1113	1112	2.335983
1113	1114	3.636364
1113	1191	0.047673
1114	1113	3.636364
1114	1115	2.622022
1115	1114	2.622022
1115	1116	1.600000
1116	1115	1.600000
1116	1117	2.600000
1116	1189	0.746004
1116	1190	0.238366
1117	1116	2.600000
1117	1118	2.750000
1117	1188	0.746004
1117	1189	1.771759
1118	1117	2.750000
1118	1119	2.950000
1118	1187	0.885880
1118	1188	1.585258
1119	1118	2.950000
1119	1120	2.890765
1119	1186	0.792629
1119	1187	1.631883
1120	1119	2.890765
1120	1121	1.258881
1120	1159	0.260870
1120	1181	0.177822
1120	1182	0.355643
1120	1186	2.130435
1121	1120	1.258881
1121	1122	3.800000
1121	1158	0.792629
1121	1159	0.419627
1121	1181	2.812715
1122	1121	3.800000
1122	1123	2.377887
1122	1157	0.792629
1122	1158	1.725134
1123	1122	2.377887
1123	1124	3.263767
1123	1155	0.044455
1123	1156	0.792629
1123	1157	2.913043
1124	1123	3.263767
1124	1125	3.600000
1124	1154	0.047673
1124	1155	0.667424
1124	1156	0.650000
1125	1124	3.600000
1125	1126	3.194100
1125	1154	0.619751
1125	1155	0.572078
1126	1125	3.194100
1126	1127	1.600395
1126	1152	0.143019
1126	1153	0.667424
1126	1154	1.000000
1127	1126	1.600395
1127	1128	0.932505
1127	1129	0.699379
1127	1148	1.165631
1127	1149	0.133366
1127	1150	0.139876
1127	1151	0.186501
1127	1152	0.466252
1127	1282	0.044455
1128	1127	0.932505
1128	1129	1.650000
1128	1283	0.200000
1129	1127	0.699379
1129	1128	1.650000
1129	1130	3.123891
1129	1148	0.100000
1129	1151	0.400000
1129	1152	0.100000
1129	1282	1.477867
1129	1283	0.250000
1130	1129	3.123891
1130	1131	3.030641
1130	1147	1.043478
1130	1148	1.119006
1130	1149	0.489010
1130	1150	0.466252
1130	1151	1.165631
1131	1130	3.030641
1131	1132	1.100000
1131	1133	1.430194
1131	1134	0.186501
1131	1142	3.357017
1131	1146	0.606128
1131	1147	0.792629
1131	1149	0.619751
1132	1131	1.100000
1132	1133	2.240637
1132	1134	1.025755
1132	1135	1.100000
1132	1136	0.419627
1132	1137	0.279751
1132	1138	0.200000
1132	1142	0.559503
1133	1131	1.430194
1133	1132	2.240637
1133	1134	3.200790
1133	1135	0.143019
1133	1142	0.177822
1133	1146	0.044455
1133	1147	0.266733
1133	1149	2.272727
1134	1131	0.186501
1134	1132	1.025755
1134	1133	3.200790
1134	1135	3.403643
1134	1142	0.391304
1134	1145	0.043478
1134	1146	0.434783
1135	1132	1.100000
1135	1133	0.143019
1135	1134	3.403643
1135	1136	2.564388
1135	1145	0.699379
1136	1132	0.419627
1136	1135	2.564388
1136	1137	3.695652
1136	1144	0.699379
1136	1145	2.260870
1137	1132	0.279751
1137	1136	3.695652
1137	1138	3.823270
1137	1141	0.043478
1137	1143	0.652753
1137	1144	1.025755
1138	1132	0.200000
1138	1137	3.823270
1138	1139	1.050000
1138	1140	1.400000
1138	1141	0.559503
1138	1143	0.050000
1139	1138	1.050000
1139	1140	1.600000
1140	1138	1.400000
1140	1139	1.600000
1140	1141	2.750889
1141	1137	0.043478
1141	1138	0.559503
1141	1140	2.750889
1141	1142	1.391304
1141	1143	3.543518
1142	1131	3.357017
1142	1132	0.559503
1142	1133	0.177822
1142	1134	0.391304
1142	1141	1.391304
1142	1143	1.305507
1142	1144	0.139876
1142	1145	0.260870
1142	1146	0.695652
1143	1137	0.652753
1143	1138	0.050000
1143	1141	3.543518
1143	1142	1.305507
1143	1144	2.450000
1144	1136	0.699379
1144	1137	1.025755
1144	1142	0.139876
1144	1143	2.450000
1144	1145	2.797514
1145	1134	0.043478
1145	1135	0.699379
1145	1136	2.260870
1145	1142	0.260870
1145	1144	2.797514
1145	1146	3.695652
1146	1131	0.606128
1146	1133	0.044455
1146	1134	0.434783
1146	1142	0.695652
1146	1145	3.695652
1146	1147	3.391304
1147	1130	1.043478
1147	1131	0.792629
1147	1133	0.266733
1147	1146	3.391304
1147	1148	3.357017
1147	1149	0.266733
1148	1127	1.165631
1148	1129	0.100000
1148	1130	1.119006
1148	1147	3.357017
1148	1149	2.335983
1148	1150	0.550000
1149	1127	0.133366
1149	1130	0.489010
1149	1131	0.619751
1149	1133	2.272727
1149	1147	0.266733
1149	1148	2.335983
1149	1150	4.004543
1150	1127	0.139876
1150	1130	0.466252
1150	1148	0.550000
1150	1149	4.004543
1150	1151	2.750000
1151	1127	0.186501
1151	1129	0.400000
1151	1130	1.165631
1151	1150	2.750000
1151	1152	3.550000
1152	1126	0.143019
1152	1127	0.466252
1152	1129	0.100000
1152	1151	3.550000
1152	1153	4.000000
1152	1282	0.762770
1153	1126	0.667424
1153	1152	4.000000
1153	1154	2.526676
1153	1282	0.715097
1154	1124	0.047673
1154	1125	0.619751
1154	1126	1.000000
1154	1153	2.526676
1154	1155	3.954545
1155	1123	0.044455
1155	1124	0.667424
1155	1125	0.572078
1155	1154	3.954545
1155	1156	4.576620
1156	1123	0.792629
1156	1124	0.650000
1156	1155	4.576620
1156	1157	3.730019
1157	1122	0.792629
1157	1123	2.913043
1157	1156	3.730019
1157	1158	3.565217
1158	1121	0.792629
1158	1122	1.725134
1158	1157	3.565217
1158	1159	5.260870
1158	1181	0.044455
1159	1120	0.260870
1159	1121	0.419627
1159	1158	5.260870
1159	1160	0.978019
1159	1181	0.444554
1159	1182	0.222277
1160	1159	0.978019
1160	1161	3.194100
1160	1179	0.444554
1160	1180	0.711287
1160	1182	3.272727
1160	1183	3.511978
1161	1160	3.194100
1161	1162	1.000000
1161	1163	2.657639
1161	1179	0.046625
1161	1183	0.932505
1162	1161	1.000000
1162	1163	1.072381
1162	1164	0.250000
1162	1165	0.050000
1162	1175	0.046625
1162	1176	0.373002
1162	1183	0.046625
1162	1184	2.937390
1163	1161	2.657639
1163	1162	1.072381
1163	1164	3.730019
1163	1178	0.666831
1163	1179	0.304348
1163	1183	1.043478
1163	1184	0.434783
1164	1162	0.250000
1164	1163	3.730019
1164	1165	3.000000
1164	1177	0.792629
1164	1178	0.715097
1164	1184	0.139876
1165	1162	0.050000
1165	1164	3.000000
1165	1166	3.700000
1165	1176	1.025755
1165	1177	1.818384
1166	1165	3.700000
1166	1167	2.284637
1166	1175	0.792629
1166	1176	1.025755
1167	1166	2.284637
1167	1168	4.056396
1167	1173	0.130435
1167	1174	0.885880
1167	1175	2.478261
1168	1167	4.056396
1168	1169	3.496893
1168	1173	0.792629
1168	1174	0.150000
1169	1168	3.496893
1169	1170	1.155841
1169	1171	1.422574
1169	1172	0.622376
1169	1173	1.086957
1170	1091	0.044455
1170	1101	0.381385
1170	1169	1.155841
1170	1171	4.454545
1171	1091	0.088911
1171	1092	0.311188
1171	1100	0.953463
1171	1169	1.422574
1171	1170	4.454545
1171	1172	5.227273
1172	1092	0.355643
1172	1093	0.333712
1172	1099	0.572078
1172	1100	0.905789
1172	1169	0.622376
1172	1171	5.227273
1172	1173	3.511978
1173	1093	0.512878
1173	1167	0.130435
1173	1168	0.792629
1173	1169	1.086957
1173	1172	3.511978
1173	1174	4.336147
1174	1093	0.050000
1174	1094	0.250000
1174	1167	0.885880
1174	1168	0.150000
1174	1173	4.336147
1174	1175	2.657639
1175	1162	0.046625
1175	1166	0.792629
1175	1167	2.478261
1175	1174	2.657639
1175	1176	4.347826
1175	1184	0.043478
1176	1162	0.373002
1176	1165	1.025755
1176	1166	1.025755
1176	1175	4.347826
1176	1177	3.565217
1177	1164	0.792629
1177	1165	1.818384
1177	1176	3.565217
1177	1178	3.734255
1177	1184	0.043478
1178	1163	0.666831
1178	1164	0.715097
1178	1177	3.734255
1178	1179	5.334651
1178	1183	0.088911
1178	1184	0.088911
1179	1160	0.444554
1179	1161	0.046625
1179	1163	0.304348
1179	1178	5.334651
1179	1180	4.130435
1179	1183	0.652174
1180	1160	0.711287
1180	1179	4.130435
1180	1181	1.200296
1180	1182	2.889602
1180	1183	0.521739
1181	1120	0.177822
1181	1121	2.812715
1181	1158	0.044455
1181	1159	0.444554
1181	1180	1.200296
1181	1182	4.818182
1182	1120	0.355643
1182	1159	0.222277
1182	1160	3.272727
1182	1180	2.889602
1182	1181	4.818182
1182	1183	0.978019
1182	1186	0.133366
1183	1160	3.511978
1183	1161	0.932505
1183	1162	0.046625
1183	1163	1.043478
1183	1178	0.088911
1183	1179	0.652174
1183	1180	0.521739
1183	1182	0.978019
1183	1184	3.086957
1184	1162	2.937390
1184	1163	0.434783
1184	1164	0.139876
1184	1175	0.043478
1184	1177	0.043478
1184	1178	0.088911
1184	1183	3.086957
1184	1185	1.155841
1184	1186	0.043478
1185	1095	1.818182
1185	1184	1.155841
1185	1186	1.111386
1185	1187	0.177822
1186	1119	0.792629
1186	1120	2.130435
1186	1182	0.133366
1186	1184	0.043478
1186	1185	1.111386
1186	1187	3.217391
1187	1118	0.885880
1187	1119	1.631883
1187	1185	0.177822
1187	1186	3.217391
1187	1188	3.913043
1188	1117	0.746004
1188	1118	1.585258
1188	1187	3.913043
1188	1189	3.782609
1189	1116	0.746004
1189	1117	1.771759
1189	1188	3.782609
1189	1190	4.623364
1190	1116	0.238366
1190	1189	4.623364
1190	1191	3.575485
1191	1068	0.750000
1191	1113	0.047673
1191	1190	3.575485
1191	1192	0.979130
1192	1067	0.478261
1192	1068	1.631883
1192	1069	0.046625
1192	1191	0.979130
1192	1193	1.066930
1193	1067	0.533465
1193	1069	0.572078
1193	1070	0.500000
1193	1071	1.155841
1193	1072	0.333712
1193	1110	0.524404
1193	1111	0.622376
1193	1192	1.066930
1193	1194	3.098753
1193	1195	0.044455
1194	1067	0.139876
1194	1072	0.850000
1194	1193	3.098753
1194	1195	3.916520
1195	1065	0.093250
1195	1066	0.792629
1195	1067	0.565217
1195	1193	0.044455
1195	1194	3.916520
1195	1196	3.590144
1196	1064	0.139876
1196	1065	0.750000
1196	1066	0.200000
1196	1195	3.590144
1196	1197	3.500000
1197	1064	0.792629
1197	1065	0.200000
1197	1196	3.500000
1197	1198	1.100000
1197	1199	1.678509
1198	209	0.273861
1198	210	0.447214
1198	211	0.674200
1198	212	0.067420
1198	1057	2.100000
1198	1197	1.100000
1198	1199	0.979130
1199	969	0.088911
1199	1057	0.652753
1199	1062	0.046625
1199	1063	0.839254
1199	1064	2.739130
1199	1197	1.678509
1199	1198	0.979130
1199	1200	3.826087
1200	968	0.222277
1200	969	0.489010
1200	1057	0.233126
1200	1061	0.347826
1200	1062	0.792629
1200	1063	1.445382
1200	1199	3.826087
1200	1201	4.942275
1201	967	0.279751
1201	968	0.333712
1201	1056	4.242897
1201	1057	0.050000
1201	1061	0.699379
1201	1062	0.050000
1201	1200	4.942275
1201	1202	1.100000
1201	1203	0.238366
1201	1204	0.186501
1202	967	0.093250
1202	1055	1.900000
1202	1056	1.492008
1202	1058	0.762770
1202	1059	1.150000
1202	1201	1.100000
1202	1203	1.620886
1202	1206	0.095346
1202	1207	0.650000
1202	1208	0.419627
1203	965	0.429058
1203	966	0.476731
1203	987	0.772727
1203	1052	2.812715
1203	1053	0.088911
1203	1054	0.047673
1203	1201	0.238366
1203	1202	1.620886
1203	1204	1.289207
1203	1205	0.190693
1203	1207	0.047673
1204	1052	0.233126
1204	1061	0.260870
1204	1201	0.186501
1204	1203	1.289207
1204	1205	4.522648
1205	1052	0.200000
1205	1056	0.093250
1205	1060	0.792629
1205	1061	0.326377
1205	1203	0.190693
1205	1204	4.522648
1205	1206	3.146427
1206	1056	0.311188
1206	1059	0.619751
1206	1060	2.667325
1206	1202	0.095346
1206	1205	3.146427
1206	1207	3.146427
1207	1058	0.143019
1207	1059	0.500000
1207	1202	0.650000
1207	1203	0.047673
1207	1206	3.146427
1207	1208	1.305507
1208	542	0.088911
1208	1055	0.606128
1208	1058	3.511978
1208	1202	0.419627
1208	1207	1.305507
1208	1209	4.782609
1209	542	0.266733
1209	1054	0.792629
1209	1055	1.305507
1209	1208	4.782609
1209	1210	4.895650
1210	1053	0.932505
1210	1054	0.700000
1210	1209	4.895650
1210	1211	3.500000
1211	1051	0.839254
1211	1053	1.725134
1211	1210	3.500000
1211	1212	2.150000
1211	1216	0.200000
1212	1050	0.792629
1212	1051	1.818384
1212	1211	2.150000
1212	1213	2.950000
1212	1215	0.047673
1212	1216	2.000000
1213	1049	0.238366
1213	1050	0.466252
1213	1212	2.950000
1213	1214	1.250000
1213	1215	0.905789
1214	995	2.700000
1214	1213	1.250000
1214	1215	2.097618
1214	1217	0.046625
1215	995	0.238366
1215	997	0.088911
1215	1049	0.454545
1215	1050	0.044455
1215	1212	0.047673
1215	1213	0.905789
1215	1214	2.097618
1215	1216	1.096482
1215	1217	4.045443
1216	1050	0.046625
1216	1051	0.326377
1216	1053	0.139876
1216	1211	0.200000
1216	1212	2.000000
1216	1215	1.096482
1216	1217	1.212256
1217	994	0.652753
1217	995	0.326377
1217	998	0.044455
1217	1049	0.133366
1217	1050	0.652174
1217	1051	0.478261
1217	1053	0.086957
1217	1214	0.046625
1217	1215	4.045443
1217	1216	1.212256
1217	1218	3.260870
1218	993	0.792629
1218	994	1.771759
1218	998	0.577920
1218	1050	0.130435
1218	1051	0.043478
1218	1217	3.260870
1218	1219	4.009771
1219	991	0.046625
1219	992	0.979130
1219	993	0.350000
1219	1021	0.381385
1219	1218	4.009771
1219	1220	3.250000
1220	990	0.143019
1220	991	1.025755
1220	992	1.258881
1220	1020	0.858116
1220	1021	0.667424
1220	1219	3.250000
1220	1221	3.650000
1221	983	0.050000
1221	990	0.619751
1221	991	0.559503
1221	1019	0.667424
1221	1020	0.381385
1221	1220	3.650000
1221	1222	3.357017
1222	962	0.088911
1222	983	0.093250
1222	989	0.979130
1222	990	1.822672
1222	1221	3.357017
1222	1223	4.130435
1222	1322	0.046625
1223	962	0.177822
1223	963	0.889108
1223	988	0.792629
1223	989	1.911635
1223	1222	4.130435
1223	1224	4.608696
1223	1322	0.233126
1223	1323	0.559503
1223	1324	0.046625
1224	963	0.844653
1224	964	0.279751
1224	965	0.046625
1224	983	0.326377
1224	984	0.046625
1224	985	0.186501
1224	986	0.466252
1224	987	0.222277
1224	988	1.025755
1224	1223	4.608696
1224	1225	3.776644
1224	1323	0.606128
1224	1324	0.326377
1225	964	0.350000
1225	965	0.800000
1225	981	1.477867
1225	983	0.250000
1225	985	0.250000
1225	986	0.900000
1225	987	0.047673
1225	1224	3.776644
1225	1226	2.238012
1225	1227	0.333712
1225	1324	0.050000
1226	386	0.792629
1226	981	1.867128
1226	982	0.133366
1226	1225	2.238012
1226	1227	1.200296
1226	1324	1.818384
1226	1325	0.086957
1227	958	0.177822
1227	959	0.762770
1227	960	1.096482
1227	964	3.241773
1227	1225	0.333712
1227	1226	1.200296
1227	1228	3.098753
1228	958	0.652753
1228	959	0.050000
1228	1227	3.098753
1228	1229	0.905789
1228	1230	0.300000
1229	958	0.266733
1229	959	0.524404
1229	1228	0.905789
1229	1230	2.479003
1230	957	1.072381
1230	958	1.072381
1230	1228	0.300000
1230	1229	2.479003
1230	1231	2.669695
1231	956	0.667424
1231	957	2.489504
1231	1230	2.669695
1231	1232	3.575485
1232	955	0.792629
1232	956	0.700000
1232	974	0.050000
1232	1231	3.575485
1232	1233	2.377887
1233	953	0.044455
1233	954	0.885880
1233	955	2.913043
1233	974	1.119006
1233	975	0.217391
1233	1232	2.377887
1233	1234	4.009771
1234	947	0.150000
1234	953	0.667424
1234	954	0.500000
1234	975	0.186501
1234	1233	4.009771
1234	1235	2.657639
1235	948	0.043478
1235	951	0.304348
1235	952	0.979130
1235	953	2.711781
1235	975	0.043478
1235	1234	2.657639
1235	1236	3.916520
1235	1365	0.559503
1235	1366	0.347826
1236	950	0.047673
1236	951	0.932505
1236	952	0.450000
1236	1235	3.916520
1236	1237	3.100000
1236	1365	1.350000
1236	1366	0.233126
1237	99	0.111803
1237	100	1.043498
1237	101	0.335410
1237	950	0.572078
1237	951	0.932505
1237	1236	3.100000
1237	1238	2.955734
1237	1306	0.046625
1237	1307	0.419627
1238	99	0.426401
1238	100	1.137070
1238	947	0.047673
1238	949	0.622376
1238	950	1.545455
1238	1237	2.955734
1238	1239	4.242909
1238	1306	0.844653
1238	1307	0.266733
1238	1336	0.177822
1238	1339	0.222277
1239	949	0.093250
1239	1238	4.242909
1239	1240	2.049945
1239	1302	0.466252
1239	1303	0.050000
1239	1305	0.550000
1239	1306	0.139876
1239	1336	0.932505
1239	1337	0.450000
1239	1338	2.200000
1239	1339	0.792629
1240	1239	2.049945
1240	1241	1.909091
1240	1243	1.066930
1240	1244	0.524404
1240	1298	0.047673
1240	1301	0.681818
1240	1302	0.177822
1240	1303	0.905789
1240	1305	1.763906
1240	1337	0.572078
1240	1338	0.095346
1241	1240	1.909091
1241	1242	1.048809
1241	1243	2.934058
1241	1298	0.810443
1241	1299	1.144155
1241	1300	1.859252
1241	1301	0.545455
1242	1241	1.048809
1242	1243	1.258881
1243	1240	1.066930
1243	1241	2.934058
1243	1242	1.258881
1243	1244	3.496893
1243	1297	0.043478
1243	1298	0.792629
1244	99	0.111803
1244	1240	0.524404
1244	1243	3.496893
1244	1245	3.250000
1244	1297	0.652753
1244	1298	0.100000
1244	1304	0.100000
1244	1305	0.250000
1244	1306	0.373002
1245	99	0.111803
1245	1244	3.250000
1245	1246	3.000000
1245	1296	0.792629
1245	1297	1.258881
1245	1304	0.050000
1246	1245	3.000000
1246	1247	3.289446
1246	1295	0.746004
1246	1296	1.258881
1247	1246	3.289446
1247	1248	4.671967
1247	1293	0.177822
1247	1294	0.333712
1247	1295	2.222771
1248	1247	4.671967
1248	1249	2.950000
1248	1293	0.512878
1248	1294	0.050000
1249	1248	2.950000
1249	1250	1.906925
1249	1292	0.979130
1249	1293	1.398757
1250	1249	1.906925
1250	1251	3.194100
1250	1290	0.090909
1250	1291	0.272727
1250	1292	2.667325
1251	1250	3.194100
1251	1252	0.953463
1251	1289	0.381385
1251	1290	0.619751
1251	1291	0.190693
1252	1251	0.953463
1252	1253	4.363636
1252	1289	3.227273
1252	1355	0.222277
1252	1356	0.429058
1252	1370	0.047673
1252	1371	0.755742
1252	1372	0.044455
1253	1252	4.363636
1253	1254	4.772727
1253	1287	0.227273
1253	1356	0.572078
1253	1370	0.905789
1253	1371	0.844653
1254	1253	4.772727
1254	1255	4.000988
1254	1287	0.363636
1254	1356	0.095346
1254	1357	0.444554
1254	1369	0.044455
1254	1370	0.333712
1255	1254	4.000988
1255	1256	4.615899
1255	1285	0.043478
1255	1286	0.792629
1255	1287	0.711287
1255	1357	0.739130
1255	1358	0.260870
1256	1255	4.615899
1256	1257	2.098136
1256	1285	0.792629
1256	1286	0.350000
1256	1358	0.466252
1256	1359	0.095346
1257	1256	2.098136
1257	1258	0.933564
1257	1260	1.347826
1257	1261	0.979130
1257	1278	0.043478
1257	1279	0.139876
1257	1281	3.600889
1257	1284	0.792629
1257	1285	3.173913
1258	1257	0.933564
1258	1259	0.762770
1258	1260	1.644851
1258	1279	1.573213
1258	1280	2.335983
1258	1281	0.318182
1259	1258	0.762770
1259	1260	1.165631
1260	1257	1.347826
1260	1258	1.644851
1260	1259	1.165631
1260	1261	4.242897
1260	1278	0.173913
1260	1279	0.746004
1260	1281	0.222277
1261	1257	0.979130
1261	1260	4.242897
1261	1262	2.700000
1261	1278	0.699379
1261	1279	0.050000
1261	1285	1.305507
1261	1286	0.750000
1262	1261	2.700000
1262	1263	1.430194
1262	1275	0.046625
1262	1276	0.839254
1262	1277	0.333712
1262	1278	0.046625
1262	1285	0.559503
1262	1286	1.050000
1263	1262	1.430194
1263	1264	4.910332
1263	1275	0.177822
1263	1276	0.800198
1263	1277	3.181818
1263	1285	0.800198
1263	1286	0.286039
1264	1263	4.910332
1264	1265	3.050000
1264	1275	0.699379
1264	1276	0.186501
1265	1264	3.050000
1265	1266	3.200000
1265	1274	0.839254
1265	1275	1.492008
1266	1265	3.200000
1266	1267	3.077266
1266	1273	0.792629
1266	1274	1.352132
1267	1266	3.077266
1267	1268	3.608696
1267	1272	0.885880
1267	1273	2.391304
1268	1267	3.608696
1268	1269	1.212256
1268	1270	2.311682
1268	1271	0.533465
1268	1272	1.305507
1269	1268	1.212256
1269	1270	3.241773
1269	1329	0.550000
1270	1268	2.311682
1270	1269	3.241773
1270	1271	4.318182
1270	1313	0.088911
1270	1314	0.133366
1270	1328	0.858116
1270	1329	0.238366
1271	1268	0.533465
1271	1270	4.318182
1271	1272	2.526676
1271	1314	0.844653
1271	1315	1.287174
1271	1327	0.143019
1271	1328	0.619751
1272	1267	0.885880
1272	1268	1.305507
1272	1271	2.526676
1272	1273	2.377887
1272	1315	0.750000
1272	1316	0.700000
1273	1266	0.792629
1273	1267	2.391304
1273	1272	2.377887
1273	1274	3.521739
1273	1316	0.512878
1274	1265	0.839254
1274	1266	1.352132
1274	1273	3.521739
1274	1275	4.434783
1275	1262	0.046625
1275	1263	0.177822
1275	1264	0.699379
1275	1265	1.492008
1275	1274	4.434783
1275	1276	4.913043
1276	1262	0.839254
1276	1263	0.800198
1276	1264	0.186501
1276	1275	4.913043
1276	1277	1.956039
1277	1262	0.333712
1277	1263	3.181818
1277	1276	1.956039
1277	1278	4.356631
1277	1284	0.095346
1278	1257	0.043478
1278	1260	0.173913
1278	1261	0.699379
1278	1262	0.046625
1278	1277	4.356631
1278	1279	4.242897
1278	1284	0.839254
1278	1285	0.130435
1279	1257	0.139876
1279	1258	1.573213
1279	1260	0.746004
1279	1261	0.050000
1279	1278	4.242897
1279	1280	1.100000
1279	1281	0.810443
1279	1284	1.250000
1280	1258	2.335983
1280	1279	1.100000
1280	1281	2.717368
1281	1257	3.600889
1281	1258	0.318182
1281	1260	0.222277
1281	1279	0.810443
1281	1280	2.717368
1281	1282	1.181818
1281	1283	0.333712
1281	1284	0.286039
1282	1127	0.044455
1282	1129	1.477867
1282	1152	0.762770
1282	1153	0.715097
1282	1281	1.181818
1282	1283	1.144155
1283	1128	0.200000
1283	1129	0.250000
1283	1281	0.333712
1283	1282	1.144155
1283	1284	2.400000
1284	1257	0.792629
1284	1277	0.095346
1284	1278	0.839254
1284	1279	1.250000
1284	1281	0.286039
1284	1283	2.400000
1284	1285	2.377887
1285	1255	0.043478
1285	1256	0.792629
1285	1257	3.173913
1285	1261	1.305507
1285	1262	0.559503
1285	1263	0.800198
1285	1278	0.130435
1285	1284	2.377887
1285	1286	3.403643
1286	1255	0.792629
1286	1256	0.350000
1286	1261	0.750000
1286	1262	1.050000
1286	1263	0.286039
1286	1285	3.403643
1286	1287	3.670831
1286	1288	0.095346
1287	1253	0.227273
1287	1254	0.363636
1287	1255	0.711287
1287	1286	3.670831
1287	1288	2.454545
1287	1289	0.045455
1287	1357	0.088911
1288	1286	0.095346
1288	1287	2.454545
1288	1289	1.818182
1288	1290	0.272727
1288	1356	0.333712
1288	1357	0.044455
1289	1251	0.381385
1289	1252	3.227273
1289	1287	0.045455
1289	1288	1.818182
1289	1290	4.318182
1289	1355	1.066930
1289	1356	0.190693
1289	1371	0.400099
1289	1372	0.355643
1290	1250	0.090909
1290	1251	0.619751
1290	1288	0.272727
1290	1289	4.318182
1290	1291	4.409091
1290	1354	1.096482
1290	1355	1.289207
1290	1371	0.133366
1290	1372	0.978019
1291	1250	0.272727
1291	1251	0.190693
1291	1290	4.409091
1291	1292	2.133860
1291	1354	0.572078
1291	1372	0.489010
1291	1373	0.238366
1292	1249	0.979130
1292	1250	2.667325
1292	1291	2.133860
1292	1293	4.304348
1293	1247	0.177822
1293	1248	0.512878
1293	1249	1.398757
1293	1292	4.304348
1293	1294	4.196272
1294	1247	0.333712
1294	1248	0.050000
1294	1293	4.196272
1294	1295	2.564388
1295	1246	0.746004
1295	1247	2.222771
1295	1294	2.564388
1295	1296	3.869565
1296	1245	0.792629
1296	1246	1.258881
1296	1295	3.869565
1296	1297	3.956522
1297	1243	0.043478
1297	1244	0.652753
1297	1245	1.258881
1297	1296	3.956522
1297	1298	3.450268
1297	1304	0.186501
1298	1240	0.047673
1298	1241	0.810443
1298	1243	0.792629
1298	1244	0.100000
1298	1297	3.450268
1298	1299	3.250000
1298	1304	1.150000
1299	1241	1.144155
1299	1298	3.250000
1299	1300	1.900000
1299	1301	0.047673
1300	1241	1.859252
1300	1299	1.900000
1300	1301	4.195235
1301	1240	0.681818
1301	1241	0.545455
1301	1299	0.047673
1301	1300	4.195235
1301	1302	1.378118
1301	1303	3.098753
1302	1239	0.466252
1302	1240	0.177822
1302	1301	1.378118
1302	1303	2.191386
1302	1305	0.466252
1302	1336	3.000000
1302	1337	2.004885
1303	1239	0.050000
1303	1240	0.905789
1303	1301	3.098753
1303	1302	2.191386
1303	1304	1.200000
1303	1305	3.400000
1303	1306	0.046625
1304	1244	0.100000
1304	1245	0.050000
1304	1297	0.186501
1304	1298	1.150000
1304	1303	1.200000
1304	1305	1.100000
1305	1239	0.550000
1305	1240	1.763906
1305	1244	0.250000
1305	1302	0.466252
1305	1303	3.400000
1305	1304	1.100000
1305	1306	4.196272
1305	1307	0.139876
1305	1336	0.792629
1306	99	0.417029
1306	102	0.073721
1306	1237	0.046625
1306	1238	0.844653
1306	1239	0.139876
1306	1244	0.373002
1306	1303	0.046625
1306	1305	4.196272
1306	1307	4.000000
1306	1334	1.111386
1306	1335	0.711287
1306	1336	0.782609
1307	99	0.729800
1307	100	0.069505
1307	101	1.876630
1307	102	1.105815
1307	1237	0.419627
1307	1238	0.266733
1307	1305	0.139876
1307	1306	4.000000
1307	1308	1.333663
1307	1333	2.086957
1307	1334	0.489010
1308	101	0.106600
1308	951	0.400099
1308	952	0.429058
1308	1307	1.333663
1308	1309	5.196371
1308	1332	0.190693
1308	1333	1.066930
1308	1334	3.272727
1309	952	0.250000
1309	1308	5.196371
1309	1310	3.500000
1309	1332	0.650000
1309	1333	0.186501
1310	1309	3.500000
1310	1311	2.191386
1310	1331	0.524404
1310	1332	0.500000
1311	1310	2.191386
1311	1312	3.521739
1311	1330	0.979130
1311	1331	2.222771
1312	1311	3.521739
1312	1313	4.478261
1312	1329	0.792629
1312	1330	1.445382
1313	1270	0.088911
1313	1312	4.478261
1313	1314	3.913043
1313	1328	0.652753
1313	1329	1.445382
1314	1270	0.133366
1314	1271	0.844653
1314	1313	3.913043
1314	1315	2.844140
1314	1327	0.979130
1314	1328	1.025755
1315	1271	1.287174
1315	1272	0.750000
1315	1314	2.844140
1315	1316	3.300000
1315	1325	0.046625
1315	1326	0.762770
1315	1327	0.150000
1316	1272	0.700000
1316	1273	0.512878
1316	1315	3.300000
1316	1317	2.650000
1316	1325	0.699379
1316	1326	0.381385
1317	1316	2.650000
1317	1318	4.196272
1317	1321	0.715097
1317	1325	0.606128
1317	1362	1.048809
1317	1363	0.326377
1318	982	0.577920
1318	1317	4.196272
1318	1319	1.025755
1318	1320	2.178316
1318	1321	0.844653
1318	1362	0.533465
1319	983	0.250000
1319	1318	1.025755
1319	1320	2.288310
1320	982	2.681818
1320	983	1.430194
1320	1318	2.178316
1320	1319	2.288310
1320	1321	1.136364
1320	1362	0.090909
1321	982	3.045455
1321	1317	0.715097
1321	1318	0.844653
1321	1320	1.136364
1321	1322	0.905789
1321	1323	0.047673
1321	1324	0.190693
1321	1325	4.045443
1321	1362	0.181818
1321	1363	0.577920
1322	1222	0.046625
1322	1223	0.233126
1322	1321	0.905789
1322	1323	4.050000
1323	982	0.095346
1323	1223	0.559503
1323	1224	0.606128
1323	1321	0.047673
1323	1322	4.050000
1323	1324	3.950000
1323	1325	0.046625
1324	982	1.191828
1324	983	0.050000
1324	1223	0.046625
1324	1224	0.326377
1324	1225	0.050000
1324	1226	1.818384
1324	1321	0.190693
1324	1323	3.950000
1324	1325	1.072381
1325	385	0.326377
1325	386	1.258881
1325	1226	0.086957
1325	1315	0.046625
1325	1316	0.699379
1325	1317	0.606128
1325	1321	4.045443
1325	1323	0.046625
1325	1324	1.072381
1325	1326	4.756730
1325	1363	0.086957
1326	385	1.048809
1326	386	0.905789
1326	1315	0.762770
1326	1316	0.381385
1326	1325	4.756730
1326	1327	4.004543
1327	1271	0.143019
1327	1314	0.979130
1327	1315	0.150000
1327	1326	4.004543
1327	1328	2.950000
1328	103	0.134840
1328	1270	0.858116
1328	1271	0.619751
1328	1313	0.652753
1328	1314	1.025755
1328	1327	2.950000
1328	1329	3.600000
1329	103	0.134840
1329	1269	0.550000
1329	1270	0.238366
1329	1312	0.792629
1329	1313	1.445382
1329	1328	3.600000
1329	1330	3.400000
1330	103	0.269680
1330	104	0.404520
1330	1311	0.979130
1330	1312	1.445382
1330	1329	3.400000
1330	1331	3.527812
1331	103	0.128565
1331	104	0.449977
1331	1310	0.524404
1331	1311	2.222771
1331	1330	3.527812
1331	1332	4.242909
1332	104	0.067420
1332	1308	0.190693
1332	1309	0.650000
1332	1310	0.500000
1332	1331	4.242909
1332	1333	3.077266
1333	104	0.125739
1333	1307	2.086957
1333	1308	1.066930
1333	1309	0.186501
1333	1332	3.077266
1333	1334	0.978019
1334	951	0.311188
1334	1306	1.111386
1334	1307	0.489010
1334	1308	3.272727
1334	1333	0.978019
1334	1335	3.863636
1335	950	0.681818
1335	951	0.088911
1335	1306	0.711287
1335	1334	3.863636
1335	1336	4.178810
1336	949	0.260870
1336	950	0.133366
1336	1238	0.177822
1336	1239	0.932505
1336	1302	3.000000
1336	1305	0.792629
1336	1306	0.782609
1336	1335	4.178810
1336	1337	1.119006
1336	1339	0.086957
1337	1239	0.450000
1337	1240	0.572078
1337	1302	2.004885
1337	1336	1.119006
1337	1338	1.350000
1337	1339	0.326377
1338	1239	2.200000
1338	1240	0.095346
1338	1337	1.350000
1338	1339	3.636769
1339	947	0.046625
1339	948	0.434783
1339	949	3.782609
1339	1238	0.222277
1339	1239	0.792629
1339	1336	0.086957
1339	1337	0.326377
1339	1338	3.636769
1339	1340	0.956522
1340	948	1.130435
1340	949	0.043478
1340	1339	0.956522
1340	1341	4.712275
1341	948	0.844653
1341	1340	4.712275
1341	1342	3.454545
1342	947	0.572078
1342	948	1.867128
1342	1341	3.454545
1342	1343	3.051080
1343	946	0.512878
1343	947	0.550000
1343	1342	3.051080
1343	1344	1.500000
1344	945	0.792629
1344	946	2.098136
1344	1343	1.500000
1344	1345	2.517763
1345	943	0.260870
1345	944	0.792629
1345	945	2.304348
1345	1344	2.517763
1345	1346	3.916520
1345	1351	0.044455
1346	938	2.300000
1346	943	1.025755
1346	944	0.200000
1346	1345	3.916520
1346	1347	1.150000
1346	1350	0.250000
1346	1351	0.476731
1347	938	1.900000
1347	941	0.238366
1347	942	0.572078
1347	1346	1.150000
1347	1348	1.096482
1347	1350	0.050000
1347	1376	0.762770
1347	1377	0.650000
1347	1378	2.622022
1348	1347	1.096482
1348	1349	1.200296
1348	1350	3.003407
1348	1375	1.318182
1348	1376	0.727273
1348	1377	0.190693
1349	1348	1.200296
1349	1350	1.631883
1349	1374	3.304348
1349	1375	0.533465
1350	1346	0.250000
1350	1347	0.050000
1350	1348	3.003407
1350	1349	1.631883
1350	1351	2.622022
1350	1374	0.932505
1350	1375	0.810443
1351	944	0.047673
1351	1345	0.044455
1351	1346	0.476731
1351	1350	2.622022
1351	1352	4.090909
1351	1374	0.622376
1351	1375	2.772727
1352	945	0.133366
1352	1351	4.090909
1352	1353	5.101025
1352	1372	0.177822
1352	1373	0.667424
1352	1374	0.222277
1353	1352	5.101025
1353	1354	2.750000
1353	1372	0.606128
1353	1373	0.200000
1354	100	0.447214
1354	1290	1.096482
1354	1291	0.572078
1354	1353	2.750000
1354	1355	3.496893
1354	1371	0.792629
1354	1372	1.725134
1355	100	0.208514
1355	1252	0.222277
1355	1289	1.066930
1355	1290	1.289207
1355	1354	3.496893
1355	1356	3.170516
1355	1370	0.839254
1355	1371	1.782609
1356	1252	0.429058
1356	1253	0.572078
1356	1254	0.095346
1356	1288	0.333712
1356	1289	0.190693
1356	1355	3.170516
1356	1357	2.331262
1356	1369	0.746004
1356	1370	0.950000
1357	1254	0.444554
1357	1255	0.739130
1357	1287	0.088911
1357	1288	0.044455
1357	1356	2.331262
1357	1358	4.521739
1357	1367	0.093250
1357	1368	0.792629
1357	1369	3.173913
1358	1255	0.260870
1358	1256	0.466252
1358	1357	4.521739
1358	1359	4.401087
1358	1366	0.173913
1358	1367	0.792629
1358	1368	0.792629
1359	979	1.000000
1359	1256	0.095346
1359	1358	4.401087
1359	1360	3.861523
1359	1361	0.238366
1359	1364	0.181818
1359	1366	0.622376
1359	1367	0.190693
1360	979	0.715097
1360	980	2.238012
1360	1359	3.861523
1360	1361	3.600000
1360	1364	0.524404
1361	385	0.300000
1361	980	0.419627
1361	1359	0.238366
1361	1360	3.600000
1361	1362	1.001136
1361	1363	0.419627
1362	982	0.545455
1362	983	0.095346
1362	1317	1.048809
1362	1318	0.533465
1362	1320	0.090909
1362	1321	0.181818
1362	1361	1.001136
1362	1363	4.801186
1363	385	3.403643
1363	980	0.086957
1363	982	0.666831
1363	984	0.046625
1363	1317	0.326377
1363	1321	0.577920
1363	1325	0.086957
1363	1361	0.419627
1363	1362	4.801186
1364	386	1.573213
1364	953	0.045455
1364	954	0.095346
1364	975	0.622376
1364	979	0.272727
1364	980	2.089405
1364	1359	0.181818
1364	1360	0.524404
1364	1365	1.287174
1364	1366	3.823166
1365	952	0.050000
1365	953	1.287174
1365	975	0.559503
1365	1235	0.559503
1365	1236	1.350000
1365	1364	1.287174
1365	1366	1.212256
1366	975	2.043478
1366	976	0.093250
1366	979	0.311188
1366	1235	0.347826
1366	1236	0.233126
1366	1358	0.173913
1366	1359	0.622376
1366	1364	3.823166
1366	1365	1.212256
1366	1367	4.569274
1367	975	0.093250
1367	976	0.250000
1367	979	0.476731
1367	1357	0.093250
1367	1358	0.792629
1367	1359	0.190693
1367	1366	4.569274
1367	1368	3.850000
1368	979	0.238366
1368	1357	0.792629
1368	1358	0.792629
1368	1367	3.850000
1368	1369	3.170516
1369	1254	0.044455
1369	1356	0.746004
1369	1357	3.173913
1369	1368	3.170516
1369	1370	3.590144
1370	1252	0.047673
1370	1253	0.905789
1370	1254	0.333712
1370	1355	0.839254
1370	1356	0.950000
1370	1369	3.590144
1370	1371	2.937390
1371	1252	0.755742
1371	1253	0.844653
1371	1289	0.400099
1371	1290	0.133366
1371	1354	0.792629
1371	1355	1.782609
1371	1370	2.937390
1371	1372	3.304348
1372	1252	0.044455
1372	1289	0.355643
1372	1290	0.978019
1372	1291	0.489010
1372	1352	0.177822
1372	1353	0.606128
1372	1354	1.725134
1372	1371	3.304348
1372	1373	4.662524
1373	1291	0.238366
1373	1352	0.667424
1373	1353	0.200000
1373	1372	4.662524
1373	1374	3.916520
1374	1349	3.304348
1374	1350	0.932505
1374	1351	0.622376
1374	1352	0.222277
1374	1373	3.916520
1374	1375	1.111386
1375	944	0.381385
1375	1348	1.318182
1375	1349	0.533465
1375	1350	0.810443
1375	1351	2.772727
1375	1374	1.111386
1375	1376	3.909091
1376	938	0.095346
1376	942	0.045455
1376	943	0.978019
1376	944	0.190693
1376	1347	0.762770
1376	1348	0.727273
1376	1375	3.909091
1376	1377	5.387064
1377	942	0.810443
1377	943	0.699379
1377	1347	0.650000
1377	1348	0.190693
1377	1376	5.387064
1377	1378	2.717368
1378	941	0.318182
1378	942	0.090909
1378	1347	2.622022
1378	1377	2.717368
1378	1379	1.001136
1378	1380	0.222277
1379	941	0.429058
1379	1378	1.001136
1379	1380	3.170516
1380	939	0.044455
1380	940	0.746004
1380	941	1.333663
1380	1378	0.222277
1380	1379	3.170516
1380	1381	3.683394
1380	1382	0.093250
1380	1383	0.046625
1381	939	0.667424
1381	940	0.400000
1381	1380	3.683394
1381	1382	1.050000
1381	1383	0.150000
1382	1380	0.093250
1382	1381	1.050000
1382	1383	2.850000
1383	939	0.047673
1383	940	0.600000
1383	1380	0.046625
1383	1381	0.150000
1383	1382	2.850000
1383	1384	2.450000
1384	939	0.476731
1384	940	0.650000
1384	1383	2.450000
1384	1385	2.700000
1385	937	0.792629
1385	939	1.048809
1385	1384	2.700000
1385	1386	3.077266
1386	936	0.885880
1386	937	2.260870
1386	1066	0.046625
1386	1067	0.173913
1386	1385	3.077266
1386	1387	4.173913
1387	935	0.792629
1387	936	1.678509
1387	1067	0.478261
1387	1069	0.046625
1387	1386	4.173913
1387	1388	3.304348
1388	933	0.043478
1388	934	0.792629
1388	935	1.725134
1388	1069	0.139876
1388	1070	0.088911
1388	1071	0.347826
1388	1387	3.304348
1388	1389	4.382773
1389	933	0.792629
1389	934	0.400000
1389	1071	0.279751
1389	1072	0.150000
1389	1090	0.093250
1389	1388	4.382773
1389	1390	3.100000
1390	932	0.792629
1390	933	1.492008
1390	1089	0.250000
1390	1090	0.326377
1390	1389	3.100000
1390	1391	3.750000
1391	931	0.839254
1391	932	1.305507
1391	1390	3.750000
1391	1392	2.900000
1392	928	0.050000
1392	929	0.885880
1392	931	1.865010
1392	1391	2.900000
1392	1393	3.030641
1393	927	0.222277
1393	928	0.792629
1393	929	2.304348
1393	1392	3.030641
1393	1394	3.683394
1393	1498	0.933564
1393	1499	0.177822
1393	1527	0.044455
1394	926	0.139876
1394	927	0.619751
1394	928	0.050000
1394	1393	3.683394
1394	1395	1.144155
1394	1396	0.700000
1394	1497	0.550000
1394	1498	0.619751
1394	1526	0.046625
1395	1394	1.144155
1395	1396	1.287174
1395	1402	0.044455
1395	1403	0.047673
1395	1496	0.590909
1395	1497	2.431330
1396	926	0.979130
1396	927	0.572078
1396	1394	0.700000
1396	1395	1.287174
1396	1397	2.479003
1396	1399	0.524404
1396	1400	0.300000
1396	1402	0.979130
1396	1403	0.400000
1397	924	0.047673
1397	925	0.667424
1397	926	2.267227
1397	1396	2.479003
1397	1398	1.096482
1397	1399	0.863636
1397	1402	0.177822
1398	209	0.273861
1398	1397	1.096482
1398	1399	1.573213
1399	926	0.844653
1399	927	1.181818
1399	1396	0.524404
1399	1397	0.863636
1399	1398	1.573213
1399	1400	1.191828
1399	1402	0.133366
1400	927	0.238366
1400	928	1.350000
1400	929	0.046625
1400	1396	0.300000
1400	1399	1.191828
1400	1401	1.200000
1400	1402	3.310392
1400	1497	0.050000
1400	1498	1.382521
1400	1500	0.746004
1401	208	0.200000
1401	970	0.093250
1401	1400	1.200000
1401	1402	1.119006
1402	1395	0.044455
1402	1396	0.979130
1402	1397	0.177822
1402	1399	0.133366
1402	1400	3.310392
1402	1401	1.119006
1402	1403	4.662524
1402	1496	0.044455
1402	1497	0.792629
1402	1500	0.434783
1403	1395	0.047673
1403	1396	0.400000
1403	1402	4.662524
1403	1404	4.150000
1403	1496	0.572078
1403	1497	0.250000
1404	1403	4.150000
1404	1405	2.050000
1404	1494	0.050000
1404	1495	0.619751
1404	1496	1.048809
1405	1404	2.050000
1405	1406	3.217142
1405	1493	0.792629
1405	1494	0.050000
1405	1495	1.763906
1405	1515	0.524404
1405	1516	0.093250
1406	1405	3.217142
1406	1407	3.823270
1406	1492	0.792629
1406	1493	1.608696
1406	1513	0.043478
1406	1514	1.289207
1406	1515	1.378118
1407	1406	3.823270
1407	1408	3.650000
1407	1484	0.139876
1407	1491	0.300000
1407	1492	0.700000
1407	1513	0.279751
1407	1514	1.096482
1407	3450	0.143019
1408	1407	3.650000
1408	1409	2.669695
1408	1490	0.792629
1408	1491	0.650000
1408	3443	0.667424
1408	3450	0.810443
1409	1408	2.669695
1409	1410	3.623158
1409	1487	0.044455
1409	1489	0.090909
1409	1490	2.445048
1409	3443	1.227273
1409	3447	0.590909
1409	3448	0.095346
1410	1409	3.623158
1410	1411	2.984015
1410	1487	0.792629
1410	3444	0.286039
1410	3445	0.200000
1410	3446	0.450000
1410	3447	0.524404
1411	1410	2.984015
1411	1412	4.196272
1411	1485	0.173913
1411	1486	0.932505
1411	1487	2.304348
1412	1411	4.196272
1412	1413	3.450000
1412	1484	0.046625
1412	1485	0.839254
1412	1486	0.450000
1413	914	0.050000
1413	1412	3.450000
1413	1414	3.575485
1413	1484	0.792629
1413	1485	1.352132
1414	913	0.863636
1414	914	0.238366
1414	1413	3.575485
1414	1415	4.290582
1414	1483	0.577920
1414	1484	1.511484
1415	912	0.095346
1415	913	0.333712
1415	1414	4.290582
1415	1416	2.238012
1415	1482	0.606128
1415	1483	0.559503
1416	896	0.533465
1416	897	0.279751
1416	1415	2.238012
1416	1417	3.826087
1416	1481	0.885880
1416	1482	3.260870
1417	897	0.233126
1417	1416	3.826087
1417	1418	4.782609
1417	1480	0.792629
1417	1481	1.492008
1418	1417	4.782609
1418	1419	1.333663
1418	1478	2.913043
1418	1479	0.755742
1418	1480	0.792629
1418	3490	0.043478
1419	1418	1.333663
1419	1420	2.400593
1419	1478	0.711287
1419	1479	2.045455
1419	3479	0.711287
1419	3480	0.222277
1419	3489	0.143019
1419	3490	1.422574
1420	1419	2.400593
1420	1421	4.709149
1420	1476	0.130435
1420	1477	0.699379
1420	1478	2.521739
1420	3480	0.260870
1421	1420	4.709149
1421	1422	2.517763
1421	1476	0.792629
1421	1477	0.250000
1421	3480	0.093250
1421	3481	0.233126
1422	1421	2.517763
1422	1423	3.391304
1422	1475	0.792629
1422	1476	2.739130
1423	1422	3.391304
1423	1424	3.695652
1423	1473	0.046625
1423	1474	0.792629
1423	1475	1.352132
1424	1423	3.695652
1424	1425	4.802400
1424	1472	0.173913
1424	1473	0.792629
1424	1474	1.352132
1425	1424	4.802400
1425	1426	3.500000
1425	1472	0.792629
1425	1473	0.200000
1426	1425	3.500000
1426	1427	2.650000
1426	1471	0.606128
1426	1472	1.119006
1427	1426	2.650000
1427	1428	3.400000
1427	1470	0.792629
1427	1471	1.725134
1428	1427	3.400000
1428	1429	3.289446
1428	1469	0.667424
1428	1470	1.072381
1429	1428	3.289446
1429	1430	4.576620
1429	1467	0.044455
1429	1468	0.667424
1429	1469	1.454545
1430	1429	4.576620
1430	1431	2.650000
1430	1467	0.839254
1430	1468	0.350000
1430	3259	0.512878
1430	3260	0.233126
1431	1430	2.650000
1431	1432	3.250000
1431	1466	0.932505
1431	1467	1.305507
1431	3260	0.326377
1432	1431	3.250000
1432	1433	4.149646
1432	1465	0.746004
1432	1466	1.398757
1433	1432	4.149646
1433	1434	1.378118
1433	1463	1.652174
1433	1464	0.489010
1433	1465	0.913043
1434	1433	1.378118
1434	1435	4.090909
1434	1463	0.800198
1434	1464	2.863636
1435	1434	4.090909
1435	1436	3.334157
1435	1462	0.095346
1435	1463	0.755742
1436	1435	3.334157
1436	1437	3.916520
1436	1461	0.186501
1436	1462	0.792629
1436	1463	0.173913
1437	1436	3.916520
1437	1438	4.150000
1437	1460	0.093250
1437	1461	0.300000
1438	26	0.074536
1438	1437	4.150000
1438	1439	2.890765
1438	1460	0.792629
1438	1461	0.150000
1439	26	0.556038
1439	1438	2.890765
1439	1440	4.382773
1439	1458	0.043478
1439	1459	0.792629
1439	1460	2.347826
1440	30	0.223607
1440	1439	4.382773
1440	1441	2.950000
1440	1458	0.885880
1440	1459	0.100000
1441	30	0.074536
1441	1440	2.950000
1441	1442	3.823270
1441	1443	0.186501
1441	1457	0.792629
1441	1458	1.538633
1442	1441	3.823270
1442	1443	2.217391
1442	1455	0.326377
1442	1456	0.755742
1442	1457	0.913043
1443	1441	0.186501
1443	1442	2.217391
1443	1444	1.086957
1443	1445	0.978019
1443	1457	0.173913
1444	1443	1.086957
1444	1445	1.555940
1444	4381	0.186501
1444	4382	0.217391
1445	1443	0.978019
1445	1444	1.555940
1445	1446	1.244752
1446	1445	1.244752
1446	1447	3.823270
1446	1454	0.043478
1446	1455	0.792629
1446	1456	2.311682
1447	1446	3.823270
1447	1448	2.650000
1447	1454	0.792629
1447	1455	0.400000
1448	1447	2.650000
1448	1449	3.950000
1448	1453	0.792629
1448	1454	1.725134
1449	1448	3.950000
1449	1450	1.954598
1449	1451	1.550000
1449	1452	0.606128
1449	1453	1.165631
1450	1449	1.954598
1450	1451	1.382521
1450	1452	0.666831
1450	1453	0.044455
1451	1449	1.550000
1451	1450	1.382521
1451	1452	4.056396
1452	28	0.073721
1452	31	0.486534
1452	1449	0.606128
1452	1450	0.666831
1452	1451	4.056396
1452	1453	2.826087
1453	24	0.279751
1453	27	0.157622
1453	28	0.147442
1453	31	0.417029
1453	1448	0.792629
1453	1449	1.165631
1453	1450	0.044455
1453	1452	2.826087
1453	1454	3.521739
1454	20	0.559503
1454	23	0.851257
1454	24	0.559503
1454	27	0.551677
1454	1446	0.043478
1454	1447	0.792629
1454	1448	1.725134
1454	1453	3.521739
1454	1455	4.289522
1455	16	0.237171
1455	19	0.894427
1455	20	0.500000
1455	23	0.456435
1455	1442	0.326377
1455	1446	0.792629
1455	1447	0.400000
1455	1454	4.289522
1455	1456	2.812715
1456	15	0.064282
1456	19	0.426401
1456	1442	0.755742
1456	1446	2.311682
1456	1455	2.812715
1456	1457	4.267721
1457	1441	0.792629
1457	1442	0.913043
1457	1443	0.173913
1457	1456	4.267721
1457	1458	3.217391
1458	1439	0.043478
1458	1440	0.885880
1458	1441	1.538633
1458	1457	3.217391
1458	1459	4.242897
1459	1439	0.792629
1459	1440	0.100000
1459	1458	4.242897
1459	1460	3.263767
1460	1437	0.093250
1460	1438	0.792629
1460	1439	2.347826
1460	1459	3.263767
1460	1461	3.403643
1461	1436	0.186501
1461	1437	0.300000
1461	1438	0.150000
1461	1460	3.403643
1461	1462	3.450000
1462	1435	0.095346
1462	1436	0.792629
1462	1461	3.450000
1462	1463	4.289522
1463	1433	1.652174
1463	1434	0.800198
1463	1435	0.755742
1463	1436	0.173913
1463	1462	4.289522
1463	1464	1.289207
1464	1433	0.489010
1464	1434	2.863636
1464	1463	1.289207
1464	1465	3.956533
1465	1432	0.746004
1465	1433	0.913043
1465	1464	3.956533
1465	1466	4.043478
1466	1431	0.932505
1466	1432	1.398757
1466	1465	4.043478
1466	1467	4.260870
1467	1429	0.044455
1467	1430	0.839254
1467	1431	1.305507
1467	1466	4.260870
1467	1468	4.336147
1468	1429	0.667424
1468	1430	0.350000
1468	1467	4.336147
1468	1469	3.051080
1469	1428	0.667424
1469	1429	1.454545
1469	1468	3.051080
1469	1470	4.089899
1469	3258	0.444554
1470	1427	0.792629
1470	1428	1.072381
1470	1469	4.089899
1470	1471	3.217391
1470	3256	0.044455
1470	3257	0.444554
1471	1426	0.606128
1471	1427	1.725134
1471	1470	3.217391
1471	1472	3.565217
1471	3245	0.489010
1471	3256	0.088911
1472	1424	0.173913
1472	1425	0.792629
1472	1426	1.119006
1472	1471	3.565217
1472	1473	4.056396
1472	3245	0.088911
1472	3246	0.044455
1473	1423	0.046625
1473	1424	0.792629
1473	1425	0.200000
1473	1472	4.056396
1473	1474	3.850000
1474	1423	0.792629
1474	1424	1.352132
1474	1473	3.850000
1474	1475	3.150000
1475	1422	0.792629
1475	1423	1.352132
1475	1474	3.150000
1475	1476	2.471138
1476	1420	0.130435
1476	1421	0.792629
1476	1422	2.739130
1476	1475	2.471138
1476	1477	5.222027
1477	1420	0.699379
1477	1421	0.250000
1477	1476	5.222027
1477	1478	2.564388
1478	1418	2.913043
1478	1419	0.711287
1478	1420	2.521739
1478	1477	2.564388
1478	1479	1.467029
1478	3479	0.043478
1479	1418	0.755742
1479	1419	2.045455
1479	1478	1.467029
1479	1480	3.527812
1479	3478	0.619751
1479	3479	0.889108
1479	3490	0.933564
1479	3491	0.272727
1480	1417	0.792629
1480	1418	0.792629
1480	1479	3.527812
1480	1481	3.600000
1480	3491	0.572078
1480	3492	0.400000
1481	1416	0.885880
1481	1417	1.492008
1481	1480	3.600000
1481	1482	1.538633
1481	3492	0.500000
1482	1415	0.606128
1482	1416	3.260870
1482	1481	1.538633
1482	1483	5.217391
1483	893	0.044455
1483	1414	0.577920
1483	1415	0.559503
1483	1482	5.217391
1483	1484	3.695652
1484	892	0.739130
1484	893	0.088911
1484	1407	0.139876
1484	1412	0.046625
1484	1413	0.792629
1484	1414	1.511484
1484	1483	3.695652
1484	1485	3.913043
1485	891	0.130435
1485	892	0.130435
1485	915	0.233126
1485	1411	0.173913
1485	1412	0.839254
1485	1413	1.352132
1485	1484	3.913043
1485	1486	4.802400
1486	915	0.100000
1486	1411	0.932505
1486	1412	0.450000
1486	1485	4.802400
1486	1487	2.471138
1487	1409	0.044455
1487	1410	0.792629
1487	1411	2.304348
1487	1486	2.471138
1487	1488	1.333663
1488	135	0.095346
1488	318	2.450152
1488	528	0.095346
1488	540	0.222277
1488	1487	1.333663
1488	1489	1.272727
1488	3444	0.045455
1489	134	0.426401
1489	135	0.858116
1489	136	0.639602
1489	137	1.279204
1489	1409	0.090909
1489	1488	1.272727
1489	1490	2.000494
1489	3444	4.772727
1490	137	0.104257
1490	1408	0.792629
1490	1409	2.445048
1490	1489	2.000494
1490	1491	3.963145
1490	3443	0.978019
1490	3444	0.355643
1491	1407	0.300000
1491	1408	0.650000
1491	1490	3.963145
1491	1492	3.150000
1491	3443	0.810443
1491	3450	0.572078
1492	1406	0.792629
1492	1407	0.700000
1492	1491	3.150000
1492	1493	3.823270
1492	1513	0.606128
1492	1514	0.047673
1492	3450	0.238366
1492	3451	0.600000
1493	800	0.355643
1493	801	0.391304
1493	1405	0.792629
1493	1406	1.608696
1493	1492	3.823270
1493	1494	3.496893
1493	1513	0.043478
1493	1514	0.444554
1493	1515	0.577920
1493	3451	0.046625
1494	800	0.429058
1494	801	0.419627
1494	802	0.095346
1494	1404	0.050000
1494	1405	0.050000
1494	1493	3.496893
1494	1495	1.716233
1494	1496	0.047673
1494	1515	0.333712
1495	1404	0.619751
1495	1405	1.763906
1495	1494	1.716233
1495	1496	3.727273
1495	1501	0.133366
1495	1515	0.454545
1495	1516	0.933564
1495	1517	0.088911
1496	1395	0.590909
1496	1402	0.044455
1496	1403	0.572078
1496	1404	1.048809
1496	1494	0.047673
1496	1495	3.727273
1496	1497	3.337119
1496	1500	0.355643
1496	1501	0.400099
1496	1504	0.444554
1496	1505	0.143019
1497	1394	0.550000
1497	1395	2.431330
1497	1400	0.050000
1497	1402	0.792629
1497	1403	0.250000
1497	1496	3.337119
1497	1498	1.096482
1497	1500	3.636769
1497	1503	0.047673
1497	1504	0.373002
1498	928	0.572078
1498	929	1.778217
1498	931	0.044455
1498	1393	0.933564
1498	1394	0.619751
1498	1400	1.382521
1498	1497	1.096482
1498	1499	1.136364
1498	1500	3.511978
1498	1501	0.489010
1499	929	0.133366
1499	931	0.444554
1499	1393	0.177822
1499	1498	1.136364
1499	1500	1.200296
1499	1501	0.044455
1499	1503	0.227273
1500	1400	0.746004
1500	1402	0.434783
1500	1496	0.355643
1500	1497	3.636769
1500	1498	3.511978
1500	1499	1.200296
1500	1501	2.652174
1500	1503	0.577920
1500	1504	0.130435
1501	929	0.130435
1501	930	4.304348
1501	931	0.173913
1501	1495	0.133366
1501	1496	0.400099
1501	1498	0.489010
1501	1499	0.044455
1501	1500	2.652174
1501	1502	1.258881
1501	1504	0.086957
1502	804	0.619751
1502	805	1.950000
1502	1501	1.258881
1502	1503	1.191828
1502	1504	0.186501
1502	1517	0.233126
1502	1518	0.450000
1503	1497	0.047673
1503	1499	0.227273
1503	1500	0.577920
1503	1502	1.191828
1503	1504	3.956533
1503	1523	0.047673
1503	1524	0.667424
1503	1526	2.889602
1504	825	0.444554
1504	1496	0.444554
1504	1497	0.373002
1504	1500	0.130435
1504	1501	0.086957
1504	1502	0.186501
1504	1503	3.956533
1504	1505	4.895650
1504	1522	0.217391
1504	1523	0.792629
1504	1524	0.746004
1505	825	0.858116
1505	1496	0.143019
1505	1504	4.895650
1505	1506	3.700000
1505	1522	0.792629
1505	1523	0.200000
1506	824	0.143019
1506	825	0.095346
1506	1505	3.700000
1506	1507	2.517763
1506	1521	0.606128
1506	1522	1.119006
1507	776	0.133366
1507	777	0.711287
1507	778	0.088911
1507	823	0.512878
1507	824	0.533465
1507	1506	2.517763
1507	1508	4.849025
1507	1519	0.260870
1507	1520	0.932505
1507	1521	1.826087
1508	777	0.286039
1508	778	1.001136
1508	779	0.046625
1508	823	0.050000
1508	907	0.046625
1508	1507	4.849025
1508	1509	3.098753
1508	1519	0.792629
1508	1520	0.100000
1509	778	0.272727
1509	779	0.533465
1509	791	0.227273
1509	905	0.318182
1509	1508	3.098753
1509	1510	4.290582
1509	1517	0.266733
1509	1518	0.667424
1509	1519	2.044949
1510	791	0.810443
1510	792	0.524404
1510	1509	4.290582
1510	1511	3.500000
1510	1516	0.046625
1510	1517	0.885880
1510	1518	0.050000
1511	792	0.858116
1511	793	0.450000
1511	1510	3.500000
1511	1512	2.611013
1511	1516	0.932505
1511	1517	0.885880
1512	793	0.046625
1512	803	1.538633
1512	1511	2.611013
1512	1513	1.130435
1512	1514	1.422574
1512	1515	0.489010
1512	1516	2.391304
1513	803	0.606128
1513	1406	0.043478
1513	1407	0.279751
1513	1492	0.606128
1513	1493	0.043478
1513	1512	1.130435
1513	1514	4.712275
1513	3450	1.022475
1513	3451	1.025755
1514	1406	1.289207
1514	1407	1.096482
1514	1492	0.047673
1514	1493	0.444554
1514	1512	1.422574
1514	1513	4.712275
1514	1515	4.090909
1515	1405	0.524404
1515	1406	1.378118
1515	1493	0.577920
1515	1494	0.333712
1515	1495	0.454545
1515	1512	0.489010
1515	1514	4.090909
1515	1516	1.956039
1516	1405	0.093250
1516	1495	0.933564
1516	1510	0.046625
1516	1511	0.932505
1516	1512	2.391304
1516	1515	1.956039
1516	1517	3.565217
1517	791	0.177822
1517	792	0.266733
1517	804	0.800198
1517	805	0.046625
1517	1495	0.088911
1517	1502	0.233126
1517	1509	0.266733
1517	1510	0.885880
1517	1511	0.885880
1517	1516	3.565217
1517	1518	4.755775
1518	791	0.953463
1518	792	0.238366
1518	804	0.190693
1518	805	0.350000
1518	1502	0.450000
1518	1509	0.667424
1518	1510	0.050000
1518	1517	4.755775
1518	1519	2.424513
1519	778	0.355643
1519	790	0.577920
1519	791	0.889108
1519	1507	0.260870
1519	1508	0.792629
1519	1509	2.044949
1519	1518	2.424513
1519	1520	4.336147
1520	777	0.619751
1520	778	0.429058
1520	789	0.050000
1520	790	0.047673
1520	1507	0.932505
1520	1508	0.100000
1520	1519	4.336147
1520	1521	3.823270
1521	776	0.800198
1521	777	0.666831
1521	1506	0.606128
1521	1507	1.826087
1521	1520	3.823270
1521	1522	4.043478
1522	741	0.086957
1522	776	0.088911
1522	825	0.266733
1522	826	0.177822
1522	1504	0.217391
1522	1505	0.792629
1522	1506	1.119006
1522	1521	4.043478
1522	1523	3.963145
1523	825	1.525540
1523	826	0.286039
1523	827	0.250000
1523	1503	0.047673
1523	1504	0.792629
1523	1505	0.200000
1523	1522	3.963145
1523	1524	3.000000
1523	1525	0.046625
1524	825	0.572078
1524	827	0.100000
1524	1503	0.667424
1524	1504	0.746004
1524	1523	3.000000
1524	1525	1.585258
1524	1526	1.585258
1525	825	3.289701
1525	827	0.839254
1525	829	2.311682
1525	1523	0.046625
1525	1524	1.585258
1525	1526	1.173913
1526	1394	0.046625
1526	1503	2.889602
1526	1524	1.585258
1526	1525	1.173913
1526	1527	3.867622
1527	1393	0.044455
1527	1526	3.867622
1529	3711	0.600000
1529	3712	0.186501
1530	1531	2.653614
1530	1532	0.272166
1530	1537	0.182574
1530	1539	0.166667
1530	1566	0.154303
1530	1568	0.288675
1530	2924	0.936382
1530	2925	0.435194
1531	1530	2.653614
1531	1532	3.166667
1531	1533	0.452267
1531	1535	0.707107
1531	1537	1.118034
1531	1568	0.353553
1531	1583	0.301511
1532	1530	0.272166
1532	1531	3.166667
1532	1533	3.417129
1532	1535	0.235702
1532	1583	0.301511
1533	1531	0.452267
1533	1532	3.417129
1533	1534	3.076936
1533	1535	1.599005
1533	1536	0.455842
1533	1581	0.113961
1533	1582	1.272727
1533	1583	2.000000
1533	1584	0.797724
1533	1613	1.005038
1534	1533	3.076936
1534	1535	2.806243
1534	1536	0.857143
1534	1582	0.341882
1534	1584	0.285714
1534	1588	0.239046
1534	1592	0.142857
1534	1595	0.267261
1535	1531	0.707107
1535	1532	0.235702
1535	1533	1.599005
1535	1534	2.806243
1535	1536	4.008919
1535	1537	1.739253
1535	1583	0.106600
1535	1584	0.801784
1535	1585	1.264911
1535	1587	0.144338
1535	1588	1.341641
1536	1533	0.455842
1536	1534	0.857143
1536	1535	4.008919
1536	1537	2.535463
1536	1538	0.267261
1537	1530	0.182574
1537	1531	1.118034
1537	1535	1.739253
1537	1536	2.535463
1537	1538	3.004164
1537	1539	0.365148
1537	1566	0.338062
1537	1960	0.093250
1538	1536	0.267261
1538	1537	3.004164
1538	1539	2.886751
1538	1540	0.125000
1538	1566	0.801784
1538	2925	0.150756
1539	1530	0.166667
1539	1537	0.365148
1539	1538	2.886751
1539	1540	2.453739
1539	1541	0.272166
1539	1563	0.369274
1539	1564	0.408248
1539	1565	0.353553
1539	1566	0.462910
1539	1714	0.085126
1539	2925	0.087039
1540	1538	0.125000
1540	1539	2.453739
1540	1541	2.003469
1540	1542	1.279204
1540	1562	0.106600
1540	1563	0.213201
1540	1564	2.357023
1540	1714	0.073721
1540	1960	0.737210
1541	1539	0.272166
1541	1540	2.003469
1541	1542	1.507557
1541	1543	0.201008
1541	1562	0.301511
1541	1563	1.809068
1541	1714	0.417029
1541	1715	0.625543
1542	1540	1.279204
1542	1541	1.507557
1542	1543	1.636364
1542	1544	0.301511
1542	1562	1.090909
1542	1943	0.251478
1542	1944	1.078720
1542	1945	0.251478
1542	1958	0.321412
1542	1959	0.876460
1542	1960	0.125739
1543	1541	0.201008
1543	1542	1.636364
1543	1544	1.959824
1543	1545	0.201008
1543	1559	0.426401
1543	1560	0.738549
1543	1561	1.608061
1543	1562	0.363636
1543	1731	0.251478
1543	1944	1.011300
1543	1945	0.754434
1544	1542	0.301511
1544	1543	1.959824
1544	1545	2.166667
1544	1546	0.447214
1544	1559	0.353553
1544	1560	2.041241
1544	1562	0.150756
1544	1944	0.111803
1545	1543	0.201008
1545	1544	2.166667
1545	1546	2.236068
1545	1547	0.888889
1545	1558	1.166667
1545	1559	1.060660
1545	1944	0.298142
1545	1945	0.417029
1546	1544	0.447214
1546	1545	2.236068
1546	1547	2.236068
1546	1556	0.169031
1546	1557	0.676123
1546	1558	2.236068
1546	3612	0.100000
1547	1545	0.888889
1547	1546	2.236068
1547	1548	1.507557
1547	1549	1.111111
1547	1556	1.007905
1547	1557	0.503953
1547	1951	0.149071
1548	1547	1.507557
1548	1549	2.914610
1548	1555	0.301511
1548	1556	1.367527
1548	3610	0.539360
1548	3611	0.188608
1549	1547	1.111111
1549	1548	2.914610
1549	1550	3.333333
1549	1551	0.166667
1549	1554	0.444444
1549	1555	2.444444
1550	1549	3.333333
1550	1551	2.500000
1550	1552	0.566947
1550	1554	1.000000
1550	1555	0.333333
1551	1549	0.166667
1551	1550	2.500000
1551	1552	2.834734
1551	1553	1.000000
1551	1554	0.833333
1551	1952	0.417029
1552	1550	0.566947
1552	1551	2.834734
1552	1553	2.267787
1552	1554	0.251976
1552	3917	0.394055
1552	3918	0.157622
1553	1551	1.000000
1553	1552	2.267787
1553	1554	2.666667
1553	3916	0.335410
1553	3917	0.938315
1554	1549	0.444444
1554	1550	1.000000
1554	1551	0.833333
1554	1552	0.251976
1554	1553	2.666667
1554	1555	2.666667
1554	1556	0.629941
1554	1774	0.069505
1554	1952	0.139010
1554	3916	0.149071
1554	3953	0.355335
1555	1548	0.301511
1555	1549	2.444444
1555	1550	0.333333
1555	1554	2.666667
1555	1556	2.519763
1555	1951	0.670820
1555	1952	0.764553
1556	1546	0.169031
1556	1547	1.007905
1556	1548	1.367527
1556	1554	0.629941
1556	1555	2.519763
1556	1557	3.142857
1556	3953	2.095140
1557	1546	0.676123
1557	1547	0.503953
1557	1556	3.142857
1557	1558	2.645751
1557	1726	0.760639
1557	1951	0.084515
1557	3953	0.564076
1558	1545	1.166667
1558	1546	2.236068
1558	1557	2.645751
1558	1559	2.298097
1559	1543	0.426401
1559	1544	0.353553
1559	1545	1.060660
1559	1558	2.298097
1559	1560	2.453739
1559	1726	0.158114
1559	1727	0.316228
1559	1945	0.073721
1560	1543	0.738549
1560	1544	2.041241
1560	1559	2.453739
1560	1561	3.129904
1560	1562	0.369274
1560	3612	0.091287
1561	1543	1.608061
1561	1560	3.129904
1561	1562	1.407053
1561	1715	1.112077
1561	1716	0.426401
1561	1731	0.278019
1562	1540	0.106600
1562	1541	0.301511
1562	1542	1.090909
1562	1543	0.363636
1562	1544	0.150756
1562	1560	0.369274
1562	1561	1.407053
1562	1563	2.454545
1562	1564	1.407053
1562	1943	0.062869
1562	3752	0.404520
1562	3753	0.606780
1563	1539	0.369274
1563	1540	0.213201
1563	1541	1.809068
1563	1562	2.454545
1563	1564	1.708564
1563	1565	1.479660
1563	2925	1.285649
1563	3752	0.067420
1564	1539	0.408248
1564	1540	2.357023
1564	1562	1.407053
1564	1563	1.708564
1564	1565	1.539601
1564	1566	0.377964
1564	1943	0.903562
1564	1960	1.320591
1564	3752	0.298142
1564	3753	0.223607
1565	1539	0.353553
1565	1563	1.479660
1565	1564	1.539601
1565	1566	2.400397
1565	1567	0.204124
1565	1960	0.421350
1565	1961	0.060193
1565	2925	0.061546
1565	3348	0.064550
1565	3751	1.264051
1565	3752	0.968246
1566	1530	0.154303
1566	1537	0.338062
1566	1538	0.801784
1566	1539	0.462910
1566	1564	0.377964
1566	1565	2.400397
1566	1567	2.271721
1566	1568	1.202676
1566	1960	0.551677
1566	1961	0.630488
1566	3751	0.472866
1567	1565	0.204124
1567	1566	2.271721
1567	1568	2.750000
1567	1569	0.589256
1567	1585	0.790569
1567	1586	1.423025
1567	1960	0.073721
1567	1961	0.958373
1567	1962	0.294884
1567	3621	1.032094
1567	3751	2.506513
1568	1530	0.288675
1568	1531	0.353553
1568	1566	1.202676
1568	1567	2.750000
1568	1569	3.417683
1568	1583	1.066004
1568	1584	1.202676
1568	1585	0.474342
1568	1586	0.316228
1568	3751	0.073721
1569	1567	0.589256
1569	1568	3.417683
1569	1570	2.222222
1569	1571	0.251976
1569	1582	0.301511
1569	1583	0.603023
1569	1584	1.511858
1569	3621	0.069505
1569	3622	1.416176
1569	3749	0.278019
1569	3750	0.298142
1570	1569	2.222222
1570	1571	2.141799
1570	1572	0.904534
1570	1582	0.502519
1570	1583	0.502519
1570	3731	0.074536
1570	3732	0.447214
1571	1569	0.251976
1571	1570	2.141799
1571	1572	2.279212
1571	1573	0.285714
1571	1580	0.400892
1571	1581	1.000000
1571	1582	2.051290
1571	1584	0.142857
1571	1589	0.267261
1571	1592	0.142857
1571	1593	0.327327
1572	1570	0.904534
1572	1571	2.279212
1572	1573	1.937330
1572	1579	0.603023
1572	1580	0.213201
1572	1581	1.025645
1572	1593	0.087039
1572	3731	0.539360
1572	3732	0.067420
1573	1571	0.285714
1573	1572	1.937330
1573	1574	2.507133
1573	1575	0.428571
1573	1578	0.125988
1573	1579	0.629941
1573	1580	2.271721
1573	1582	0.113961
1573	1596	0.714286
1574	1573	2.507133
1574	1575	2.393172
1574	1576	0.539360
1574	1577	0.452267
1574	1578	0.502519
1574	1579	0.804030
1574	1580	0.319801
1575	1573	0.428571
1575	1574	2.393172
1575	1576	3.211586
1575	1577	1.133893
1575	1578	0.125988
1575	1580	0.267261
1575	1596	0.571429
1575	1600	0.377964
1575	1612	0.267261
1575	1616	0.400892
1576	1574	0.539360
1576	1575	3.211586
1576	1577	3.801316
1576	1578	0.447214
1576	1600	0.298142
1577	1574	0.452267
1577	1575	1.133893
1577	1576	3.801316
1577	1578	3.166667
1577	1579	0.333333
1578	1573	0.125988
1578	1574	0.502519
1578	1575	0.125988
1578	1576	0.447214
1578	1577	3.166667
1578	1579	2.222222
1578	1580	0.117851
1578	1607	0.353553
1578	1608	0.136083
1578	1609	0.251976
1579	1572	0.603023
1579	1573	0.629941
1579	1574	0.804030
1579	1577	0.333333
1579	1578	2.222222
1579	1580	2.357023
1580	1571	0.400892
1580	1572	0.213201
1580	1573	2.271721
1580	1574	0.319801
1580	1575	0.267261
1580	1578	0.117851
1580	1579	2.357023
1580	1581	2.672612
1580	1582	0.746203
1580	1609	0.133631
1580	1612	0.375000
1580	1613	0.942809
1580	1616	0.125000
1581	1533	0.113961
1581	1571	1.000000
1581	1572	1.025645
1581	1580	2.672612
1581	1582	2.735054
1581	1583	0.113961
1581	1613	0.755929
1582	1533	1.272727
1582	1534	0.341882
1582	1569	0.301511
1582	1570	0.502519
1582	1571	2.051290
1582	1573	0.113961
1582	1580	0.746203
1582	1581	2.735054
1582	1583	1.363636
1582	1584	0.911685
1582	1592	0.911685
1582	1613	0.804030
1583	1531	0.301511
1583	1532	0.301511
1583	1533	2.000000
1583	1535	0.106600
1583	1568	1.066004
1583	1569	0.603023
1583	1570	0.502519
1583	1581	0.113961
1583	1582	1.363636
1583	1584	1.823369
1583	1585	0.269680
1583	2923	0.134840
1584	1533	0.797724
1584	1534	0.285714
1584	1535	0.801784
1584	1568	1.202676
1584	1569	1.511858
1584	1571	0.142857
1584	1582	0.911685
1584	1583	1.823369
1584	1585	4.563833
1584	1586	0.338062
1584	1588	0.358569
1584	1589	0.400892
1584	1592	0.285714
1585	1535	1.264911
1585	1567	0.790569
1585	1568	0.474342
1585	1583	0.269680
1585	1584	4.563833
1585	1586	3.200000
1585	1587	1.825742
1585	1588	0.707107
1585	1589	0.632456
1586	1567	1.423025
1586	1568	0.316228
1586	1584	0.338062
1586	1585	3.200000
1586	1587	3.103761
1586	1588	0.282843
1586	1589	1.897367
1586	1962	0.186501
1586	3621	0.093250
1587	1535	0.144338
1587	1585	1.825742
1587	1586	3.103761
1587	1588	4.002083
1587	1589	0.288675
1587	1590	0.462910
1587	1936	0.255377
1588	1534	0.239046
1588	1535	1.341641
1588	1584	0.358569
1588	1585	0.707107
1588	1586	0.282843
1588	1587	4.002083
1588	1589	1.900658
1588	1590	1.673320
1588	1591	1.054093
1588	1592	0.358569
1588	1936	0.527504
1588	1937	0.070711
1589	1571	0.267261
1589	1584	0.400892
1589	1585	0.632456
1589	1586	1.897367
1589	1587	0.288675
1589	1588	1.900658
1589	1590	3.741657
1589	1591	0.707107
1589	1592	1.069045
1589	1593	0.510310
1589	3622	0.158114
1590	1587	0.462910
1590	1588	1.673320
1590	1589	3.741657
1590	1591	2.393775
1590	1592	1.142857
1590	1593	0.654654
1590	1594	0.629941
1590	1936	0.157622
1591	1588	1.054093
1591	1589	0.707107
1591	1590	2.393775
1591	1592	2.393775
1591	1593	0.673575
1591	1594	2.000000
1591	1595	0.942809
1591	1936	0.486534
1592	1534	0.142857
1592	1571	0.142857
1592	1582	0.911685
1592	1584	0.285714
1592	1588	0.358569
1592	1589	1.069045
1592	1590	1.142857
1592	1591	2.393775
1592	1593	2.182179
1592	1594	1.007905
1592	1595	1.737198
1592	1596	0.714286
1593	1571	0.327327
1593	1572	0.087039
1593	1589	0.510310
1593	1590	0.654654
1593	1591	0.673575
1593	1592	2.182179
1593	1594	1.635826
1593	1595	0.816497
1593	1596	1.091089
1593	1597	0.384900
1594	1590	0.629941
1594	1591	2.000000
1594	1592	1.007905
1594	1593	1.635826
1594	1595	2.357023
1594	1596	0.629941
1594	1597	0.888889
1594	1598	1.206045
1595	1534	0.267261
1595	1591	0.942809
1595	1592	1.737198
1595	1593	0.816497
1595	1594	2.357023
1595	1596	2.405351
1595	1597	0.942809
1595	1598	0.852803
1595	1599	0.632456
1595	1616	0.875000
1595	1617	0.250000
1596	1573	0.714286
1596	1575	0.571429
1596	1592	0.714286
1596	1593	1.091089
1596	1594	0.629941
1596	1595	2.405351
1596	1597	2.393775
1596	1598	0.797724
1596	1599	1.521278
1596	1600	1.007905
1597	1593	0.384900
1597	1594	0.888889
1597	1595	0.942809
1597	1596	2.393775
1597	1598	1.909572
1597	1599	1.043498
1597	1600	0.666667
1597	1601	0.166667
1598	1594	1.206045
1598	1595	0.852803
1598	1596	0.797724
1598	1597	1.909572
1598	1599	2.022600
1598	1600	0.402015
1598	1601	0.603023
1598	1602	0.213201
1598	1814	0.188608
1598	1815	0.251478
1599	1595	0.632456
1599	1596	1.521278
1599	1597	1.043498
1599	1598	2.022600
1599	1600	2.683282
1599	1601	1.788854
1599	1602	1.739253
1599	1604	0.158114
1599	1616	0.158114
1600	1575	0.377964
1600	1576	0.298142
1600	1596	1.007905
1600	1597	0.666667
1600	1598	0.402015
1600	1599	2.683282
1600	1601	2.333333
1600	1602	1.060660
1600	1805	0.069505
1600	1806	0.208514
1601	1597	0.166667
1601	1598	0.603023
1601	1599	1.788854
1601	1600	2.333333
1601	1602	2.828427
1601	1603	0.301511
1601	1805	0.312772
1601	1814	1.251086
1601	1815	0.312772
1602	1598	0.213201
1602	1599	1.739253
1602	1600	1.060660
1602	1601	2.828427
1602	1603	1.812206
1602	1604	1.500000
1602	1615	0.117851
1602	1805	0.147442
1602	1815	0.073721
1603	1601	0.301511
1603	1602	1.812206
1603	1604	2.345208
1603	1804	0.471940
1603	1805	0.943042
1604	1599	0.158114
1604	1602	1.500000
1604	1603	2.345208
1604	1605	2.121320
1604	1612	0.500000
1605	1604	2.121320
1605	1606	2.833333
1605	1607	0.471405
1605	1608	0.952579
1605	1612	0.235702
1606	1605	2.833333
1606	1607	3.005204
1606	1608	2.245366
1606	1611	0.500000
1606	1693	0.447214
1607	1578	0.353553
1607	1605	0.471405
1607	1606	3.005204
1607	1608	2.453739
1607	1609	0.801784
1607	1611	0.824958
1608	1578	0.136083
1608	1605	0.952579
1608	1606	2.245366
1608	1607	2.453739
1608	1609	3.548977
1608	1610	0.544331
1608	1611	4.354648
1608	1612	2.165064
1609	1578	0.251976
1609	1580	0.133631
1609	1607	0.801784
1609	1608	3.548977
1609	1610	2.519763
1609	1611	1.259882
1609	1612	0.668153
1609	1613	0.125988
1610	1608	0.544331
1610	1609	2.519763
1610	1611	2.555556
1610	1612	0.942809
1610	1613	0.666667
1610	1614	0.666667
1611	1606	0.500000
1611	1607	0.824958
1611	1608	4.354648
1611	1609	1.259882
1611	1610	2.555556
1611	1612	2.121320
1611	1613	0.333333
1611	1614	1.000000
1611	1615	0.666667
1612	1575	0.267261
1612	1580	0.375000
1612	1604	0.500000
1612	1605	0.235702
1612	1608	2.165064
1612	1609	0.668153
1612	1610	0.942809
1612	1611	2.121320
1612	1613	2.357023
1612	1614	1.060660
1612	1615	1.060660
1612	1616	1.625000
1613	1533	1.005038
1613	1580	0.942809
1613	1581	0.755929
1613	1582	0.804030
1613	1609	0.125988
1613	1610	0.666667
1613	1611	0.333333
1613	1612	2.357023
1613	1614	2.000000
1613	1615	0.555556
1613	1616	1.885618
1613	1617	0.235702
1614	1610	0.666667
1614	1611	1.000000
1614	1612	1.060660
1614	1613	2.000000
1614	1615	2.777778
1614	1616	1.060660
1614	1617	0.589256
1614	1687	0.521749
1614	1688	0.069505
1615	1602	0.117851
1615	1611	0.666667
1615	1612	1.060660
1615	1613	0.555556
1615	1614	2.777778
1615	1616	1.767767
1615	1617	0.707107
1615	1688	0.069505
1616	1575	0.400892
1616	1580	0.125000
1616	1595	0.875000
1616	1599	0.158114
1616	1612	1.625000
1616	1613	1.885618
1616	1614	1.060660
1616	1615	1.767767
1616	1617	2.250000
1617	1595	0.250000
1617	1613	0.235702
1617	1614	0.589256
1617	1615	0.707107
1617	1616	2.250000
1618	1619	3.889087
1618	1620	1.000000
1618	1621	1.299038
1618	1622	1.885618
1618	1627	0.294884
1618	1629	0.221163
1619	1618	3.889087
1619	1620	2.003469
1619	1621	0.544331
1619	1622	2.777778
1619	1623	0.629941
1619	1626	0.149071
1619	1627	0.417029
1620	1618	1.000000
1620	1619	2.003469
1620	1621	3.031089
1620	1622	1.296362
1620	1623	0.801784
1620	1624	0.852803
1621	1618	1.299038
1621	1619	0.544331
1621	1620	3.031089
1621	1622	2.585573
1621	1623	0.617213
1621	1624	0.615457
1622	1618	1.885618
1622	1619	2.777778
1622	1620	1.296362
1622	1621	2.585573
1622	1623	3.023716
1622	1624	0.703526
1623	1619	0.629941
1623	1620	0.801784
1623	1621	0.617213
1623	1622	3.023716
1623	1624	2.165251
1624	1620	0.852803
1624	1621	0.615457
1624	1622	0.703526
1624	1623	2.165251
1625	1626	3.730019
1626	1619	0.149071
1626	1625	3.730019
1626	1627	2.890765
1626	1631	0.047673
1627	1618	0.294884
1627	1619	0.417029
1627	1626	2.890765
1627	1628	0.979130
1627	1630	0.043478
1627	1631	0.622376
1628	1627	0.979130
1628	1629	1.398757
1628	1630	2.750889
1629	1618	0.221163
1629	1628	1.398757
1629	1630	1.086957
1630	1627	0.043478
1630	1628	2.750889
1630	1629	1.086957
1630	1631	1.244752
1631	1626	0.047673
1631	1627	0.622376
1631	1630	1.244752
1631	1632	4.195235
1632	1631	4.195235
1632	1633	3.700000
1633	1632	3.700000
1633	1634	2.800000
1634	1633	2.800000
1634	1635	2.850000
1634	1855	0.572078
1634	1856	0.093250
1635	1634	2.850000
1635	1636	3.150000
1635	1854	0.700000
1635	1855	1.430194
1635	1906	0.095346
1635	1907	0.047673
1636	1635	3.150000
1636	1637	3.170516
1636	1854	0.600000
1636	1908	0.715097
1636	1909	0.419627
1637	1636	3.170516
1637	1638	4.391304
1637	1908	0.133366
1637	1909	0.478261
1638	1637	4.391304
1638	1639	3.556434
1639	1638	3.556434
1639	1640	4.719640
1640	1639	4.719640
1640	1641	3.543518
1641	1640	3.543518
1641	1642	1.165631
1642	1641	1.165631
1642	1644	3.400000
1643	2581	0.667424
1643	2582	0.363636
1643	2583	0.136364
1643	2584	0.177822
1643	2585	0.190693
1643	2586	0.088911
1643	2702	2.049945
1643	2703	1.573213
1643	2704	1.772727
1643	2705	3.778711
1644	1642	3.400000
1644	1645	2.450000
1644	1657	0.524404
1644	1658	0.200000
1645	1644	2.450000
1645	1646	4.103021
1645	1654	0.093250
1645	1656	1.144155
1645	1657	1.477867
1645	1658	0.550000
1646	1645	4.103021
1646	1647	1.244752
1646	1648	2.533959
1646	1654	0.304348
1646	1656	0.400099
1647	1646	1.244752
1647	1648	4.090909
1647	1649	0.572078
1647	1703	0.266733
1647	1704	1.467029
1648	1646	2.533959
1648	1647	4.090909
1648	1649	1.906925
1649	1647	0.572078
1649	1648	1.906925
1649	1650	1.072381
1649	1651	0.279751
1649	1654	0.139876
1649	1682	3.527812
1649	1703	0.419627
1650	1649	1.072381
1650	1651	3.956522
1650	1659	0.046625
1650	1660	0.792629
1650	1661	3.347826
1650	1681	1.585258
1650	1682	0.533465
1651	1649	0.279751
1651	1650	3.956522
1651	1653	3.652174
1651	1659	0.792629
1651	1660	1.492008
1651	1682	0.577920
1652	2781	2.700000
1652	2782	2.900000
1652	2788	0.746004
1652	2789	1.725134
1653	1651	3.652174
1653	1654	4.521739
1653	1658	0.979130
1653	1659	1.585258
1653	2935	0.093250
1653	2936	0.279751
1654	1645	0.093250
1654	1646	0.304348
1654	1649	0.139876
1654	1653	4.521739
1654	1655	1.260870
1654	1656	0.355643
1654	1657	0.133366
1654	1658	0.233126
1654	2936	0.606128
1655	1654	1.260870
1655	1656	1.155841
1655	2938	0.044455
1656	1645	1.144155
1656	1646	0.400099
1656	1654	0.355643
1656	1655	1.155841
1656	1657	3.454545
1657	1644	0.524404
1657	1645	1.477867
1657	1654	0.133366
1657	1656	3.454545
1657	1658	1.906925
1658	1644	0.200000
1658	1645	0.550000
1658	1653	0.979130
1658	1654	0.233126
1658	1657	1.906925
1658	1659	2.900000
1659	1650	0.046625
1659	1651	0.792629
1659	1653	1.585258
1659	1658	2.900000
1659	1660	3.250000
1659	2908	0.046625
1659	3155	0.300000
1659	3156	0.100000
1660	1650	0.792629
1660	1651	1.492008
1660	1659	3.250000
1660	1661	2.004885
1660	2908	0.139876
1660	2909	0.619751
1660	3154	0.050000
1660	3155	0.250000
1661	1650	3.347826
1661	1660	2.004885
1661	1662	2.739130
1661	1681	0.746004
1661	2909	0.311188
1662	1661	2.739130
1662	1663	4.336147
1662	1679	0.130435
1662	1680	0.746004
1662	1681	1.678509
1663	1662	4.336147
1663	1664	3.000000
1663	1679	0.792629
1663	1680	0.350000
1664	1663	3.000000
1664	1665	3.263767
1664	1678	0.979130
1664	1679	1.352132
1665	1664	3.263767
1665	1666	4.000000
1665	1676	0.979130
1665	1678	2.304348
1666	1665	4.000000
1666	1667	3.869895
1666	1674	0.043478
1666	1675	0.746004
1666	1676	1.631883
1667	1666	3.869895
1667	1668	2.704264
1667	1674	0.839254
1668	1667	2.704264
1668	1669	1.304348
1668	1670	3.565217
1668	1671	0.044455
1668	1673	0.792629
1668	1674	1.913043
1669	1668	1.304348
1669	1670	2.695652
1669	1672	0.044455
1669	3152	0.311188
1670	1668	3.565217
1670	1669	2.695652
1670	1671	1.511484
1670	1672	0.755742
1670	1673	0.512878
1670	3152	0.266733
1670	3153	0.044455
1671	1668	0.044455
1671	1670	1.511484
1671	1672	3.000000
1671	2968	0.953463
1671	2969	0.524404
1671	3150	0.044455
1671	3151	0.133366
1672	1669	0.044455
1672	1670	0.755742
1672	1671	3.000000
1672	1673	2.240637
1672	2967	0.524404
1672	2968	1.239501
1672	3151	0.622376
1672	3152	1.227273
1673	1668	0.792629
1673	1670	0.512878
1673	1672	2.240637
1673	1674	3.403643
1673	3152	0.286039
1673	3153	0.524404
1673	3154	0.250000
1674	1666	0.043478
1674	1667	0.839254
1674	1668	1.913043
1674	1673	3.403643
1674	1675	4.755775
1674	3154	0.512878
1675	1666	0.746004
1675	1674	4.755775
1675	1676	2.950000
1676	1665	0.979130
1676	1666	1.631883
1676	1675	2.950000
1676	1678	3.123891
1677	3004	1.644851
1677	3005	1.716233
1677	3019	1.909091
1678	1664	0.979130
1678	1665	2.304348
1678	1676	3.123891
1678	1679	4.000000
1679	1662	0.130435
1679	1663	0.792629
1679	1664	1.352132
1679	1678	4.000000
1679	1680	4.755775
1680	1662	0.746004
1680	1663	0.350000
1680	1679	4.755775
1680	1681	2.750000
1681	1650	1.585258
1681	1661	0.746004
1681	1662	1.678509
1681	1680	2.750000
1681	1682	1.239501
1682	1649	3.527812
1682	1650	0.533465
1682	1651	0.577920
1682	1681	1.239501
1682	1684	4.814986
1682	1702	0.133366
1682	1703	0.311188
1683	3008	2.445048
1683	3009	4.089899
1683	3022	0.238366
1683	3086	1.636364
1683	3087	0.400099
1684	1682	4.814986
1684	1685	3.750000
1684	1702	0.932505
1685	1684	3.750000
1685	1686	2.657639
1685	1701	0.699379
1685	1702	1.119006
1686	1685	2.657639
1686	1687	3.776644
1686	1699	0.043478
1686	1700	0.606128
1686	1701	2.434783
1687	1614	0.521749
1687	1686	3.776644
1687	1688	2.890765
1687	1699	0.932505
1687	1700	0.150000
1688	1614	0.069505
1688	1615	0.069505
1688	1687	2.890765
1688	1690	3.916520
1688	1697	0.043478
1688	1698	0.792629
1688	1699	2.391304
1689	3025	0.652753
1689	3026	1.100000
1689	3083	0.839254
1689	3084	0.373002
1689	3103	3.289446
1689	3104	1.550000
1690	1688	3.916520
1690	1691	3.700000
1690	1697	0.792629
1690	1698	0.300000
1691	1690	3.700000
1691	1692	1.850000
1691	1693	1.000000
1691	1695	0.200000
1691	1696	0.550000
1691	1697	1.678509
1692	1691	1.850000
1692	1693	2.550000
1692	1695	0.700000
1693	1606	0.447214
1693	1691	1.000000
1693	1692	2.550000
1693	1695	4.050000
1693	1696	0.200000
1694	3186	3.963145
1694	3187	0.858116
1694	3188	0.286039
1694	3191	0.792629
1694	3192	0.150000
1694	3297	0.100000
1694	3300	0.190693
1694	3301	0.050000
1695	1691	0.200000
1695	1692	0.700000
1695	1693	4.050000
1695	1696	4.450000
1696	1691	0.550000
1696	1693	0.200000
1696	1695	4.450000
1696	1697	2.797514
1697	1688	0.043478
1697	1690	0.792629
1697	1691	1.678509
1697	1696	2.797514
1697	1698	4.382773
1698	1688	0.792629
1698	1690	0.300000
1698	1697	4.382773
1698	1699	2.984015
1699	1686	0.043478
1699	1687	0.932505
1699	1688	2.391304
1699	1698	2.984015
1699	1700	4.429398
1700	1686	0.606128
1700	1687	0.150000
1700	1699	4.429398
1700	1701	2.377887
1701	1685	0.699379
1701	1686	2.434783
1701	1700	2.377887
1701	1702	3.391304
1702	1682	0.133366
1702	1684	0.932505
1702	1685	1.119006
1702	1701	3.391304
1702	1703	5.086957
1703	1647	0.266733
1703	1649	0.419627
1703	1682	0.311188
1703	1702	5.086957
1703	1704	1.826087
1704	1647	1.467029
1704	1703	1.826087
1704	1705	3.695652
1705	1704	3.695652
1705	1706	4.130435
1706	1705	4.130435
1706	1707	1.511484
1706	1739	0.133366
1706	1740	0.826087
1706	1741	0.260870
1707	1706	1.511484
1707	1708	4.818182
1707	1741	0.177822
1707	1997	0.047673
1707	1998	0.476731
1707	1999	2.765042
1708	1707	4.818182
1708	1709	4.767313
1708	1740	0.400099
1708	1741	0.622376
1708	1997	1.191828
1708	1998	0.190693
1709	1708	4.767313
1709	1710	1.650000
1709	1739	0.143019
1709	1740	0.792629
1709	1741	0.186501
1709	1742	0.143019
1709	1996	0.858116
1709	1997	1.050000
1710	1709	1.650000
1710	1711	3.500000
1710	1738	0.792629
1710	1739	0.810443
1710	1742	0.429058
1710	1743	1.212256
1710	1744	0.047673
1710	1996	0.095346
1711	1710	3.500000
1711	1712	3.077266
1711	1737	0.667424
1711	1738	1.165631
1711	1743	0.233126
1711	1744	0.762770
1712	1711	3.077266
1712	1713	3.695652
1712	1736	0.885880
1712	1737	2.133860
1713	1712	3.695652
1713	1714	3.782609
1713	1735	0.932505
1713	1736	1.212256
1713	2925	1.022475
1714	1539	0.085126
1714	1540	0.073721
1714	1541	0.417029
1714	1713	3.782609
1714	1715	4.260870
1714	1733	0.044455
1714	1734	0.979130
1714	1735	1.538633
1714	2925	0.933564
1715	1541	0.625543
1715	1561	1.112077
1715	1714	4.260870
1715	1716	1.467029
1715	1731	2.826087
1715	1732	1.072381
1715	1733	0.666831
1715	1734	0.279751
1716	1561	0.426401
1716	1715	1.467029
1716	1717	4.454545
1716	1730	0.272727
1716	1731	0.533465
1716	1732	0.715097
1716	1733	2.818182
1716	2241	0.858116
1716	2242	0.133366
1716	2362	0.489010
1717	1716	4.454545
1717	1718	3.766177
1717	1729	0.190693
1717	1730	0.772727
1717	1732	0.143019
1717	2240	0.476731
1717	2241	0.762770
1717	2362	0.355643
1718	1717	3.766177
1718	1719	3.800000
1718	1729	0.650000
1718	2239	0.095346
1718	2240	0.300000
1718	2362	0.093250
1718	2363	0.238366
1718	2365	1.048809
1718	3764	0.150000
1719	1718	3.800000
1719	1720	2.517763
1719	1728	0.750000
1719	1729	0.700000
1719	2365	0.429058
1719	2366	0.850000
1720	1719	2.517763
1720	1721	4.845641
1720	1725	0.044455
1720	1727	0.885880
1720	1728	2.051511
1720	1776	0.043478
1720	1777	0.355643
1720	1778	0.043478
1720	2366	0.326377
1721	1720	4.845641
1721	1722	2.045455
1721	1723	0.636364
1721	1724	2.192964
1721	1725	0.181818
1721	1726	0.190693
1721	1727	0.524404
1721	1774	0.177822
1721	1776	0.444554
1721	1777	1.181818
1722	1721	2.045455
1722	1723	1.000000
1722	1776	0.044455
1722	2368	3.511978
1722	2391	0.095346
1722	2394	0.533465
1722	2395	0.044455
1722	3599	0.238366
1723	1721	0.636364
1723	1722	1.000000
1723	1724	4.767313
1723	1774	0.088911
1723	3599	1.334848
1723	3600	0.044455
1723	3765	0.381385
1723	3951	3.272727
1723	3952	0.429058
1723	3955	0.045455
1724	1721	2.192964
1724	1723	4.767313
1724	1725	1.716233
1724	1774	0.885880
1724	3764	1.250000
1724	3765	0.500000
1724	3952	0.050000
1724	3955	0.286039
1725	1720	0.044455
1725	1721	0.181818
1725	1724	1.716233
1725	1726	1.620886
1725	1727	0.047673
1725	1774	0.044455
1725	3609	0.429058
1725	3610	0.238366
1725	3763	0.311188
1725	3764	0.238366
1725	3952	0.524404
1725	3953	0.045455
1725	3954	3.818182
1725	3955	2.409091
1726	1557	0.760639
1726	1559	0.158114
1726	1721	0.190693
1726	1725	1.620886
1726	1727	4.350000
1726	1774	1.631883
1726	1776	0.559503
1726	1950	0.326377
1726	3953	0.095346
1727	1559	0.316228
1727	1720	0.885880
1727	1721	0.524404
1727	1725	0.047673
1727	1726	4.350000
1727	1728	2.850000
1727	1776	0.699379
1727	1777	0.572078
1727	1950	1.305507
1728	1719	0.750000
1728	1720	2.051511
1728	1727	2.850000
1728	1729	3.500000
1728	1777	0.143019
1728	1778	0.139876
1729	1717	0.190693
1729	1718	0.650000
1729	1719	0.700000
1729	1728	3.500000
1729	1730	4.624294
1729	1731	0.046625
1729	1779	0.050000
1730	1716	0.272727
1730	1717	0.772727
1730	1729	4.624294
1730	1731	1.422574
1730	1732	3.384792
1731	1543	0.251478
1731	1561	0.278019
1731	1715	2.826087
1731	1716	0.533465
1731	1729	0.046625
1731	1730	1.422574
1731	1732	1.538633
1731	1780	0.043478
1732	1715	1.072381
1732	1716	0.715097
1732	1717	0.143019
1732	1730	3.384792
1732	1731	1.538633
1732	1733	1.859252
1733	1714	0.044455
1733	1715	0.666831
1733	1716	2.818182
1733	1732	1.859252
1733	1734	4.195235
1733	2242	0.400099
1733	2361	0.088911
1733	2362	0.489010
1734	1714	0.979130
1734	1715	0.279751
1734	1733	4.195235
1734	1735	2.550000
1734	2242	0.233126
1734	2243	0.139876
1734	2361	0.093250
1735	1713	0.932505
1735	1714	1.538633
1735	1734	2.550000
1735	1736	3.300000
1735	2243	0.466252
1735	2926	0.047673
1736	1712	0.885880
1736	1713	1.212256
1736	1735	3.300000
1736	1737	3.051080
1736	2926	0.858116
1736	2927	0.715097
1737	1711	0.667424
1737	1712	2.133860
1737	1736	3.051080
1737	1738	4.089899
1737	2926	0.181818
1737	2927	0.272727
1738	1710	0.792629
1738	1711	1.165631
1738	1737	4.089899
1738	1739	3.600889
1738	1743	0.043478
1739	1706	0.133366
1739	1709	0.143019
1739	1710	0.810443
1739	1738	3.600889
1739	1740	3.511978
1739	1743	0.444554
1740	1706	0.826087
1740	1708	0.400099
1740	1709	0.792629
1740	1739	3.511978
1740	1741	3.347826
1740	1742	0.933564
1740	1743	0.260870
1740	1996	0.088911
1741	1706	0.260870
1741	1707	0.177822
1741	1708	0.622376
1741	1709	0.186501
1741	1740	3.347826
1741	1742	1.600395
1741	1996	0.177822
1741	1997	0.186501
1742	1709	0.143019
1742	1710	0.429058
1742	1740	0.933564
1742	1741	1.600395
1742	1743	4.534453
1742	1995	0.810443
1742	1996	3.636364
1743	1710	1.212256
1743	1711	0.233126
1743	1738	0.043478
1743	1739	0.444554
1743	1740	0.260870
1743	1742	4.534453
1743	1744	4.667819
1743	1995	0.326377
1744	1710	0.047673
1744	1711	0.762770
1744	1743	4.667819
1744	1745	4.134354
1744	1761	0.333712
1744	1994	0.044455
1745	1744	4.134354
1745	1746	4.782609
1745	1760	1.119006
1745	1761	0.186501
1745	1992	0.222277
1745	1993	0.044455
1745	1994	0.217391
1746	1745	4.782609
1746	1747	1.511484
1746	1759	1.066930
1746	1760	1.165631
1746	1991	2.704264
1746	1992	0.577920
1746	1993	0.088911
1747	1746	1.511484
1747	1748	1.500000
1747	1759	2.636364
1747	1791	0.590909
1747	1792	2.934058
1747	1990	0.047673
1747	1991	0.715097
1747	1992	0.045455
1748	1747	1.500000
1748	1749	1.409091
1748	1750	3.778711
1748	1757	0.047673
1748	1758	0.622376
1748	1759	0.500000
1748	1760	0.095346
1748	1984	0.238366
1748	1985	0.619751
1749	1748	1.409091
1749	1750	0.889108
1749	1938	0.363636
1749	1971	0.889108
1749	1972	1.733761
1749	1984	0.810443
1749	1985	0.524404
1749	1986	3.181818
1750	1748	3.778711
1750	1749	0.889108
1750	1751	4.890096
1750	1757	0.792629
1750	1758	0.434783
1750	1972	0.173913
1750	1973	0.046625
1750	1983	0.373002
1750	1984	0.979130
1751	1750	4.890096
1751	1752	3.423068
1751	1754	0.363636
1751	1756	0.619751
1751	1757	0.858116
1751	1782	0.045455
1751	1783	0.454545
1751	1983	0.476731
1752	1751	3.423068
1752	1753	3.378612
1752	1754	0.800198
1752	1756	0.139876
1752	1782	0.177822
1752	1783	0.489010
1752	1973	0.046625
1752	1974	0.695652
1752	1982	0.173913
1752	1983	0.373002
1753	1752	3.378612
1753	1754	3.227273
1753	1974	0.711287
1753	3928	1.511484
1754	1751	0.363636
1754	1752	0.800198
1754	1753	3.227273
1754	1755	0.954545
1754	1756	2.669695
1755	1754	0.954545
1755	1756	1.048809
1756	1751	0.619751
1756	1752	0.139876
1756	1754	2.669695
1756	1755	1.048809
1756	1757	2.600000
1756	1983	0.100000
1757	1748	0.047673
1757	1750	0.792629
1757	1751	0.858116
1757	1756	2.600000
1757	1758	3.263767
1757	1784	0.139876
1757	1983	0.050000
1757	1984	0.050000
1758	1748	0.622376
1758	1750	0.434783
1758	1757	3.263767
1758	1759	0.933564
1758	1983	0.093250
1758	1984	0.419627
1759	1746	1.066930
1759	1747	2.636364
1759	1748	0.500000
1759	1758	0.933564
1759	1760	4.528947
1759	1790	0.047673
1759	1791	0.090909
1759	1992	0.227273
1759	1993	0.454545
1759	1994	0.044455
1760	1745	1.119006
1760	1746	1.165631
1760	1748	0.095346
1760	1759	4.528947
1760	1761	4.000000
1760	1993	0.190693
1760	1994	0.606128
1761	1744	0.333712
1761	1745	0.186501
1761	1760	4.000000
1761	1762	3.800000
1761	1788	0.715097
1761	1994	1.305507
1762	1761	3.800000
1762	1763	2.700000
1762	1787	0.746004
1762	1788	1.001136
1762	1995	0.800000
1763	1762	2.700000
1763	1764	2.950000
1763	1786	0.792629
1763	1787	1.725134
1763	2169	0.619751
1764	1763	2.950000
1764	1765	3.700000
1764	1785	0.792629
1764	1786	1.725134
1764	2168	0.953463
1764	2169	0.810443
1764	2183	0.238366
1765	1764	3.700000
1765	1766	4.429398
1765	1784	0.699379
1765	1785	1.398757
1765	2183	0.381385
1765	2184	0.559503
1766	1765	4.429398
1766	1767	3.556434
1766	1768	0.086957
1766	1782	0.489010
1766	1783	0.800198
1766	1784	1.130435
1766	2184	0.260870
1766	2185	0.260870
1767	1766	3.556434
1767	1768	1.511484
1767	1769	3.384792
1767	1781	0.590909
1767	1782	0.772727
1768	1766	0.086957
1768	1767	1.511484
1768	1769	1.538633
1768	1780	2.478261
1768	1781	0.222277
1769	1767	3.384792
1769	1768	1.538633
1769	1770	2.431330
1769	1771	0.046625
1769	1780	1.072381
1769	1781	0.715097
1769	1782	0.143019
1770	1769	2.431330
1770	1771	3.867622
1770	1780	0.577920
1770	1781	2.772727
1770	1948	1.144155
1771	1769	0.046625
1771	1770	3.867622
1771	1772	4.056396
1771	1779	0.792629
1771	1780	1.173913
1771	1948	0.559503
1772	1771	4.056396
1772	1773	2.844140
1772	1775	0.200000
1772	1778	0.746004
1772	1779	0.550000
1772	1948	0.350000
1772	1949	1.150000
1772	1950	0.139876
1772	1952	0.046625
1773	1772	2.844140
1773	1774	1.000000
1773	1775	2.191386
1773	1776	0.826087
1773	1777	0.577920
1773	1778	1.652174
1773	1949	0.046625
1773	1950	2.043478
1773	1952	0.173913
1774	1554	0.069505
1774	1721	0.177822
1774	1723	0.088911
1774	1724	0.885880
1774	1725	0.044455
1774	1726	1.631883
1774	1773	1.000000
1774	1775	1.258881
1774	1776	1.913043
1774	1950	0.260870
1774	3952	1.258881
1774	3953	0.266733
1774	3954	0.044455
1775	1772	0.200000
1775	1773	2.191386
1775	1774	1.258881
1775	1776	1.025755
1775	3915	0.450000
1775	3916	0.200000
1775	3953	0.047673
1776	1720	0.043478
1776	1721	0.444554
1776	1722	0.044455
1776	1726	0.559503
1776	1727	0.699379
1776	1773	0.826087
1776	1774	1.913043
1776	1775	1.025755
1776	1777	4.801186
1776	1950	0.304348
1776	3915	0.139876
1777	1720	0.355643
1777	1721	1.181818
1777	1727	0.572078
1777	1728	0.143019
1777	1773	0.577920
1777	1776	4.801186
1777	1778	3.600889
1777	1950	0.266733
1778	1720	0.043478
1778	1728	0.139876
1778	1772	0.746004
1778	1773	1.652174
1778	1777	3.600889
1778	1779	4.103021
1778	1950	0.043478
1779	1729	0.050000
1779	1771	0.792629
1779	1772	0.550000
1779	1778	4.103021
1779	1780	3.683394
1780	1731	0.043478
1780	1768	2.478261
1780	1769	1.072381
1780	1770	0.577920
1780	1771	1.173913
1780	1779	3.683394
1780	1781	1.244752
1780	1948	0.373002
1781	1767	0.590909
1781	1768	0.222277
1781	1769	0.715097
1781	1770	2.772727
1781	1780	1.244752
1781	1782	4.318182
1781	1947	0.095346
1781	1948	0.905789
1782	1751	0.045455
1782	1752	0.177822
1782	1766	0.489010
1782	1767	0.772727
1782	1769	0.143019
1782	1781	4.318182
1782	1783	3.772727
1783	1751	0.454545
1783	1752	0.489010
1783	1766	0.800198
1783	1782	3.772727
1783	1784	4.756730
1784	1757	0.139876
1784	1765	0.699379
1784	1766	1.130435
1784	1783	4.756730
1784	1785	3.869565
1785	1764	0.792629
1785	1765	1.398757
1785	1784	3.869565
1785	1786	3.391304
1785	2183	0.933564
1785	2184	0.043478
1786	1763	0.792629
1786	1764	1.725134
1786	1785	3.391304
1786	1787	3.695652
1786	2168	0.444554
1786	2169	0.533465
1786	2183	0.889108
1787	1762	0.746004
1787	1763	1.725134
1787	1786	3.695652
1787	1788	3.867622
1787	2169	0.533465
1787	2170	0.478261
1788	1761	0.715097
1788	1762	1.001136
1788	1787	3.867622
1788	1789	4.767313
1788	1994	1.200296
1788	2170	0.266733
1788	2171	0.333712
1789	1788	4.767313
1789	1790	3.550000
1789	1993	0.905789
1789	1994	1.492008
1790	1759	0.047673
1790	1789	3.550000
1790	1791	1.144155
1790	1992	0.572078
1790	1993	0.381385
1791	1747	0.590909
1791	1759	0.090909
1791	1790	1.144155
1791	1792	1.911583
1791	1844	1.863636
1791	1991	0.429058
1791	1992	3.863636
1792	1747	2.934058
1792	1791	1.911583
1792	1793	4.149646
1792	1844	0.666831
1792	1990	0.792629
1792	1991	1.165631
1793	1792	4.149646
1793	1794	2.850000
1793	1989	0.792629
1793	1990	0.600000
1794	1793	2.850000
1794	1795	2.800000
1794	1921	0.046625
1794	1922	0.093250
1794	1988	0.792629
1794	1989	1.865010
1795	1794	2.800000
1795	1796	1.811579
1795	1821	0.373002
1795	1822	2.800000
1795	1934	0.606128
1795	1988	2.004885
1796	1795	1.811579
1796	1797	4.363636
1796	1820	0.088911
1796	1821	0.400099
1796	1822	0.667424
1796	1823	0.047673
1796	1933	0.715097
1796	1934	3.289701
1797	1796	4.363636
1797	1798	1.863636
1797	1821	0.400099
1797	1822	0.476731
1797	1827	0.088911
1797	1932	0.905789
1797	1933	0.381385
1798	1797	1.863636
1798	1799	2.765042
1798	1820	0.444554
1798	1821	0.311188
1798	1828	0.844653
1798	1829	1.289207
1798	1931	0.572078
1798	1932	0.810443
1799	1798	2.765042
1799	1800	3.100000
1799	1819	0.746004
1799	1820	0.746004
1799	1829	0.233126
1799	1830	0.150000
1800	1799	3.100000
1800	1801	2.191386
1800	1818	0.559503
1800	1819	1.631883
1801	1800	2.191386
1801	1802	4.569274
1801	1816	0.043478
1801	1817	0.792629
1801	1818	2.739130
1802	1801	4.569274
1802	1803	2.950000
1802	1816	0.559503
1802	1817	0.400000
1803	1802	2.950000
1803	1804	3.800000
1803	1814	0.046625
1803	1815	0.746004
1803	1816	1.538633
1804	1603	0.471940
1804	1803	3.800000
1804	1805	2.797514
1804	1814	0.746004
1804	1815	1.072381
1805	1600	0.069505
1805	1601	0.312772
1805	1602	0.147442
1805	1603	0.943042
1805	1804	2.797514
1805	1806	3.956522
1805	1812	0.046625
1805	1813	0.792629
1805	1814	2.086957
1806	1600	0.208514
1806	1805	3.956522
1806	1807	4.336147
1806	1810	0.434783
1806	1812	0.979130
1806	1813	0.699379
1807	1806	4.336147
1807	1808	1.650000
1807	1809	0.600000
1807	1810	0.699379
1808	1807	1.650000
1808	1809	1.000000
1808	1810	0.093250
1809	1807	0.600000
1809	1808	1.000000
1809	1810	3.496893
1810	1806	0.434783
1810	1807	0.699379
1810	1808	0.093250
1810	1809	3.496893
1810	1811	1.631883
1810	1812	2.704264
1811	1810	1.631883
1811	1812	1.050000
1812	1805	0.046625
1812	1806	0.979130
1812	1810	2.704264
1812	1811	1.050000
1812	1813	4.350000
1813	1805	0.792629
1813	1806	0.699379
1813	1812	4.350000
1813	1814	3.450268
1814	1598	0.188608
1814	1601	1.251086
1814	1803	0.046625
1814	1804	0.746004
1814	1805	2.086957
1814	1813	3.450268
1814	1815	3.478261
1815	1598	0.251478
1815	1601	0.312772
1815	1602	0.073721
1815	1803	0.746004
1815	1804	1.072381
1815	1814	3.478261
1815	1816	4.173913
1816	1801	0.043478
1816	1802	0.559503
1816	1803	1.538633
1816	1815	4.173913
1816	1817	4.242897
1817	1801	0.792629
1817	1802	0.400000
1817	1816	4.242897
1817	1818	2.937390
1818	1800	0.559503
1818	1801	2.739130
1818	1817	2.937390
1818	1819	3.521739
1819	1799	0.746004
1819	1800	1.631883
1819	1818	3.521739
1819	1820	4.869565
1820	1796	0.088911
1820	1798	0.444554
1820	1799	0.746004
1820	1819	4.869565
1820	1821	3.260870
1820	1829	0.043478
1821	1795	0.373002
1821	1796	0.400099
1821	1797	0.400099
1821	1798	0.311188
1821	1820	3.260870
1821	1822	2.750889
1821	1828	0.782609
1821	1829	0.217391
1822	1795	2.800000
1822	1796	0.667424
1822	1797	0.476731
1822	1821	2.750889
1822	1823	1.500000
1822	1827	0.093250
1822	1828	0.233126
1822	1923	0.050000
1823	1796	0.047673
1823	1822	1.500000
1823	1824	1.771759
1823	1826	0.466252
1823	1827	0.839254
1823	1933	0.200000
1824	1823	1.771759
1824	1825	1.398757
1824	1826	2.608696
1824	1968	0.792629
1824	1970	0.217391
1824	1984	0.046625
1824	1985	3.823270
1825	1824	1.398757
1825	1826	1.165631
1825	1827	0.186501
1825	1984	0.100000
1826	1823	0.466252
1826	1824	2.608696
1826	1825	1.165631
1826	1827	3.217391
1826	1933	0.792629
1826	1968	1.492008
1827	1797	0.088911
1827	1822	0.093250
1827	1823	0.839254
1827	1825	0.186501
1827	1826	3.217391
1827	1828	4.260870
1827	1932	0.792629
1827	1933	1.725134
1828	1798	0.844653
1828	1821	0.782609
1828	1822	0.233126
1828	1827	4.260870
1828	1829	3.695652
1828	1931	0.839254
1828	1932	1.865010
1829	1798	1.289207
1829	1799	0.233126
1829	1820	0.043478
1829	1821	0.217391
1829	1828	3.695652
1829	1830	4.569274
1829	1928	0.173913
1829	1929	0.559503
1829	1931	2.004885
1830	1799	0.150000
1830	1829	4.569274
1830	1831	2.850000
1830	1928	0.746004
1830	1929	0.100000
1831	1830	2.850000
1831	1832	3.150000
1831	1927	0.885880
1831	1928	1.305507
1832	1831	3.150000
1832	1833	2.550000
1832	1926	0.746004
1832	1927	0.932505
1833	1832	2.550000
1833	1834	2.700000
1833	1925	0.619751
1833	1926	1.725134
1834	1833	2.700000
1834	1835	2.098136
1834	1836	1.305507
1834	1924	0.839254
1834	1925	1.191828
1835	1834	2.098136
1835	1836	4.478261
1836	1834	1.305507
1836	1835	4.478261
1836	1837	3.200790
1836	1924	1.043478
1837	1836	3.200790
1837	1838	4.052216
1838	1837	4.052216
1838	1839	2.192964
1839	1838	2.192964
1839	1840	4.767313
1839	1923	0.572078
1840	1839	4.767313
1840	1841	2.700000
1840	1922	0.792629
1840	1923	0.500000
1841	1840	2.700000
1841	1842	3.403643
1841	1921	0.792629
1841	1922	2.004885
1842	1841	3.403643
1842	1843	1.467029
1842	1919	0.419627
1842	1920	0.711287
1842	1921	1.478261
1843	1842	1.467029
1843	1844	1.181818
1843	1845	3.480138
1843	1913	0.088911
1843	1918	0.090909
1843	1919	0.667424
1843	1920	2.318182
1844	1791	1.863636
1844	1792	0.666831
1844	1843	1.181818
1844	1845	1.668560
1844	1913	0.044455
1844	1991	0.858116
1845	1843	3.480138
1845	1844	1.668560
1845	1846	3.100000
1845	1918	0.524404
1845	1919	0.100000
1846	1845	3.100000
1846	1847	3.100000
1846	1913	0.046625
1846	1917	0.746004
1846	1918	0.810443
1847	1846	3.100000
1847	1848	3.550000
1847	1916	0.792629
1847	1917	1.445382
1848	1847	3.550000
1848	1849	3.600000
1848	1915	0.792629
1848	1916	1.445382
1849	1848	3.600000
1849	1850	2.335983
1849	1912	0.606128
1849	1914	0.792629
1849	1915	1.678509
1850	1849	2.335983
1850	1851	4.979007
1850	1912	0.844653
1850	1914	2.756236
1851	1850	4.979007
1851	1852	4.802400
1851	1911	0.606128
1851	1912	1.130435
1852	1851	4.802400
1852	1853	2.350000
1852	1910	0.792629
1852	1911	0.750000
1853	1852	2.350000
1853	1854	3.000000
1853	1909	0.792629
1853	1910	1.585258
1854	1635	0.700000
1854	1636	0.600000
1854	1853	3.000000
1854	1855	1.144155
1854	1906	1.001136
1854	1908	0.667424
1854	1909	1.631883
1855	1634	0.572078
1855	1635	1.430194
1855	1854	1.144155
1855	1856	1.555940
1855	1905	0.311188
1855	1906	2.636364
1855	1907	0.227273
1856	1634	0.093250
1856	1855	1.555940
1856	1857	3.636769
1856	1904	0.792629
1856	1905	2.869565
1857	1856	3.636769
1857	1858	2.650000
1857	1903	0.792629
1857	1904	0.750000
1858	1857	2.650000
1858	1859	4.289522
1858	1900	0.050000
1858	1902	0.932505
1858	1903	1.352132
1859	1858	4.289522
1859	1860	1.155841
1859	1883	0.266733
1859	1899	0.347826
1859	1900	1.025755
1859	1901	0.533465
1859	1902	0.304348
1860	1859	1.155841
1860	1861	4.000000
1860	1880	1.048809
1860	1881	0.318182
1860	1883	4.045455
1860	1884	0.088911
1860	1894	0.044455
1860	1899	0.222277
1860	1900	0.095346
1861	1860	4.000000
1861	1862	1.111386
1861	1878	0.044455
1861	1879	0.810443
1861	1880	1.382521
1861	1884	0.044455
1861	1894	0.889108
1861	1895	2.526676
1861	1899	0.088911
1862	1861	1.111386
1862	1863	4.009771
1862	1876	0.130435
1862	1877	0.792629
1862	1878	3.391304
1862	1895	0.885880
1862	1896	0.326377
1863	1862	4.009771
1863	1864	3.450000
1863	1875	0.047673
1863	1876	0.792629
1863	1877	0.250000
1863	1896	0.200000
1864	1863	3.450000
1864	1865	3.310392
1864	1875	0.667424
1864	1876	1.538633
1865	1864	3.310392
1865	1866	4.662524
1865	1873	0.304348
1865	1874	0.792629
1865	1875	2.133860
1866	1865	4.662524
1866	1867	2.700000
1866	1873	0.606128
1866	1874	0.050000
1867	1866	2.700000
1867	1868	3.683394
1867	1871	0.762770
1867	1873	0.699379
1867	2771	0.100000
1868	1867	3.683394
1868	1869	0.956522
1868	1870	1.826087
1868	1871	0.755742
1868	1891	0.266733
1869	1868	0.956522
1869	1870	4.739130
1869	1890	0.782609
1869	2040	0.355643
1869	2063	3.867622
1870	1868	1.826087
1870	1869	4.739130
1870	1871	0.978019
1870	1890	2.521739
1870	1891	2.800692
1870	2770	0.088911
1871	1867	0.762770
1871	1868	0.755742
1871	1870	0.978019
1871	1872	1.545455
1871	1873	3.645345
1871	1891	2.545455
1871	1892	0.045455
1872	1871	1.545455
1872	1873	1.333663
1872	1889	2.431330
1872	1890	0.088911
1872	1891	0.318182
1872	1892	0.727273
1872	1893	2.818182
1873	1865	0.304348
1873	1866	0.606128
1873	1867	0.699379
1873	1871	3.645345
1873	1872	1.333663
1873	1874	4.336147
1873	1892	0.800198
1873	1893	0.133366
1874	1865	0.792629
1874	1866	0.050000
1874	1873	4.336147
1874	1875	2.717368
1875	1863	0.047673
1875	1864	0.667424
1875	1865	2.133860
1875	1874	2.717368
1875	1876	3.156335
1876	1862	0.130435
1876	1863	0.792629
1876	1864	1.538633
1876	1875	3.156335
1876	1877	4.522648
1877	1862	0.792629
1877	1863	0.250000
1877	1876	4.522648
1877	1878	1.771759
1878	1861	0.044455
1878	1862	3.391304
1878	1877	1.771759
1878	1879	4.149646
1878	1894	0.043478
1878	1895	0.792629
1879	1861	0.810443
1879	1878	4.149646
1879	1880	2.400000
1879	1894	0.746004
1879	1895	0.400000
1880	1860	1.048809
1880	1861	1.382521
1880	1879	2.400000
1880	1881	4.099889
1880	1884	0.792629
1880	1894	1.538633
1881	1860	0.318182
1881	1880	4.099889
1881	1882	1.422574
1881	1883	1.000000
1881	1884	1.066930
1882	1881	1.422574
1882	1883	0.978019
1882	1901	0.755742
1882	1902	1.434783
1882	1903	0.217391
1883	1859	0.266733
1883	1860	4.045455
1883	1881	1.000000
1883	1882	0.978019
1883	1884	1.111386
1883	1900	1.001136
1883	1901	4.000000
1884	1860	0.088911
1884	1861	0.044455
1884	1880	0.792629
1884	1881	1.066930
1884	1883	1.111386
1884	1885	1.555940
1884	1894	2.913043
1884	1899	0.130435
1884	1900	0.606128
1884	2765	0.839254
1885	1884	1.555940
1885	1886	4.756730
1885	1899	0.800198
1885	1900	1.191828
1885	2765	0.429058
1886	1885	4.756730
1886	1887	3.521739
1886	1898	0.746004
1886	1899	0.434783
1887	1886	3.521739
1887	1888	3.782609
1887	1897	0.792629
1887	1898	1.492008
1888	1887	3.782609
1888	1889	4.755775
1888	1893	0.311188
1888	1896	0.792629
1888	1897	1.538633
1889	1872	2.431330
1889	1888	4.755775
1889	1890	0.979130
1889	1893	0.715097
1889	1896	0.150000
1890	1869	0.782609
1890	1870	2.521739
1890	1872	0.088911
1890	1889	0.979130
1890	1891	1.200296
1890	2040	1.822672
1890	2063	0.044455
1891	1868	0.266733
1891	1870	2.800692
1891	1871	2.545455
1891	1872	0.318182
1891	1890	1.200296
1891	1892	1.727273
1891	2040	0.181818
1891	2769	0.044455
1891	2770	1.454545
1892	1871	0.045455
1892	1872	0.727273
1892	1873	0.800198
1892	1891	1.727273
1892	1893	1.136364
1892	2769	3.334157
1892	2770	0.772727
1892	2797	0.045455
1892	2798	0.044455
1893	1872	2.818182
1893	1873	0.133366
1893	1888	0.311188
1893	1889	0.715097
1893	1892	1.136364
1893	1894	1.155841
1893	1895	0.476731
1893	1896	2.717368
1894	1860	0.044455
1894	1861	0.889108
1894	1878	0.043478
1894	1879	0.746004
1894	1880	1.538633
1894	1884	2.913043
1894	1893	1.155841
1894	1895	4.196272
1895	1861	2.526676
1895	1862	0.885880
1895	1878	0.792629
1895	1879	0.400000
1895	1893	0.476731
1895	1894	4.196272
1895	1896	1.700000
1895	1897	0.200000
1896	1862	0.326377
1896	1863	0.200000
1896	1888	0.792629
1896	1889	0.150000
1896	1893	2.717368
1896	1895	1.700000
1896	1897	3.000000
1897	1887	0.792629
1897	1888	1.538633
1897	1895	0.200000
1897	1896	3.000000
1897	1898	3.200000
1898	1886	0.746004
1898	1887	1.492008
1898	1897	3.200000
1898	1899	3.496893
1899	1859	0.347826
1899	1860	0.222277
1899	1861	0.088911
1899	1884	0.130435
1899	1885	0.800198
1899	1886	0.434783
1899	1898	3.496893
1899	1900	4.476023
1900	1858	0.050000
1900	1859	1.025755
1900	1860	0.095346
1900	1883	1.001136
1900	1884	0.606128
1900	1885	1.191828
1900	1899	4.476023
1900	1901	1.906925
1901	1859	0.533465
1901	1882	0.755742
1901	1883	4.000000
1901	1900	1.906925
1901	1902	4.178810
1902	1858	0.932505
1902	1859	0.304348
1902	1882	1.434783
1902	1901	4.178810
1902	1903	4.652174
1903	1857	0.792629
1903	1858	1.352132
1903	1882	0.217391
1903	1902	4.652174
1903	1904	3.403643
1904	1856	0.792629
1904	1857	0.750000
1904	1903	3.403643
1904	1905	2.611013
1905	1855	0.311188
1905	1856	2.869565
1905	1904	2.611013
1905	1906	1.467029
1906	1635	0.095346
1906	1854	1.001136
1906	1855	2.636364
1906	1905	1.467029
1906	1907	1.727273
1906	1908	0.954545
1907	1635	0.047673
1907	1855	0.227273
1907	1906	1.727273
1907	1908	3.500000
1908	1636	0.715097
1908	1637	0.133366
1908	1854	0.667424
1908	1906	0.954545
1908	1907	3.500000
1908	1909	3.467523
1909	1636	0.419627
1909	1637	0.478261
1909	1853	0.792629
1909	1854	1.631883
1909	1908	3.467523
1909	1910	3.956522
1910	1852	0.792629
1910	1853	1.585258
1910	1909	3.956522
1910	1911	4.709149
1911	1851	0.606128
1911	1852	0.750000
1911	1910	4.709149
1911	1912	4.056396
1912	1849	0.606128
1912	1850	0.844653
1912	1851	1.130435
1912	1911	4.056396
1912	1913	1.000000
1912	1914	0.608696
1913	1843	0.088911
1913	1844	0.044455
1913	1846	0.046625
1913	1912	1.000000
1913	1914	2.043478
1913	1915	0.739130
1913	1916	0.956522
1913	1917	0.565217
1913	1918	0.044455
1914	1849	0.792629
1914	1850	2.756236
1914	1912	0.608696
1914	1913	2.043478
1914	1915	3.956522
1915	1848	0.792629
1915	1849	1.678509
1915	1913	0.739130
1915	1914	3.956522
1915	1916	4.739130
1916	1847	0.792629
1916	1848	1.445382
1916	1913	0.956522
1916	1915	4.739130
1916	1917	4.043478
1917	1846	0.746004
1917	1847	1.445382
1917	1913	0.565217
1917	1916	4.043478
1917	1918	3.956533
1918	1843	0.090909
1918	1845	0.524404
1918	1846	0.810443
1918	1913	0.044455
1918	1917	3.956533
1918	1919	4.052216
1919	1842	0.419627
1919	1843	0.667424
1919	1845	0.100000
1919	1918	4.052216
1919	1920	2.431330
1920	1842	0.711287
1920	1843	2.318182
1920	1919	2.431330
1920	1921	4.089899
1921	1794	0.046625
1921	1841	0.792629
1921	1842	1.478261
1921	1920	4.089899
1921	1922	4.347826
1922	1794	0.093250
1922	1840	0.792629
1922	1841	2.004885
1922	1921	4.347826
1922	1923	2.890765
1923	1822	0.050000
1923	1839	0.572078
1923	1840	0.500000
1923	1922	2.890765
1923	1924	1.025755
1924	1834	0.839254
1924	1836	1.043478
1924	1923	1.025755
1924	1925	3.378612
1925	1833	0.619751
1925	1834	1.191828
1925	1924	3.378612
1925	1926	3.111880
1926	1832	0.746004
1926	1833	1.725134
1926	1925	3.111880
1926	1927	4.347826
1927	1831	0.885880
1927	1832	0.932505
1927	1926	4.347826
1927	1928	4.000000
1928	1829	0.173913
1928	1830	0.746004
1928	1831	1.305507
1928	1927	4.000000
1928	1929	4.196272
1929	1829	0.559503
1929	1830	0.100000
1929	1928	4.196272
1929	1930	1.954598
1929	1931	0.100000
1930	1929	1.954598
1930	1931	2.240637
1930	1932	0.047673
1931	1798	0.572078
1931	1828	0.839254
1931	1829	2.004885
1931	1929	0.100000
1931	1930	2.240637
1931	1932	2.450000
1932	1797	0.905789
1932	1798	0.810443
1932	1827	0.792629
1932	1828	1.865010
1932	1930	0.047673
1932	1931	2.450000
1932	1933	3.450000
1932	1968	0.150000
1933	1796	0.715097
1933	1797	0.381385
1933	1823	0.200000
1933	1826	0.792629
1933	1827	1.725134
1933	1932	3.450000
1933	1934	1.119006
1933	1967	1.500000
1933	1968	1.050000
1934	1795	0.606128
1934	1796	3.289701
1934	1933	1.119006
1934	1935	1.022475
1934	1967	0.419627
1934	1986	0.044455
1934	1987	1.467029
1934	1988	2.173913
1935	1934	1.022475
1935	1936	1.378118
1935	1937	3.289446
1935	1965	0.500000
1935	1966	0.590909
1935	1987	0.681818
1935	1988	0.044455
1936	1587	0.255377
1936	1588	0.527504
1936	1590	0.157622
1936	1591	0.486534
1936	1935	1.378118
1936	1937	1.725134
1936	1964	2.956522
1936	1965	0.266733
1937	1588	0.070711
1937	1935	3.289446
1937	1936	1.725134
1937	1938	3.194100
1937	1964	0.979130
1937	1965	0.810443
1937	1966	0.047673
1937	1986	0.238366
1937	1987	1.001136
1938	1749	0.363636
1938	1937	3.194100
1938	1939	5.005679
1938	1963	0.044455
1938	1964	0.666831
1938	1965	3.045455
1938	1971	0.088911
1938	1972	0.177822
1938	1986	0.454545
1939	1938	5.005679
1939	1940	3.500000
1939	1963	0.839254
1939	1964	0.233126
1939	1972	0.326377
1939	1973	0.100000
1940	1939	3.500000
1940	1941	3.400000
1940	1962	0.885880
1940	1963	1.072381
1941	1940	3.400000
1941	1942	2.750000
1941	1961	0.792629
1941	1962	1.585258
1941	3412	0.050000
1942	1941	2.750000
1942	1943	2.517763
1942	1960	0.792629
1942	1961	1.771759
1942	3752	0.050000
1942	3753	0.400000
1943	1542	0.251478
1943	1562	0.062869
1943	1564	0.903562
1943	1942	2.517763
1943	1944	3.916520
1943	1958	0.044455
1943	1959	0.652753
1943	1960	2.869565
1943	3753	0.839254
1943	3754	0.046625
1944	1542	1.078720
1944	1543	1.011300
1944	1544	0.111803
1944	1545	0.298142
1944	1943	3.916520
1944	1945	2.471138
1944	1958	0.762770
1944	1959	0.450000
1945	1542	0.251478
1945	1543	0.754434
1945	1545	0.417029
1945	1559	0.073721
1945	1944	2.471138
1945	1946	4.086957
1945	1957	0.746004
1945	1958	2.400593
1946	1945	4.086957
1946	1947	3.310392
1946	1955	0.043478
1946	1956	0.839254
1946	1957	1.165631
1947	1781	0.095346
1947	1946	3.310392
1947	1948	1.300000
1947	1949	3.200000
1947	1950	0.139876
1947	1955	0.373002
1947	1956	0.400000
1948	1770	1.144155
1948	1771	0.559503
1948	1772	0.350000
1948	1780	0.373002
1948	1781	0.905789
1948	1947	1.300000
1948	1949	3.300000
1948	1975	0.139876
1949	1772	1.150000
1949	1773	0.046625
1949	1947	3.200000
1949	1948	3.300000
1949	1950	0.979130
1949	1952	0.419627
1949	1954	0.619751
1949	1955	0.466252
1949	1975	0.792629
1950	1726	0.326377
1950	1727	1.305507
1950	1772	0.139876
1950	1773	2.043478
1950	1774	0.260870
1950	1776	0.304348
1950	1777	0.266733
1950	1778	0.043478
1950	1947	0.139876
1950	1949	0.979130
1950	1951	1.072381
1950	1952	0.826087
1951	1547	0.149071
1951	1555	0.670820
1951	1557	0.084515
1951	1950	1.072381
1951	1952	4.476023
1951	1954	0.047673
1952	1551	0.417029
1952	1554	0.139010
1952	1555	0.764553
1952	1772	0.046625
1952	1773	0.173913
1952	1949	0.419627
1952	1950	0.826087
1952	1951	4.476023
1952	1953	1.347826
1952	1954	3.867622
1953	1952	1.347826
1953	1954	2.000494
1953	1975	0.043478
1953	1976	0.489010
1953	3933	0.889108
1953	3934	0.608696
1954	1949	0.619751
1954	1951	0.047673
1954	1952	3.867622
1954	1953	2.000494
1954	1955	2.000494
1954	1975	0.222277
1954	1976	0.363636
1955	1946	0.043478
1955	1947	0.373002
1955	1949	0.466252
1955	1954	2.000494
1955	1956	4.755775
1955	1973	0.046625
1955	1974	0.217391
1955	1975	3.478261
1955	1976	0.444554
1956	1946	0.839254
1956	1947	0.400000
1956	1955	4.755775
1956	1957	2.800000
1956	1973	0.600000
1956	1974	0.186501
1957	1945	0.746004
1957	1946	1.165631
1957	1956	2.800000
1957	1958	2.622022
1957	1972	0.046625
1957	1973	0.100000
1958	1542	0.321412
1958	1943	0.044455
1958	1944	0.762770
1958	1945	2.400593
1958	1957	2.622022
1958	1959	3.670831
1959	1542	0.876460
1959	1943	0.652753
1959	1944	0.450000
1959	1958	3.670831
1959	1960	2.051511
1960	1537	0.093250
1960	1540	0.737210
1960	1542	0.125739
1960	1564	1.320591
1960	1565	0.421350
1960	1566	0.551677
1960	1567	0.073721
1960	1942	0.792629
1960	1943	2.869565
1960	1959	2.051511
1960	1961	3.347826
1960	3751	0.043478
1960	3752	0.186501
1961	1565	0.060193
1961	1566	0.630488
1961	1567	0.958373
1961	1941	0.792629
1961	1942	1.771759
1961	1960	3.347826
1961	1962	3.826087
1961	3751	0.391304
1961	3752	1.352132
1962	1567	0.294884
1962	1586	0.186501
1962	1940	0.885880
1962	1941	1.585258
1962	1961	3.826087
1962	1963	4.260870
1962	3620	0.093250
1962	3621	0.695652
1962	3751	0.130435
1963	1938	0.044455
1963	1939	0.839254
1963	1940	1.072381
1963	1962	4.260870
1963	1964	3.913043
1963	3621	0.173913
1964	1936	2.956522
1964	1937	0.979130
1964	1938	0.666831
1964	1939	0.233126
1964	1963	3.913043
1964	1965	1.200296
1965	1935	0.500000
1965	1936	0.266733
1965	1937	0.810443
1965	1938	3.045455
1965	1964	1.200296
1965	1966	4.681818
1965	1971	0.133366
1965	1986	0.181818
1965	1987	0.090909
1966	1935	0.590909
1966	1937	0.047673
1966	1965	4.681818
1966	1967	2.717368
1966	1970	0.622376
1966	1971	0.133366
1966	1986	0.272727
1966	1987	0.409091
1967	1933	1.500000
1967	1934	0.419627
1967	1966	2.717368
1967	1968	1.150000
1967	1970	0.419627
1967	1987	0.238366
1968	1824	0.792629
1968	1826	1.492008
1968	1932	0.150000
1968	1933	1.050000
1968	1967	1.150000
1968	1969	1.200000
1968	1970	3.683394
1968	1985	0.150000
1969	1968	1.200000
1969	1970	1.072381
1970	1824	0.217391
1970	1966	0.622376
1970	1967	0.419627
1970	1968	3.683394
1970	1969	1.072381
1970	1971	4.608696
1970	1985	0.746004
1971	1749	0.889108
1971	1938	0.088911
1971	1965	0.133366
1971	1966	0.133366
1971	1970	4.608696
1971	1972	3.434783
1971	1984	0.792629
1971	1985	1.165631
1971	1986	0.088911
1972	1749	1.733761
1972	1750	0.173913
1972	1938	0.177822
1972	1939	0.326377
1972	1957	0.046625
1972	1971	3.434783
1972	1973	4.242897
1972	1983	0.792629
1972	1984	1.631883
1973	1750	0.046625
1973	1752	0.046625
1973	1939	0.100000
1973	1955	0.046625
1973	1956	0.600000
1973	1957	0.100000
1973	1972	4.242897
1973	1974	2.051511
1973	1982	0.932505
1973	1983	0.650000
1974	1752	0.695652
1974	1753	0.711287
1974	1955	0.217391
1974	1956	0.186501
1974	1973	2.051511
1974	1975	1.043478
1974	1980	0.046625
1974	1981	0.792629
1974	1982	2.652174
1974	3928	1.695652
1975	1948	0.139876
1975	1949	0.792629
1975	1953	0.043478
1975	1954	0.222277
1975	1955	3.478261
1975	1974	1.043478
1975	1976	1.022475
1975	3927	0.652753
1975	3928	0.391304
1976	1953	0.489010
1976	1954	0.363636
1976	1955	0.444554
1976	1975	1.022475
1976	1977	4.719640
1976	3932	0.681818
1976	3933	1.136364
1977	1976	4.719640
1977	1978	2.950000
1977	3403	0.093250
1977	3411	0.850000
1977	3931	0.746004
1977	3932	0.381385
1978	1977	2.950000
1978	1979	3.384792
1978	3403	0.186501
1978	3404	0.900000
1978	3405	0.046625
1978	3409	0.186501
1978	3410	0.550000
1978	3411	0.250000
1978	3930	0.792629
1978	3931	1.258881
1979	1978	3.384792
1979	1980	4.195235
1979	3404	0.047673
1979	3405	0.533465
1979	3409	0.133366
1979	3928	0.044455
1979	3929	0.810443
1979	3930	1.600395
1980	1974	0.046625
1980	1979	4.195235
1980	1981	3.950000
1980	3928	0.932505
1980	3929	0.400000
1981	1974	0.792629
1981	1980	3.950000
1981	1982	2.797514
1981	3928	1.212256
1982	1752	0.173913
1982	1973	0.932505
1982	1974	2.652174
1982	1981	2.797514
1982	1983	3.916520
1983	1750	0.373002
1983	1751	0.476731
1983	1752	0.373002
1983	1756	0.100000
1983	1757	0.050000
1983	1758	0.093250
1983	1972	0.792629
1983	1973	0.650000
1983	1982	3.916520
1983	1984	3.650000
1984	1748	0.238366
1984	1749	0.810443
1984	1750	0.979130
1984	1757	0.050000
1984	1758	0.419627
1984	1824	0.046625
1984	1825	0.100000
1984	1971	0.792629
1984	1972	1.631883
1984	1983	3.650000
1984	1985	3.250000
1985	1748	0.619751
1985	1749	0.524404
1985	1824	3.823270
1985	1968	0.150000
1985	1970	0.746004
1985	1971	1.165631
1985	1984	3.250000
1985	1986	1.144155
1986	1749	3.181818
1986	1934	0.044455
1986	1937	0.238366
1986	1938	0.454545
1986	1965	0.181818
1986	1966	0.272727
1986	1971	0.088911
1986	1985	1.144155
1986	1987	4.636364
1987	1934	1.467029
1987	1935	0.681818
1987	1937	1.001136
1987	1965	0.090909
1987	1966	0.409091
1987	1967	0.238366
1987	1986	4.636364
1987	1988	1.111386
1987	1989	0.044455
1988	1794	0.792629
1988	1795	2.004885
1988	1934	2.173913
1988	1935	0.044455
1988	1987	1.111386
1988	1989	3.826087
1989	1793	0.792629
1989	1794	1.865010
1989	1987	0.044455
1989	1988	3.826087
1989	1990	3.823270
1990	1747	0.047673
1990	1792	0.792629
1990	1793	0.600000
1990	1989	3.823270
1990	1991	3.400000
1991	1746	2.704264
1991	1747	0.715097
1991	1791	0.429058
1991	1792	1.165631
1991	1844	0.858116
1991	1990	3.400000
1991	1992	1.668560
1992	1745	0.222277
1992	1746	0.577920
1992	1747	0.045455
1992	1759	0.227273
1992	1790	0.572078
1992	1791	3.863636
1992	1991	1.668560
1992	1993	4.545455
1993	1745	0.044455
1993	1746	0.088911
1993	1759	0.454545
1993	1760	0.190693
1993	1789	0.905789
1993	1790	0.381385
1993	1992	4.545455
1993	1994	4.267721
1994	1744	0.044455
1994	1745	0.217391
1994	1759	0.044455
1994	1760	0.606128
1994	1761	1.305507
1994	1788	1.200296
1994	1789	1.492008
1994	1993	4.267721
1994	1995	1.538633
1995	1742	0.810443
1995	1743	0.326377
1995	1762	0.800000
1995	1994	1.538633
1995	1996	2.145291
1996	1709	0.858116
1996	1710	0.095346
1996	1740	0.088911
1996	1741	0.177822
1996	1742	3.636364
1996	1995	2.145291
1996	1997	4.290582
1997	1707	0.047673
1997	1708	1.191828
1997	1709	1.050000
1997	1741	0.186501
1997	1996	4.290582
1997	1998	2.750000
1998	1707	0.476731
1998	1708	0.190693
1998	1997	2.750000
1998	1999	1.600000
1998	2000	0.600000
1999	1707	2.765042
1999	1998	1.600000
1999	2000	3.350000
2000	1998	0.600000
2000	1999	3.350000
2000	2001	2.051511
2001	2000	2.051511
2001	2002	3.956522
2002	2001	3.956522
2002	2003	3.782609
2003	2002	3.782609
2003	2004	4.522648
2004	2003	4.522648
2004	2005	2.844140
2005	2004	2.844140
2005	2006	0.933564
2005	2007	2.797514
2005	2176	0.086957
2006	2005	0.933564
2006	2007	1.191828
2006	2176	0.444554
2006	2760	0.762770
2006	2761	1.668560
2006	2805	0.577920
2006	2806	0.227273
2007	2005	2.797514
2007	2006	1.191828
2007	2008	2.550000
2007	2808	0.046625
2008	2007	2.550000
2008	2009	3.683394
2008	2012	0.905789
2008	2013	0.792629
2008	2759	0.050000
2008	2808	0.279751
2009	2008	3.683394
2009	2010	1.200296
2009	2012	0.666831
2009	2017	0.577920
2010	2009	1.200296
2010	2011	0.953463
2010	2012	1.363636
2010	2017	2.954545
2010	2018	0.190693
2010	2036	4.000988
2011	2010	0.953463
2011	2012	1.430194
2011	2035	0.095346
2011	2142	0.233126
2011	2143	1.445382
2011	2144	0.300000
2011	2818	0.350000
2012	2008	0.905789
2012	2009	0.666831
2012	2010	1.363636
2012	2011	1.430194
2012	2013	4.756730
2012	2017	0.500000
2012	2808	0.489010
2013	2008	0.792629
2013	2012	4.756730
2013	2014	1.538633
2013	2016	0.652753
2013	2017	0.755742
2013	2808	0.565217
2014	2013	1.538633
2014	2015	1.165631
2014	2016	2.300000
2014	2017	0.238366
2015	2014	1.165631
2015	2016	3.357017
2015	2020	0.933564
2015	2021	3.173913
2015	2033	0.489010
2016	2013	0.652753
2016	2014	2.300000
2016	2015	3.357017
2016	2017	1.048809
2016	2018	0.050000
2016	2020	1.573213
2016	2021	0.046625
2016	2034	0.095346
2016	2035	0.476731
2017	2009	0.577920
2017	2010	2.954545
2017	2012	0.500000
2017	2013	0.755742
2017	2014	0.238366
2017	2016	1.048809
2017	2018	1.763906
2018	2010	0.190693
2018	2016	0.050000
2018	2017	1.763906
2018	2019	1.300000
2018	2020	0.047673
2018	2035	3.384792
2018	2036	0.839254
2019	2018	1.300000
2019	2020	1.001136
2020	2015	0.933564
2020	2016	1.573213
2020	2018	0.047673
2020	2019	1.001136
2020	2021	1.378118
2020	2022	3.051080
2020	2033	0.727273
2020	2034	0.727273
2020	2035	0.409091
2021	2015	3.173913
2021	2016	0.046625
2021	2020	1.378118
2021	2022	1.911635
2021	2032	2.434783
2021	2033	0.266733
2022	2020	3.051080
2022	2021	1.911635
2022	2023	2.479003
2022	2031	0.046625
2022	2032	1.445382
2022	2033	0.762770
2023	2022	2.479003
2023	2024	4.910332
2023	2032	0.711287
2023	2033	2.681818
2024	2023	4.910332
2024	2025	2.400000
2024	2031	0.792629
2024	2032	0.279751
2025	2024	2.400000
2025	2026	3.217142
2025	2030	0.885880
2025	2031	1.585258
2026	2025	3.217142
2026	2027	1.212256
2026	2028	2.304348
2026	2029	0.622376
2026	2030	2.478261
2027	2026	1.212256
2027	2028	4.289522
2027	2246	0.652753
2027	2248	0.606128
2027	2351	3.098753
2028	2026	2.304348
2028	2027	4.289522
2028	2029	3.912077
2028	2245	0.885880
2028	2246	0.434783
2028	2357	0.043478
2028	2358	0.093250
2029	2026	0.622376
2029	2028	3.912077
2029	2030	2.533959
2029	2244	0.133366
2029	2245	1.716233
2029	2358	0.524404
2029	2359	0.667424
2030	2025	0.885880
2030	2026	2.478261
2030	2029	2.533959
2030	2031	3.913043
2030	2359	0.606128
2030	2360	0.279751
2031	2022	0.046625
2031	2024	0.792629
2031	2025	1.585258
2031	2030	3.913043
2031	2032	4.173913
2031	2360	0.326377
2032	2021	2.434783
2032	2022	1.445382
2032	2023	0.711287
2032	2024	0.279751
2032	2031	4.173913
2032	2033	1.467029
2033	2015	0.489010
2033	2020	0.727273
2033	2021	0.266733
2033	2022	0.762770
2033	2023	2.681818
2033	2032	1.467029
2033	2034	4.727273
2034	2016	0.095346
2034	2020	0.727273
2034	2033	4.727273
2034	2035	4.454545
2035	2011	0.095346
2035	2016	0.476731
2035	2018	3.384792
2035	2020	0.409091
2035	2034	4.454545
2035	2036	1.066930
2035	2070	0.489010
2036	2010	4.000988
2036	2018	0.839254
2036	2035	1.066930
2036	2037	2.739130
2036	2070	0.086957
2037	2036	2.739130
2037	2038	1.352132
2037	2039	0.043478
2037	2070	0.173913
2037	2072	1.119006
2038	2037	1.352132
2038	2039	4.009771
2038	2042	0.667424
2038	2044	1.352132
2038	2067	0.858116
2038	2071	2.550000
2038	2072	0.200000
2039	2037	0.043478
2039	2038	4.009771
2039	2040	1.066930
2039	2041	2.667325
2039	2042	1.511484
2039	2043	0.666831
2039	2063	0.177822
2039	2064	0.622376
2039	2067	0.666831
2039	2072	0.279751
2040	1869	0.355643
2040	1890	1.822672
2040	1891	0.181818
2040	2039	1.066930
2040	2041	4.636364
2040	2062	0.311188
2040	2063	0.681818
2040	2064	0.045455
2041	2039	2.667325
2041	2040	4.636364
2041	2042	1.181818
2041	2043	3.045455
2041	2062	0.533465
2041	2064	0.136364
2041	2067	0.090909
2042	2038	0.667424
2042	2039	1.511484
2042	2041	1.181818
2042	2043	4.181818
2042	2044	3.334157
2042	2065	0.500000
2042	2067	0.090909
2042	2068	0.444554
2043	2039	0.666831
2043	2041	3.045455
2043	2042	4.181818
2043	2044	1.066930
2043	2061	1.001136
2043	2062	0.266733
2043	2065	0.318182
2043	2067	0.409091
2044	2038	1.352132
2044	2042	3.334157
2044	2043	1.066930
2044	2045	1.378118
2044	2068	0.826087
2044	2069	3.067424
2044	2071	0.839254
2045	2044	1.378118
2045	2046	1.181818
2045	2059	0.454545
2045	2060	0.933564
2045	2068	3.334157
2045	2069	0.363636
2046	2045	1.181818
2046	2047	5.005679
2046	2058	0.088911
2046	2059	0.772727
2046	2060	0.044455
2047	2046	5.005679
2047	2048	3.300000
2047	2058	0.792629
2047	2059	0.333712
2048	2047	3.300000
2048	2049	3.250000
2048	2057	0.932505
2048	2058	1.445382
2049	2048	3.250000
2049	2050	2.450000
2049	2056	0.792629
2049	2057	1.725134
2050	2049	2.450000
2050	2051	3.357017
2050	2055	0.792629
2050	2056	1.258881
2051	2050	3.357017
2051	2052	1.260870
2051	2053	1.434783
2051	2054	0.622376
2051	2055	0.782609
2052	2051	1.260870
2052	2053	4.869565
2052	2844	3.289701
2052	2881	0.177822
2053	2051	1.434783
2053	2052	4.869565
2053	2054	4.801186
2053	2881	0.044455
2054	2051	0.622376
2054	2053	4.801186
2054	2055	4.667819
2055	2050	0.792629
2055	2051	0.782609
2055	2054	4.667819
2055	2056	4.086957
2056	2049	0.792629
2056	2050	1.258881
2056	2055	4.086957
2056	2057	3.130435
2057	2048	0.932505
2057	2049	1.725134
2057	2056	3.130435
2057	2058	3.695652
2058	2046	0.088911
2058	2047	0.792629
2058	2048	1.445382
2058	2057	3.695652
2058	2059	4.356631
2059	2045	0.454545
2059	2046	0.772727
2059	2047	0.333712
2059	2058	4.356631
2059	2060	4.578909
2060	2045	0.933564
2060	2046	0.044455
2060	2059	4.578909
2060	2061	3.263767
2060	2068	0.347826
2061	2043	1.001136
2061	2060	3.263767
2061	2062	3.496893
2061	2065	0.619751
2061	2067	0.047673
2061	2068	0.186501
2062	2040	0.311188
2062	2041	0.533465
2062	2043	0.266733
2062	2061	3.496893
2062	2063	1.333663
2062	2064	2.934058
2062	2065	1.555940
2062	2067	0.622376
2063	1869	3.867622
2063	1890	0.044455
2063	2039	0.177822
2063	2040	0.681818
2063	2062	1.333663
2063	2064	4.954545
2064	2039	0.622376
2064	2040	0.045455
2064	2041	0.136364
2064	2062	2.934058
2064	2063	4.954545
2064	2065	1.000000
2064	2067	2.272727
2065	2042	0.500000
2065	2043	0.318182
2065	2061	0.619751
2065	2062	1.555940
2065	2064	1.000000
2065	2066	1.239501
2065	2067	3.090909
2065	2068	3.867622
2066	2065	1.239501
2066	2067	0.953463
2066	2068	0.093250
2066	2073	0.050000
2066	2795	0.046625
2067	2038	0.858116
2067	2039	0.666831
2067	2041	0.090909
2067	2042	0.090909
2067	2043	0.409091
2067	2061	0.047673
2067	2062	0.622376
2067	2064	2.272727
2067	2065	3.090909
2067	2066	0.953463
2067	2068	0.933564
2067	2071	0.429058
2067	2072	0.047673
2067	2073	0.143019
2067	2795	0.133366
2068	2042	0.444554
2068	2044	0.826087
2068	2045	3.334157
2068	2060	0.347826
2068	2061	0.186501
2068	2065	3.867622
2068	2066	0.093250
2068	2067	0.933564
2068	2069	1.911583
2068	2071	0.652753
2069	2044	3.067424
2069	2045	0.363636
2069	2068	1.911583
2069	2070	0.978019
2069	2071	1.811579
2070	2035	0.489010
2070	2036	0.086957
2070	2037	0.173913
2070	2069	0.978019
2070	2071	1.165631
2071	2038	2.550000
2071	2044	0.839254
2071	2067	0.429058
2071	2068	0.652753
2071	2069	1.811579
2071	2070	1.165631
2071	2072	1.150000
2071	2073	0.050000
2071	2074	0.046625
2072	2037	1.119006
2072	2038	0.200000
2072	2039	0.279751
2072	2067	0.047673
2072	2071	1.150000
2072	2073	3.850000
2072	2074	0.419627
2072	2795	0.046625
2072	2796	0.279751
2073	2066	0.050000
2073	2067	0.143019
2073	2071	0.050000
2073	2072	3.850000
2073	2074	3.543518
2073	2774	0.047673
2073	2775	0.326377
2073	2795	0.699379
2073	2796	0.139876
2074	2071	0.046625
2074	2072	0.419627
2074	2073	3.543518
2074	2075	1.378118
2074	2775	0.217391
2074	2776	0.043478
2074	2794	0.233126
2074	2795	0.347826
2075	2074	1.378118
2075	2076	3.590909
2075	2142	0.177822
2075	2776	0.577920
2075	2777	0.524404
2076	2075	3.590909
2076	2077	4.090909
2076	2141	1.001136
2076	2142	0.088911
2076	2777	0.143019
2076	2819	0.088911
2077	2076	4.090909
2077	2078	3.241773
2077	2140	0.476731
2077	2141	0.715097
2077	2820	0.800198
2077	2821	0.381385
2078	2077	3.241773
2078	2079	2.400000
2078	2821	0.500000
2078	2822	0.572078
2079	2078	2.400000
2079	2080	2.331262
2080	2079	2.331262
2080	2081	3.590144
2081	2080	3.590144
2081	2082	3.077266
2082	2081	3.077266
2082	2083	4.130435
2083	2082	4.130435
2083	2084	3.652174
2084	2083	3.652174
2084	2085	4.802400
2084	2103	0.606128
2084	2113	0.043478
2084	2114	0.186501
2085	2084	4.802400
2085	2086	3.150000
2085	2101	0.186501
2085	2102	0.500000
2085	2103	0.500000
2085	2113	0.279751
2085	2114	1.100000
2086	2085	3.150000
2086	2087	2.750000
2086	2101	0.186501
2086	2102	0.200000
2086	2114	0.100000
2086	2115	0.950000
2086	2116	0.233126
2087	2086	2.750000
2087	2088	1.144155
2087	2116	0.419627
2088	2087	1.144155
2088	2089	1.191828
2088	3574	0.762770
2088	3575	0.667424
2088	4146	0.844653
2088	4147	1.001136
2088	4300	0.143019
2089	2088	1.191828
2089	2090	2.622022
2089	3574	1.000000
2089	4298	0.186501
2089	4300	3.400000
2090	2089	2.622022
2090	2091	1.181818
2090	3573	3.409091
2090	3574	0.858116
2091	2090	1.181818
2091	2092	1.511484
2091	3554	2.178316
2091	3572	0.715097
2091	3573	2.227273
2092	2091	1.511484
2092	2093	0.839254
2092	2094	0.266733
2092	2121	0.043478
2092	3552	1.072381
2092	3553	1.771759
2092	3554	0.478261
2092	3565	0.046625
2092	3567	0.093250
2093	2092	0.839254
2093	2094	2.526676
2093	2121	0.699379
2093	2122	0.050000
2093	2123	1.585258
2093	2132	0.095346
2093	3549	0.792629
2093	3550	0.381385
2093	3566	1.865010
2093	3567	0.150000
2094	2092	0.266733
2094	2093	2.526676
2094	2095	2.044949
2094	2121	0.222277
2094	3550	0.227273
2094	3551	1.045455
2094	3552	1.954598
2094	3566	0.222277
2095	2094	2.044949
2095	2096	4.476023
2095	2119	0.173913
2095	2120	0.792629
2095	2121	1.695652
2095	3552	0.046625
2096	2095	4.476023
2096	2097	3.050000
2096	2118	0.046625
2096	2119	0.699379
2096	2120	0.150000
2097	2096	3.050000
2097	2098	3.098753
2097	2118	0.792629
2097	2119	1.165631
2098	2097	3.098753
2098	2099	4.576620
2098	2116	0.222277
2098	2117	0.667424
2098	2118	2.000494
2098	2557	0.095346
2099	2098	4.576620
2099	2100	3.310392
2099	2116	0.885880
2099	2117	0.100000
2099	2557	0.250000
2100	2099	3.310392
2100	2101	3.565217
2100	2114	0.046625
2100	2115	0.652753
2100	2116	2.434783
2101	2085	0.186501
2101	2086	0.186501
2101	2100	3.565217
2101	2102	4.429398
2101	2113	0.217391
2101	2114	0.746004
2101	2115	0.606128
2102	2085	0.500000
2102	2086	0.200000
2102	2101	4.429398
2102	2103	2.950000
2102	2112	0.046625
2102	2113	0.792629
2103	2084	0.606128
2103	2085	0.500000
2103	2102	2.950000
2103	2104	3.050000
2103	2111	0.046625
2103	2112	0.932505
2103	2113	1.072381
2104	2103	3.050000
2104	2105	2.700000
2104	2111	0.792629
2104	2112	1.258881
2105	2104	2.700000
2105	2106	2.611013
2105	2110	0.885880
2105	2111	1.631883
2105	2780	0.143019
2106	2105	2.611013
2106	2107	0.979130
2106	2108	1.867128
2106	2109	0.666831
2106	2110	1.565217
2107	2106	0.979130
2107	2108	5.101025
2108	2106	1.867128
2108	2107	5.101025
2108	2109	4.863636
2109	2106	0.666831
2109	2108	4.863636
2109	2110	3.200790
2110	2105	0.885880
2110	2106	1.565217
2110	2109	3.200790
2110	2111	3.521739
2111	2103	0.046625
2111	2104	0.792629
2111	2105	1.631883
2111	2110	3.521739
2111	2112	3.652174
2111	2780	0.889108
2112	2102	0.046625
2112	2103	0.932505
2112	2104	1.258881
2112	2111	3.652174
2112	2113	3.956522
2112	2780	1.644851
2113	2084	0.043478
2113	2085	0.279751
2113	2101	0.217391
2113	2102	0.792629
2113	2103	1.072381
2113	2112	3.956522
2113	2114	4.755775
2114	2084	0.186501
2114	2085	1.100000
2114	2086	0.100000
2114	2100	0.046625
2114	2101	0.746004
2114	2113	4.755775
2114	2115	3.150000
2115	2086	0.950000
2115	2100	0.652753
2115	2101	0.606128
2115	2114	3.150000
2115	2116	2.144761
2116	2086	0.233126
2116	2087	0.419627
2116	2098	0.222277
2116	2099	0.885880
2116	2100	2.434783
2116	2115	2.144761
2116	2117	4.242897
2117	2098	0.667424
2117	2099	0.100000
2117	2116	4.242897
2117	2118	3.357017
2118	2096	0.046625
2118	2097	0.792629
2118	2098	2.000494
2118	2117	3.357017
2118	2119	3.217391
2119	2095	0.173913
2119	2096	0.699379
2119	2097	1.165631
2119	2118	3.217391
2119	2120	4.196272
2119	2570	0.046625
2120	2095	0.792629
2120	2096	0.150000
2120	2119	4.196272
2120	2121	3.310392
2121	2092	0.043478
2121	2093	0.699379
2121	2094	0.222277
2121	2095	1.695652
2121	2120	3.310392
2121	2122	1.165631
2121	3568	0.043478
2122	2093	0.050000
2122	2121	1.165631
2122	2123	0.932505
2122	2132	2.765042
2122	2544	0.100000
2122	3564	0.667424
2122	3566	0.093250
2122	3567	1.700000
2123	2093	1.585258
2123	2122	0.932505
2123	2124	4.056396
2123	2132	0.355643
2123	2137	0.043478
2123	2138	0.622376
2123	2812	0.043478
2123	3549	3.521739
2124	2123	4.056396
2124	2125	3.500000
2124	2132	0.047673
2124	2133	0.186501
2124	2136	0.050000
2124	2137	0.746004
2124	2138	0.381385
2124	2812	0.466252
2124	2813	0.429058
2125	2124	3.500000
2125	2126	4.150000
2125	2133	0.139876
2125	2135	0.047673
2125	2136	0.800000
2125	2137	1.258881
2125	2372	0.046625
2125	2373	0.050000
2125	2813	1.144155
2126	2125	4.150000
2126	2127	3.718504
2126	2131	0.047673
2126	2135	0.810443
2126	2136	0.500000
2126	2371	0.093250
2126	2372	0.746004
2126	2373	0.050000
2127	2126	3.718504
2127	2128	3.766177
2127	2131	0.318182
2127	2135	0.500000
2127	2371	0.266733
2127	3561	0.090909
2127	3968	0.044455
2128	2127	3.766177
2128	2129	0.950000
2128	2130	1.865010
2128	2131	0.286039
2128	2506	0.667424
2128	2534	0.190693
2128	3561	0.190693
2129	2128	0.950000
2129	2130	4.103021
2129	2384	0.238366
2129	2506	0.667424
2129	2507	0.979130
2129	2508	0.792629
2129	2533	0.046625
2129	2545	0.524404
2129	3969	0.047673
2129	4019	0.400000
2129	4020	0.100000
2130	2128	1.865010
2130	2129	4.103021
2130	2131	1.022475
2130	2533	0.347826
2130	2534	0.088911
2130	2536	0.046625
2130	2545	0.933564
2130	3561	3.289701
2130	3969	0.133366
2130	4019	0.652753
2130	4020	0.559503
2131	2126	0.047673
2131	2127	0.318182
2131	2128	0.286039
2131	2130	1.022475
2131	2132	1.000000
2131	2133	2.311682
2131	2135	2.409091
2131	2536	0.238366
2131	3561	3.454545
2131	4020	0.524404
2131	4021	0.143019
2132	2093	0.095346
2132	2122	2.765042
2132	2123	0.355643
2132	2124	0.047673
2132	2131	1.000000
2132	2133	4.578909
2132	2536	0.143019
2132	3560	0.533465
2132	3564	1.181818
2133	2124	0.186501
2133	2125	0.139876
2133	2131	2.311682
2133	2132	4.578909
2133	2134	1.445382
2133	2135	0.489010
2133	2136	0.046625
2133	3560	1.000000
2133	3561	1.289207
2133	3562	0.400099
2134	2133	1.445382
2134	2135	1.096482
2134	3563	0.139876
2134	3564	0.333712
2134	3565	0.250000
2134	3584	0.046625
2134	3585	0.524404
2134	3586	3.050000
2135	2125	0.047673
2135	2126	0.810443
2135	2127	0.500000
2135	2131	2.409091
2135	2133	0.489010
2135	2134	1.096482
2135	2136	2.860388
2135	3586	0.524404
2135	4020	0.333712
2135	4021	0.858116
2135	4022	0.190693
2136	2124	0.050000
2136	2125	0.800000
2136	2126	0.500000
2136	2133	0.046625
2136	2135	2.860388
2136	2137	3.776644
2136	4022	0.050000
2136	4023	0.932505
2136	4024	0.143019
2137	2123	0.043478
2137	2124	0.746004
2137	2125	1.258881
2137	2136	3.776644
2137	2138	4.178810
2137	2813	0.177822
2137	2814	0.311188
2137	2815	0.279751
2137	4023	0.782609
2138	2123	0.622376
2138	2124	0.381385
2138	2137	4.178810
2138	2139	1.155841
2138	2140	0.381385
2138	2812	0.088911
2138	2813	0.045455
2138	2814	0.318182
2138	2815	0.524404
2138	3549	1.644851
2139	2138	1.155841
2139	2140	4.382773
2139	2820	0.130435
2139	2821	0.792629
2139	2822	3.289701
2139	3548	1.725134
2139	3549	0.434783
2139	3550	0.444554
2140	2077	0.476731
2140	2138	0.381385
2140	2139	4.382773
2140	2141	3.250000
2140	2820	0.746004
2140	2821	0.250000
2140	3549	0.419627
2141	2076	1.001136
2141	2077	0.715097
2141	2140	3.250000
2141	2142	3.357017
2141	2819	0.792629
2141	2820	1.258881
2142	2011	0.233126
2142	2075	0.177822
2142	2076	0.088911
2142	2141	3.357017
2142	2143	4.826087
2142	2817	0.046625
2142	2818	0.839254
2142	2819	2.347826
2143	2011	1.445382
2143	2142	4.826087
2143	2144	3.450268
2143	2816	0.043478
2143	2817	0.792629
2143	2818	1.445382
2144	2011	0.300000
2144	2143	3.450268
2144	2145	3.357017
2144	2816	0.792629
2144	2817	0.600000
2145	2144	3.357017
2145	2146	1.956039
2145	2808	0.043478
2145	2811	2.750889
2145	2813	0.577920
2145	2814	0.755742
2145	2816	1.130435
2146	2145	1.956039
2146	2147	1.334848
2146	2233	0.667424
2146	2234	0.667424
2146	2372	0.978019
2146	2373	0.667424
2146	2374	0.381385
2146	2809	0.047673
2146	2811	0.667424
2146	2814	1.727273
2147	2146	1.334848
2147	2148	1.650000
2147	2233	3.300000
2147	2373	0.250000
2147	2374	0.050000
2148	2147	1.650000
2148	2149	3.850000
2148	2230	0.046625
2148	2232	0.953463
2148	2233	0.100000
2149	2148	3.850000
2149	2150	3.051080
2149	2230	0.792629
2149	2232	0.667424
2149	2807	0.047673
2150	2149	3.051080
2150	2151	4.433601
2150	2228	0.266733
2150	2229	0.715097
2150	2230	1.555940
2151	2150	4.433601
2151	2152	2.797514
2151	2228	0.792629
2151	2229	0.050000
2152	2151	2.797514
2152	2153	3.652174
2152	2227	0.839254
2152	2228	2.304348
2153	2152	3.652174
2153	2154	4.382773
2153	2225	0.173913
2153	2226	0.932505
2153	2227	1.631883
2154	2153	4.382773
2154	2155	3.800000
2154	2224	0.046625
2154	2225	0.885880
2154	2226	0.200000
2155	2154	3.800000
2155	2156	3.217142
2155	2224	0.792629
2155	2225	1.258881
2155	2499	0.093250
2155	2500	0.559503
2156	2155	3.217142
2156	2157	4.709149
2156	2222	0.173913
2156	2223	0.792629
2156	2224	2.565217
2157	2156	4.709149
2157	2158	2.051511
2157	2222	0.792629
2157	2223	0.350000
2158	2157	2.051511
2158	2159	4.304348
2158	2221	0.932505
2158	2222	2.521739
2159	2158	4.304348
2159	2160	2.956522
2159	2219	0.046625
2159	2220	0.792629
2159	2221	1.212256
2160	2159	2.956522
2160	2161	4.569274
2160	2165	0.373002
2160	2166	0.279751
2160	2218	0.130435
2160	2219	0.699379
2160	2220	1.305507
2161	2160	4.569274
2161	2162	3.217142
2161	2164	0.093250
2161	2165	0.850000
2161	2218	0.792629
2161	2219	0.100000
2162	2161	3.217142
2162	2163	1.378118
2162	2164	1.000000
2162	2165	0.419627
2162	2217	0.355643
2162	2218	1.956522
2163	2162	1.378118
2163	2164	1.644851
2163	2187	0.088911
2163	2188	0.238366
2163	2217	2.954545
2163	2218	0.400099
2164	2161	0.093250
2164	2162	1.000000
2164	2163	1.644851
2164	2165	4.009771
2164	2185	0.130435
2164	2186	0.792629
2164	2187	2.130435
2164	2218	0.130435
2164	2219	0.233126
2165	2160	0.373002
2165	2161	0.850000
2165	2162	0.419627
2165	2164	4.009771
2165	2166	3.200000
2165	2185	0.792629
2165	2186	0.200000
2165	2218	0.139876
2165	2219	1.150000
2165	2220	0.200000
2166	2160	0.279751
2166	2165	3.200000
2166	2167	2.050000
2166	2182	0.326377
2166	2184	0.792629
2166	2185	1.119006
2166	2219	0.050000
2166	2220	1.500000
2167	2166	2.050000
2167	2168	2.002271
2167	2181	1.212256
2167	2182	2.611013
2167	2183	0.858116
2167	2184	0.512878
2168	1764	0.953463
2168	1786	0.444554
2168	2167	2.002271
2168	2169	4.909091
2168	2181	0.666831
2168	2183	3.136364
2169	1763	0.619751
2169	1764	0.810443
2169	1786	0.533465
2169	1787	0.533465
2169	2168	4.909091
2169	2170	3.734255
2169	2181	0.800198
2170	1787	0.478261
2170	1788	0.266733
2170	2169	3.734255
2170	2171	4.103021
2170	2179	0.130435
2170	2180	0.792629
2170	2181	1.130435
2171	1788	0.333712
2171	2170	4.103021
2171	2172	3.250000
2171	2179	0.792629
2171	2180	0.450000
2172	2171	3.250000
2172	2173	3.683394
2172	2178	0.792629
2172	2179	1.445382
2173	2172	3.683394
2173	2174	4.662524
2173	2177	0.666831
2173	2178	2.521739
2174	2173	4.662524
2174	2175	2.850000
2174	2177	1.430194
2175	2174	2.850000
2175	2176	1.258881
2175	2177	0.143019
2176	2005	0.086957
2176	2006	0.444554
2176	2175	1.258881
2176	2177	1.200296
2176	2762	0.046625
2177	2173	0.666831
2177	2174	1.430194
2177	2175	0.143019
2177	2176	1.200296
2177	2178	2.222771
2178	2172	0.792629
2178	2173	2.521739
2178	2177	2.222771
2178	2179	4.391304
2179	2170	0.130435
2179	2171	0.792629
2179	2172	1.445382
2179	2178	4.391304
2179	2180	4.476023
2180	2170	0.792629
2180	2171	0.450000
2180	2179	4.476023
2180	2181	3.916520
2181	2167	1.212256
2181	2168	0.666831
2181	2169	0.800198
2181	2170	1.130435
2181	2180	3.916520
2181	2182	1.956522
2182	2166	0.326377
2182	2167	2.611013
2182	2181	1.956522
2182	2183	1.244752
2182	2184	0.130435
2183	1764	0.238366
2183	1765	0.381385
2183	1785	0.933564
2183	1786	0.889108
2183	2167	0.858116
2183	2168	3.136364
2183	2182	1.244752
2183	2184	3.289701
2184	1765	0.559503
2184	1766	0.260870
2184	1785	0.043478
2184	2166	0.792629
2184	2167	0.512878
2184	2182	0.130435
2184	2183	3.289701
2184	2185	3.826087
2185	1766	0.260870
2185	2164	0.130435
2185	2165	0.792629
2185	2166	1.119006
2185	2184	3.826087
2185	2186	4.289522
2185	2219	0.093250
2185	2220	0.233126
2186	2164	0.792629
2186	2165	0.200000
2186	2185	4.289522
2186	2187	3.030641
2186	2219	0.900000
2187	2163	0.088911
2187	2164	2.130435
2187	2186	3.030641
2187	2188	2.844140
2187	2218	0.782609
2187	2219	0.512878
2188	2163	0.238366
2188	2187	2.844140
2188	2189	0.953463
2188	2190	0.046625
2189	2188	0.953463
2189	2190	2.445048
2189	2198	1.422574
2189	2199	3.545455
2190	2188	0.046625
2190	2189	2.445048
2190	2191	4.565217
2190	2197	0.885880
2190	2198	1.652174
2190	2199	0.444554
2190	2200	0.260870
2190	2201	0.326377
2190	2213	0.869565
2191	2190	4.565217
2191	2192	4.304348
2191	2196	0.792629
2191	2197	1.072381
2191	2200	0.173913
2191	2201	1.258881
2191	2202	0.326377
2191	2211	0.086957
2191	2212	0.699379
2191	2213	0.304348
2192	2191	4.304348
2192	2193	1.244752
2192	2194	2.178316
2192	2195	0.355643
2192	2196	1.165631
2192	2201	0.046625
2192	2202	0.512878
2193	2192	1.244752
2193	2194	4.409091
2193	3923	0.047673
2193	3924	0.476731
2193	3936	0.978019
2193	3937	1.096482
2194	2192	2.178316
2194	2193	4.409091
2194	2195	3.772727
2194	2202	0.047673
2194	2203	0.190693
2194	3923	0.238366
2194	3924	1.144155
2194	3925	0.143019
2195	2192	0.355643
2195	2194	3.772727
2195	2196	2.717368
2195	2202	0.095346
2195	3923	0.190693
2195	3924	1.239501
2195	3925	0.762770
2196	2191	0.792629
2196	2192	1.165631
2196	2195	2.717368
2196	2197	3.500000
2196	2202	0.050000
2197	2190	0.885880
2197	2191	1.072381
2197	2196	3.500000
2197	2198	3.823270
2197	2200	0.046625
2197	2201	0.800000
2198	2189	1.422574
2198	2190	1.652174
2198	2197	3.823270
2198	2199	1.289207
2198	2200	1.130435
2198	2201	0.419627
2199	2189	3.545455
2199	2190	0.444554
2199	2198	1.289207
2199	2200	2.044949
2199	2213	0.755742
2199	2214	1.811579
2200	2190	0.260870
2200	2191	0.173913
2200	2197	0.046625
2200	2198	1.130435
2200	2199	2.044949
2200	2201	4.849025
2200	2211	0.173913
2200	2212	0.792629
2200	2213	3.043478
2201	2190	0.326377
2201	2191	1.258881
2201	2192	0.046625
2201	2197	0.800000
2201	2198	0.419627
2201	2200	4.849025
2201	2202	3.500000
2201	2210	0.046625
2201	2211	0.885880
2201	2212	0.200000
2202	2191	0.326377
2202	2192	0.512878
2202	2194	0.047673
2202	2195	0.095346
2202	2196	0.050000
2202	2201	3.500000
2202	2203	3.550000
2202	2209	0.046625
2202	2210	0.932505
2202	2211	1.492008
2203	2194	0.190693
2203	2202	3.550000
2203	2204	2.984015
2203	2209	0.746004
2203	2210	0.606128
2203	3870	0.046625
2203	3871	0.350000
2203	3923	0.450000
2204	2203	2.984015
2204	2205	1.111386
2204	2206	1.333663
2204	2207	0.186501
2204	2208	0.266733
2204	3870	0.782609
2204	3871	0.046625
2204	3923	0.093250
2205	2204	1.111386
2205	2206	4.136364
2205	3870	0.044455
2205	3890	0.590909
2205	3891	0.177822
2206	2204	1.333663
2206	2205	4.136364
2206	2207	1.716233
2206	2208	3.409091
2206	3870	0.844653
2206	3890	0.772727
2207	2204	0.186501
2207	2206	1.716233
2207	2208	1.191828
2208	2204	0.266733
2208	2206	3.409091
2208	2207	1.191828
2208	2209	3.912077
2208	3870	0.266733
2208	3871	0.047673
2208	3889	0.429058
2209	2202	0.046625
2209	2203	0.746004
2209	2208	3.912077
2209	2210	4.000000
2209	3871	0.792629
2209	3872	0.347826
2209	3888	0.043478
2210	2201	0.046625
2210	2202	0.932505
2210	2203	0.606128
2210	2209	4.000000
2210	2211	3.217391
2210	3872	1.086957
2210	3873	0.444554
2211	2191	0.086957
2211	2200	0.173913
2211	2201	0.885880
2211	2202	1.492008
2211	2210	3.217391
2211	2212	4.755775
2212	2191	0.699379
2212	2200	0.792629
2212	2201	0.200000
2212	2211	4.755775
2212	2213	2.564388
2213	2190	0.869565
2213	2191	0.304348
2213	2199	0.755742
2213	2200	3.043478
2213	2212	2.564388
2213	2214	3.123891
2214	2199	1.811579
2214	2213	3.123891
2214	2215	3.050000
2215	2214	3.050000
2215	2216	1.650000
2216	2215	1.650000
2216	2217	2.479003
2217	2162	0.355643
2217	2163	2.954545
2217	2216	2.479003
2217	2218	1.644851
2218	2160	0.130435
2218	2161	0.792629
2218	2162	1.956522
2218	2163	0.400099
2218	2164	0.130435
2218	2165	0.139876
2218	2187	0.782609
2218	2217	1.644851
2218	2219	4.196272
2219	2159	0.046625
2219	2160	0.699379
2219	2161	0.100000
2219	2164	0.233126
2219	2165	1.150000
2219	2166	0.050000
2219	2185	0.093250
2219	2186	0.900000
2219	2187	0.512878
2219	2218	4.196272
2219	2220	2.800000
2220	2159	0.792629
2220	2160	1.305507
2220	2165	0.200000
2220	2166	1.500000
2220	2185	0.233126
2220	2219	2.800000
2220	2221	3.450000
2221	2158	0.932505
2221	2159	1.212256
2221	2220	3.450000
2221	2222	2.844140
2222	2156	0.173913
2222	2157	0.792629
2222	2158	2.521739
2222	2221	2.844140
2222	2223	4.802400
2223	2156	0.792629
2223	2157	0.350000
2223	2222	4.802400
2223	2224	3.030641
2223	2806	0.047673
2224	2154	0.046625
2224	2155	0.792629
2224	2156	2.565217
2224	2223	3.030641
2224	2225	3.956522
2225	2153	0.173913
2225	2154	0.885880
2225	2155	1.258881
2225	2224	3.956522
2225	2226	4.849025
2225	2500	0.217391
2225	2501	0.173913
2225	2752	0.043478
2226	2153	0.932505
2226	2154	0.200000
2226	2225	4.849025
2226	2227	2.700000
2226	2501	0.652753
2226	2502	0.524404
2227	2152	0.839254
2227	2153	1.631883
2227	2226	2.700000
2227	2228	2.797514
2227	2502	0.095346
2228	2150	0.266733
2228	2151	0.792629
2228	2152	2.304348
2228	2227	2.797514
2228	2229	3.823270
2229	2150	0.715097
2229	2151	0.050000
2229	2228	3.823270
2229	2230	3.217142
2230	2148	0.046625
2230	2149	0.792629
2230	2150	1.555940
2230	2229	3.217142
2230	2231	0.826087
2230	2232	3.645345
2231	2230	0.826087
2231	2232	2.845147
2231	2234	0.046625
2231	2364	3.608696
2231	2366	0.139876
2232	2148	0.953463
2232	2149	0.667424
2232	2230	3.645345
2232	2231	2.845147
2232	2233	1.334848
2232	2234	0.143019
2233	2146	0.667424
2233	2147	3.300000
2233	2148	0.100000
2233	2232	1.334848
2233	2234	3.000000
2233	2371	0.046625
2233	2372	0.792629
2233	2373	0.200000
2234	2146	0.667424
2234	2231	0.046625
2234	2232	0.143019
2234	2233	3.000000
2234	2235	3.250000
2234	2364	0.326377
2234	2371	0.792629
2234	2372	1.352132
2234	2814	0.238366
2235	2234	3.250000
2235	2236	2.144761
2235	2364	0.233126
2235	2370	0.200000
2235	2371	1.025755
2235	2814	0.047673
2236	2235	2.144761
2236	2237	1.333663
2236	2367	2.400593
2236	2369	0.746004
2236	2370	0.932505
2236	3965	0.217391
2236	3966	0.173913
2237	2236	1.333663
2237	2238	4.318182
2237	2365	0.227273
2237	2366	0.762770
2237	2367	2.909091
2237	3598	0.088911
2237	3600	0.177822
2237	3964	1.001136
2237	3965	0.355643
2238	2237	4.318182
2238	2239	2.409091
2238	2365	0.500000
2238	2366	0.143019
2238	3600	0.666831
2238	3601	0.355643
2238	3963	0.524404
2238	3964	1.239501
2239	1718	0.095346
2239	2238	2.409091
2239	2240	3.623158
2239	2363	0.454545
2239	2365	2.272727
2239	3601	0.533465
2239	3602	0.318182
2240	1717	0.476731
2240	1718	0.300000
2240	2239	3.623158
2240	2241	3.500000
2240	2356	0.047673
2240	2361	0.046625
2240	2362	0.885880
2240	2363	0.524404
2240	3602	0.381385
2240	3603	0.046625
2241	1716	0.858116
2241	1717	0.762770
2241	2240	3.500000
2241	2242	2.424513
2241	2361	0.839254
2241	2362	1.072381
2241	3763	0.046625
2242	1716	0.133366
2242	1733	0.400099
2242	1734	0.233126
2242	2241	2.424513
2242	2243	4.086957
2242	2359	0.046625
2242	2360	0.792629
2242	2361	2.391304
2243	1734	0.139876
2243	1735	0.466252
2243	2242	4.086957
2243	2244	4.434783
2243	2359	0.792629
2243	2360	0.932505
2244	2029	0.133366
2244	2243	4.434783
2244	2245	4.009771
2244	2357	0.304348
2244	2358	0.746004
2244	2359	1.352132
2245	2028	0.885880
2245	2029	1.716233
2245	2244	4.009771
2245	2246	2.517763
2245	2357	0.792629
2245	2358	0.350000
2246	2027	0.652753
2246	2028	0.434783
2246	2245	2.517763
2246	2247	0.933564
2246	2248	0.043478
2246	2337	3.200790
2246	2338	0.608696
2246	2350	0.326377
2246	2351	0.711287
2246	2354	0.046625
2246	2357	2.043478
2247	2246	0.933564
2247	2248	1.422574
2247	2249	0.429058
2247	2250	0.953463
2247	2251	1.909091
2247	2335	0.047673
2247	2336	1.144155
2247	2337	2.000000
2247	2341	0.666831
2247	2350	0.715097
2247	2351	0.318182
2248	2027	0.606128
2248	2246	0.043478
2248	2247	1.422574
2248	2249	1.352132
2248	2351	0.755742
2249	2247	0.429058
2249	2248	1.352132
2249	2250	4.500000
2249	2350	0.600000
2249	2351	1.763906
2249	3320	0.667424
2250	2247	0.953463
2250	2249	4.500000
2250	2251	2.240637
2250	2349	0.450000
2250	2350	0.300000
2250	3320	1.191828
2251	2247	1.909091
2251	2250	2.240637
2251	2252	3.956533
2251	2335	0.047673
2251	2336	0.667424
2251	2341	0.044455
2251	2342	0.810443
2251	2343	0.177822
2251	2348	0.088911
2252	2251	3.956533
2252	2253	4.382773
2252	2334	0.043478
2252	2335	0.885880
2252	2336	0.979130
2252	2342	0.792629
2252	2343	0.739130
2252	2344	0.044455
2253	2252	4.382773
2253	2254	2.850000
2253	2334	0.792629
2253	2335	0.250000
2254	2253	2.850000
2254	2255	2.500000
2254	2333	0.792629
2254	2334	1.538633
2254	2914	0.524404
2255	2254	2.500000
2255	2256	4.200000
2255	2332	0.792629
2255	2333	1.911635
2255	2913	0.810443
2255	2914	0.810443
2256	2255	4.200000
2256	2257	2.144761
2256	2331	0.606128
2256	2332	1.072381
2256	2913	0.095346
2256	2938	0.429058
2256	2940	0.559503
2256	3126	0.524404
2257	2256	2.144761
2257	2258	4.000000
2257	2330	0.606128
2257	2331	3.043478
2257	2940	0.565217
2257	3126	0.133366
2258	2257	4.000000
2258	2259	4.336147
2258	2328	0.043478
2258	2329	0.792629
2258	2330	1.445382
2258	3179	0.130435
2259	2258	4.336147
2259	2260	3.150000
2259	2298	0.047673
2259	2328	0.792629
2259	2329	0.300000
2259	3179	0.046625
2259	3180	0.093250
2260	2259	3.150000
2260	2261	1.001136
2260	2297	0.429058
2260	2298	0.572078
2260	2324	0.047673
2260	2325	1.200000
2260	2326	0.792629
2260	2328	0.885880
2260	3111	0.190693
2260	3190	0.286039
2261	2260	1.001136
2261	2262	3.511978
2261	2296	0.800198
2261	2297	3.727273
2261	3111	0.409091
2261	3189	1.111386
2261	3190	1.409091
2261	3191	0.177822
2262	2261	3.511978
2262	2263	4.130435
2262	2295	0.792629
2262	2296	0.956522
2262	3111	0.133366
2262	3188	0.933564
2262	3189	0.739130
2263	2262	4.130435
2263	2264	2.826087
2263	2294	0.746004
2263	2295	1.538633
2263	3187	0.222277
2263	3188	0.222277
2264	2263	2.826087
2264	2265	4.569274
2264	2291	0.086957
2264	2293	0.885880
2264	2294	2.051511
2265	2264	4.569274
2265	2266	3.683394
2265	2290	0.333712
2265	2291	0.699379
2265	2293	0.250000
2266	2265	3.683394
2266	2267	0.978019
2266	2288	0.260870
2266	2289	3.086957
2266	2290	0.711287
2266	2291	0.086957
2267	2266	0.978019
2267	2268	4.454545
2267	2288	0.489010
2267	2289	0.844653
2267	2290	3.272727
2268	2267	4.454545
2268	2269	4.045443
2268	2288	0.800198
2269	2268	4.045443
2269	2270	4.709149
2269	2286	0.173913
2269	2287	0.885880
2269	2288	0.739130
2270	2269	4.709149
2270	2271	2.900000
2270	2285	0.047673
2270	2286	0.979130
2270	2287	0.300000
2271	2270	2.900000
2271	2272	3.263767
2271	2285	0.762770
2271	2286	1.072381
2272	2271	3.263767
2272	2273	4.521739
2272	2284	0.792629
2272	2285	2.089405
2273	2272	4.521739
2273	2274	3.826087
2273	2283	0.699379
2273	2284	0.932505
2274	2273	3.826087
2274	2276	4.608696
2274	2282	0.746004
2274	2283	1.305507
2275	2833	0.095346
2275	3215	0.524404
2275	3216	0.429058
2275	3532	0.181818
2275	3533	0.355643
2275	4210	0.047673
2275	4231	0.047673
2275	4232	0.500000
2275	4233	2.479003
2275	4234	1.136364
2275	4235	0.133366
2276	2274	4.608696
2276	2277	3.217142
2276	2280	0.173913
2276	2281	0.400099
2276	2282	0.373002
2277	2276	3.217142
2277	2278	1.258881
2277	2279	2.335983
2277	2280	0.792629
2278	2277	1.258881
2278	2279	4.934552
2279	2277	2.335983
2279	2278	4.934552
2279	2280	2.889602
2280	2276	0.173913
2280	2277	0.792629
2280	2279	2.889602
2280	2281	4.356631
2281	2276	0.400099
2281	2280	4.356631
2281	2282	4.624294
2282	2274	0.746004
2282	2276	0.373002
2282	2281	4.624294
2282	2283	2.950000
2283	2273	0.699379
2283	2274	1.305507
2283	2282	2.950000
2283	2284	3.500000
2284	2272	0.792629
2284	2273	0.932505
2284	2283	3.500000
2284	2285	3.289446
2285	2270	0.047673
2285	2271	0.762770
2285	2272	2.089405
2285	2284	3.289446
2285	2286	4.445542
2286	2269	0.173913
2286	2270	0.979130
2286	2271	1.072381
2286	2285	4.445542
2286	2287	4.802400
2287	2269	0.885880
2287	2270	0.300000
2287	2286	4.802400
2287	2288	4.149646
2288	2266	0.260870
2288	2267	0.489010
2288	2268	0.800198
2288	2269	0.739130
2288	2287	4.149646
2288	2289	4.086957
2289	2266	3.086957
2289	2267	0.844653
2289	2288	4.086957
2289	2290	1.066930
2289	2992	0.326377
2290	2265	0.333712
2290	2266	0.711287
2290	2267	3.272727
2290	2289	1.066930
2290	2291	3.823166
2290	2991	0.333712
2290	2992	0.238366
2291	2264	0.086957
2291	2265	0.699379
2291	2266	0.086957
2291	2290	3.823166
2291	2292	1.130435
2291	2293	3.776644
2291	2325	0.046625
2291	2326	0.304348
2292	2291	1.130435
2292	2293	1.072381
2292	2326	1.086957
2292	2327	0.666831
2292	3314	0.885880
2292	3315	3.310392
2292	3330	0.046625
2293	2264	0.885880
2293	2265	0.250000
2293	2291	3.776644
2293	2292	1.072381
2293	2294	2.650000
2293	2324	0.143019
2293	2326	0.233126
2293	3315	0.350000
2294	2263	0.746004
2294	2264	2.051511
2294	2293	2.650000
2294	2295	2.350000
2294	2324	0.238366
2295	2262	0.792629
2295	2263	1.538633
2295	2294	2.350000
2295	2296	3.916520
2295	2324	0.047673
2296	2261	0.800198
2296	2262	0.956522
2296	2295	3.916520
2296	2297	1.467029
2296	2324	2.445048
2296	2325	0.186501
2297	2260	0.429058
2297	2261	3.727273
2297	2296	1.467029
2297	2298	3.727273
2297	2324	0.363636
2297	3190	0.272727
2297	3191	0.088911
2298	2259	0.047673
2298	2260	0.572078
2298	2297	3.727273
2298	2299	5.530083
2298	2323	0.044455
2298	2324	0.454545
2298	3190	0.045455
2299	2298	5.530083
2299	2300	2.900000
2299	2323	0.839254
2299	2324	0.333712
2299	2329	0.100000
2300	2299	2.900000
2300	2301	2.284637
2300	2322	0.792629
2300	2323	1.352132
2300	2329	0.650000
2300	2330	0.100000
2300	3177	0.050000
2300	3178	0.046625
2301	2300	2.284637
2301	2302	4.913043
2301	2303	0.093250
2301	2321	0.792629
2301	2322	3.000000
2301	3512	0.266733
2302	2301	4.913043
2302	2303	1.445382
2302	2320	0.186501
2302	2321	0.233126
2302	3324	0.133366
2303	2301	0.093250
2303	2302	1.445382
2303	2304	3.263767
2303	2319	0.050000
2303	2320	0.700000
2303	2321	1.700000
2303	3323	0.047673
2303	3324	0.858116
2303	3325	0.143019
2303	3512	2.383656
2304	2303	3.263767
2304	2305	3.913043
2304	2319	0.792629
2304	2320	1.305507
2304	3231	0.046625
2304	3232	0.177822
2304	3324	0.133366
2305	2304	3.913043
2305	2306	4.391304
2305	2318	0.792629
2305	2319	0.979130
2305	3231	0.186501
2305	3232	0.755742
2306	2305	4.391304
2306	2307	3.913043
2306	2317	0.792629
2306	2318	1.305507
2306	3215	0.186501
2307	2306	3.913043
2307	2308	4.695652
2307	2312	0.139876
2307	2316	0.792629
2307	2317	2.098136
2307	3214	0.186501
2307	3215	0.326377
2308	2307	4.695652
2308	2309	2.578415
2308	2311	0.565217
2308	2312	0.046625
2308	2313	0.666831
2308	2316	0.373002
2309	2308	2.578415
2309	2310	0.953463
2309	2311	0.933564
2309	4131	0.238366
2309	4132	0.953463
2309	4133	1.716233
2310	2309	0.953463
2310	2311	1.025755
2310	3544	0.190693
2310	3545	1.001136
2310	3546	0.047673
2310	4132	0.050000
2310	4133	0.350000
2310	4134	1.650000
2311	2308	0.565217
2311	2309	0.933564
2311	2310	1.025755
2311	2312	1.585258
2311	2313	4.223265
2311	2314	0.444554
2311	4133	0.326377
2311	4134	0.046625
2312	2307	0.139876
2312	2308	0.046625
2312	2311	1.585258
2312	2313	3.051080
2312	2316	0.600000
2312	2317	0.100000
2312	2831	0.559503
2312	3171	0.050000
2312	3173	0.150000
2312	3174	4.147562
2313	2308	0.666831
2313	2311	4.223265
2313	2312	3.051080
2313	2314	1.090909
2313	2315	0.545455
2313	2316	2.240637
2313	2831	0.133366
2313	3171	0.286039
2313	3173	0.143019
2314	2311	0.444554
2314	2313	1.090909
2314	2315	1.136364
2314	2352	3.772727
2314	3170	0.136364
2315	2313	0.545455
2315	2314	1.136364
2315	2316	1.573213
2315	2352	0.318182
2315	3321	2.860388
2315	3322	0.047673
2315	4130	0.667424
2316	2307	0.792629
2316	2308	0.373002
2316	2312	0.600000
2316	2313	2.240637
2316	2315	1.573213
2316	2317	3.000000
2316	3174	0.143019
2316	3175	0.279751
2317	2306	0.792629
2317	2307	2.098136
2317	2312	0.100000
2317	2316	3.000000
2317	2318	3.100000
2317	2832	0.762770
2317	3174	0.476731
2317	3175	0.279751
2318	2305	0.792629
2318	2306	1.305507
2318	2317	3.100000
2318	2319	3.550000
2318	2832	0.095346
2319	2303	0.050000
2319	2304	0.792629
2319	2305	0.979130
2319	2318	3.550000
2319	2320	3.900000
2319	3233	0.047673
2320	2302	0.186501
2320	2303	0.700000
2320	2304	1.305507
2320	2319	3.900000
2320	2321	3.600000
2321	2301	0.792629
2321	2302	0.233126
2321	2303	1.700000
2321	2320	3.600000
2321	2322	1.585258
2321	3512	0.667424
2322	2300	0.792629
2322	2301	3.000000
2322	2321	1.585258
2322	2323	4.000000
2322	3512	0.933564
2323	2298	0.044455
2323	2299	0.839254
2323	2300	1.352132
2323	2322	4.000000
2323	2324	3.645345
2323	3316	0.260870
2324	2260	0.047673
2324	2293	0.143019
2324	2294	0.238366
2324	2295	0.047673
2324	2296	2.445048
2324	2297	0.363636
2324	2298	0.454545
2324	2299	0.333712
2324	2323	3.645345
2324	2325	1.096482
2324	2326	0.088911
2325	2260	1.200000
2325	2291	0.046625
2325	2296	0.186501
2325	2324	1.096482
2325	2326	4.056396
2325	2990	0.050000
2325	2991	0.450000
2326	2260	0.792629
2326	2291	0.304348
2326	2292	1.086957
2326	2293	0.233126
2326	2324	0.088911
2326	2325	4.056396
2326	2327	1.244752
2326	2328	4.347826
2327	2292	0.666831
2327	2326	1.244752
2327	2328	1.111386
2327	2344	2.136364
2327	3315	0.715097
2327	3316	0.577920
2327	3329	0.409091
2327	3330	0.190693
2328	2258	0.043478
2328	2259	0.792629
2328	2260	0.885880
2328	2326	4.347826
2328	2327	1.111386
2328	2329	4.522648
2329	2258	0.792629
2329	2259	0.300000
2329	2299	0.100000
2329	2300	0.650000
2329	2328	4.522648
2329	2330	3.300000
2330	2257	0.606128
2330	2258	1.445382
2330	2300	0.100000
2330	2329	3.300000
2330	2331	1.631883
2330	3178	0.186501
2331	2256	0.606128
2331	2257	3.043478
2331	2330	1.631883
2331	2332	4.608696
2331	2939	0.933564
2331	3178	0.695652
2332	2255	0.792629
2332	2256	1.072381
2332	2331	4.608696
2332	2333	3.913043
2332	2939	1.244752
2333	2254	0.792629
2333	2255	1.911635
2333	2332	3.913043
2333	2334	3.913043
2333	2913	0.133366
2333	2914	0.711287
2333	2937	0.043478
2334	2252	0.043478
2334	2253	0.792629
2334	2254	1.538633
2334	2333	3.913043
2334	2335	3.683394
2334	2914	0.088911
2334	2915	0.521739
2335	2247	0.047673
2335	2251	0.047673
2335	2252	0.885880
2335	2253	0.250000
2335	2334	3.683394
2335	2336	2.450000
2335	2915	0.373002
2335	2916	0.326377
2336	2247	1.144155
2336	2251	0.667424
2336	2252	0.979130
2336	2335	2.450000
2336	2337	1.287174
2336	2341	0.792629
2336	2342	0.300000
2337	2246	3.200790
2337	2247	2.000000
2337	2336	1.287174
2337	2338	1.822672
2337	2340	0.954545
2337	2341	0.755742
2337	2350	0.476731
2338	2246	0.608696
2338	2337	1.822672
2338	2339	1.130435
2338	2340	3.734255
2338	2350	1.445382
2338	2354	0.932505
2338	2356	0.533465
2338	2357	3.043478
2339	2338	1.130435
2339	2340	1.467029
2339	2356	4.045443
2339	3603	0.347826
2339	3604	0.093250
2339	3761	0.046625
2339	3762	0.355643
2340	2337	0.954545
2340	2338	3.734255
2340	2339	1.467029
2340	2341	3.289701
2340	2350	0.667424
2340	2356	0.181818
2341	2247	0.666831
2341	2251	0.044455
2341	2336	0.792629
2341	2337	0.755742
2341	2340	3.289701
2341	2342	5.035526
2341	2348	0.130435
2341	2349	0.792629
2341	2350	1.492008
2342	2251	0.810443
2342	2252	0.792629
2342	2336	0.300000
2342	2341	5.035526
2342	2343	3.170516
2342	2348	0.699379
2342	2349	0.250000
2343	2251	0.177822
2343	2252	0.739130
2343	2342	3.170516
2343	2344	1.155841
2343	2345	2.845147
2343	2346	0.800198
2343	2348	1.347826
2344	2252	0.044455
2344	2327	2.136364
2344	2343	1.155841
2344	2345	1.000000
2344	3316	1.155841
2344	3317	1.573213
2344	3328	0.572078
2344	3329	0.863636
2345	2343	2.845147
2345	2344	1.000000
2345	2346	2.727273
2345	3317	0.238366
2345	3318	0.238366
2345	3328	1.048809
2346	2343	0.800198
2346	2345	2.727273
2346	2347	1.954545
2346	2348	2.978513
2346	3318	0.143019
2346	3319	0.953463
2346	3323	0.045455
2346	3325	0.045455
2346	3327	0.272727
2346	3328	0.047673
2346	4109	0.622376
2346	4110	0.363636
2347	2346	1.954545
2347	2348	1.289207
2347	2355	2.800692
2347	2356	0.318182
2347	3603	0.355643
2347	3604	0.095346
2347	4109	0.444554
2347	4110	0.409091
2348	2251	0.088911
2348	2341	0.130435
2348	2342	0.699379
2348	2343	1.347826
2348	2346	2.978513
2348	2347	1.289207
2348	2349	4.849025
2348	3319	0.233126
2348	4108	0.044455
2349	2250	0.450000
2349	2341	0.792629
2349	2342	0.250000
2349	2348	4.849025
2349	2350	3.300000
2349	2354	0.100000
2349	3320	0.333712
2350	2246	0.326377
2350	2247	0.715097
2350	2249	0.600000
2350	2250	0.300000
2350	2337	0.476731
2350	2338	1.445382
2350	2340	0.667424
2350	2341	1.492008
2350	2349	3.300000
2350	2351	1.334848
2350	2353	0.050000
2350	2354	1.650000
2350	3320	0.143019
2351	2027	3.098753
2351	2246	0.711287
2351	2247	0.318182
2351	2248	0.755742
2351	2249	1.763906
2351	2350	1.334848
2351	2352	0.954545
2351	2354	0.190693
2351	2357	0.044455
2352	2314	3.772727
2352	2315	0.318182
2352	2351	0.954545
2352	2353	1.144155
2352	3169	0.133366
2352	3170	0.181818
2352	3321	0.381385
2353	2350	0.050000
2353	2352	1.144155
2353	2354	1.450000
2353	3321	0.250000
2354	2246	0.046625
2354	2338	0.932505
2354	2349	0.100000
2354	2350	1.650000
2354	2351	0.190693
2354	2353	1.450000
2354	2355	1.072381
2354	2356	0.143019
2354	2357	1.305507
2355	2347	2.800692
2355	2354	1.072381
2355	2356	1.422574
2355	3602	0.044455
2355	3603	1.304348
2355	3604	0.186501
2355	3961	3.776644
2356	2240	0.047673
2356	2338	0.533465
2356	2339	4.045443
2356	2340	0.181818
2356	2347	0.318182
2356	2354	0.143019
2356	2355	1.422574
2356	2357	1.022475
2356	3602	0.272727
2356	3603	0.622376
2356	3604	0.190693
2357	2028	0.043478
2357	2244	0.304348
2357	2245	0.792629
2357	2246	2.043478
2357	2338	3.043478
2357	2351	0.044455
2357	2354	1.305507
2357	2356	1.022475
2357	2358	4.569274
2358	2028	0.093250
2358	2029	0.524404
2358	2244	0.746004
2358	2245	0.350000
2358	2357	4.569274
2358	2359	3.300000
2359	2029	0.667424
2359	2030	0.606128
2359	2242	0.046625
2359	2243	0.792629
2359	2244	1.352132
2359	2358	3.300000
2359	2360	4.000000
2360	2030	0.279751
2360	2031	0.326377
2360	2242	0.792629
2360	2243	0.932505
2360	2359	4.000000
2360	2361	3.636769
2361	1733	0.088911
2361	1734	0.093250
2361	2240	0.046625
2361	2241	0.839254
2361	2242	2.391304
2361	2360	3.636769
2361	2362	3.304348
2362	1716	0.489010
2362	1717	0.355643
2362	1718	0.093250
2362	1733	0.489010
2362	2240	0.885880
2362	2241	1.072381
2362	2361	3.304348
2362	2363	4.445542
2363	1718	0.238366
2363	2239	0.454545
2363	2240	0.524404
2363	2362	4.445542
2363	2364	1.689306
2363	2365	2.272727
2364	2231	3.608696
2364	2234	0.326377
2364	2235	0.233126
2364	2363	1.689306
2364	2365	1.066930
2364	2366	0.093250
2365	1718	1.048809
2365	1719	0.429058
2365	2237	0.227273
2365	2238	0.500000
2365	2239	2.272727
2365	2363	2.272727
2365	2364	1.066930
2365	2366	4.671967
2366	1719	0.850000
2366	1720	0.326377
2366	2231	0.139876
2366	2237	0.762770
2366	2238	0.143019
2366	2364	0.093250
2366	2365	4.671967
2366	2367	2.765042
2367	2236	2.400593
2367	2237	2.909091
2367	2366	2.765042
2367	2368	1.111386
2367	2369	1.001136
2367	3965	0.133366
2368	1722	3.511978
2368	2367	1.111386
2368	2369	1.631883
2368	2391	0.559503
2368	2392	0.177822
2368	2394	0.869565
2368	3599	1.771759
2369	2236	0.746004
2369	2367	1.001136
2369	2368	1.631883
2369	2370	2.500000
2369	2393	0.139876
2369	2394	0.186501
2369	3965	0.373002
2369	3966	0.699379
2370	2235	0.200000
2370	2236	0.932505
2370	2369	2.500000
2370	2371	3.123891
2370	2393	0.233126
2370	3591	0.524404
2370	3966	1.445382
2370	3967	0.326377
2370	3969	0.047673
2370	4023	0.046625
2371	2126	0.093250
2371	2127	0.266733
2371	2233	0.046625
2371	2234	0.792629
2371	2235	1.025755
2371	2370	3.123891
2371	2372	4.260870
2371	2814	0.666831
2371	3591	0.088911
2371	4023	0.130435
2372	2125	0.046625
2372	2126	0.746004
2372	2146	0.978019
2372	2233	0.792629
2372	2234	1.352132
2372	2371	4.260870
2372	2373	4.476023
2372	2813	0.044455
2372	2814	1.244752
2373	2125	0.050000
2373	2126	0.050000
2373	2146	0.667424
2373	2147	0.250000
2373	2233	0.200000
2373	2372	4.476023
2373	2374	1.450000
2373	2813	0.286039
2374	2146	0.381385
2374	2147	0.050000
2374	2373	1.450000
2374	2375	1.200000
2374	2810	1.538633
2374	2811	3.500000
2375	2374	1.200000
2375	2376	2.450000
2375	2755	0.885880
2375	2756	0.750000
2375	2786	0.429058
2375	2810	2.657639
2375	2811	0.250000
2375	2812	0.046625
2376	2375	2.450000
2376	2377	3.500000
2376	2754	0.762770
2376	2755	2.004885
2376	2785	0.932505
2376	2786	1.287174
2377	2376	3.500000
2377	2378	2.900000
2377	2753	0.792629
2377	2754	0.715097
2377	2784	0.650000
2377	2785	0.512878
2378	2377	2.900000
2378	2379	2.100000
2378	2726	0.050000
2378	2752	0.792629
2378	2753	1.678509
2379	2378	2.100000
2379	2380	2.900000
2379	2403	0.050000
2379	2493	0.279751
2379	2744	0.046625
2379	2745	0.300000
2379	2751	0.792629
2379	2752	1.585258
2380	2379	2.900000
2380	2381	4.149646
2380	2402	0.950000
2380	2493	1.678509
2380	2744	0.046625
2380	2745	0.150000
2380	2750	0.792629
2380	2751	1.492008
2381	2380	4.149646
2381	2382	1.467029
2381	2401	1.072381
2381	2402	0.373002
2381	2493	0.086957
2381	2747	2.869565
2381	2748	0.559503
2381	2749	0.711287
2381	2750	1.260870
2382	2381	1.467029
2382	2383	4.045455
2382	2400	0.524404
2382	2401	0.619751
2382	2503	0.533465
2382	2504	0.429058
2382	2534	0.636364
2382	2747	0.266733
2382	2748	0.810443
2382	2749	3.000000
2383	2382	4.045455
2383	2384	4.181818
2383	2385	0.047673
2383	2399	0.266733
2383	2400	0.429058
2383	2503	0.133366
2383	2504	1.096482
2383	2505	0.044455
2383	2533	0.177822
2383	2534	0.454545
2384	2129	0.238366
2384	2383	4.181818
2384	2385	1.668560
2384	2504	0.095346
2384	2505	0.355643
2384	2506	0.409091
2384	2507	3.467523
2384	2533	0.800198
2385	2383	0.047673
2385	2384	1.668560
2385	2386	2.331262
2385	2398	0.762770
2385	2399	0.792629
2385	2504	0.050000
2385	2505	0.326377
2385	2507	0.466252
2386	2385	2.331262
2386	2387	4.178810
2386	2396	0.046625
2386	2397	0.792629
2386	2398	2.267227
2386	3879	0.304348
2387	2386	4.178810
2387	2388	4.481274
2387	2395	0.266733
2387	2396	0.715097
2387	2397	0.715097
2387	3879	1.022475
2387	3880	0.047673
2387	3949	0.044455
2388	2387	4.481274
2388	2389	3.550000
2388	2395	0.792629
2388	3879	0.093250
2388	3949	1.258881
2389	2388	3.550000
2389	2390	1.100000
2389	2391	2.200000
2389	2392	0.286039
2389	2394	0.606128
2389	2395	1.119006
2389	3948	0.050000
2389	3949	0.885880
2389	3950	0.373002
2390	2389	1.100000
2390	2391	2.450000
2390	3599	1.300000
2390	3766	0.100000
2390	3767	0.885880
2390	3947	0.143019
2390	3948	0.050000
2390	3950	0.326377
2390	3951	2.526676
2391	1722	0.095346
2391	2368	0.559503
2391	2389	2.200000
2391	2390	2.450000
2391	2392	3.241773
2391	2394	1.725134
2391	3599	0.750000
2391	3767	0.046625
2391	3768	0.715097
2392	2368	0.177822
2392	2389	0.286039
2392	2391	3.241773
2392	2393	0.978019
2392	2394	0.844653
2392	3768	0.727273
2392	3769	0.953463
2393	2369	0.139876
2393	2370	0.233126
2393	2392	0.978019
2393	2394	1.173913
2393	3966	0.173913
2393	3967	0.869565
2393	3969	4.178810
2393	3970	0.186501
2394	1722	0.533465
2394	2368	0.869565
2394	2369	0.186501
2394	2389	0.606128
2394	2391	1.725134
2394	2392	0.844653
2394	2393	1.173913
2394	2395	3.913043
2394	2505	0.217391
2395	1722	0.044455
2395	2387	0.266733
2395	2388	0.792629
2395	2389	1.119006
2395	2394	3.913043
2395	2396	3.636769
2395	2505	0.391304
2396	2386	0.046625
2396	2387	0.715097
2396	2395	3.636769
2396	2397	3.750000
2396	2505	0.046625
2397	2386	0.792629
2397	2387	0.715097
2397	2396	3.750000
2397	2398	3.337119
2397	2505	0.046625
2397	3879	1.398757
2397	3880	0.050000
2398	2385	0.762770
2398	2386	2.267227
2398	2397	3.337119
2398	2399	4.089899
2398	2505	0.088911
2398	3879	0.889108
2399	2383	0.266733
2399	2385	0.792629
2399	2398	4.089899
2399	2400	4.289522
2399	2503	0.260870
2399	2504	0.606128
2400	2382	0.524404
2400	2383	0.429058
2400	2399	4.289522
2400	2401	1.200000
2400	2502	0.381385
2400	2503	0.792629
2401	2381	1.072381
2401	2382	0.619751
2401	2400	1.200000
2401	2402	3.450000
2401	2501	0.932505
2401	2502	2.192964
2401	2749	0.047673
2401	2750	0.046625
2402	2380	0.950000
2402	2381	0.373002
2402	2401	3.450000
2402	2403	3.500000
2402	2493	0.279751
2402	2499	0.046625
2402	2500	0.606128
2402	2501	1.538633
2402	2750	0.093250
2402	2751	1.352132
2402	2752	0.046625
2403	2379	0.050000
2403	2402	3.500000
2403	2404	2.860388
2403	2493	0.512878
2403	2499	0.792629
2403	2500	1.725134
2403	2751	0.279751
2403	2752	0.606128
2404	2403	2.860388
2404	2405	3.823166
2404	2497	0.047673
2404	2498	0.762770
2404	2499	2.044949
2405	2404	3.823166
2405	2406	3.652174
2405	2497	0.746004
2405	2498	0.979130
2406	2405	3.652174
2406	2407	3.963145
2406	2496	0.792629
2406	2497	1.352132
2407	2406	3.963145
2407	2408	4.289522
2407	2495	0.746004
2407	2496	0.650000
2408	2407	4.289522
2408	2409	1.305507
2408	2410	0.279751
2409	2408	1.305507
2409	2410	3.100000
2409	2411	0.046625
2409	2490	0.419627
2409	2491	2.200000
2409	2492	0.792629
2409	2494	0.524404
2410	2408	0.279751
2410	2409	3.100000
2410	2411	1.398757
2410	2490	0.373002
2410	2494	0.381385
2410	2495	0.792629
2411	2409	0.046625
2411	2410	1.398757
2411	2412	4.534453
2411	2490	0.956522
2411	2491	0.093250
2411	2492	0.913043
2411	2494	1.778217
2411	2495	0.869565
2412	2411	4.534453
2412	2413	3.766177
2412	2489	0.044455
2412	2490	0.533465
2413	2412	3.766177
2413	2414	2.950000
2413	2489	0.932505
2413	2490	0.046625
2414	2413	2.950000
2414	2415	2.144761
2414	2488	0.715097
2414	2489	1.212256
2415	2414	2.144761
2415	2416	3.434783
2415	2487	0.979130
2415	2488	2.311682
2416	2415	3.434783
2416	2417	4.304348
2416	2485	0.046625
2416	2486	0.792629
2416	2487	1.398757
2417	2416	4.304348
2417	2418	3.913043
2417	2485	0.932505
2417	2486	0.979130
2418	2417	3.913043
2418	2419	4.615899
2418	2483	0.260870
2418	2484	0.699379
2418	2485	1.025755
2419	2418	4.615899
2419	2420	2.650000
2419	2483	0.792629
2420	2419	2.650000
2420	2421	3.150000
2420	2482	0.792629
2420	2483	1.072381
2421	2420	3.150000
2421	2422	2.331262
2421	2481	0.699379
2421	2482	0.699379
2421	3789	2.335983
2421	3790	0.095346
2422	2421	2.331262
2422	2423	2.191386
2422	2478	1.391304
2422	2479	0.177822
2422	3789	1.644851
2422	3791	0.043478
2423	2422	2.191386
2423	2424	2.383656
2423	2477	0.050000
2423	2478	1.165631
2423	2479	0.667424
2423	3788	0.476731
2423	3789	2.860388
2424	2423	2.383656
2424	2425	3.778711
2424	2478	0.444554
2424	2479	2.318182
2425	2424	3.778711
2425	2426	4.578909
2425	2477	0.932505
2425	2478	0.739130
2425	4417	0.347826
2426	2425	4.578909
2426	2427	4.089899
2426	2474	0.047673
2426	2475	0.667424
2426	2476	0.095346
2426	2477	0.524404
2426	4417	1.155841
2427	2426	4.089899
2427	2428	3.450268
2427	2429	0.755742
2427	2430	0.046625
2427	2471	0.088911
2427	2474	0.792629
2427	2475	1.305507
2427	2476	0.512878
2427	4417	0.347826
2428	2427	3.450268
2428	2429	1.477867
2428	2430	0.100000
2428	2431	0.050000
2428	2432	0.186501
2428	2469	0.050000
2428	2470	0.600000
2428	2471	0.572078
2428	2474	0.100000
2429	2427	0.755742
2429	2428	1.477867
2429	2430	2.192964
2429	2475	0.333712
2429	2476	2.622022
2430	2427	0.046625
2430	2428	0.100000
2430	2429	2.192964
2430	2431	2.750000
2430	2471	0.047673
2430	2474	0.450000
2430	2475	0.600000
2430	2476	0.100000
2431	2428	0.050000
2431	2430	2.750000
2431	2432	3.730019
2431	2471	0.667424
2431	2474	0.600000
2432	2428	0.186501
2432	2431	3.730019
2432	2433	4.089899
2432	2470	0.699379
2432	2471	2.089405
2433	2432	4.089899
2433	2434	3.956870
2433	2469	0.619751
2433	2470	1.620886
2434	2433	3.956870
2434	2435	1.906925
2434	2468	0.559503
2434	2469	0.400000
2435	2434	1.906925
2435	2436	3.511978
2435	2467	0.810443
2435	2468	2.267227
2436	2435	3.511978
2436	2437	4.043478
2436	2466	0.839254
2436	2467	1.212256
2437	2436	4.043478
2437	2438	3.826087
2437	2465	0.746004
2437	2466	1.352132
2438	2437	3.826087
2438	2439	4.988901
2438	2464	0.652753
2438	2465	1.585258
2439	2438	4.988901
2439	2440	3.800000
2439	2461	0.095346
2439	2463	0.333712
2439	2464	0.150000
2440	2439	3.800000
2440	2441	1.287174
2440	2461	0.667424
2440	2462	0.381385
2440	2463	0.667424
2441	2440	1.287174
2441	2442	4.312176
2441	2461	0.454545
2441	2462	3.227273
2442	2441	4.312176
2442	2443	3.086957
2442	2460	0.792629
2442	2461	0.755742
2443	2442	3.086957
2443	2444	3.391304
2443	2459	0.932505
2443	2460	2.238012
2444	2443	3.391304
2444	2445	4.782609
2444	2457	0.559503
2444	2459	1.771759
2445	2444	4.782609
2445	2446	3.782609
2445	2456	0.746004
2445	2457	0.652753
2446	2445	3.782609
2446	2447	3.357017
2446	2455	0.466252
2446	2456	1.352132
2447	2446	3.357017
2447	2448	4.600000
2447	2454	0.466252
2447	2455	0.250000
2448	2447	4.600000
2448	2449	2.300000
2448	2453	0.238366
2448	2454	0.606128
2449	2448	2.300000
2449	2450	2.240637
2449	2452	0.050000
2449	2453	0.572078
2450	2449	2.240637
2450	2451	1.477867
2450	2452	1.382521
2451	2450	1.477867
2451	2452	3.600000
2452	2449	0.050000
2452	2450	1.382521
2452	2451	3.600000
2452	2453	2.431330
2453	2448	0.238366
2453	2449	0.572078
2453	2452	2.431330
2453	2454	3.912077
2454	2447	0.466252
2454	2448	0.606128
2454	2453	3.912077
2454	2455	4.009771
2455	2446	0.466252
2455	2447	0.250000
2455	2454	4.009771
2455	2456	3.450000
2456	2445	0.746004
2456	2446	1.352132
2456	2455	3.450000
2456	2457	4.000000
2457	2444	0.559503
2457	2445	0.652753
2457	2456	4.000000
2457	2458	1.239501
2457	2459	0.850000
2458	2457	1.239501
2458	2459	1.287174
2459	2443	0.932505
2459	2444	1.771759
2459	2457	0.850000
2459	2458	1.287174
2459	2460	2.100000
2460	2442	0.792629
2460	2443	2.238012
2460	2459	2.100000
2460	2461	3.956870
2461	2439	0.095346
2461	2440	0.667424
2461	2441	0.454545
2461	2442	0.755742
2461	2460	3.956870
2461	2462	1.454545
2462	2440	0.381385
2462	2441	3.227273
2462	2461	1.454545
2462	2463	4.954545
2463	2439	0.333712
2463	2440	0.667424
2463	2462	4.954545
2463	2464	4.910332
2464	2438	0.652753
2464	2439	0.150000
2464	2463	4.910332
2464	2465	3.150000
2465	2437	0.746004
2465	2438	1.585258
2465	2464	3.150000
2465	2466	3.050000
2466	2436	0.839254
2466	2437	1.352132
2466	2465	3.050000
2466	2467	3.200000
2467	2435	0.810443
2467	2436	1.212256
2467	2466	3.200000
2467	2468	3.310392
2468	2434	0.559503
2468	2435	2.267227
2468	2467	3.310392
2468	2469	3.823270
2469	2428	0.050000
2469	2433	0.619751
2469	2434	0.400000
2469	2468	3.823270
2469	2470	2.350000
2470	2428	0.600000
2470	2432	0.699379
2470	2433	1.620886
2470	2469	2.350000
2470	2471	2.240637
2471	2427	0.088911
2471	2428	0.572078
2471	2430	0.047673
2471	2431	0.667424
2471	2432	2.089405
2471	2470	2.240637
2471	2472	1.227273
2471	2473	0.090909
2471	2474	3.194100
2472	2471	1.227273
2472	2473	4.727273
2472	2474	0.143019
2472	3785	1.001136
2472	3786	0.238366
2472	3797	0.088911
2472	3798	0.755742
2473	2471	0.090909
2473	2472	4.727273
2473	2474	1.620886
2473	3784	0.286039
2473	3785	1.001136
2473	3798	0.622376
2473	3799	0.045455
2474	2426	0.047673
2474	2427	0.792629
2474	2428	0.100000
2474	2430	0.450000
2474	2431	0.600000
2474	2471	3.194100
2474	2472	0.143019
2474	2473	1.620886
2474	2475	2.950000
2475	2426	0.667424
2475	2427	1.305507
2475	2429	0.333712
2475	2430	0.600000
2475	2474	2.950000
2475	2476	1.450000
2475	2477	0.800000
2476	2426	0.095346
2476	2427	0.512878
2476	2429	2.622022
2476	2430	0.100000
2476	2475	1.450000
2476	2477	3.100000
2477	2423	0.050000
2477	2425	0.932505
2477	2426	0.524404
2477	2475	0.800000
2477	2476	3.100000
2477	2478	4.103021
2477	4417	0.606128
2478	2422	1.391304
2478	2423	1.165631
2478	2424	0.444554
2478	2425	0.739130
2478	2477	4.103021
2478	2479	1.333663
2478	4417	0.130435
2479	2422	0.177822
2479	2423	0.667424
2479	2424	2.318182
2479	2478	1.333663
2479	2480	4.000000
2479	3789	0.545455
2480	2479	4.000000
2480	2481	3.334157
2480	3789	0.954545
2481	2421	0.699379
2481	2480	3.334157
2481	2482	4.652174
2481	3789	2.711781
2481	3790	0.222277
2482	2420	0.792629
2482	2421	0.699379
2482	2481	4.652174
2482	2483	4.000000
2482	3790	0.222277
2483	2418	0.260870
2483	2419	0.792629
2483	2420	1.072381
2483	2482	4.000000
2483	2484	4.196272
2483	3790	1.422574
2484	2418	0.699379
2484	2483	4.196272
2484	2485	2.900000
2485	2416	0.046625
2485	2417	0.932505
2485	2418	1.025755
2485	2484	2.900000
2485	2486	3.150000
2486	2416	0.792629
2486	2417	0.979130
2486	2485	3.150000
2486	2487	3.650000
2487	2415	0.979130
2487	2416	1.398757
2487	2486	3.650000
2487	2488	3.098753
2488	2414	0.715097
2488	2415	2.311682
2488	2487	3.098753
2488	2489	2.756236
2489	2412	0.044455
2489	2413	0.932505
2489	2414	1.212256
2489	2488	2.756236
2489	2490	3.956522
2490	2409	0.419627
2490	2410	0.373002
2490	2411	0.956522
2490	2412	0.533465
2490	2413	0.046625
2490	2489	3.956522
2490	2491	1.072381
2491	2409	2.200000
2491	2411	0.093250
2491	2490	1.072381
2491	2492	3.496893
2492	2409	0.792629
2492	2411	0.913043
2492	2491	3.496893
2492	2493	0.956522
2492	2494	3.912077
2493	2379	0.279751
2493	2380	1.678509
2493	2381	0.086957
2493	2402	0.279751
2493	2403	0.512878
2493	2492	0.956522
2493	2494	1.244752
2494	2409	0.524404
2494	2410	0.381385
2494	2411	1.778217
2494	2492	3.912077
2494	2493	1.244752
2494	2495	4.223265
2495	2407	0.746004
2495	2410	0.792629
2495	2411	0.869565
2495	2494	4.223265
2495	2496	3.869895
2496	2406	0.792629
2496	2407	0.650000
2496	2495	3.869895
2496	2497	2.650000
2497	2404	0.047673
2497	2405	0.746004
2497	2406	1.352132
2497	2496	2.650000
2497	2498	3.450000
2498	2404	0.762770
2498	2405	0.979130
2498	2497	3.450000
2498	2499	3.310392
2499	2155	0.093250
2499	2402	0.046625
2499	2403	0.792629
2499	2404	2.044949
2499	2498	3.310392
2499	2500	2.565217
2500	2155	0.559503
2500	2225	0.217391
2500	2402	0.606128
2500	2403	1.725134
2500	2499	2.565217
2500	2501	4.086957
2500	2751	0.173913
2500	2752	0.043478
2501	2225	0.173913
2501	2226	0.652753
2501	2401	0.932505
2501	2402	1.538633
2501	2500	4.086957
2501	2502	3.022969
2501	2750	0.043478
2501	2751	0.739130
2501	2752	0.086957
2502	2226	0.524404
2502	2227	0.095346
2502	2400	0.381385
2502	2401	2.192964
2502	2501	3.022969
2502	2503	5.334651
2502	2749	0.090909
2502	2750	0.666831
2502	2751	0.222277
2503	2382	0.533465
2503	2383	0.133366
2503	2399	0.260870
2503	2400	0.792629
2503	2502	5.334651
2503	2504	4.242897
2503	2749	0.844653
2503	2750	0.347826
2504	2382	0.429058
2504	2383	1.096482
2504	2384	0.095346
2504	2385	0.050000
2504	2399	0.606128
2504	2503	4.242897
2504	2505	2.517763
2504	2749	0.143019
2505	2383	0.044455
2505	2384	0.355643
2505	2385	0.326377
2505	2394	0.217391
2505	2395	0.391304
2505	2396	0.046625
2505	2397	0.046625
2505	2398	0.088911
2505	2504	2.517763
2505	2506	1.111386
2505	2507	0.043478
2506	2128	0.667424
2506	2129	0.667424
2506	2384	0.409091
2506	2505	1.111386
2506	2507	1.867128
2506	3969	3.181818
2507	2129	0.979130
2507	2384	3.467523
2507	2385	0.466252
2507	2505	0.043478
2507	2506	1.867128
2507	2508	3.956522
2507	2532	0.792629
2507	2533	0.739130
2507	2545	0.044455
2508	2129	0.792629
2508	2507	3.956522
2508	2509	3.739130
2508	2530	0.046625
2508	2531	0.746004
2508	2532	1.398757
2508	2545	0.133366
2508	2546	0.844653
2509	2508	3.739130
2509	2510	4.382773
2509	2522	0.046625
2509	2523	0.217391
2509	2524	0.139876
2509	2529	0.043478
2509	2530	0.792629
2509	2531	0.979130
2509	2546	1.333663
2509	2547	0.279751
2510	2509	4.382773
2510	2511	2.238012
2510	2529	0.792629
2510	2530	0.250000
2510	2547	0.200000
2511	2510	2.238012
2511	2512	4.709149
2511	2527	0.130435
2511	2528	0.792629
2511	2529	2.652174
2512	2511	4.709149
2512	2513	2.517763
2512	2527	0.746004
2512	2528	0.350000
2513	2512	2.517763
2513	2514	3.111880
2513	2526	0.839254
2513	2527	2.608696
2513	3788	0.533465
2514	2513	3.111880
2514	2515	3.511978
2514	2525	0.619751
2514	2526	1.239501
2514	3786	0.095346
2514	3787	0.454545
2514	3794	0.136364
2515	2514	3.511978
2515	2516	4.336147
2515	2523	0.043478
2515	2524	0.606128
2515	2525	1.678509
2515	3786	0.186501
2515	3794	0.222277
2515	3795	0.800198
2515	3797	0.217391
2516	2515	4.336147
2516	2517	3.217142
2516	2523	0.792629
2516	2524	0.550000
2516	3771	0.046625
2516	3795	0.095346
2516	3797	0.139876
2517	2516	3.217142
2517	2518	1.644851
2517	2519	0.233126
2517	2520	0.978019
2517	2521	0.444554
2517	2523	0.652174
2518	2517	1.644851
2518	2519	1.191828
2518	2520	3.409091
2518	3978	0.047673
2518	3979	0.266733
2518	3980	1.272727
2518	4015	0.088911
2519	2517	0.233126
2519	2518	1.191828
2519	2520	0.953463
2519	4416	0.524404
2520	2517	0.978019
2520	2518	3.409091
2520	2519	0.953463
2520	2521	3.681818
2520	3978	0.858116
2520	3979	0.133366
2520	4015	0.133366
2520	4016	0.444554
2521	2517	0.444554
2521	2520	3.681818
2521	2522	1.382521
2521	2523	2.400593
2521	3977	0.381385
2521	3978	0.810443
2521	4016	0.666831
2521	4017	0.333712
2522	2509	0.046625
2522	2521	1.382521
2522	2523	1.165631
2522	3562	2.955734
2522	3976	0.139876
2522	3977	0.300000
2523	2509	0.217391
2523	2515	0.043478
2523	2516	0.792629
2523	2517	0.652174
2523	2521	2.400593
2523	2522	1.165631
2523	2524	5.082151
2523	3771	0.260870
2523	4017	0.512878
2523	4018	0.133366
2524	2509	0.139876
2524	2515	0.606128
2524	2516	0.550000
2524	2523	5.082151
2524	2525	3.200000
2524	3771	0.652753
2524	4018	0.143019
2525	2514	0.619751
2525	2515	1.678509
2525	2524	3.200000
2525	2526	2.950000
2525	3794	1.048809
2525	3795	0.238366
2526	2513	0.839254
2526	2514	1.239501
2526	2525	2.950000
2526	2527	2.704264
2526	3793	0.400000
2526	3794	1.668560
2527	2511	0.130435
2527	2512	0.746004
2527	2513	2.608696
2527	2526	2.704264
2527	2528	3.776644
2527	3788	0.844653
2527	3792	0.304348
2527	3793	0.466252
2528	2511	0.792629
2528	2512	0.350000
2528	2527	3.776644
2528	2529	3.357017
2528	3792	0.139876
2529	2509	0.043478
2529	2510	0.792629
2529	2511	2.652174
2529	2528	3.357017
2529	2530	4.522648
2530	2508	0.046625
2530	2509	0.792629
2530	2510	0.250000
2530	2529	4.522648
2530	2531	3.300000
2531	2508	0.746004
2531	2509	0.979130
2531	2530	3.300000
2531	2532	2.450000
2531	2546	0.715097
2531	2551	0.139876
2532	2507	0.792629
2532	2508	1.398757
2532	2531	2.450000
2532	2533	4.056396
2532	2534	0.047673
2532	2535	0.792629
2532	2536	0.050000
2532	2545	1.001136
2532	2546	0.524404
2532	2551	0.512878
2533	2129	0.046625
2533	2130	0.347826
2533	2383	0.177822
2533	2384	0.800198
2533	2507	0.739130
2533	2532	4.056396
2533	2534	4.223265
2533	2535	0.695652
2533	2536	0.139876
2533	2746	0.043478
2534	2128	0.190693
2534	2130	0.088911
2534	2382	0.636364
2534	2383	0.454545
2534	2532	0.047673
2534	2533	4.223265
2534	2535	1.022475
2534	2746	0.266733
2534	2747	0.400099
2534	2748	3.194100
2535	2532	0.792629
2535	2533	0.695652
2535	2534	1.022475
2535	2536	1.025755
2535	2537	0.826087
2535	2551	3.652174
2535	2552	0.711287
2535	2746	4.043478
2535	2747	0.347826
2536	2130	0.046625
2536	2131	0.238366
2536	2132	0.143019
2536	2532	0.050000
2536	2533	0.139876
2536	2535	1.025755
2536	2537	1.492008
2536	2544	0.050000
2536	2545	0.762770
2537	2535	0.826087
2537	2536	1.492008
2537	2538	3.730019
2537	2550	0.177822
2537	2551	0.260870
2537	2552	3.200790
2537	2717	0.978019
2538	2537	3.730019
2538	2539	2.238012
2538	2549	0.792629
2538	2550	0.333712
2538	2716	0.476731
2538	2717	2.002271
2539	2538	2.238012
2539	2540	3.304348
2539	2548	0.606128
2539	2549	2.869565
2539	2562	0.533465
2539	2563	0.800198
2539	2715	0.043478
2539	2716	0.577920
2540	2539	3.304348
2540	2541	4.565217
2540	2547	0.932505
2540	2548	1.818384
2540	2563	0.400099
2540	2564	0.478261
2541	2540	4.565217
2541	2542	1.022475
2541	2543	0.978019
2541	2544	1.818384
2541	2546	0.044455
2541	2547	0.512878
2541	2564	0.043478
2542	2541	1.022475
2542	2543	3.772727
2542	2697	2.222771
2542	3558	0.177822
2542	3568	0.978019
2542	3569	0.266733
2543	2541	0.978019
2543	2542	3.772727
2543	2544	2.240637
2543	3558	0.889108
2543	3559	0.667424
2543	3567	0.381385
2543	3568	1.244752
2544	2122	0.100000
2544	2536	0.050000
2544	2541	1.818384
2544	2543	2.240637
2544	2545	1.048809
2544	3559	0.050000
2544	3560	0.326377
2544	3567	0.050000
2545	2129	0.524404
2545	2130	0.933564
2545	2507	0.044455
2545	2508	0.133366
2545	2532	1.001136
2545	2536	0.762770
2545	2544	1.048809
2545	2546	4.227273
2545	3561	0.045455
2546	2508	0.844653
2546	2509	1.333663
2546	2531	0.715097
2546	2532	0.524404
2546	2541	0.044455
2546	2545	4.227273
2546	2547	1.477867
2547	2509	0.279751
2547	2510	0.200000
2547	2540	0.932505
2547	2541	0.512878
2547	2546	1.477867
2547	2548	2.700000
2548	2539	0.606128
2548	2540	1.818384
2548	2547	2.700000
2548	2549	2.377887
2548	2563	0.524404
2549	2538	0.792629
2549	2539	2.869565
2549	2548	2.377887
2549	2550	4.623364
2549	2562	1.066930
2549	2563	0.622376
2549	2716	0.355643
2550	2537	0.177822
2550	2538	0.333712
2550	2549	4.623364
2550	2551	1.511484
2550	2562	0.090909
2550	2716	0.545455
2550	2718	0.755742
2551	2531	0.139876
2551	2532	0.512878
2551	2535	3.652174
2551	2537	0.260870
2551	2550	1.511484
2551	2552	0.889108
2551	2718	0.652174
2552	2535	0.711287
2552	2537	3.200790
2552	2551	0.889108
2552	2553	1.620886
2552	2554	0.429058
2552	2717	0.636364
2552	2718	0.311188
2552	2719	0.095346
2552	2746	1.244752
2553	2552	1.620886
2553	2554	2.700000
2553	2724	0.792629
2553	2725	1.725134
2553	2745	1.800000
2553	2746	0.326377
2554	2552	0.429058
2554	2553	2.700000
2554	2555	2.284637
2554	2723	0.839254
2554	2724	1.398757
2555	2554	2.284637
2555	2556	3.450268
2555	2721	0.043478
2555	2722	0.792629
2555	2723	2.608696
2556	2555	3.450268
2556	2557	1.600000
2556	2558	0.858116
2556	2721	0.792629
2556	2722	0.350000
2557	2098	0.095346
2557	2099	0.250000
2557	2556	1.600000
2557	2558	0.953463
2558	2556	0.858116
2558	2557	0.953463
2558	2559	2.845147
2558	2720	0.667424
2558	2721	2.667325
2559	2558	2.845147
2559	2560	3.450268
2559	2718	0.043478
2559	2719	0.792629
2559	2720	1.538633
2560	2559	3.450268
2560	2561	3.300000
2560	2718	0.792629
2560	2719	0.650000
2561	2560	3.300000
2561	2562	1.954598
2561	2713	0.050000
2561	2714	0.050000
2561	2715	1.492008
2561	2716	0.667424
2561	2718	1.072381
2562	2539	0.533465
2562	2549	1.066930
2562	2550	0.090909
2562	2561	1.954598
2562	2563	4.227273
2562	2714	0.047673
2562	2715	0.978019
2562	2716	3.590909
2563	2539	0.800198
2563	2540	0.400099
2563	2548	0.524404
2563	2549	0.622376
2563	2562	4.227273
2563	2564	3.200790
2563	2715	0.711287
2564	2540	0.478261
2564	2541	0.043478
2564	2563	3.200790
2564	2565	4.217391
2564	2571	0.088911
2564	2572	0.044455
2564	2714	0.792629
2564	2715	0.826087
2565	2564	4.217391
2565	2566	3.869895
2565	2571	0.133366
2565	2572	0.800198
2565	2712	0.173913
2565	2713	0.792629
2565	2714	1.492008
2566	2565	3.869895
2566	2567	1.000000
2566	2568	0.050000
2566	2572	1.954598
2566	2573	1.258881
2566	2712	0.792629
2566	2713	0.450000
2567	2566	1.000000
2567	2568	3.200000
2567	2573	0.233126
2567	2574	1.800000
2567	2699	0.792629
2567	2704	3.623158
2568	2566	0.050000
2568	2567	3.200000
2568	2569	3.200000
2568	2698	0.792629
2568	2699	1.305507
2569	2568	3.200000
2569	2570	3.650000
2569	2571	0.286039
2569	2697	0.746004
2569	2698	1.585258
2570	2119	0.046625
2570	2569	3.650000
2570	2571	1.573213
2570	2572	0.047673
2570	2697	0.466252
2571	2564	0.088911
2571	2565	0.133366
2571	2569	0.286039
2571	2570	1.573213
2571	2572	4.227273
2571	2714	1.096482
2571	2715	0.355643
2572	2564	0.044455
2572	2565	0.800198
2572	2566	1.954598
2572	2570	0.047673
2572	2571	4.227273
2572	2573	0.933564
2572	2712	0.044455
2572	2713	0.619751
2572	2714	1.525540
2573	2566	1.258881
2573	2567	0.233126
2573	2572	0.933564
2573	2574	1.119006
2573	2575	3.590144
2573	2711	0.699379
2573	2712	2.956522
2574	2567	1.800000
2574	2573	1.119006
2574	2575	1.200000
2574	2704	1.001136
2575	2573	3.590144
2575	2574	1.200000
2575	2576	3.700000
2575	2710	0.792629
2575	2711	0.150000
2576	2575	3.700000
2576	2577	2.844140
2576	2709	0.810443
2576	2710	1.025755
2577	2576	2.844140
2577	2578	3.826087
2577	2708	0.979130
2577	2709	2.267227
2578	2577	3.826087
2578	2579	4.000000
2578	2707	0.746004
2578	2708	1.538633
2579	2578	4.000000
2579	2580	4.009771
2579	2706	0.746004
2579	2707	1.585258
2580	2579	4.009771
2580	2581	3.150000
2580	2598	0.279751
2580	2682	0.373002
2580	2683	0.150000
2580	2705	0.746004
2580	2706	0.450000
2581	1643	0.667424
2581	2580	3.150000
2581	2582	2.479003
2581	2583	0.715097
2581	2585	0.100000
2581	2596	0.186501
2581	2597	0.600000
2581	2598	0.326377
2581	2682	0.186501
2581	2683	0.950000
2581	2684	0.326377
2581	2703	0.050000
2581	2705	1.258881
2582	1643	0.363636
2582	2581	2.479003
2582	2583	3.136364
2582	2596	0.222277
2582	2684	0.088911
2582	2702	1.668560
2582	2703	0.286039
2583	1643	0.136364
2583	2581	0.715097
2583	2582	3.136364
2583	2584	1.555940
2583	2585	3.337119
2583	2684	0.355643
2583	2685	0.476731
2583	2702	0.667424
2584	1643	0.177822
2584	2583	1.555940
2584	2585	1.678509
2584	2586	1.347826
2584	2587	0.130435
2584	2701	2.424513
2584	2702	2.284637
2585	1643	0.190693
2585	2581	0.100000
2585	2583	3.337119
2585	2584	1.678509
2585	2586	3.543518
2585	2587	0.233126
2585	2588	0.050000
2585	2684	0.792629
2585	2685	0.550000
2585	2702	0.050000
2585	2705	0.046625
2586	1643	0.088911
2586	2584	1.347826
2586	2585	3.543518
2586	2587	4.130435
2586	2588	0.326377
2586	2701	0.792629
2586	2704	0.044455
2586	2705	0.826087
2586	2706	0.093250
2587	2584	0.130435
2587	2585	0.233126
2587	2586	4.130435
2587	2588	1.398757
2587	2696	2.377887
2587	2700	0.652174
2587	2701	0.606128
2588	2585	0.050000
2588	2586	0.326377
2588	2587	1.398757
2588	2589	1.048809
2589	2588	1.048809
2589	2590	1.772727
2589	2688	3.545455
2589	4008	0.222277
2589	4009	0.409091
2590	2589	1.772727
2590	2591	3.363636
2590	2687	1.244752
2590	2688	0.863636
2590	4007	1.022475
2590	4008	1.333663
2591	2590	3.363636
2591	2592	3.600889
2591	2687	0.889108
2591	3986	0.429058
2591	3987	0.381385
2591	4006	0.133366
2591	4007	0.933564
2592	2591	3.600889
2592	2593	3.565217
2592	2686	0.839254
2592	2687	1.043478
2592	3987	0.652753
2592	3988	0.046625
2593	2592	3.565217
2593	2594	3.823166
2593	2685	0.932505
2593	2686	1.631883
2594	2593	3.823166
2594	2595	1.001136
2594	2596	0.133366
2594	2684	0.355643
2594	2685	0.429058
2595	2594	1.001136
2595	2596	1.119006
2595	2597	0.050000
2595	4271	1.477867
2596	2581	0.186501
2596	2582	0.222277
2596	2594	0.133366
2596	2595	1.119006
2596	2597	4.382773
2596	2682	0.130435
2596	2683	0.792629
2596	2684	2.782609
2597	2581	0.600000
2597	2595	0.050000
2597	2596	4.382773
2597	2598	2.890765
2597	2682	0.885880
2597	2683	0.150000
2598	2580	0.279751
2598	2581	0.326377
2598	2597	2.890765
2598	2599	3.608696
2598	2681	0.792629
2598	2682	2.826087
2599	2598	3.608696
2599	2600	3.683394
2599	2680	0.699379
2599	2681	1.165631
2600	2599	3.683394
2600	2601	2.704264
2600	2679	0.746004
2600	2680	0.700000
2601	2600	2.704264
2601	2602	4.009771
2601	2677	0.347826
2601	2678	0.979130
2601	2679	2.434783
2602	2601	4.009771
2602	2603	3.900000
2602	2677	0.839254
2602	2678	0.350000
2603	2602	3.900000
2603	2604	2.750889
2603	2676	0.699379
2603	2677	1.165631
2604	2603	2.750889
2604	2605	3.823270
2604	2675	0.559503
2604	2676	2.304348
2605	2604	3.823270
2605	2606	2.797514
2605	2610	0.524404
2605	2674	0.792629
2605	2675	0.600000
2606	2605	2.797514
2606	2607	1.244752
2606	2609	0.260870
2606	2610	0.755742
2606	2673	0.400099
2606	2674	1.608696
2607	2606	1.244752
2607	2608	1.636364
2607	2609	3.022969
2607	2673	2.500000
2608	2607	1.636364
2608	2609	1.333663
2609	2606	0.260870
2609	2607	3.022969
2609	2608	1.333663
2609	2610	1.111386
2609	2671	0.279751
2609	2672	2.347826
2609	2673	0.666831
2610	2605	0.524404
2610	2606	0.755742
2610	2609	1.111386
2610	2611	3.194100
2610	2671	0.286039
2610	2672	0.311188
2610	2673	2.818182
2610	2674	0.889108
2610	2675	0.047673
2610	4272	0.044455
2611	2610	3.194100
2611	2612	3.146427
2611	2675	0.750000
2611	2676	0.093250
2611	4272	0.699379
2612	2611	3.146427
2612	2613	3.467523
2612	2671	0.143019
2612	4272	2.578415
2612	4273	0.238366
2613	2612	3.467523
2613	2614	4.755775
2613	2669	0.043478
2613	2670	0.466252
2613	2671	0.046625
2613	4272	0.086957
2613	4273	0.419627
2614	2613	4.755775
2614	2615	2.450000
2614	2669	0.699379
2614	2670	0.150000
2615	2614	2.450000
2615	2616	3.194100
2615	2668	0.792629
2615	2669	1.352132
2616	2615	3.194100
2616	2617	3.556434
2616	2667	0.762770
2616	2668	1.689306
2617	2616	3.556434
2617	2618	4.739130
2617	2647	0.666831
2617	2648	0.355643
2617	2666	0.652753
2617	2667	1.072381
2618	2617	4.739130
2618	2619	2.089405
2618	2648	1.200296
2618	2663	0.139876
2618	2664	0.699379
2618	2665	1.066930
2618	2666	0.746004
2619	2618	2.089405
2619	2620	3.423068
2619	2643	0.429058
2619	2644	0.762770
2619	2648	2.045455
2619	2649	0.222277
2619	2651	0.133366
2620	2619	3.423068
2620	2621	3.086957
2620	2623	0.139876
2620	2642	0.746004
2620	2643	1.072381
2621	2620	3.086957
2621	2622	2.704264
2621	2623	0.139876
2621	2641	0.792629
2621	2642	0.466252
2622	2621	2.704264
2622	2623	2.350000
2622	2624	1.445382
2622	2641	0.350000
2622	2650	0.476731
2623	2620	0.139876
2623	2621	0.139876
2623	2622	2.350000
2623	2624	1.165631
2623	2625	0.186501
2623	2632	0.619751
2623	2633	0.093250
2624	2622	1.445382
2624	2623	1.165631
2624	2625	3.478261
2624	2632	0.666831
2624	2633	0.260870
2624	2634	0.279751
2624	2638	0.792629
2624	2639	0.889108
2624	2650	1.822672
2624	2651	0.391304
2625	2623	0.186501
2625	2624	3.478261
2625	2626	3.869895
2625	2637	0.606128
2625	2638	1.119006
2626	2625	3.869895
2626	2627	2.850000
2626	2631	0.047673
2626	2632	0.143019
2626	2636	0.792629
2626	2637	0.200000
2627	2626	2.850000
2627	2628	3.650000
2627	2631	0.333712
2627	2632	0.047673
2627	2635	0.238366
2627	2636	0.419627
2628	2627	3.650000
2628	2629	1.239501
2628	2630	1.725134
2628	2631	1.096482
2629	2628	1.239501
2629	2630	3.600889
2630	2628	1.725134
2630	2629	3.600889
2630	2631	3.111880
2630	2657	0.133366
2630	2658	0.266733
2631	2626	0.047673
2631	2627	0.333712
2631	2628	1.096482
2631	2630	3.111880
2631	2632	0.954545
2631	2635	3.545455
2631	2636	0.088911
2632	2623	0.619751
2632	2624	0.666831
2632	2626	0.143019
2632	2627	0.047673
2632	2631	0.954545
2632	2633	0.889108
2632	2634	0.429058
2632	2658	0.727273
2632	2659	3.194100
2632	2660	0.272727
2633	2623	0.093250
2633	2624	0.260870
2633	2632	0.889108
2633	2634	2.984015
2633	2650	0.044455
2633	2651	3.260870
2633	2652	0.792629
2633	2653	0.608696
2633	2654	0.139876
2633	2660	0.222277
2633	2661	0.086957
2633	2662	0.046625
2633	2663	0.186501
2634	2624	0.279751
2634	2632	0.429058
2634	2633	2.984015
2634	2635	0.905789
2634	2651	0.093250
2634	2653	0.093250
2634	2654	0.400000
2634	2655	1.212256
2634	2659	0.250000
2634	2660	0.143019
2634	2661	0.139876
2635	2627	0.238366
2635	2631	3.545455
2635	2634	0.905789
2635	2636	4.178810
2635	3995	0.047673
2635	3996	0.095346
2636	2626	0.792629
2636	2627	0.419627
2636	2631	0.088911
2636	2635	4.178810
2636	2637	3.963145
2636	3996	0.093250
2637	2625	0.606128
2637	2626	0.200000
2637	2636	3.963145
2637	2638	2.200000
2638	2624	0.792629
2638	2625	1.119006
2638	2637	2.200000
2638	2639	2.908061
2639	2624	0.889108
2639	2638	2.908061
2639	2640	1.334848
2639	2650	1.454545
2639	2651	0.177822
2640	2639	1.334848
2640	2641	0.950000
2640	2650	0.619751
2641	2621	0.792629
2641	2622	0.350000
2641	2640	0.950000
2641	2642	2.750000
2641	2650	0.572078
2642	2620	0.746004
2642	2621	0.466252
2642	2641	2.750000
2642	2643	2.950000
2643	2619	0.429058
2643	2620	1.072381
2643	2642	2.950000
2643	2644	2.550000
2643	2645	0.150000
2644	2619	0.762770
2644	2643	2.550000
2644	2645	2.800000
2644	2648	0.619751
2645	2643	0.150000
2645	2644	2.800000
2645	2646	1.573213
2645	2647	2.049945
2645	2648	0.762770
2646	2645	1.573213
2646	2647	3.545455
2646	2667	0.810443
2646	2668	0.044455
2647	2617	0.666831
2647	2645	2.049945
2647	2646	3.545455
2647	2648	3.954545
2647	2666	0.524404
2647	2667	0.953463
2648	2617	0.355643
2648	2618	1.200296
2648	2619	2.045455
2648	2644	0.619751
2648	2645	0.762770
2648	2647	3.954545
2648	2649	1.200296
2648	2665	0.636364
2648	2666	0.858116
2649	2619	0.222277
2649	2648	1.200296
2649	2650	0.844653
2649	2651	2.826087
2649	2652	0.419627
2649	2664	0.746004
2649	2665	2.089405
2650	2622	0.476731
2650	2624	1.822672
2650	2633	0.044455
2650	2639	1.454545
2650	2640	0.619751
2650	2641	0.572078
2650	2649	0.844653
2650	2651	1.422574
2651	2619	0.133366
2651	2624	0.391304
2651	2633	3.260870
2651	2634	0.093250
2651	2639	0.177822
2651	2649	2.826087
2651	2650	1.422574
2651	2652	1.305507
2651	2663	0.046625
2651	2664	0.046625
2652	2633	0.792629
2652	2649	0.419627
2652	2651	1.305507
2652	2653	3.543518
2652	2663	0.950000
2652	2664	1.550000
2653	2633	0.608696
2653	2634	0.093250
2653	2652	3.543518
2653	2654	4.476023
2653	2661	0.086957
2653	2662	0.885880
2653	2663	1.305507
2654	2633	0.139876
2654	2634	0.400000
2654	2653	4.476023
2654	2655	3.543518
2654	2661	0.792629
2654	2662	0.450000
2655	2634	1.212256
2655	2654	3.543518
2655	2656	2.797514
2655	2659	0.186501
2655	2660	0.489010
2655	2661	0.695652
2656	2655	2.797514
2656	2657	1.239501
2656	2658	2.240637
2656	2659	1.250000
2656	2660	0.047673
2657	2630	0.133366
2657	2656	1.239501
2657	2658	5.136364
2658	2630	0.266733
2658	2632	0.727273
2658	2656	2.240637
2658	2657	5.136364
2658	2659	2.812715
2659	2632	3.194100
2659	2634	0.250000
2659	2655	0.186501
2659	2656	1.250000
2659	2658	2.812715
2659	2660	4.671967
2660	2632	0.272727
2660	2633	0.222277
2660	2634	0.143019
2660	2655	0.489010
2660	2656	0.047673
2660	2659	4.671967
2660	2661	4.356631
2661	2633	0.086957
2661	2634	0.139876
2661	2653	0.086957
2661	2654	0.792629
2661	2655	0.695652
2661	2660	4.356631
2661	2662	4.196272
2662	2633	0.046625
2662	2653	0.885880
2662	2654	0.450000
2662	2661	4.196272
2662	2663	3.650000
2663	2618	0.139876
2663	2633	0.186501
2663	2651	0.046625
2663	2652	0.950000
2663	2653	1.305507
2663	2662	3.650000
2663	2664	3.250000
2664	2618	0.699379
2664	2649	0.746004
2664	2651	0.046625
2664	2652	1.550000
2664	2663	3.250000
2664	2665	3.909197
2664	2666	0.250000
2665	2618	1.066930
2665	2648	0.636364
2665	2649	2.089405
2665	2664	3.909197
2665	2666	4.338255
2666	2617	0.652753
2666	2618	0.746004
2666	2647	0.524404
2666	2648	0.858116
2666	2664	0.250000
2666	2665	4.338255
2666	2667	2.950000
2667	2616	0.762770
2667	2617	1.072381
2667	2646	0.810443
2667	2647	0.953463
2667	2666	2.950000
2667	2668	3.217142
2668	2615	0.792629
2668	2616	1.689306
2668	2646	0.044455
2668	2667	3.217142
2668	2669	3.434783
2669	2613	0.043478
2669	2614	0.699379
2669	2615	1.352132
2669	2668	3.434783
2669	2670	4.336147
2670	2613	0.466252
2670	2614	0.150000
2670	2669	4.336147
2670	2671	3.600000
2671	2609	0.279751
2671	2610	0.286039
2671	2612	0.143019
2671	2613	0.046625
2671	2670	3.600000
2671	2672	3.869895
2672	2609	2.347826
2672	2610	0.311188
2672	2671	3.869895
2672	2673	1.956039
2673	2606	0.400099
2673	2607	2.500000
2673	2609	0.666831
2673	2610	2.818182
2673	2672	1.956039
2673	2674	2.089405
2674	2605	0.792629
2674	2606	1.608696
2674	2610	0.889108
2674	2673	2.089405
2674	2675	4.382773
2675	2604	0.559503
2675	2605	0.600000
2675	2610	0.047673
2675	2611	0.750000
2675	2674	4.382773
2675	2676	2.750889
2675	4271	0.047673
2675	4272	0.046625
2676	2603	0.699379
2676	2604	2.304348
2676	2611	0.093250
2676	2675	2.750889
2676	2677	3.739130
2677	2601	0.347826
2677	2602	0.839254
2677	2603	1.165631
2677	2676	3.739130
2677	2678	4.615899
2678	2601	0.979130
2678	2602	0.350000
2678	2677	4.615899
2678	2679	3.543518
2679	2600	0.746004
2679	2601	2.434783
2679	2678	3.543518
2679	2680	2.984015
2680	2599	0.699379
2680	2600	0.700000
2680	2679	2.984015
2680	2681	2.800000
2681	2598	0.792629
2681	2599	1.165631
2681	2680	2.800000
2681	2682	1.911635
2682	2580	0.373002
2682	2581	0.186501
2682	2596	0.130435
2682	2597	0.885880
2682	2598	2.826087
2682	2681	1.911635
2682	2683	4.336147
2683	2580	0.150000
2683	2581	0.950000
2683	2596	0.792629
2683	2597	0.150000
2683	2682	4.336147
2683	2684	3.030641
2684	2581	0.326377
2684	2582	0.088911
2684	2583	0.355643
2684	2585	0.792629
2684	2594	0.355643
2684	2596	2.782609
2684	2683	3.030641
2684	2685	3.217142
2685	2583	0.476731
2685	2585	0.550000
2685	2593	0.932505
2685	2594	0.429058
2685	2684	3.217142
2685	2686	3.000000
2686	2592	0.839254
2686	2593	1.631883
2686	2685	3.000000
2686	2687	4.242897
2687	2590	1.244752
2687	2591	0.889108
2687	2592	1.043478
2687	2686	4.242897
2687	2688	2.845147
2687	3986	0.046625
2688	2589	3.545455
2688	2590	0.863636
2688	2687	2.845147
2688	2689	1.136364
2688	3985	0.095346
2689	2688	1.136364
2689	2690	1.181818
2689	3984	0.619751
2689	3985	0.047673
2689	4008	0.044455
2689	4009	0.636364
2689	4010	0.133366
2689	4038	0.095346
2689	4039	3.818182
2690	2689	1.181818
2690	2691	3.545455
2690	4010	0.444554
2690	4011	0.355643
2690	4037	1.022475
2690	4038	0.190693
2690	4039	1.818182
2691	2690	3.545455
2691	2692	1.001136
2691	2694	0.045455
2691	4011	0.088911
2691	4012	0.286039
2691	4036	0.667424
2691	4037	1.155841
2691	4090	0.800198
2691	4091	2.000494
2692	2691	1.001136
2692	2693	1.492008
2692	3555	0.046625
2692	3556	1.050000
2692	3557	0.800000
2692	4036	0.600000
2692	4091	0.139876
2693	2692	1.492008
2693	2694	4.401087
2693	3555	0.217391
2693	3556	0.979130
2693	3557	0.046625
2693	3571	0.559503
2693	4036	0.419627
2694	2691	0.045455
2694	2693	4.401087
2694	2695	3.384792
2694	3555	0.044455
2694	3556	0.286039
2694	3557	0.047673
2694	3569	0.133366
2694	3570	0.476731
2695	2694	3.384792
2695	2696	1.600000
2695	2698	0.606128
2695	2699	0.046625
2695	3557	0.550000
2695	3569	0.233126
2696	2587	2.377887
2696	2695	1.600000
2696	2697	1.119006
2696	2698	1.678509
2696	2699	0.326377
2696	2700	0.792629
2697	2542	2.222771
2697	2569	0.746004
2697	2570	0.466252
2697	2696	1.119006
2697	2698	3.695652
2697	3569	0.695652
2697	3570	0.093250
2698	2568	0.792629
2698	2569	1.585258
2698	2695	0.606128
2698	2696	1.678509
2698	2697	3.695652
2698	2699	4.217391
2698	3569	0.217391
2698	3570	0.699379
2699	2567	0.792629
2699	2568	1.305507
2699	2695	0.046625
2699	2696	0.326377
2699	2698	4.217391
2699	2700	3.739130
2699	2704	0.311188
2700	2587	0.652174
2700	2696	0.792629
2700	2699	3.739130
2700	2701	3.730019
2700	2704	0.577920
2701	2584	2.424513
2701	2586	0.792629
2701	2587	0.606128
2701	2700	3.730019
2701	2702	1.250000
2701	2704	1.906925
2702	1643	2.049945
2702	2582	1.668560
2702	2583	0.667424
2702	2584	2.284637
2702	2585	0.050000
2702	2701	1.250000
2702	2703	1.000000
2703	1643	1.573213
2703	2581	0.050000
2703	2582	0.286039
2703	2702	1.000000
2704	1643	1.772727
2704	2567	3.623158
2704	2574	1.001136
2704	2586	0.044455
2704	2699	0.311188
2704	2700	0.577920
2704	2701	1.906925
2704	2705	1.155841
2705	1643	3.778711
2705	2580	0.746004
2705	2581	1.258881
2705	2585	0.046625
2705	2586	0.826087
2705	2704	1.155841
2705	2706	4.429398
2706	2579	0.746004
2706	2580	0.450000
2706	2586	0.093250
2706	2705	4.429398
2706	2707	2.900000
2707	2578	0.746004
2707	2579	1.585258
2707	2706	2.900000
2707	2708	2.750000
2708	2577	0.979130
2708	2578	1.538633
2708	2707	2.750000
2708	2709	3.003407
2709	2576	0.810443
2709	2577	2.267227
2709	2708	3.003407
2709	2710	4.089899
2710	2575	0.792629
2710	2576	1.025755
2710	2709	4.089899
2710	2711	3.590144
2711	2573	0.699379
2711	2575	0.150000
2711	2710	3.590144
2711	2712	2.377887
2712	2565	0.173913
2712	2566	0.792629
2712	2572	0.044455
2712	2573	2.956522
2712	2711	2.377887
2712	2713	4.569274
2713	2561	0.050000
2713	2565	0.792629
2713	2566	0.450000
2713	2572	0.619751
2713	2712	4.569274
2713	2714	2.600000
2714	2561	0.050000
2714	2562	0.047673
2714	2564	0.792629
2714	2565	1.492008
2714	2571	1.096482
2714	2572	1.525540
2714	2713	2.600000
2714	2715	4.569274
2715	2539	0.043478
2715	2561	1.492008
2715	2562	0.978019
2715	2563	0.711287
2715	2564	0.826087
2715	2571	0.355643
2715	2714	4.569274
2715	2716	1.155841
2716	2538	0.476731
2716	2539	0.577920
2716	2549	0.355643
2716	2550	0.545455
2716	2561	0.667424
2716	2562	3.590909
2716	2715	1.155841
2716	2717	1.318182
2716	2718	3.022969
2717	2537	0.978019
2717	2538	2.002271
2717	2552	0.636364
2717	2716	1.318182
2717	2718	1.066930
2718	2550	0.755742
2718	2551	0.652174
2718	2552	0.311188
2718	2559	0.043478
2718	2560	0.792629
2718	2561	1.072381
2718	2716	3.022969
2718	2717	1.066930
2718	2719	4.569274
2719	2552	0.095346
2719	2559	0.792629
2719	2560	0.650000
2719	2718	4.569274
2719	2720	2.700000
2720	2558	0.667424
2720	2559	1.538633
2720	2719	2.700000
2720	2721	2.937390
2721	2555	0.043478
2721	2556	0.792629
2721	2558	2.667325
2721	2720	2.937390
2721	2722	3.869895
2722	2555	0.792629
2722	2556	0.350000
2722	2721	3.869895
2722	2723	2.284637
2723	2554	0.839254
2723	2555	2.608696
2723	2722	2.284637
2723	2724	3.565217
2724	2553	0.792629
2724	2554	1.398757
2724	2723	3.565217
2724	2725	3.521739
2725	2553	1.725134
2725	2724	3.521739
2725	2726	4.849025
2725	2744	0.130435
2725	2745	0.932505
2726	2378	0.050000
2726	2725	4.849025
2726	2727	3.700000
2726	2743	0.139876
2726	2744	0.979130
2726	2745	0.300000
2727	2726	3.700000
2727	2728	3.650000
2727	2742	0.047673
2727	2743	0.746004
2727	2744	1.025755
2728	2727	3.650000
2728	2729	3.170516
2728	2742	0.762770
2728	2743	1.072381
2729	2728	3.170516
2729	2730	4.043478
2729	2741	0.792629
2729	2742	2.089405
2730	2729	4.043478
2730	2731	4.304348
2730	2739	0.046625
2730	2740	0.792629
2730	2741	1.352132
2731	2730	4.304348
2731	2732	3.347826
2731	2739	0.792629
2731	2740	1.165631
2732	2731	3.347826
2732	2733	4.826087
2732	2737	0.044455
2732	2738	0.512878
2732	2739	2.004885
2733	2732	4.826087
2733	2734	1.022475
2733	2735	1.025755
2733	2736	1.043478
2733	2737	0.889108
2733	2738	0.792629
2734	2733	1.022475
2734	2735	3.956870
2735	2733	1.025755
2735	2734	3.956870
2735	2736	4.242897
2735	2737	0.381385
2736	2733	1.043478
2736	2735	4.242897
2736	2737	3.912077
2737	2732	0.044455
2737	2733	0.889108
2737	2735	0.381385
2737	2736	3.912077
2737	2738	4.099889
2738	2732	0.512878
2738	2733	0.792629
2738	2737	4.099889
2738	2739	2.700000
2739	2730	0.046625
2739	2731	0.792629
2739	2732	2.004885
2739	2738	2.700000
2739	2740	3.250000
2740	2730	0.792629
2740	2731	1.165631
2740	2739	3.250000
2740	2741	3.650000
2741	2729	0.792629
2741	2730	1.352132
2741	2740	3.650000
2741	2742	2.955734
2742	2727	0.047673
2742	2728	0.762770
2742	2729	2.089405
2742	2741	2.955734
2742	2743	3.689800
2743	2726	0.139876
2743	2727	0.746004
2743	2728	1.072381
2743	2742	3.689800
2743	2744	3.826087
2744	2379	0.046625
2744	2380	0.046625
2744	2725	0.130435
2744	2726	0.979130
2744	2727	1.025755
2744	2743	3.826087
2744	2745	4.149646
2745	2379	0.300000
2745	2380	0.150000
2745	2553	1.800000
2745	2725	0.932505
2745	2726	0.300000
2745	2744	4.149646
2745	2746	1.352132
2746	2533	0.043478
2746	2534	0.266733
2746	2535	4.043478
2746	2552	1.244752
2746	2553	0.326377
2746	2745	1.352132
2746	2747	4.521739
2747	2381	2.869565
2747	2382	0.266733
2747	2534	0.400099
2747	2535	0.347826
2747	2746	4.521739
2747	2748	1.445382
2748	2381	0.559503
2748	2382	0.810443
2748	2534	3.194100
2748	2747	1.445382
2748	2749	2.812715
2748	2750	0.046625
2749	2381	0.711287
2749	2382	3.000000
2749	2401	0.047673
2749	2502	0.090909
2749	2503	0.844653
2749	2504	0.143019
2749	2748	2.812715
2749	2750	3.867622
2750	2380	0.792629
2750	2381	1.260870
2750	2401	0.046625
2750	2402	0.093250
2750	2501	0.043478
2750	2502	0.666831
2750	2503	0.347826
2750	2748	0.046625
2750	2749	3.867622
2750	2751	3.130435
2751	2379	0.792629
2751	2380	1.492008
2751	2402	1.352132
2751	2403	0.279751
2751	2500	0.173913
2751	2501	0.739130
2751	2502	0.222277
2751	2750	3.130435
2751	2752	3.608696
2752	2225	0.043478
2752	2378	0.792629
2752	2379	1.585258
2752	2402	0.046625
2752	2403	0.606128
2752	2500	0.043478
2752	2501	0.086957
2752	2751	3.608696
2752	2753	3.869565
2753	2377	0.792629
2753	2378	1.678509
2753	2752	3.869565
2753	2754	4.223265
2754	2376	0.762770
2754	2377	0.715097
2754	2753	4.223265
2754	2755	3.511978
2754	2785	0.088911
2755	2375	0.885880
2755	2376	2.004885
2755	2754	3.511978
2755	2756	3.730019
2755	2785	0.260870
2755	2786	0.800198
2756	2375	0.750000
2756	2755	3.730019
2756	2757	3.636769
2756	2786	1.716233
2756	2787	0.652753
2756	2810	0.792629
2757	2756	3.636769
2757	2758	2.937390
2757	2787	0.695652
2757	2788	0.391304
2757	2807	0.044455
2757	2809	0.512878
2757	2810	1.826087
2758	2757	2.937390
2758	2759	3.200000
2758	2806	0.047673
2758	2807	0.762770
2758	2809	0.750000
2759	2008	0.050000
2759	2758	3.200000
2759	2760	3.750000
2759	2806	0.667424
2759	2807	0.953463
2760	2006	0.762770
2760	2759	3.750000
2760	2761	2.700000
2760	2805	0.792629
2760	2806	1.048809
2761	2006	1.668560
2761	2760	2.700000
2761	2762	2.450000
2761	2804	0.792629
2761	2805	1.771759
2762	2176	0.046625
2762	2761	2.450000
2762	2763	3.823270
2762	2803	0.792629
2762	2804	1.585258
2763	2762	3.823270
2763	2764	3.689800
2763	2800	0.046625
2763	2801	1.200296
2763	2802	0.711287
2763	2803	0.521739
2764	2763	3.689800
2764	2765	1.096482
2764	2766	3.334157
2764	2800	0.905789
2764	2801	0.590909
2765	1884	0.839254
2765	1885	0.429058
2765	2764	1.096482
2765	2766	1.585258
2766	2764	3.334157
2766	2765	1.585258
2766	2767	4.709149
2766	2799	0.173913
2766	2800	0.652753
2766	2801	0.088911
2767	2766	4.709149
2767	2768	2.900000
2767	2799	0.792629
2767	2800	0.150000
2768	2767	2.900000
2768	2769	3.496893
2768	2798	0.746004
2768	2799	1.538633
2769	1891	0.044455
2769	1892	3.334157
2769	2768	3.496893
2769	2770	1.467029
2769	2772	0.391304
2769	2773	0.088911
2769	2797	0.666831
2769	2798	1.521739
2770	1870	0.088911
2770	1891	1.454545
2770	1892	0.772727
2770	2769	1.467029
2770	2771	2.145291
2770	2772	2.445048
2770	2797	2.454545
2771	1867	0.100000
2771	2770	2.145291
2771	2772	1.119006
2772	2769	0.391304
2772	2770	2.445048
2772	2771	1.119006
2772	2773	0.933564
2772	2795	0.260870
2772	2796	3.173913
2772	2797	0.755742
2773	2769	0.088911
2773	2772	0.933564
2773	2774	4.181818
2773	2795	0.489010
2773	2796	0.711287
2773	2797	3.227273
2773	2798	1.600395
2773	2799	0.355643
2774	2073	0.047673
2774	2773	4.181818
2774	2775	4.134354
2774	2795	0.844653
2774	2798	0.088911
2774	2799	0.355643
2775	2073	0.326377
2775	2074	0.217391
2775	2774	4.134354
2775	2776	4.217391
2775	2794	0.699379
2775	2795	0.913043
2776	2074	0.043478
2776	2075	0.577920
2776	2775	4.217391
2776	2777	4.056396
2776	2793	0.746004
2776	2794	2.004885
2777	2075	0.524404
2777	2076	0.143019
2777	2776	4.056396
2777	2778	3.050000
2777	2792	0.792629
2777	2793	0.800000
2778	2777	3.050000
2778	2779	2.471138
2778	2791	0.932505
2778	2792	1.258881
2779	2778	2.471138
2779	2780	1.244752
2779	2781	1.072381
2779	2789	0.130435
2779	2790	0.932505
2779	2791	2.217391
2780	2105	0.143019
2780	2111	0.889108
2780	2112	1.644851
2780	2779	1.244752
2780	2781	1.144155
2781	1652	2.700000
2781	2779	1.072381
2781	2780	1.144155
2781	2789	0.932505
2781	2790	0.350000
2782	1652	2.900000
2782	2783	2.424513
2782	2787	0.746004
2782	2788	1.352132
2783	2782	2.424513
2783	2784	1.212256
2783	2785	1.869565
2783	2786	0.533465
2783	2787	2.521739
2784	2377	0.650000
2784	2783	1.212256
2784	2785	3.310392
2785	2376	0.932505
2785	2377	0.512878
2785	2754	0.088911
2785	2755	0.260870
2785	2783	1.869565
2785	2784	3.310392
2785	2786	4.089899
2786	2375	0.429058
2786	2376	1.287174
2786	2755	0.800198
2786	2756	1.716233
2786	2783	0.533465
2786	2785	4.089899
2786	2787	1.778217
2786	2810	0.044455
2787	2756	0.652753
2787	2757	0.695652
2787	2782	0.746004
2787	2783	2.521739
2787	2786	1.778217
2787	2788	3.782609
2788	1652	0.746004
2788	2757	0.391304
2788	2782	1.352132
2788	2787	3.782609
2788	2789	3.565217
2789	1652	1.725134
2789	2779	0.130435
2789	2781	0.932505
2789	2788	3.565217
2789	2790	4.802400
2790	2779	0.932505
2790	2781	0.350000
2790	2789	4.802400
2790	2791	3.170516
2791	2778	0.932505
2791	2779	2.217391
2791	2790	3.170516
2791	2792	3.913043
2792	2777	0.792629
2792	2778	1.258881
2792	2791	3.913043
2792	2793	4.149646
2793	2776	0.746004
2793	2777	0.800000
2793	2792	4.149646
2793	2794	2.950000
2794	2074	0.233126
2794	2775	0.699379
2794	2776	2.004885
2794	2793	2.950000
2794	2795	4.196272
2795	2066	0.046625
2795	2067	0.133366
2795	2072	0.046625
2795	2073	0.699379
2795	2074	0.347826
2795	2772	0.260870
2795	2773	0.489010
2795	2774	0.844653
2795	2775	0.913043
2795	2794	4.196272
2795	2796	3.521739
2796	2072	0.279751
2796	2073	0.139876
2796	2772	3.173913
2796	2773	0.711287
2796	2795	3.521739
2796	2797	1.200296
2797	1892	0.045455
2797	2769	0.666831
2797	2770	2.454545
2797	2772	0.755742
2797	2773	3.227273
2797	2796	1.200296
2797	2798	2.311682
2798	1892	0.044455
2798	2768	0.746004
2798	2769	1.521739
2798	2773	1.600395
2798	2774	0.088911
2798	2797	2.311682
2798	2799	3.521739
2799	2766	0.173913
2799	2767	0.792629
2799	2768	1.538633
2799	2773	0.355643
2799	2774	0.355643
2799	2798	3.521739
2799	2800	4.569274
2800	2763	0.046625
2800	2764	0.905789
2800	2766	0.652753
2800	2767	0.150000
2800	2799	4.569274
2800	2801	1.334848
2801	2763	1.200296
2801	2764	0.590909
2801	2766	0.088911
2801	2800	1.334848
2801	2802	3.772727
2802	2763	0.711287
2802	2801	3.772727
2802	2803	2.178316
2803	2762	0.792629
2803	2763	0.521739
2803	2802	2.178316
2803	2804	3.739130
2804	2761	0.792629
2804	2762	1.585258
2804	2803	3.739130
2804	2805	4.000000
2805	2006	0.577920
2805	2760	0.792629
2805	2761	1.771759
2805	2804	4.000000
2805	2806	3.378612
2806	2006	0.227273
2806	2223	0.047673
2806	2758	0.047673
2806	2759	0.667424
2806	2760	1.048809
2806	2805	3.378612
2806	2807	3.772727
2807	2149	0.047673
2807	2757	0.044455
2807	2758	0.762770
2807	2759	0.953463
2807	2806	3.772727
2807	2808	1.155841
2807	2809	2.765042
2808	2007	0.046625
2808	2008	0.279751
2808	2012	0.489010
2808	2013	0.565217
2808	2145	0.043478
2808	2807	1.155841
2808	2809	1.165631
2809	2146	0.047673
2809	2757	0.512878
2809	2758	0.750000
2809	2807	2.765042
2809	2808	1.165631
2809	2810	1.911635
2810	2374	1.538633
2810	2375	2.657639
2810	2756	0.792629
2810	2757	1.826087
2810	2786	0.044455
2810	2809	1.911635
2810	2811	1.165631
2811	2145	2.750889
2811	2146	0.667424
2811	2374	3.500000
2811	2375	0.250000
2811	2810	1.165631
2811	2812	1.492008
2811	2813	0.238366
2812	2123	0.043478
2812	2124	0.466252
2812	2138	0.088911
2812	2375	0.046625
2812	2811	1.492008
2812	2813	3.823166
2813	2124	0.429058
2813	2125	1.144155
2813	2137	0.177822
2813	2138	0.045455
2813	2145	0.577920
2813	2372	0.044455
2813	2373	0.286039
2813	2811	0.238366
2813	2812	3.823166
2813	2814	1.272727
2813	2816	0.222277
2814	2137	0.311188
2814	2138	0.318182
2814	2145	0.755742
2814	2146	1.727273
2814	2234	0.238366
2814	2235	0.047673
2814	2371	0.666831
2814	2372	1.244752
2814	2813	1.272727
2814	2815	1.382521
2814	2816	1.467029
2815	2137	0.279751
2815	2138	0.524404
2815	2814	1.382521
2815	2816	1.398757
2815	3591	1.144155
2815	4023	0.512878
2816	2143	0.043478
2816	2144	0.792629
2816	2145	1.130435
2816	2813	0.222277
2816	2814	1.467029
2816	2815	1.398757
2816	2817	4.382773
2817	2142	0.046625
2817	2143	0.792629
2817	2144	0.600000
2817	2816	4.382773
2817	2818	2.950000
2818	2011	0.350000
2818	2142	0.839254
2818	2143	1.445382
2818	2817	2.950000
2818	2819	3.263767
2819	2076	0.088911
2819	2141	0.792629
2819	2142	2.347826
2819	2818	3.263767
2819	2820	4.347826
2820	2077	0.800198
2820	2139	0.130435
2820	2140	0.746004
2820	2141	1.258881
2820	2819	4.347826
2820	2821	4.569274
2821	2077	0.381385
2821	2078	0.500000
2821	2139	0.792629
2821	2140	0.250000
2821	2820	4.569274
2821	2822	2.145291
2822	2078	0.572078
2822	2139	3.289701
2822	2821	2.145291
2822	2823	4.147562
2822	3547	0.143019
2822	3548	0.667424
2823	2822	4.147562
2823	2824	4.289522
2823	3547	0.650000
2823	3548	0.400000
2824	2823	4.289522
2824	2825	3.111880
2824	3545	0.755742
2824	3546	0.844653
2824	3547	0.373002
2824	4136	0.279751
2825	2824	3.111880
2825	2826	1.244752
2825	2827	3.384792
2825	3544	0.636364
2825	3545	0.772727
2825	4136	0.429058
2826	2825	1.244752
2826	2827	1.958260
2826	3543	2.217391
2826	3544	0.222277
2827	2825	3.384792
2827	2826	1.958260
2827	2828	1.906925
2827	3543	1.771759
2827	3544	0.810443
2827	3545	0.095346
2828	2827	1.906925
2828	2829	4.363636
2828	3536	0.045455
2828	3537	0.333712
2828	3543	0.666831
2828	3544	3.272727
2828	4134	0.858116
2829	2828	4.363636
2829	2830	3.527812
2829	2885	0.577920
2829	3535	0.088911
2829	3536	0.272727
2829	3541	0.044455
2829	3542	0.667424
2829	3543	0.711287
2830	2829	3.527812
2830	2831	1.445382
2830	2885	1.492008
2830	3204	1.500000
2830	3541	0.839254
2830	3542	0.250000
2831	2312	0.559503
2831	2313	0.133366
2831	2830	1.445382
2831	2832	1.555940
2831	2885	0.391304
2831	3171	0.606128
2831	3173	0.792629
2831	3174	0.755742
2831	3203	0.043478
2831	3204	0.373002
2832	2317	0.762770
2832	2318	0.095346
2832	2831	1.555940
2832	2833	1.239501
2832	2834	0.181818
2832	3174	3.272727
2832	3202	0.715097
2832	3203	0.266733
2832	3204	0.047673
2833	2275	0.095346
2833	2832	1.239501
2833	2834	1.287174
2833	2835	0.762770
2833	3202	0.200000
2833	3214	0.050000
2833	3533	0.419627
2833	3534	1.398757
2834	2832	0.181818
2834	2833	1.287174
2834	2835	1.090909
2834	2856	0.177822
2834	2857	1.716233
2834	2862	1.363636
2834	3200	0.572078
2834	3201	0.800198
2834	3202	1.716233
2835	2833	0.762770
2835	2834	1.090909
2835	2836	2.409091
2835	2855	0.572078
2835	2856	1.200296
2835	3201	0.711287
2835	3202	0.190693
2836	2835	2.409091
2836	2837	2.667325
2836	2854	0.667424
2836	2855	1.334848
2836	3201	1.155841
2836	3202	0.143019
2837	2836	2.667325
2837	2838	4.712275
2837	2853	0.932505
2837	2854	1.911635
2837	3206	0.043478
2838	2837	4.712275
2838	2839	3.556434
2838	2852	0.667424
2838	2853	0.905789
2839	2838	3.556434
2839	2840	4.260870
2839	2851	0.839254
2839	2852	1.538633
2840	2839	4.260870
2840	2841	4.086957
2840	2850	0.839254
2840	2851	1.305507
2841	2840	4.086957
2841	2842	4.569274
2841	2849	0.792629
2841	2850	1.538633
2842	2841	4.569274
2842	2843	3.916520
2842	2846	0.667424
2842	2849	0.050000
2842	2889	0.100000
2843	2842	3.916520
2843	2844	1.155841
2843	2845	1.782609
2843	2846	1.155841
2843	2889	0.885880
2844	2052	3.289701
2844	2843	1.155841
2844	2845	4.489998
2844	2889	0.047673
2845	2843	1.782609
2845	2844	4.489998
2845	2846	1.022475
2845	2888	0.391304
2845	2889	3.077266
2846	2842	0.667424
2846	2843	1.155841
2846	2845	1.022475
2846	2847	1.136364
2846	2848	0.524404
2846	2849	2.574349
2846	2888	0.088911
2846	2889	2.955734
2847	2846	1.136364
2847	2848	4.195235
2847	2886	0.190693
2847	3204	0.381385
2847	3205	1.289207
2847	3540	0.044455
2848	2846	0.524404
2848	2847	4.195235
2848	2849	1.650000
2848	2850	0.050000
2848	2886	0.750000
2848	2887	2.150000
2848	2888	0.046625
2848	3203	0.512878
2848	3204	0.050000
2849	2841	0.792629
2849	2842	0.050000
2849	2846	2.574349
2849	2848	1.650000
2849	2850	2.850000
2849	2889	0.150000
2849	2890	0.850000
2849	3203	0.373002
2850	2840	0.839254
2850	2841	1.538633
2850	2848	0.050000
2850	2849	2.850000
2850	2851	2.850000
2850	3092	0.100000
2851	2839	0.839254
2851	2840	1.305507
2851	2850	2.850000
2851	2852	3.500000
2851	3092	0.250000
2851	3093	0.095346
2852	2838	0.667424
2852	2839	1.538633
2852	2851	3.500000
2852	2853	3.650000
2852	3093	0.047673
2853	2837	0.932505
2853	2838	0.905789
2853	2852	3.650000
2853	2854	3.000000
2854	2836	0.667424
2854	2837	1.911635
2854	2853	3.000000
2854	2855	3.200000
2855	2835	0.572078
2855	2836	1.334848
2855	2854	3.200000
2855	2856	2.657639
2855	3201	0.792629
2856	2834	0.177822
2856	2835	1.200296
2856	2855	2.657639
2856	2857	3.683394
2856	3199	0.043478
2856	3200	0.792629
2856	3201	2.869565
2856	4230	0.521739
2856	4231	0.046625
2857	2834	1.716233
2857	2856	3.683394
2857	2858	2.700000
2857	2862	0.572078
2857	3195	0.050000
2857	3199	0.792629
2857	3200	0.750000
2857	4230	0.046625
2857	4231	0.450000
2857	4232	0.095346
2858	2857	2.700000
2858	2859	3.916520
2858	2861	0.143019
2858	2862	2.002271
2858	3195	0.050000
2858	3196	0.050000
2858	3198	0.792629
2858	3199	1.492008
2859	2858	3.916520
2859	2860	1.258881
2859	2861	1.689306
2859	3183	0.173913
2859	3195	1.865010
2859	3196	0.885880
2859	3197	0.711287
2859	3198	0.521739
2860	2859	1.258881
2860	2861	1.668560
2860	3182	2.984015
2860	3183	0.139876
2860	3184	0.046625
2860	3190	2.145291
2860	3191	0.326377
2860	3195	0.150000
2861	2858	0.143019
2861	2859	1.689306
2861	2860	1.668560
2861	2862	1.681818
2861	2863	3.600889
2861	3182	0.844653
2861	3196	0.047673
2861	3197	0.409091
2861	3198	0.088911
2862	2834	1.363636
2862	2857	0.572078
2862	2858	2.002271
2862	2861	1.681818
2862	2863	1.066930
2862	3163	0.095346
2862	3164	0.227273
2862	3198	0.044455
2862	3199	0.088911
2862	3200	0.095346
2863	2861	3.600889
2863	2862	1.066930
2863	2864	4.429398
2863	3164	0.044455
2863	3181	0.792629
2863	3182	0.521739
2863	3197	0.444554
2863	3198	0.956522
2863	3199	0.478261
2864	2863	4.429398
2864	2865	2.750000
2864	3180	0.746004
2864	3181	0.800000
2864	3198	0.139876
2865	2864	2.750000
2865	2866	2.500000
2865	3163	0.050000
2865	3179	0.746004
2865	3180	2.051511
2866	2865	2.500000
2866	2867	2.574349
2866	3163	0.050000
2866	3178	0.746004
2866	3179	1.958260
2867	2866	2.574349
2867	2868	3.500000
2867	2939	0.181818
2867	3162	0.755742
2867	3178	2.089405
2868	2867	3.500000
2868	2869	4.801186
2868	3162	0.711287
2868	3164	0.454545
2868	3167	0.238366
2869	2868	4.801186
2869	2870	3.869565
2869	3161	0.792629
2869	3162	0.478261
2869	3164	0.088911
2869	3166	0.044455
2869	3167	1.119006
2870	2869	3.869565
2870	2871	2.826087
2870	2873	0.606128
2870	3159	0.133366
2870	3160	0.792629
2870	3161	1.258881
2870	3166	0.222277
2870	3167	0.699379
2870	3168	0.046625
2871	2870	2.826087
2871	2872	1.631883
2871	2873	0.233126
2871	3158	0.093250
2871	3159	0.311188
2871	3160	0.046625
2872	2871	1.631883
2872	2873	2.450000
2872	2874	0.600000
2872	2899	0.326377
2872	2900	0.400000
2872	3159	2.240637
2873	2870	0.606128
2873	2871	0.233126
2873	2872	2.450000
2873	2874	1.300000
2873	2892	0.559503
2873	2893	0.650000
2873	3159	0.762770
2873	3160	0.250000
2873	3166	1.430194
2874	2872	0.600000
2874	2873	1.300000
2874	2875	3.150000
2874	2892	0.326377
2874	2898	0.792629
2874	2899	1.445382
2874	2953	0.047673
2874	3159	0.476731
2874	3160	1.000000
2874	3166	0.047673
2875	2874	3.150000
2875	2876	3.400000
2875	2892	0.046625
2875	2897	0.979130
2875	2898	1.585258
2875	2952	0.810443
2875	2953	0.524404
2876	2875	3.400000
2876	2877	3.289446
2876	2896	0.762770
2876	2897	1.352132
2876	2952	0.286039
2877	2876	3.289446
2877	2878	4.195235
2877	2894	0.044455
2877	2895	0.762770
2877	2896	1.772727
2878	2877	4.195235
2878	2879	2.517763
2878	2894	0.792629
2878	2895	0.400000
2879	2878	2.517763
2879	2880	3.310392
2879	2881	0.044455
2879	2882	0.044455
2879	2890	0.046625
2879	2891	0.044455
2879	2893	0.792629
2879	2894	2.913043
2880	2879	3.310392
2880	2881	1.048809
2880	2882	0.286039
2880	2883	0.150000
2880	2884	0.046625
2880	2889	0.650000
2880	2890	0.750000
2880	2891	0.619751
2880	2893	0.450000
2881	2052	0.177822
2881	2053	0.044455
2881	2879	0.044455
2881	2880	1.048809
2881	2882	4.545455
2881	2894	0.177822
2882	2879	0.044455
2882	2880	0.286039
2882	2881	4.545455
2882	2883	3.480138
2882	2891	0.090909
2882	2893	0.619751
2883	2880	0.150000
2883	2882	3.480138
2883	2884	2.844140
2883	2891	0.667424
2883	2893	0.350000
2884	2880	0.046625
2884	2883	2.844140
2884	2885	1.130435
2884	2886	0.139876
2884	2888	2.260870
2884	2890	0.792629
2884	2891	2.044949
2884	3172	1.956039
2884	3203	0.086957
2885	2829	0.577920
2885	2830	1.492008
2885	2831	0.391304
2885	2884	1.130435
2885	2886	0.885880
2885	3172	1.022475
2885	3203	0.391304
2885	3204	0.139876
2885	3542	0.046625
2885	3543	0.173913
2886	2847	0.190693
2886	2848	0.750000
2886	2884	0.139876
2886	2885	0.885880
2886	2887	3.750000
2886	3203	0.746004
2886	3204	1.750000
2886	3541	0.792629
2886	3542	0.400000
2887	2848	2.150000
2887	2886	3.750000
2887	2888	4.056396
2887	3203	0.652753
2887	3541	0.139876
2888	2845	0.391304
2888	2846	0.088911
2888	2848	0.046625
2888	2884	2.260870
2888	2887	4.056396
2888	2889	1.818384
2888	2890	1.585258
2888	3203	0.565217
2889	2842	0.100000
2889	2843	0.885880
2889	2844	0.047673
2889	2845	3.077266
2889	2846	2.955734
2889	2849	0.150000
2889	2880	0.650000
2889	2888	1.818384
2889	2890	2.150000
2890	2849	0.850000
2890	2879	0.046625
2890	2880	0.750000
2890	2884	0.792629
2890	2888	1.585258
2890	2889	2.150000
2890	2891	3.241773
2891	2879	0.044455
2891	2880	0.619751
2891	2882	0.090909
2891	2883	0.667424
2891	2884	2.044949
2891	2890	3.241773
2891	2892	1.378118
2891	2893	3.241773
2892	2873	0.559503
2892	2874	0.326377
2892	2875	0.046625
2892	2891	1.378118
2892	2893	1.585258
2892	3165	3.511978
2892	3166	0.711287
2893	2873	0.650000
2893	2879	0.792629
2893	2880	0.450000
2893	2882	0.619751
2893	2883	0.350000
2893	2891	3.241773
2893	2892	1.585258
2893	2894	1.631883
2894	2877	0.044455
2894	2878	0.792629
2894	2879	2.913043
2894	2881	0.177822
2894	2893	1.631883
2894	2895	3.823270
2895	2877	0.762770
2895	2878	0.400000
2895	2894	3.823270
2895	2896	3.718504
2896	2876	0.762770
2896	2877	1.772727
2896	2895	3.718504
2896	2897	3.823166
2897	2875	0.979130
2897	2876	1.352132
2897	2896	3.823166
2897	2898	4.652174
2898	2874	0.792629
2898	2875	1.585258
2898	2897	4.652174
2898	2899	4.043478
2898	2952	0.044455
2898	2953	0.755742
2899	2872	0.326377
2899	2874	1.445382
2899	2898	4.043478
2899	2900	2.238012
2899	2953	1.022475
2899	3159	0.444554
2900	2872	0.400000
2900	2899	2.238012
2900	2901	1.400000
2900	2954	0.550000
2900	3158	0.500000
2900	3159	2.145291
2901	2900	1.400000
2901	2902	1.334848
2901	2954	0.450000
2901	2955	0.381385
2901	2957	2.050000
2901	2958	0.200000
2901	3158	1.000000
2902	2901	1.334848
2902	2903	1.155841
2902	2904	0.400099
2902	2905	2.526676
2902	2956	0.143019
2902	2957	3.146427
2902	2958	0.190693
2902	3157	0.088911
2902	3158	0.858116
2903	2902	1.155841
2903	2904	2.782609
2903	2944	0.889108
2903	2964	0.792629
2903	2965	1.678509
2903	3153	1.822672
2903	3154	0.046625
2904	2902	0.400099
2904	2903	2.782609
2904	2905	1.305507
2904	2906	0.043478
2904	2944	2.089405
2904	2945	2.652174
2904	2963	0.792629
2904	2964	1.678509
2905	2902	2.526676
2905	2904	1.305507
2905	2906	2.424513
2905	2943	0.050000
2905	2944	0.190693
2905	2945	0.046625
2905	2956	0.450000
2905	3157	0.885880
2906	2904	0.043478
2906	2905	2.424513
2906	2907	4.130435
2906	3156	0.839254
2906	3157	2.956522
2907	2906	4.130435
2907	2908	4.043478
2907	2942	0.043478
2907	3155	0.792629
2907	3156	1.818384
2908	1659	0.046625
2908	1660	0.139876
2908	2907	4.043478
2908	2909	4.045443
2908	2910	0.466252
2908	2911	0.046625
2908	3154	0.839254
2908	3155	1.585258
2909	1660	0.619751
2909	1661	0.311188
2909	2908	4.045443
2909	2910	1.430194
2909	3154	0.905789
2910	2908	0.466252
2910	2909	1.430194
2910	2911	2.400000
2910	2941	0.792629
2910	2942	1.025755
2910	3129	0.047673
2911	2908	0.046625
2911	2910	2.400000
2911	2912	3.950000
2911	2940	0.792629
2911	2941	2.004885
2911	3128	1.001136
2911	3129	0.905789
2912	2911	3.950000
2912	2913	1.096482
2912	2935	0.050000
2912	2936	0.050000
2912	2937	1.212256
2912	2938	0.715097
2912	2940	0.792629
2912	3126	0.047673
2912	3127	0.905789
2912	3128	0.953463
2913	2255	0.810443
2913	2256	0.095346
2913	2333	0.133366
2913	2912	1.096482
2913	2914	3.954545
2913	2915	0.044455
2913	2936	0.047673
2913	2937	1.244752
2913	2938	3.090909
2913	3126	0.272727
2913	3127	0.181818
2914	2254	0.524404
2914	2255	0.810443
2914	2333	0.711287
2914	2334	0.088911
2914	2913	3.954545
2914	2915	4.000988
2914	2937	0.844653
2915	2334	0.521739
2915	2335	0.373002
2915	2913	0.044455
2915	2914	4.000988
2915	2916	4.434783
2915	2936	0.792629
2915	2937	0.956522
2916	2335	0.326377
2916	2915	4.434783
2916	2917	4.942275
2916	2934	0.130435
2916	2935	0.792629
2916	2936	1.398757
2917	2916	4.942275
2917	2918	4.569274
2917	2932	0.050000
2917	2934	0.699379
2917	2935	0.400000
2918	2917	4.569274
2918	2919	1.022475
2918	2931	1.782609
2918	2932	0.699379
2918	2933	0.577920
2918	2934	0.739130
2919	2918	1.022475
2919	2920	2.272727
2919	2921	0.044455
2919	2931	0.400099
2919	2932	0.715097
2919	2933	1.545455
2920	2919	2.272727
2920	2921	3.423068
2920	2931	0.800198
2920	2932	2.669695
2921	2919	0.044455
2921	2920	3.423068
2921	2922	4.196272
2921	2930	0.792629
2921	2931	1.043478
2922	2921	4.196272
2922	2923	3.100000
2922	2929	0.792629
2922	2930	0.850000
2922	3350	0.524404
2923	1583	0.134840
2923	2922	3.100000
2923	2924	2.471138
2923	2928	0.746004
2923	2929	1.865010
2923	3349	0.858116
2923	3350	1.001136
2924	1530	0.936382
2924	2923	2.471138
2924	2925	0.933564
2924	2926	1.155841
2924	2927	0.533465
2924	2928	2.956522
2924	3348	0.746004
2924	3349	0.266733
2925	1530	0.435194
2925	1538	0.150756
2925	1539	0.087039
2925	1563	1.285649
2925	1565	0.061546
2925	1713	1.022475
2925	1714	0.933564
2925	2924	0.933564
2925	2926	3.590909
2926	1735	0.047673
2926	1736	0.858116
2926	1737	0.181818
2926	2924	1.155841
2926	2925	3.590909
2926	2927	4.500000
2927	1736	0.715097
2927	1737	0.272727
2927	2924	0.533465
2927	2926	4.500000
2927	2928	2.845147
2928	2923	0.746004
2928	2924	2.956522
2928	2927	2.845147
2928	2929	3.565217
2928	3349	0.088911
2929	2922	0.792629
2929	2923	1.865010
2929	2928	3.565217
2929	2930	4.196272
2929	3349	0.400099
2929	3350	0.844653
2930	2921	0.792629
2930	2922	0.850000
2930	2929	4.196272
2930	2931	3.683394
2930	3350	0.333712
2930	3351	0.279751
2931	2918	1.782609
2931	2919	0.400099
2931	2920	0.800198
2931	2921	1.043478
2931	2930	3.683394
2931	2932	1.305507
2932	2917	0.050000
2932	2918	0.699379
2932	2919	0.715097
2932	2920	2.669695
2932	2931	1.305507
2932	2933	3.480138
2933	2918	0.577920
2933	2919	1.545455
2933	2932	3.480138
2933	2934	4.578909
2934	2916	0.130435
2934	2917	0.699379
2934	2918	0.739130
2934	2933	4.578909
2934	2935	4.942275
2935	1653	0.093250
2935	2912	0.050000
2935	2916	0.792629
2935	2917	0.400000
2935	2934	4.942275
2935	2936	2.950000
2936	1653	0.279751
2936	1654	0.606128
2936	2912	0.050000
2936	2913	0.047673
2936	2915	0.792629
2936	2916	1.398757
2936	2935	2.950000
2936	2937	4.009771
2937	2333	0.043478
2937	2912	1.212256
2937	2913	1.244752
2937	2914	0.844653
2937	2915	0.956522
2937	2936	4.009771
2937	2938	1.111386
2938	1655	0.044455
2938	2256	0.429058
2938	2912	0.715097
2938	2913	3.090909
2938	2937	1.111386
2938	2939	1.636364
2938	2940	3.600889
2938	3126	0.227273
2938	3127	0.045455
2939	2331	0.933564
2939	2332	1.244752
2939	2867	0.181818
2939	2938	1.636364
2939	2940	1.111386
2940	2256	0.559503
2940	2257	0.565217
2940	2911	0.792629
2940	2912	0.792629
2940	2938	3.600889
2940	2939	1.111386
2940	2941	3.434783
2940	3126	0.711287
2940	3127	0.355643
2940	3128	0.133366
2941	2910	0.792629
2941	2911	2.004885
2941	2940	3.434783
2941	2942	4.000000
2941	2986	0.086957
2941	3126	0.044455
2941	3127	0.311188
2941	3128	0.844653
2941	3129	0.533465
2942	2907	0.043478
2942	2910	1.025755
2942	2941	4.000000
2942	2943	2.937390
2942	3129	0.355643
2942	3130	0.739130
2943	2905	0.050000
2943	2942	2.937390
2943	2944	1.668560
2943	3130	0.093250
2944	2903	0.889108
2944	2904	2.089405
2944	2905	0.190693
2944	2943	1.668560
2944	2945	0.933564
2944	2964	0.667424
2944	2965	1.287174
2945	2904	2.652174
2945	2905	0.046625
2945	2944	0.933564
2945	2946	4.056396
2945	2956	0.792629
2945	2961	0.173913
2945	2962	0.746004
2945	2963	1.911635
2946	2945	4.056396
2946	2947	3.400000
2946	2956	0.500000
2946	2960	0.046625
2946	2961	0.885880
2946	3028	0.429058
2947	2946	3.400000
2947	2948	3.310392
2947	2960	0.792629
2947	2961	0.885880
2947	3027	0.450000
2947	3028	1.001136
2947	3081	0.046625
2948	2947	3.310392
2948	2949	3.434783
2948	2959	0.746004
2948	2960	2.565217
2948	3027	0.093250
2948	3082	0.521739
2948	3083	0.217391
2949	2948	3.434783
2949	2950	4.522648
2949	2955	0.133366
2949	2957	0.046625
2949	2958	0.792629
2949	2959	1.585258
2949	3083	0.304348
2949	3084	0.043478
2950	2949	4.522648
2950	2951	1.350000
2950	2954	0.150000
2950	2955	0.810443
2950	2958	0.250000
2951	2950	1.350000
2951	2952	1.334848
2951	2953	1.334848
2951	2954	2.100000
2952	2875	0.810443
2952	2876	0.286039
2952	2898	0.044455
2952	2951	1.334848
2952	2953	4.318182
2953	2874	0.047673
2953	2875	0.524404
2953	2898	0.755742
2953	2899	1.022475
2953	2951	1.334848
2953	2952	4.318182
2953	2954	1.191828
2953	3159	0.045455
2953	3160	0.047673
2954	2900	0.550000
2954	2901	0.450000
2954	2950	0.150000
2954	2951	2.100000
2954	2953	1.191828
2954	2955	4.290582
2954	2957	0.150000
2954	3158	0.050000
2954	3159	0.238366
2954	3160	0.300000
2955	2901	0.381385
2955	2949	0.133366
2955	2950	0.810443
2955	2954	4.290582
2955	2956	1.334848
2955	2957	1.430194
2955	2958	3.098753
2955	3158	0.047673
2955	3159	0.272727
2955	3160	0.190693
2956	2902	0.143019
2956	2905	0.450000
2956	2945	0.792629
2956	2946	0.500000
2956	2955	1.334848
2956	2957	1.400000
2957	2901	2.050000
2957	2902	3.146427
2957	2949	0.046625
2957	2954	0.150000
2957	2955	1.430194
2957	2956	1.400000
2957	2958	2.000000
2957	2959	0.200000
2957	3158	0.600000
2958	2901	0.200000
2958	2902	0.190693
2958	2949	0.792629
2958	2950	0.250000
2958	2955	3.098753
2958	2957	2.000000
2958	2959	2.650000
2959	2948	0.746004
2959	2949	1.585258
2959	2957	0.200000
2959	2958	2.650000
2959	2960	2.704264
2960	2946	0.046625
2960	2947	0.792629
2960	2948	2.565217
2960	2959	2.704264
2960	2961	4.739130
2961	2945	0.173913
2961	2946	0.885880
2961	2947	0.885880
2961	2960	4.739130
2961	2962	5.128776
2961	3028	0.044455
2961	3080	0.046625
2961	3081	0.347826
2962	2945	0.746004
2962	2961	5.128776
2962	2963	2.150000
2962	3029	0.233126
2962	3079	0.419627
2963	2904	0.792629
2963	2945	1.911635
2963	2962	2.150000
2963	2964	2.900000
2963	3030	1.382521
2963	3079	0.326377
2964	2903	0.792629
2964	2904	1.678509
2964	2944	0.667424
2964	2963	2.900000
2964	2965	2.550000
2964	3030	0.143019
2965	2903	1.678509
2965	2944	1.287174
2965	2964	2.550000
2965	2966	3.800000
2965	3153	0.762770
2966	2965	3.800000
2966	2967	3.700000
2966	3152	0.715097
2966	3153	0.858116
2967	1672	0.524404
2967	2966	3.700000
2967	2968	2.850000
2967	3151	0.699379
2967	3152	1.096482
2968	1671	0.953463
2968	1672	1.239501
2968	2967	2.850000
2968	2969	3.050000
2968	3149	0.046625
2968	3150	0.792629
2968	3151	1.258881
2969	1671	0.524404
2969	2968	3.050000
2969	2970	3.543518
2969	3149	0.792629
2969	3150	1.305507
2970	2969	3.543518
2970	2971	4.103021
2970	3147	0.043478
2970	3148	0.839254
2970	3149	2.347826
2971	2970	4.103021
2971	2972	3.003407
2971	3147	0.885880
2971	3148	0.550000
2972	2971	3.003407
2972	2973	4.223265
2972	3146	0.667424
2972	3147	2.089405
2973	2972	4.223265
2973	2974	4.086957
2973	3145	0.932505
2973	3146	1.492008
2974	2973	4.086957
2974	2975	3.683394
2974	3143	0.088911
2974	3144	0.792629
2974	3145	1.492008
2975	2974	3.683394
2975	2976	1.258881
2975	2977	0.250000
2975	3143	0.667424
2975	3144	0.150000
2976	2975	1.258881
2976	2977	3.776644
2976	3138	0.434783
2976	3139	0.932505
2976	3140	1.511484
2976	3142	0.088911
2977	2975	0.250000
2977	2976	3.776644
2977	2978	4.662524
2977	3138	1.025755
2977	3139	0.250000
2977	3142	0.429058
2977	3143	0.762770
2977	3144	0.750000
2978	2977	4.662524
2978	2979	1.066930
2978	3135	0.746004
2978	3136	1.111386
2978	3137	0.933564
2978	3138	1.173913
2978	3143	0.133366
2978	3144	0.559503
2979	2978	1.066930
2979	2980	1.334848
2979	2981	4.134354
2979	3053	0.272727
2979	3135	0.715097
2979	3136	3.272727
2980	2979	1.334848
2980	2981	1.258881
2981	2979	4.134354
2981	2980	1.258881
2981	2982	2.782609
2981	3053	0.400099
2981	3134	0.652753
2981	3135	0.326377
2982	2981	2.782609
2982	2983	4.608696
2982	3050	0.434783
2982	3051	0.512878
2982	3053	0.177822
2982	3054	0.355643
2982	3056	0.326377
2982	3133	0.979130
2982	3134	1.678509
2983	2982	4.608696
2983	2984	3.652174
2983	3050	0.695652
2983	3056	0.046625
2983	3057	0.559503
2983	3132	0.792629
2983	3133	1.445382
2984	2983	3.652174
2984	2985	4.695652
2984	3057	0.046625
2984	3131	0.792629
2984	3132	1.818384
2985	2984	4.695652
2985	2986	5.000000
2985	3116	0.043478
2985	3129	0.222277
2985	3130	0.391304
2985	3131	0.419627
2986	2941	0.086957
2986	2985	5.000000
2986	2987	4.267721
2986	3116	0.304348
2986	3128	0.489010
2986	3129	0.844653
2986	3130	0.260870
2987	2986	4.267721
2987	2988	3.861523
2987	3127	1.045455
2987	3128	0.590909
2988	2987	3.861523
2988	2989	1.119006
2988	3125	0.139876
2988	3126	1.096482
2988	3127	0.381385
2989	2988	1.119006
2989	2990	4.382773
2989	3120	0.217391
2989	3121	0.792629
2989	3122	0.419627
2989	3125	4.217391
2990	2325	0.050000
2990	2989	4.382773
2990	2991	3.850000
2990	3119	0.095346
2990	3120	0.792629
2990	3121	0.050000
2991	2290	0.333712
2991	2325	0.450000
2991	2990	3.850000
2991	2992	3.950000
2991	3118	0.046625
2991	3119	0.667424
2991	3120	0.839254
2992	2289	0.326377
2992	2290	0.238366
2992	2991	3.950000
2992	2993	3.900000
2992	3118	0.792629
2992	3119	0.715097
2993	2992	3.900000
2993	2994	1.239501
2993	3117	0.606128
2993	3118	1.445382
2994	2993	1.239501
2994	2995	4.356631
2994	3114	0.047673
2994	3115	0.272727
2994	3117	1.422574
2995	2994	4.356631
2995	2996	4.347826
2995	3036	0.177822
2995	3037	0.347826
2995	3113	0.046625
2995	3114	0.746004
2995	3115	0.177822
2996	2995	4.347826
2996	2997	4.149646
2996	3036	0.622376
2996	3112	0.043478
2996	3113	0.792629
2996	3114	1.165631
2997	2996	4.149646
2997	2998	3.450000
2997	3075	0.550000
2997	3110	0.047673
2997	3112	0.792629
2997	3113	0.500000
2998	2997	3.450000
2998	2999	2.479003
2998	3075	0.500000
2998	3076	0.373002
2998	3109	0.512878
2998	3110	0.715097
2998	3112	0.699379
2999	2998	2.479003
2999	3000	3.334157
2999	3027	0.047673
2999	3109	0.533465
2999	3110	2.636364
3000	2999	3.334157
3000	3001	4.347826
3000	3108	0.979130
3000	3109	1.000000
3001	3000	4.347826
3001	3002	3.565217
3001	3107	0.792629
3001	3108	1.911635
3001	3183	0.347826
3001	3184	0.608696
3002	3001	3.565217
3002	3003	3.695652
3002	3106	0.746004
3002	3107	1.398757
3002	3183	0.043478
3002	3184	0.304348
3002	3185	0.139876
3003	3002	3.695652
3003	3004	3.652174
3003	3105	0.746004
3003	3106	1.492008
3004	1677	1.644851
3004	3003	3.652174
3004	3005	2.051511
3004	3025	1.130435
3004	3104	0.792629
3004	3105	1.445382
3005	1677	1.716233
3005	3004	2.051511
3005	3006	2.950000
3005	3025	0.792629
3005	3104	0.050000
3006	3005	2.950000
3006	3007	2.750889
3006	3024	0.606128
3006	3025	1.352132
3006	3103	0.524404
3007	3006	2.750889
3007	3008	4.347826
3007	3023	0.792629
3007	3024	2.565217
3007	3085	0.311188
3007	3102	1.200296
3007	3103	0.755742
3008	1683	2.445048
3008	3007	4.347826
3008	3021	0.046625
3008	3022	0.699379
3008	3023	1.352132
3008	3085	0.844653
3008	3086	0.666831
3008	3100	0.133366
3008	3102	0.133366
3009	1683	4.089899
3009	3010	4.382773
3009	3020	0.086957
3009	3021	0.792629
3010	3009	4.382773
3010	3011	2.900000
3010	3012	0.190693
3010	3020	0.792629
3010	3021	0.200000
3011	3010	2.900000
3011	3012	1.859252
3011	3016	0.667424
3011	3017	1.500000
3011	3018	0.373002
3011	3020	0.559503
3012	3010	0.190693
3012	3011	1.859252
3012	3013	1.382521
3012	3016	0.272727
3012	4223	1.811579
3012	4224	0.429058
3013	3012	1.382521
3013	3014	1.538633
3013	4223	0.650000
3013	4226	0.095346
3013	4227	0.046625
3014	3013	1.538633
3014	3015	3.869565
3014	4225	0.792629
3014	4226	0.711287
3014	4370	0.521739
3014	4371	0.419627
3015	3014	3.869565
3015	3016	3.867622
3015	4224	0.746004
3015	4225	1.818384
3015	4371	0.046625
3016	3011	0.667424
3016	3012	0.272727
3016	3015	3.867622
3016	3017	1.287174
3016	3018	0.177822
3016	4224	1.287174
3017	3011	1.500000
3017	3016	1.287174
3017	3018	3.543518
3018	3011	0.373002
3018	3016	0.177822
3018	3017	3.543518
3018	3019	1.289207
3018	3020	3.869565
3019	1677	1.909091
3019	3018	1.289207
3019	3020	1.155841
3020	3009	0.086957
3020	3010	0.792629
3020	3011	0.559503
3020	3018	3.869565
3020	3019	1.155841
3020	3021	4.103021
3020	4224	0.139876
3021	3008	0.046625
3021	3009	0.792629
3021	3010	0.200000
3021	3020	4.103021
3021	3022	3.850000
3021	4224	0.650000
3022	1683	0.238366
3022	3008	0.699379
3022	3021	3.850000
3022	3023	2.650000
3022	3086	0.095346
3023	3007	0.792629
3023	3008	1.352132
3023	3022	2.650000
3023	3024	3.357017
3023	3085	1.191828
3023	3086	1.048809
3024	3006	0.606128
3024	3007	2.565217
3024	3023	3.357017
3024	3025	4.000000
3024	3084	0.043478
3024	3085	0.800198
3024	3102	0.266733
3024	3103	0.800198
3025	1689	0.652753
3025	3004	1.130435
3025	3005	0.792629
3025	3006	1.352132
3025	3024	4.000000
3025	3026	1.025755
3025	3103	0.489010
3025	3104	1.492008
3026	1689	1.100000
3026	3025	1.025755
3026	3027	2.550000
3026	3082	0.792629
3026	3083	1.025755
3026	3104	0.350000
3027	2947	0.450000
3027	2948	0.093250
3027	2999	0.047673
3027	3026	2.550000
3027	3028	3.098753
3027	3081	0.885880
3027	3082	2.051511
3028	2946	0.429058
3028	2947	1.001136
3028	2961	0.044455
3028	3027	3.098753
3028	3029	4.534453
3028	3080	0.619751
3028	3081	1.867128
3029	2962	0.233126
3029	3028	4.534453
3029	3030	1.511484
3029	3078	1.913043
3029	3079	0.695652
3029	3080	0.746004
3030	2963	1.382521
3030	2964	0.143019
3030	3029	1.511484
3030	3031	3.954545
3030	3078	1.022475
3030	3079	2.667325
3031	3030	3.954545
3031	3032	4.845641
3031	3078	0.844653
3032	3031	4.845641
3032	3033	4.895650
3032	3076	0.260870
3032	3077	0.885880
3032	3078	0.217391
3033	3032	4.895650
3033	3034	2.937390
3033	3076	1.025755
3033	3077	0.050000
3034	3033	2.937390
3034	3035	3.590144
3034	3074	0.130435
3034	3075	0.792629
3034	3076	2.521739
3035	3034	3.590144
3035	3036	2.669695
3035	3074	0.746004
3035	3075	0.300000
3036	2995	0.177822
3036	2996	0.622376
3036	3035	2.669695
3036	3037	4.489998
3036	3073	0.762770
3036	3074	2.044949
3036	3114	0.095346
3037	2995	0.347826
3037	3036	4.489998
3037	3038	3.565217
3037	3071	0.046625
3037	3072	0.932505
3037	3073	1.585258
3037	3114	0.979130
3037	3115	0.444554
3038	3037	3.565217
3038	3039	4.434783
3038	3071	0.606128
3038	3072	1.492008
3038	3114	0.046625
3038	3115	0.978019
3038	3116	0.173913
3038	3117	0.347826
3039	3038	4.434783
3039	3040	3.823270
3039	3069	0.130435
3039	3070	0.792629
3039	3071	0.839254
3039	3116	0.217391
3039	3117	0.173913
3039	3118	0.043478
3040	3039	3.823270
3040	3041	1.305507
3040	3069	0.606128
3040	3070	0.100000
3041	3040	1.305507
3041	3042	3.608696
3041	3064	0.699379
3041	3065	1.467029
3041	3067	0.088911
3042	3041	3.608696
3042	3043	3.869565
3042	3063	0.746004
3042	3064	1.352132
3043	3042	3.869565
3043	3044	4.401087
3043	3062	0.979130
3043	3063	1.631883
3044	3043	4.401087
3044	3045	3.778711
3044	3061	0.667424
3044	3062	1.144155
3045	3044	3.778711
3045	3046	3.913043
3045	3060	0.792629
3045	3061	1.352132
3046	3045	3.913043
3046	3047	4.802400
3046	3058	0.043478
3046	3059	0.792629
3046	3060	1.445382
3047	3046	4.802400
3047	3048	1.620886
3047	3049	0.046625
3047	3058	0.606128
3047	3059	0.400000
3048	3047	1.620886
3048	3049	1.155841
3048	3052	0.363636
3049	3047	0.046625
3049	3048	1.155841
3049	3050	3.347826
3049	3052	0.666831
3049	3057	0.839254
3049	3058	2.478261
3050	2982	0.434783
3050	2983	0.695652
3050	3049	3.347826
3050	3051	1.352132
3050	3052	0.044455
3050	3054	1.155841
3050	3056	0.839254
3050	3057	1.631883
3051	2982	0.512878
3051	3050	1.352132
3051	3052	1.001136
3051	3736	1.025755
3052	3048	0.363636
3052	3049	0.666831
3052	3050	0.044455
3052	3051	1.001136
3052	3053	1.363636
3053	2979	0.272727
3053	2981	0.400099
3053	2982	0.177822
3053	3052	1.363636
3053	3054	3.272727
3053	3135	0.429058
3053	3136	0.090909
3054	2982	0.355643
3054	3050	1.155841
3054	3053	3.272727
3054	3055	2.097618
3054	3056	1.906925
3054	3134	0.953463
3054	3135	0.810443
3055	3054	2.097618
3055	3056	1.850000
3055	3134	0.050000
3055	3135	1.100000
3056	2982	0.326377
3056	2983	0.046625
3056	3050	0.839254
3056	3054	1.906925
3056	3055	1.850000
3056	3057	3.550000
3056	3133	0.450000
3056	3134	1.600000
3057	2983	0.559503
3057	2984	0.046625
3057	3049	0.839254
3057	3050	1.631883
3057	3056	3.550000
3057	3058	3.823270
3058	3046	0.043478
3058	3047	0.606128
3058	3049	2.478261
3058	3057	3.823270
3058	3059	4.196272
3059	3046	0.792629
3059	3047	0.400000
3059	3058	4.196272
3059	3060	3.150000
3060	3045	0.792629
3060	3046	1.445382
3060	3059	3.150000
3060	3061	2.900000
3061	3044	0.667424
3061	3045	1.352132
3061	3060	2.900000
3061	3062	3.200000
3062	3043	0.979130
3062	3044	1.144155
3062	3061	3.200000
3062	3063	3.550000
3063	3042	0.746004
3063	3043	1.631883
3063	3062	3.550000
3063	3064	3.600000
3064	3041	0.699379
3064	3042	1.352132
3064	3063	3.600000
3064	3065	3.575485
3065	3041	1.467029
3065	3064	3.575485
3065	3066	3.090909
3065	3067	0.636364
3066	3065	3.090909
3066	3067	3.954545
3067	3041	0.088911
3067	3065	0.636364
3067	3066	3.954545
3067	3068	4.636364
3068	3067	4.636364
3068	3069	5.468017
3069	3039	0.130435
3069	3040	0.606128
3069	3068	5.468017
3069	3070	4.429398
3070	3039	0.792629
3070	3040	0.100000
3070	3069	4.429398
3070	3071	4.000000
3071	3037	0.046625
3071	3038	0.606128
3071	3039	0.839254
3071	3070	4.000000
3071	3072	2.950000
3072	3037	0.932505
3072	3038	1.492008
3072	3071	2.950000
3072	3073	3.150000
3072	3115	0.047673
3073	3036	0.762770
3073	3037	1.585258
3073	3072	3.150000
3073	3074	2.844140
3073	3114	0.650000
3073	3115	0.619751
3074	3034	0.130435
3074	3035	0.746004
3074	3036	2.044949
3074	3073	2.844140
3074	3075	5.035526
3074	3113	0.512878
3074	3114	0.652753
3075	2997	0.550000
3075	2998	0.500000
3075	3034	0.792629
3075	3035	0.300000
3075	3074	5.035526
3075	3076	1.818384
3076	2998	0.373002
3076	3032	0.260870
3076	3033	1.025755
3076	3034	2.521739
3076	3075	1.818384
3076	3077	4.802400
3077	3032	0.885880
3077	3033	0.050000
3077	3076	4.802400
3077	3078	4.242897
3078	3029	1.913043
3078	3030	1.022475
3078	3031	0.844653
3078	3032	0.217391
3078	3077	4.242897
3078	3079	1.260870
3079	2962	0.419627
3079	2963	0.326377
3079	3029	0.695652
3079	3030	2.667325
3079	3078	1.260870
3079	3080	2.331262
3080	2961	0.046625
3080	3028	0.619751
3080	3029	0.746004
3080	3079	2.331262
3080	3081	3.217142
3081	2947	0.046625
3081	2961	0.347826
3081	3027	0.885880
3081	3028	1.867128
3081	3080	3.217142
3081	3082	3.826087
3082	2948	0.521739
3082	3026	0.792629
3082	3027	2.051511
3082	3081	3.826087
3082	3083	4.565217
3083	1689	0.839254
3083	2948	0.217391
3083	2949	0.304348
3083	3026	1.025755
3083	3082	4.565217
3083	3084	4.913043
3083	3103	0.177822
3084	1689	0.373002
3084	2949	0.043478
3084	3024	0.043478
3084	3083	4.913043
3084	3085	1.155841
3084	3099	0.043478
3084	3100	0.355643
3084	3102	1.244752
3084	3103	0.711287
3085	3007	0.311188
3085	3008	0.844653
3085	3023	1.191828
3085	3024	0.800198
3085	3084	1.155841
3085	3086	3.636364
3085	3099	0.622376
3085	3100	0.318182
3085	3102	1.772727
3086	1683	1.636364
3086	3008	0.666831
3086	3022	0.095346
3086	3023	1.048809
3086	3085	3.636364
3086	3087	3.378612
3086	3099	0.177822
3087	1683	0.400099
3087	3086	3.378612
3087	3088	4.429398
3087	3097	0.043478
3087	3098	0.839254
3087	3099	0.695652
3088	3087	4.429398
3088	3089	2.450000
3088	3096	0.046625
3088	3097	0.652753
3088	3098	0.300000
3089	3088	2.450000
3089	3090	3.550000
3089	3096	0.792629
3089	3097	1.585258
3090	3089	3.550000
3090	3091	3.823270
3090	3095	0.979130
3090	3096	1.025755
3091	3090	3.823270
3091	3092	1.165631
3091	3093	1.244752
3091	3094	0.559503
3091	3095	1.565217
3092	2850	0.100000
3092	2851	0.250000
3092	3091	1.165631
3092	3093	4.385928
3092	3094	0.050000
3093	2851	0.095346
3093	2852	0.047673
3093	3091	1.244752
3093	3092	4.385928
3093	3094	3.480138
3094	3091	0.559503
3094	3092	0.050000
3094	3093	3.480138
3094	3095	3.263767
3095	3090	0.979130
3095	3091	1.565217
3095	3094	3.263767
3095	3096	4.043478
3096	3088	0.046625
3096	3089	0.792629
3096	3090	1.025755
3096	3095	4.043478
3096	3097	3.130435
3097	3087	0.043478
3097	3088	0.652753
3097	3089	1.585258
3097	3096	3.130435
3097	3098	5.222027
3098	3087	0.839254
3098	3088	0.300000
3098	3097	5.222027
3098	3099	3.310392
3098	3100	0.667424
3099	3084	0.043478
3099	3085	0.622376
3099	3086	0.177822
3099	3087	0.695652
3099	3098	3.310392
3099	3100	4.979007
3100	3008	0.133366
3100	3084	0.355643
3100	3085	0.318182
3100	3098	0.667424
3100	3099	4.979007
3100	3101	1.477867
3100	3102	3.590909
3101	3100	1.477867
3101	3102	1.382521
3101	3103	0.047673
3102	3007	1.200296
3102	3008	0.133366
3102	3024	0.266733
3102	3084	1.244752
3102	3085	1.772727
3102	3100	3.590909
3102	3101	1.382521
3102	3103	4.000000
3103	1689	3.289446
3103	3006	0.524404
3103	3007	0.755742
3103	3024	0.800198
3103	3025	0.489010
3103	3083	0.177822
3103	3084	0.711287
3103	3101	0.047673
3103	3102	4.000000
3104	1689	1.550000
3104	3004	0.792629
3104	3005	0.050000
3104	3025	1.492008
3104	3026	0.350000
3104	3105	3.050000
3105	3003	0.746004
3105	3004	1.445382
3105	3104	3.050000
3105	3106	3.550000
3106	3002	0.746004
3106	3003	1.492008
3106	3105	3.550000
3106	3107	2.600000
3106	3280	0.326377
3106	3281	0.150000
3107	3001	0.792629
3107	3002	1.398757
3107	3106	2.600000
3107	3108	2.300000
3107	3273	0.046625
3107	3274	0.400000
3107	3275	0.093250
3107	3280	0.279751
3107	3281	0.550000
3107	3282	0.150000
3108	3000	0.979130
3108	3001	1.911635
3108	3107	2.300000
3108	3109	4.056396
3108	3273	0.233126
3108	3274	0.150000
3108	3282	0.100000
3109	2998	0.512878
3109	2999	0.533465
3109	3000	1.000000
3109	3108	4.056396
3109	3110	1.333663
3110	2997	0.047673
3110	2998	0.715097
3110	2999	2.636364
3110	3109	1.333663
3110	3111	1.181818
3110	3112	3.467523
3111	2260	0.190693
3111	2261	0.409091
3111	2262	0.133366
3111	3110	1.181818
3111	3112	1.511484
3111	3190	0.500000
3112	2996	0.043478
3112	2997	0.792629
3112	2998	0.699379
3112	3110	3.467523
3112	3111	1.511484
3112	3113	4.382773
3113	2995	0.046625
3113	2996	0.792629
3113	2997	0.500000
3113	3074	0.512878
3113	3112	4.382773
3113	3114	3.150000
3114	2994	0.047673
3114	2995	0.746004
3114	2996	1.165631
3114	3036	0.095346
3114	3037	0.979130
3114	3038	0.046625
3114	3073	0.650000
3114	3074	0.652753
3114	3113	3.150000
3114	3115	3.384792
3115	2994	0.272727
3115	2995	0.177822
3115	3037	0.444554
3115	3038	0.978019
3115	3072	0.047673
3115	3073	0.619751
3115	3114	3.384792
3115	3116	1.644851
3115	3117	1.422574
3116	2985	0.043478
3116	2986	0.304348
3116	3038	0.173913
3116	3039	0.217391
3116	3115	1.644851
3116	3117	1.086957
3117	2993	0.606128
3117	2994	1.422574
3117	3038	0.347826
3117	3039	0.173913
3117	3115	1.422574
3117	3116	1.086957
3117	3118	3.956522
3118	2991	0.046625
3118	2992	0.792629
3118	2993	1.445382
3118	3039	0.043478
3118	3117	3.956522
3118	3119	4.045443
3119	2990	0.095346
3119	2991	0.667424
3119	2992	0.715097
3119	3118	4.045443
3119	3120	3.912077
3120	2989	0.217391
3120	2990	0.792629
3120	2991	0.839254
3120	3119	3.912077
3120	3121	4.242897
3121	2989	0.792629
3121	2990	0.050000
3121	3120	4.242897
3121	3122	3.050000
3121	3125	0.046625
3122	2989	0.419627
3122	3121	3.050000
3122	3123	1.906925
3122	3124	2.955734
3122	3125	0.792629
3123	3122	1.906925
3123	3124	1.409091
3123	3125	0.088911
3124	3122	2.955734
3124	3123	1.409091
3124	3125	2.622870
3125	2988	0.139876
3125	2989	4.217391
3125	3121	0.046625
3125	3122	0.792629
3125	3123	0.088911
3125	3124	2.622870
3125	3126	0.800198
3126	2256	0.524404
3126	2257	0.133366
3126	2912	0.047673
3126	2913	0.272727
3126	2938	0.227273
3126	2940	0.711287
3126	2941	0.044455
3126	2988	1.096482
3126	3125	0.800198
3126	3127	4.727273
3127	2912	0.905789
3127	2913	0.181818
3127	2938	0.045455
3127	2940	0.355643
3127	2941	0.311188
3127	2987	1.045455
3127	2988	0.381385
3127	3126	4.727273
3127	3128	4.181818
3128	2911	1.001136
3128	2912	0.953463
3128	2940	0.133366
3128	2941	0.844653
3128	2986	0.489010
3128	2987	0.590909
3128	3127	4.181818
3128	3129	3.681818
3129	2910	0.047673
3129	2911	0.905789
3129	2941	0.533465
3129	2942	0.355643
3129	2985	0.222277
3129	2986	0.844653
3129	3128	3.681818
3129	3130	3.423068
3130	2942	0.739130
3130	2943	0.093250
3130	2985	0.391304
3130	2986	0.260870
3130	3129	3.423068
3130	3131	2.984015
3131	2984	0.792629
3131	2985	0.419627
3131	3130	2.984015
3131	3132	2.650000
3132	2983	0.792629
3132	2984	1.818384
3132	3131	2.650000
3132	3133	3.700000
3133	2982	0.979130
3133	2983	1.445382
3133	3056	0.450000
3133	3132	3.700000
3133	3134	3.350000
3134	2981	0.652753
3134	2982	1.678509
3134	3054	0.953463
3134	3055	0.050000
3134	3056	1.600000
3134	3133	3.350000
3134	3135	4.000000
3135	2978	0.746004
3135	2979	0.715097
3135	2981	0.326377
3135	3053	0.429058
3135	3054	0.810443
3135	3055	1.100000
3135	3134	4.000000
3135	3136	1.620886
3136	2978	1.111386
3136	2979	3.272727
3136	3053	0.090909
3136	3135	1.620886
3136	3137	4.409091
3137	2978	0.933564
3137	3136	4.409091
3137	3138	3.289701
3138	2976	0.434783
3138	2977	1.025755
3138	2978	1.173913
3138	3137	3.289701
3138	3139	4.709149
3139	2976	0.932505
3139	2977	0.250000
3139	3138	4.709149
3139	3140	3.670831
3139	3142	0.667424
3140	2976	1.511484
3140	3139	3.670831
3140	3141	1.048809
3140	3142	2.090909
3141	3140	1.048809
3141	3142	1.287174
3142	2976	0.088911
3142	2977	0.429058
3142	3139	0.667424
3142	3140	2.090909
3142	3141	1.287174
3142	3143	4.772727
3143	2974	0.088911
3143	2975	0.667424
3143	2977	0.762770
3143	2978	0.133366
3143	3142	4.772727
3143	3144	4.433601
3144	2974	0.792629
3144	2975	0.150000
3144	2977	0.750000
3144	2978	0.559503
3144	3143	4.433601
3144	3145	3.350000
3145	2973	0.932505
3145	2974	1.492008
3145	3144	3.350000
3145	3146	3.550000
3146	2972	0.667424
3146	2973	1.492008
3146	3145	3.550000
3146	3147	3.030641
3147	2970	0.043478
3147	2971	0.885880
3147	2972	2.089405
3147	3146	3.030641
3147	3148	4.289522
3148	2970	0.839254
3148	2971	0.550000
3148	3147	4.289522
3148	3149	3.123891
3149	2968	0.046625
3149	2969	0.792629
3149	2970	2.347826
3149	3148	3.123891
3149	3150	4.260870
3150	1671	0.044455
3150	2968	0.792629
3150	2969	1.305507
3150	3149	4.260870
3150	3151	4.608696
3151	1671	0.133366
3151	1672	0.622376
3151	2967	0.699379
3151	2968	1.258881
3151	3150	4.608696
3151	3152	3.378612
3152	1669	0.311188
3152	1670	0.266733
3152	1672	1.227273
3152	1673	0.286039
3152	2966	0.715097
3152	2967	1.096482
3152	3151	3.378612
3152	3153	4.181818
3153	1670	0.044455
3153	1673	0.524404
3153	2903	1.822672
3153	2965	0.762770
3153	2966	0.858116
3153	3152	4.181818
3153	3154	1.525540
3154	1660	0.050000
3154	1673	0.250000
3154	1674	0.512878
3154	2903	0.046625
3154	2908	0.839254
3154	2909	0.905789
3154	3153	1.525540
3154	3155	3.000000
3155	1659	0.300000
3155	1660	0.250000
3155	2907	0.792629
3155	2908	1.585258
3155	3154	3.000000
3155	3156	3.200000
3156	1659	0.100000
3156	2906	0.839254
3156	2907	1.818384
3156	3155	3.200000
3156	3157	2.844140
3157	2902	0.088911
3157	2905	0.885880
3157	2906	2.956522
3157	3156	2.844140
3157	3158	3.636769
3158	2871	0.093250
3158	2900	0.500000
3158	2901	1.000000
3158	2902	0.858116
3158	2954	0.050000
3158	2955	0.047673
3158	2957	0.600000
3158	3157	3.636769
3158	3159	1.096482
3159	2870	0.133366
3159	2871	0.311188
3159	2872	2.240637
3159	2873	0.762770
3159	2874	0.476731
3159	2899	0.444554
3159	2900	2.145291
3159	2953	0.045455
3159	2954	0.238366
3159	2955	0.272727
3159	3158	1.096482
3159	3160	5.005679
3160	2870	0.792629
3160	2871	0.046625
3160	2873	0.250000
3160	2874	1.000000
3160	2953	0.047673
3160	2954	0.300000
3160	2955	0.190693
3160	3159	5.005679
3160	3161	2.700000
3160	3166	0.715097
3161	2869	0.792629
3161	2870	1.258881
3161	3160	2.700000
3161	3162	3.590144
3161	3164	0.095346
3161	3166	2.526676
3162	2867	0.755742
3162	2868	0.711287
3162	2869	0.478261
3162	3161	3.590144
3162	3163	1.119006
3162	3164	1.111386
3163	2862	0.095346
3163	2865	0.050000
3163	2866	0.050000
3163	3162	1.119006
3163	3164	1.906925
3163	3177	2.450000
3163	3178	0.326377
3164	2862	0.227273
3164	2863	0.044455
3164	2868	0.454545
3164	2869	0.088911
3164	3161	0.095346
3164	3162	1.111386
3164	3163	1.906925
3164	3165	1.454545
3164	3166	0.727273
3164	3167	3.194100
3164	3176	0.177822
3164	3177	0.619751
3165	2892	3.511978
3165	3164	1.454545
3165	3166	1.045455
3165	3172	3.727273
3165	3173	0.381385
3166	2869	0.044455
3166	2870	0.222277
3166	2873	1.430194
3166	2874	0.047673
3166	2892	0.711287
3166	3160	0.715097
3166	3161	2.526676
3166	3164	0.727273
3166	3165	1.045455
3166	3167	1.525540
3167	2868	0.238366
3167	2869	1.119006
3167	2870	0.699379
3167	3164	3.194100
3167	3166	1.525540
3167	3168	2.400000
3167	3176	0.792629
3167	3177	0.100000
3168	2870	0.046625
3168	3167	2.400000
3168	3169	2.564388
3168	3175	0.792629
3168	3176	1.771759
3169	2352	0.133366
3169	3168	2.564388
3169	3170	0.933564
3169	3173	3.030641
3169	3175	2.956522
3170	2314	0.136364
3170	2352	0.181818
3170	3169	0.933564
3170	3171	1.239501
3170	3173	0.190693
3171	2312	0.050000
3171	2313	0.286039
3171	2831	0.606128
3171	3170	1.239501
3171	3172	1.096482
3171	3173	2.700000
3172	2884	1.956039
3172	2885	1.022475
3172	3165	3.727273
3172	3171	1.096482
3172	3173	1.001136
3172	3203	0.044455
3173	2312	0.150000
3173	2313	0.143019
3173	2831	0.792629
3173	3165	0.381385
3173	3169	3.030641
3173	3170	0.190693
3173	3171	2.700000
3173	3172	1.001136
3173	3174	1.191828
3173	3175	0.046625
3174	2312	4.147562
3174	2316	0.143019
3174	2317	0.476731
3174	2831	0.755742
3174	2832	3.272727
3174	3173	1.191828
3174	3175	1.111386
3175	2316	0.279751
3175	2317	0.279751
3175	3168	0.792629
3175	3169	2.956522
3175	3173	0.046625
3175	3174	1.111386
3175	3176	3.826087
3176	3164	0.177822
3176	3167	0.792629
3176	3168	1.771759
3176	3175	3.826087
3176	3177	4.149646
3177	2300	0.050000
3177	3163	2.450000
3177	3164	0.619751
3177	3167	0.100000
3177	3176	4.149646
3177	3178	1.492008
3178	2300	0.046625
3178	2330	0.186501
3178	2331	0.695652
3178	2866	0.746004
3178	2867	2.089405
3178	3163	0.326377
3178	3177	1.492008
3178	3179	3.000000
3179	2258	0.130435
3179	2259	0.046625
3179	2865	0.746004
3179	2866	1.958260
3179	3178	3.000000
3179	3180	3.521739
3180	2259	0.093250
3180	2864	0.746004
3180	2865	2.051511
3180	3179	3.521739
3180	3181	3.636769
3181	2863	0.792629
3181	2864	0.800000
3181	3180	3.636769
3181	3182	4.476023
3182	2860	2.984015
3182	2861	0.844653
3182	2863	0.521739
3182	3181	4.476023
3182	3183	1.521739
3183	2859	0.173913
3183	2860	0.139876
3183	3001	0.347826
3183	3002	0.043478
3183	3182	1.521739
3183	3184	3.782609
3183	3195	0.652753
3183	3196	2.844140
3184	2860	0.046625
3184	3001	0.608696
3184	3002	0.304348
3184	3183	3.782609
3184	3185	4.196272
3184	3193	0.088911
3184	3194	0.792629
3184	3195	1.119006
3184	4219	0.093250
3184	4220	0.186501
3185	3002	0.139876
3185	3184	4.196272
3185	3186	3.263767
3185	3193	0.667424
3185	3194	0.150000
3185	4219	0.800000
3185	4220	0.200000
3186	1694	3.963145
3186	3185	3.263767
3186	3191	0.260870
3186	3192	0.932505
3186	3193	1.689306
3186	3299	0.044455
3186	3300	0.133366
3186	4218	0.565217
3186	4219	0.373002
3187	1694	0.858116
3187	2263	0.222277
3187	3188	4.045455
3187	3238	0.311188
3187	3239	0.476731
3188	1694	0.286039
3188	2262	0.933564
3188	2263	0.222277
3188	3187	4.045455
3188	3189	4.401087
3189	2261	1.111386
3189	2262	0.739130
3189	3188	4.401087
3189	3190	1.422574
3189	3191	3.739130
3190	2260	0.286039
3190	2261	1.409091
3190	2297	0.272727
3190	2298	0.045455
3190	2860	2.145291
3190	3111	0.500000
3190	3189	1.422574
3190	3191	1.155841
3191	1694	0.792629
3191	2261	0.177822
3191	2297	0.088911
3191	2860	0.326377
3191	3186	0.260870
3191	3189	3.739130
3191	3190	1.155841
3191	3192	4.522648
3191	3300	0.044455
3191	3301	0.233126
3192	1694	0.150000
3192	3186	0.932505
3192	3191	4.522648
3192	3193	2.908061
3192	3300	1.048809
3192	3301	0.800000
3193	3184	0.088911
3193	3185	0.667424
3193	3186	1.689306
3193	3192	2.908061
3193	3194	4.195235
3193	3300	0.454545
3193	4218	0.266733
3193	4231	0.047673
3193	4232	0.636364
3194	3184	0.792629
3194	3185	0.150000
3194	3193	4.195235
3194	3195	3.450000
3194	4218	0.233126
3194	4219	1.000000
3194	4220	0.200000
3194	4230	0.326377
3194	4231	0.850000
3194	4232	0.333712
3195	2857	0.050000
3195	2858	0.050000
3195	2859	1.865010
3195	2860	0.150000
3195	3183	0.652753
3195	3184	1.119006
3195	3194	3.450000
3195	3196	1.400000
3195	4219	0.050000
3195	4220	1.050000
3195	4230	0.139876
3196	2858	0.050000
3196	2859	0.885880
3196	2861	0.047673
3196	3183	2.844140
3196	3195	1.400000
3196	3197	3.623158
3197	2859	0.711287
3197	2861	0.409091
3197	2863	0.444554
3197	3196	3.623158
3197	3198	4.756730
3198	2858	0.792629
3198	2859	0.521739
3198	2861	0.088911
3198	2862	0.044455
3198	2863	0.956522
3198	2864	0.139876
3198	3197	4.756730
3198	3199	3.869565
3199	2856	0.043478
3199	2857	0.792629
3199	2858	1.492008
3199	2862	0.088911
3199	2863	0.478261
3199	3198	3.869565
3199	3200	4.382773
3200	2834	0.572078
3200	2856	0.792629
3200	2857	0.750000
3200	2862	0.095346
3200	3199	4.382773
3200	3201	1.771759
3201	2834	0.800198
3201	2835	0.711287
3201	2836	1.155841
3201	2855	0.792629
3201	2856	2.869565
3201	3200	1.771759
3201	3202	2.004885
3202	2832	0.715097
3202	2833	0.200000
3202	2834	1.716233
3202	2835	0.190693
3202	2836	0.143019
3202	3201	2.004885
3202	3203	1.119006
3203	2831	0.043478
3203	2832	0.266733
3203	2848	0.512878
3203	2849	0.373002
3203	2884	0.086957
3203	2885	0.391304
3203	2886	0.746004
3203	2887	0.652753
3203	2888	0.565217
3203	3172	0.044455
3203	3202	1.119006
3203	3204	1.305507
3204	2830	1.500000
3204	2831	0.373002
3204	2832	0.047673
3204	2847	0.381385
3204	2848	0.050000
3204	2885	0.139876
3204	2886	1.750000
3204	3203	1.305507
3204	3205	3.310392
3204	3540	0.839254
3204	3541	1.771759
3205	2847	1.289207
3205	3204	3.310392
3205	3206	3.434783
3205	3539	0.839254
3205	3540	2.478261
3206	2837	0.043478
3206	3205	3.434783
3206	3207	4.086957
3206	3538	0.792629
3206	3539	1.678509
3207	3206	4.086957
3207	3208	4.801186
3207	3537	0.792629
3207	3538	1.818384
3208	3207	4.801186
3208	3209	3.912077
3208	3536	0.181818
3208	3537	0.762770
3208	4340	0.088911
3208	4341	0.045455
3208	4342	0.047673
3209	3208	3.912077
3209	3210	0.933564
3209	3536	0.044455
3209	4340	0.565217
3210	3209	0.933564
3210	3211	3.727273
3210	3536	0.363636
3210	3537	0.333712
3210	3579	0.533465
3210	3580	0.577920
3210	4340	0.044455
3210	4341	1.272727
3211	3210	3.727273
3211	3212	5.291717
3211	3535	0.133366
3211	3536	0.772727
3211	3580	0.577920
3211	3581	0.047673
3212	3211	5.291717
3212	3213	2.850000
3212	3535	0.792629
3212	3536	0.286039
3212	3581	0.050000
3213	3212	2.850000
3213	3214	3.600000
3213	3533	0.046625
3213	3534	0.792629
3213	3535	1.119006
3214	2307	0.186501
3214	2833	0.050000
3214	3213	3.600000
3214	3215	3.900000
3214	3532	0.047673
3214	3533	0.746004
3214	3534	1.165631
3215	2275	0.524404
3215	2306	0.186501
3215	2307	0.326377
3215	3214	3.900000
3215	3216	3.750000
3215	3532	0.715097
3215	3533	0.792629
3216	2275	0.429058
3216	3215	3.750000
3216	3217	2.284637
3216	3531	0.792629
3216	3532	1.477867
3216	4233	0.150000
3217	3216	2.284637
3217	3218	4.009771
3217	3529	0.043478
3217	3530	0.839254
3217	3531	3.086957
3217	4208	0.233126
3217	4209	0.186501
3217	4210	0.046625
3217	4233	0.139876
3217	4234	0.088911
3218	3217	4.009771
3218	3219	3.350000
3218	3529	0.792629
3218	3530	0.400000
3218	4207	0.046625
3218	4208	0.600000
3219	3218	3.350000
3219	3220	1.430194
3219	3523	0.979130
3219	3528	0.792629
3219	3529	1.398757
3219	4207	0.979130
3219	4208	0.500000
3220	3219	1.430194
3220	3221	4.318182
3220	3523	0.266733
3220	3526	0.047673
3220	3527	0.524404
3220	4206	0.577920
3220	4207	0.400099
3220	4247	2.955734
3221	3220	4.318182
3221	3222	4.045443
3221	3523	0.133366
3221	3526	0.667424
3221	3527	0.381385
3222	3221	4.045443
3222	3223	3.173913
3222	3225	0.400099
3222	3523	0.043478
3222	3525	0.792629
3222	3526	1.492008
3223	3222	3.173913
3223	3224	0.933564
3223	3225	0.222277
3223	3521	0.139876
3223	3522	2.424513
3223	3523	0.434783
3223	3524	0.233126
3223	3525	0.139876
3224	3223	0.933564
3224	3225	2.863636
3224	3226	1.144155
3224	3227	0.047673
3224	3230	4.178810
3224	3231	0.143019
3224	3232	0.500000
3224	3233	0.136364
3224	3521	0.047673
3224	3522	0.810443
3224	3524	3.051080
3225	3222	0.400099
3225	3223	0.222277
3225	3224	2.863636
3225	3226	1.620886
3225	3227	0.190693
3225	3524	0.667424
3225	3525	1.430194
3225	4069	0.044455
3225	4070	1.111386
3225	4071	0.400099
3226	3224	1.144155
3226	3225	1.620886
3226	3227	5.050000
3226	3230	0.373002
3226	3524	1.200000
3226	3525	1.100000
3226	4070	0.326377
3226	4071	0.419627
3227	3224	0.047673
3227	3225	0.190693
3227	3226	5.050000
3227	3228	1.200000
3227	3229	1.650000
3227	3230	0.373002
3227	4071	0.093250
3228	3227	1.200000
3228	3229	3.150000
3228	4029	0.046625
3228	4030	0.139876
3228	4074	0.512878
3228	4075	0.350000
3228	4102	0.046625
3228	4103	1.538633
3229	3227	1.650000
3229	3228	3.150000
3229	3230	1.398757
3229	3231	1.000000
3229	4073	0.050000
3230	3224	4.178810
3230	3226	0.373002
3230	3227	0.373002
3230	3229	1.398757
3230	3231	1.119006
3230	3232	0.311188
3230	3233	0.489010
3230	3234	0.086957
3230	3520	0.521739
3230	3521	0.792629
3230	3522	0.652753
3231	2304	0.046625
3231	2305	0.186501
3231	3224	0.143019
3231	3229	1.000000
3231	3230	1.119006
3231	3232	4.338255
3231	3524	0.350000
3232	2304	0.177822
3232	2305	0.755742
3232	3224	0.500000
3232	3230	0.311188
3232	3231	4.338255
3232	3233	4.500000
3232	3524	0.762770
3233	2319	0.047673
3233	3224	0.136364
3233	3230	0.489010
3233	3232	4.500000
3233	3234	4.934552
3233	3522	0.238366
3234	3230	0.086957
3234	3233	4.934552
3234	3235	3.450268
3234	3304	0.086957
3234	3520	0.260870
3234	3521	0.186501
3234	3522	0.326377
3235	3234	3.450268
3235	3236	3.900000
3235	3237	0.046625
3235	3304	1.305507
3235	3520	0.279751
3235	3521	0.550000
3236	3235	3.900000
3236	3237	3.217142
3236	3303	0.885880
3236	3304	1.119006
3237	3235	0.046625
3237	3236	3.217142
3237	3238	1.391304
3237	3255	0.043478
3237	3297	0.233126
3237	3302	3.867622
3237	3303	0.826087
3238	3187	0.311188
3238	3237	1.391304
3238	3239	5.082151
3238	3255	0.521739
3238	3261	0.260870
3238	3262	0.606128
3238	3297	3.590144
3238	3302	0.266733
3239	3187	0.476731
3239	3238	5.082151
3239	3240	3.400000
3239	3261	0.932505
3239	3262	0.050000
3240	3239	3.400000
3240	3241	3.150000
3240	3260	0.932505
3240	3261	1.398757
3241	3240	3.150000
3241	3242	3.100000
3241	3259	0.792629
3241	3260	1.725134
3242	3241	3.100000
3242	3243	4.429398
3242	3258	0.932505
3242	3259	1.725134
3243	3242	4.429398
3243	3244	3.869895
3243	3256	0.400099
3243	3257	0.800198
3243	3258	0.739130
3244	3243	3.869895
3244	3245	1.334848
3244	3254	1.525540
3244	3256	1.477867
3244	3257	1.191828
3245	1471	0.489010
3245	1472	0.088911
3245	3244	1.334848
3245	3246	3.000000
3245	3253	0.755742
3245	3254	0.772727
3245	3256	2.772727
3245	3307	0.095346
3246	1472	0.044455
3246	3245	3.000000
3246	3247	4.719640
3246	3252	0.044455
3246	3253	0.711287
3246	3509	0.136364
3247	3246	4.719640
3247	3248	3.350000
3247	3252	0.792629
3247	3253	0.512878
3247	3508	0.238366
3247	3509	0.047673
3248	3247	3.350000
3248	3249	1.400000
3248	3250	2.200000
3248	3251	0.512878
3248	3252	1.258881
3248	3508	0.667424
3249	3248	1.400000
3249	3250	1.850000
3249	3251	0.419627
3249	3369	0.667424
3249	3507	0.300000
3249	3508	2.002271
3250	3248	2.200000
3250	3249	1.850000
3250	3251	3.030641
3251	3248	0.512878
3251	3249	0.419627
3251	3250	3.030641
3251	3252	2.956522
3251	3508	0.044455
3252	3246	0.044455
3252	3247	0.792629
3252	3248	1.258881
3252	3251	2.956522
3252	3253	4.608696
3252	3508	0.355643
3252	3509	0.222277
3253	3245	0.755742
3253	3246	0.711287
3253	3247	0.512878
3253	3252	4.608696
3253	3254	2.845147
3253	3255	0.043478
3253	3509	0.622376
3253	3510	0.373002
3254	3244	1.525540
3254	3245	0.772727
3254	3253	2.845147
3254	3255	1.289207
3254	3256	2.590909
3255	3237	0.043478
3255	3238	0.521739
3255	3253	0.043478
3255	3254	1.289207
3255	3256	1.333663
3255	3257	0.177822
3255	3303	3.086957
3256	1470	0.044455
3256	1471	0.088911
3256	3243	0.400099
3256	3244	1.477867
3256	3245	2.772727
3256	3254	2.590909
3256	3255	1.333663
3256	3257	2.500000
3256	3305	0.047673
3256	3306	0.190693
3256	3307	0.190693
3257	1470	0.444554
3257	3243	0.800198
3257	3244	1.191828
3257	3255	0.177822
3257	3256	2.500000
3257	3258	3.022969
3257	3303	0.311188
3257	3305	0.572078
3257	3306	0.047673
3258	1469	0.444554
3258	3242	0.932505
3258	3243	0.739130
3258	3257	3.022969
3258	3259	3.956522
3258	3305	0.139876
3259	1430	0.512878
3259	3241	0.792629
3259	3242	1.725134
3259	3258	3.956522
3259	3260	3.782609
3260	1430	0.233126
3260	1431	0.326377
3260	3240	0.932505
3260	3241	1.725134
3260	3259	3.782609
3260	3261	3.782609
3261	3238	0.260870
3261	3239	0.932505
3261	3240	1.398757
3261	3260	3.782609
3261	3262	4.522648
3262	3238	0.606128
3262	3239	0.050000
3262	3261	4.522648
3262	3263	1.119006
3262	3296	0.326377
3262	3297	1.450000
3263	3262	1.119006
3263	3264	4.476023
3263	3290	0.130435
3263	3291	0.932505
3263	3292	0.885880
3263	3296	3.869565
3263	3298	0.608696
3264	3263	4.476023
3264	3265	2.500000
3264	3290	0.792629
3264	3291	0.300000
3264	4378	0.238366
3265	3264	2.500000
3265	3266	3.750000
3265	3289	0.762770
3265	3290	1.771759
3265	4377	0.932505
3265	4378	1.430194
3266	3265	3.750000
3266	3267	3.350000
3266	3288	0.792629
3266	3289	1.048809
3266	4376	0.950000
3266	4377	0.652753
3267	3266	3.350000
3267	3268	3.050000
3267	3287	0.932505
3267	3288	1.818384
3268	3267	3.050000
3268	3269	3.800000
3268	3286	0.792629
3268	3287	1.865010
3269	3268	3.800000
3269	3270	1.352132
3269	3285	0.652753
3269	3286	1.398757
3270	3269	1.352132
3270	3271	4.478261
3270	3284	0.792629
3270	3285	3.260870
3271	3270	4.478261
3271	3272	3.565217
3271	3283	0.652753
3271	3284	1.258881
3272	3271	3.565217
3272	3273	3.434783
3272	3282	0.606128
3272	3283	1.818384
3273	3107	0.046625
3273	3108	0.233126
3273	3272	3.434783
3273	3274	4.289522
3273	3280	0.043478
3273	3281	0.792629
3273	3282	1.119006
3274	3107	0.400000
3274	3108	0.150000
3274	3273	4.289522
3274	3275	3.916520
3274	3279	0.047673
3274	3280	0.699379
3274	3281	0.350000
3275	3107	0.093250
3275	3274	3.916520
3275	3276	1.689306
3275	3277	0.932505
3275	3278	0.739130
3275	3279	0.533465
3275	3280	0.130435
3276	3275	1.689306
3276	3277	1.811579
3276	3278	3.734255
3277	3275	0.932505
3277	3276	1.811579
3277	3278	1.352132
3278	3275	0.739130
3278	3276	3.734255
3278	3277	1.352132
3278	3279	4.401087
3279	3274	0.047673
3279	3275	0.533465
3279	3278	4.401087
3279	3280	5.201284
3280	3106	0.326377
3280	3107	0.279751
3280	3273	0.043478
3280	3274	0.699379
3280	3275	0.130435
3280	3279	5.201284
3280	3281	4.755775
3281	3106	0.150000
3281	3107	0.550000
3281	3273	0.792629
3281	3274	0.350000
3281	3280	4.755775
3281	3282	3.200000
3282	3107	0.150000
3282	3108	0.100000
3282	3272	0.606128
3282	3273	1.119006
3282	3281	3.200000
3282	3283	2.800000
3283	3271	0.652753
3283	3272	1.818384
3283	3282	2.800000
3283	3284	3.100000
3284	3270	0.792629
3284	3271	1.258881
3284	3283	3.100000
3284	3285	2.564388
3285	3269	0.652753
3285	3270	3.260870
3285	3284	2.564388
3285	3286	3.869565
3286	3268	0.792629
3286	3269	1.398757
3286	3285	3.869565
3286	3287	3.913043
3287	3267	0.932505
3287	3268	1.865010
3287	3286	3.913043
3287	3288	3.782609
3288	3266	0.792629
3288	3267	1.818384
3288	3287	3.782609
3288	3289	4.223265
3289	3265	0.762770
3289	3266	1.048809
3289	3288	4.223265
3289	3290	2.889602
3290	3263	0.130435
3290	3264	0.792629
3290	3265	1.771759
3290	3289	2.889602
3290	3291	3.776644
3290	4377	0.086957
3290	4378	0.755742
3291	3263	0.932505
3291	3264	0.300000
3291	3290	3.776644
3291	3292	3.600000
3291	4378	0.619751
3291	4379	0.512878
3292	3263	0.885880
3292	3291	3.600000
3292	3293	2.704264
3292	3296	0.746004
3292	4379	0.326377
3292	4380	0.419627
3293	3292	2.704264
3293	3294	1.165631
3293	3295	1.911583
3293	3296	2.391304
3293	3298	0.391304
3293	4215	0.043478
3294	3293	1.165631
3294	3295	4.147562
3294	4215	0.046625
3294	4237	0.700000
3294	4238	0.979130
3295	3293	1.911583
3295	3294	4.147562
3295	3296	1.066930
3295	3298	0.311188
3295	4215	0.622376
3295	4216	0.286039
3295	4237	0.715097
3296	3262	0.326377
3296	3263	3.869565
3296	3292	0.746004
3296	3293	2.391304
3296	3295	1.066930
3296	3297	1.258881
3296	3298	2.173913
3297	1694	0.100000
3297	3237	0.233126
3297	3238	3.590144
3297	3262	1.450000
3297	3296	1.258881
3297	3298	0.979130
3297	3300	0.047673
3297	3301	0.150000
3297	3302	0.143019
3298	3263	0.608696
3298	3293	0.391304
3298	3295	0.311188
3298	3296	2.173913
3298	3297	0.979130
3298	3299	1.733761
3298	3300	0.088911
3298	4216	1.818384
3298	4217	1.305507
3299	3186	0.044455
3299	3298	1.733761
3299	3300	3.590909
3299	4217	1.287174
3299	4218	0.444554
3299	4232	0.590909
3299	4235	0.844653
3299	4236	0.858116
3300	1694	0.190693
3300	3186	0.133366
3300	3191	0.044455
3300	3192	1.048809
3300	3193	0.454545
3300	3297	0.047673
3300	3298	0.088911
3300	3299	3.590909
3300	3301	3.527812
3300	4232	0.181818
3300	4233	0.238366
3300	4235	0.133366
3300	4236	0.095346
3301	1694	0.050000
3301	3191	0.233126
3301	3192	0.800000
3301	3297	0.150000
3301	3300	3.527812
3301	3302	1.620886
3302	3237	3.867622
3302	3238	0.266733
3302	3297	0.143019
3302	3301	1.620886
3302	3303	1.155841
3303	3236	0.885880
3303	3237	0.826087
3303	3255	3.086957
3303	3257	0.311188
3303	3302	1.155841
3303	3304	1.130435
3303	3305	0.279751
3304	3234	0.086957
3304	3235	1.305507
3304	3236	1.119006
3304	3303	1.130435
3304	3305	4.196272
3304	3519	0.792629
3304	3520	2.304348
3305	3256	0.047673
3305	3257	0.572078
3305	3258	0.139876
3305	3303	0.279751
3305	3304	4.196272
3305	3306	2.900000
3305	3518	0.792629
3305	3519	0.550000
3306	3256	0.190693
3306	3257	0.047673
3306	3305	2.900000
3306	3307	3.350000
3306	3517	0.715097
3306	3518	1.678509
3307	3245	0.095346
3307	3256	0.190693
3307	3306	3.350000
3307	3308	3.600000
3307	3516	0.932505
3307	3517	1.382521
3308	3307	3.600000
3308	3309	1.818384
3308	3489	0.100000
3308	3515	0.652753
3308	3516	1.492008
3309	3308	1.818384
3309	3310	3.434783
3309	3489	0.512878
3309	3490	0.043478
3309	3514	0.839254
3309	3515	3.304348
3310	3309	3.434783
3310	3311	4.382773
3310	3326	0.266733
3310	3469	0.177822
3310	3511	0.130435
3310	3513	0.792629
3310	3514	1.445382
3311	3310	4.382773
3311	3312	3.496893
3311	3326	1.239501
3311	3469	0.095346
3311	3511	0.746004
3311	3513	0.050000
3312	3311	3.496893
3312	3313	1.956039
3312	3314	0.932505
3312	3326	0.177822
3312	3327	0.266733
3312	3329	0.044455
3312	3509	0.177822
3312	3510	0.792629
3312	3511	2.000000
3313	3312	1.956039
3313	3314	3.813850
3313	3330	0.047673
3313	3331	0.363636
3313	3368	0.177822
3313	3369	3.545455
3313	3508	0.454545
3313	3509	0.727273
3314	2292	0.885880
3314	3312	0.932505
3314	3313	3.813850
3314	3315	1.800000
3314	3329	0.143019
3314	3330	0.400000
3314	3331	0.286039
3314	3509	0.429058
3314	3510	0.600000
3315	2292	3.310392
3315	2293	0.350000
3315	2327	0.715097
3315	3314	1.800000
3315	3316	2.704264
3315	3329	0.190693
3315	3330	0.050000
3315	3510	0.450000
3315	3511	0.186501
3316	2323	0.260870
3316	2327	0.577920
3316	2344	1.155841
3316	3315	2.704264
3316	3317	3.636769
3316	3327	0.044455
3316	3328	0.932505
3316	3329	1.867128
3317	2344	1.573213
3317	2345	0.238366
3317	3316	3.636769
3317	3318	3.650000
3317	3327	0.667424
3317	3328	0.750000
3318	2345	0.238366
3318	2346	0.143019
3318	3317	3.650000
3318	3319	1.900000
3318	3324	3.575485
3318	3325	0.715097
3318	3327	0.810443
3319	2346	0.953463
3319	2348	0.233126
3319	3318	1.900000
3319	3320	1.573213
3319	3323	2.717368
3319	3324	0.953463
3319	3325	0.572078
3319	4109	0.466252
3320	2249	0.667424
3320	2250	1.191828
3320	2349	0.333712
3320	2350	0.143019
3320	3319	1.573213
3320	3321	2.097618
3320	3322	0.333712
3320	3323	0.045455
3321	2315	2.860388
3321	2352	0.381385
3321	2353	0.250000
3321	3320	2.097618
3321	3322	1.100000
3321	4130	0.050000
3322	2315	0.047673
3322	3320	0.333712
3322	3321	1.100000
3322	3323	1.287174
3322	4107	0.650000
3322	4108	1.573213
3322	4129	0.885880
3322	4130	3.200000
3323	2303	0.047673
3323	2346	0.045455
3323	3319	2.717368
3323	3320	0.045455
3323	3322	1.287174
3323	3324	1.227273
3323	4108	2.045455
3323	4109	0.933564
3323	4128	0.622376
3323	4129	0.577920
3324	2302	0.133366
3324	2303	0.858116
3324	2304	0.133366
3324	3318	3.575485
3324	3319	0.953463
3324	3323	1.227273
3324	3325	1.909091
3324	3512	0.136364
3324	4128	0.044455
3325	2303	0.143019
3325	2346	0.045455
3325	3318	0.715097
3325	3319	0.572078
3325	3324	1.909091
3325	3326	1.454545
3325	3327	3.363636
3325	3512	0.363636
3325	3513	1.287174
3325	4109	0.489010
3325	4110	0.318182
3326	3310	0.266733
3326	3311	1.239501
3326	3312	0.177822
3326	3325	1.454545
3326	3327	1.727273
3326	3469	2.909091
3326	3511	0.133366
3326	3514	0.047673
3326	4110	0.045455
3326	4126	0.095346
3326	4127	0.619751
3327	2346	0.272727
3327	3312	0.266733
3327	3316	0.044455
3327	3317	0.667424
3327	3318	0.810443
3327	3325	3.363636
3327	3326	1.727273
3327	3328	3.527812
3327	4110	1.136364
3328	2344	0.572078
3328	2345	1.048809
3328	2346	0.047673
3328	3316	0.932505
3328	3317	0.750000
3328	3327	3.527812
3328	3329	3.766177
3328	4111	0.047673
3329	2327	0.409091
3329	2344	0.863636
3329	3312	0.044455
3329	3314	0.143019
3329	3315	0.190693
3329	3316	1.867128
3329	3328	3.766177
3329	3330	5.005679
3329	3368	0.222277
3330	2292	0.046625
3330	2327	0.190693
3330	3313	0.047673
3330	3314	0.400000
3330	3315	0.050000
3330	3329	5.005679
3330	3331	3.909197
3330	3368	1.725134
3331	3313	0.363636
3331	3314	0.286039
3331	3330	3.909197
3331	3332	2.356137
3331	3368	0.889108
3331	3369	0.681818
3332	3331	2.356137
3332	3333	3.263767
3332	3366	0.043478
3332	3367	0.792629
3332	3368	1.043478
3332	3369	0.044455
3332	3370	0.466252
3332	3501	0.044455
3333	783	0.046625
3333	3332	3.263767
3333	3334	3.650000
3333	3366	0.792629
3333	3367	0.400000
3333	3431	0.524404
3333	3501	0.381385
3334	3333	3.650000
3334	3335	3.550000
3334	3365	0.715097
3334	3366	1.025755
3334	3431	1.859252
3335	3334	3.550000
3335	3336	3.350000
3335	3364	0.792629
3335	3365	1.096482
3335	3431	0.286039
3335	3432	0.476731
3336	3335	3.350000
3336	3337	3.200000
3336	3363	0.606128
3336	3364	1.352132
3337	3336	3.200000
3337	3338	3.200000
3337	3343	0.143019
3337	3361	0.047673
3337	3362	0.792629
3337	3363	1.818384
3338	3337	3.200000
3338	3339	1.025755
3338	3340	0.050000
3338	3342	0.858116
3338	3343	0.953463
3338	3359	1.859252
3338	3361	0.810443
3338	3362	1.585258
3339	3338	1.025755
3339	3340	2.051511
3339	3342	0.266733
3339	3358	0.652753
3339	3359	3.156335
3339	4420	0.093250
3339	4430	0.073721
3340	3338	0.050000
3340	3339	2.051511
3340	3341	1.025755
3340	3342	2.955734
3340	3355	0.095346
3340	3357	0.746004
3340	3358	1.600000
3340	3359	0.238366
3340	3361	0.095346
3341	3340	1.025755
3341	3342	1.111386
3341	3732	0.326377
3341	3733	1.165631
3341	3743	0.043478
3342	3338	0.858116
3342	3339	0.266733
3342	3340	2.955734
3342	3341	1.111386
3342	3343	4.545455
3342	3354	0.755742
3342	3355	0.772727
3342	3357	0.577920
3342	3362	0.800198
3343	3337	0.143019
3343	3338	0.953463
3343	3342	4.545455
3343	3344	3.241773
3343	3354	0.755742
3343	3362	0.755742
3343	3363	0.400099
3344	3343	3.241773
3344	3345	2.900000
3344	3353	0.932505
3344	3354	0.279751
3344	3363	0.233126
3345	3344	2.900000
3345	3346	2.950000
3345	3352	0.762770
3345	3353	1.492008
3346	3345	2.950000
3346	3347	3.170516
3346	3351	0.792629
3346	3352	0.858116
3347	3346	3.170516
3347	3348	1.258881
3347	3349	1.956039
3347	3350	0.577920
3347	3351	1.521739
3348	1565	0.064550
3348	2924	0.746004
3348	3347	1.258881
3348	3349	3.766177
3349	2923	0.858116
3349	2924	0.266733
3349	2928	0.088911
3349	2929	0.400099
3349	3347	1.956039
3349	3348	3.766177
3349	3350	4.500000
3350	2922	0.524404
3350	2923	1.001136
3350	2929	0.844653
3350	2930	0.333712
3350	3347	0.577920
3350	3349	4.500000
3350	3351	3.022969
3351	2930	0.279751
3351	3346	0.792629
3351	3347	1.521739
3351	3350	3.022969
3351	3352	4.223265
3352	3345	0.762770
3352	3346	0.858116
3352	3351	4.223265
3352	3353	3.689800
3353	3344	0.932505
3353	3345	1.492008
3353	3352	3.689800
3353	3354	4.173913
3354	3342	0.755742
3354	3343	0.755742
3354	3344	0.279751
3354	3353	4.173913
3354	3355	4.712275
3354	3356	0.043478
3354	3362	0.260870
3355	3340	0.095346
3355	3342	0.772727
3355	3354	4.712275
3355	3356	1.022475
3355	3357	3.867622
3355	3362	0.400099
3356	3354	0.043478
3356	3355	1.022475
3356	3357	1.173913
3357	3340	0.746004
3357	3342	0.577920
3357	3355	3.867622
3357	3356	1.173913
3357	3358	3.730019
3357	3361	0.177822
3357	4421	0.754434
3358	3339	0.652753
3358	3340	1.600000
3358	3357	3.730019
3358	3359	1.191828
3358	3361	0.333712
3358	4420	0.400000
3358	4421	2.561959
3358	4422	0.500000
3359	3338	1.859252
3359	3339	3.156335
3359	3340	0.238366
3359	3358	1.191828
3359	3360	1.048809
3359	3361	2.954545
3359	4420	0.858116
3359	4421	0.321412
3359	4422	0.667424
3360	3359	1.048809
3360	3361	1.239501
3360	4422	0.300000
3360	4423	1.900000
3360	4424	1.006231
3361	3337	0.047673
3361	3338	0.810443
3361	3340	0.095346
3361	3357	0.177822
3361	3358	0.333712
3361	3359	2.954545
3361	3360	1.239501
3361	3362	3.867622
3361	4422	0.095346
3362	3337	0.792629
3362	3338	1.585258
3362	3342	0.800198
3362	3343	0.755742
3362	3354	0.260870
3362	3355	0.400099
3362	3361	3.867622
3362	3363	3.043478
3363	3336	0.606128
3363	3337	1.818384
3363	3343	0.400099
3363	3344	0.233126
3363	3362	3.043478
3363	3364	3.739130
3364	3335	0.792629
3364	3336	1.352132
3364	3363	3.739130
3364	3365	3.778711
3365	3334	0.715097
3365	3335	1.096482
3365	3364	3.778711
3365	3366	4.267721
3366	3332	0.043478
3366	3333	0.792629
3366	3334	1.025755
3366	3365	4.267721
3366	3367	4.895650
3366	3431	0.088911
3366	3501	0.355643
3366	3502	0.266733
3367	3332	0.792629
3367	3333	0.400000
3367	3366	4.895650
3367	3368	3.543518
3367	3501	1.191828
3367	3502	0.953463
3367	3503	0.429058
3368	3313	0.177822
3368	3329	0.222277
3368	3330	1.725134
3368	3331	0.889108
3368	3332	1.043478
3368	3367	3.543518
3368	3369	0.889108
3368	3503	0.177822
3369	3249	0.667424
3369	3313	3.545455
3369	3331	0.681818
3369	3332	0.044455
3369	3368	0.889108
3369	3370	5.530083
3369	3507	0.190693
3369	3508	0.772727
3370	3332	0.466252
3370	3369	5.530083
3370	3371	2.611013
3370	3506	0.792629
3370	3507	0.150000
3371	903	0.186501
3371	3370	2.611013
3371	3372	4.382773
3371	3504	0.217391
3371	3505	0.932505
3371	3506	2.739130
3372	903	0.300000
3372	904	0.190693
3372	3371	4.382773
3372	3373	4.050000
3372	3503	0.047673
3372	3504	0.885880
3373	3372	4.050000
3373	3374	3.950000
3373	3500	0.572078
3373	3501	0.047673
3373	3503	0.667424
3373	3504	1.212256
3374	3373	3.950000
3374	3375	1.398757
3374	3431	0.190693
3374	3500	1.763906
3374	3501	0.715097
3374	3503	1.096482
3375	3374	1.398757
3375	3376	4.009771
3375	3435	0.043478
3375	3436	0.792629
3375	3461	0.478261
3375	3462	2.191386
3375	3500	0.400099
3376	793	0.700000
3376	794	0.150000
3376	3375	4.009771
3376	3377	2.800000
3376	3435	0.839254
3376	3436	0.550000
3376	3459	0.143019
3377	793	0.050000
3377	794	0.350000
3377	3376	2.800000
3377	3378	1.300000
3377	3379	0.093250
3377	3430	1.445382
3377	3434	0.792629
3377	3435	1.492008
3377	3458	0.905789
3377	3459	0.810443
3378	3377	1.300000
3378	3379	1.305507
3378	3380	0.046625
3378	3381	0.150000
3378	3382	0.046625
3378	3429	2.800000
3378	3430	2.937390
3378	3432	0.667424
3378	3458	0.143019
3379	3377	0.093250
3379	3378	1.305507
3379	3380	3.260870
3379	3428	0.043478
3379	3434	0.043478
3379	3458	3.289701
3380	3378	0.046625
3380	3379	3.260870
3380	3381	3.963145
3380	3430	0.043478
3380	3432	0.044455
3380	3433	0.746004
3381	3378	0.150000
3381	3380	3.963145
3381	3382	3.217142
3381	3429	0.100000
3381	3432	0.715097
3381	3433	0.650000
3382	3378	0.046625
3382	3381	3.217142
3382	3383	5.128776
3382	3428	0.347826
3382	3429	0.792629
3382	3432	2.311682
3383	3382	5.128776
3383	3384	3.100000
3383	3428	0.932505
3383	3429	0.100000
3384	3383	3.100000
3384	3385	2.844140
3384	3427	0.792629
3384	3428	1.818384
3385	3384	2.844140
3385	3386	4.043478
3385	3426	0.792629
3385	3427	2.652174
3386	712	0.444554
3386	3385	4.043478
3386	3387	1.111386
3386	3388	0.177822
3386	3424	0.046625
3386	3425	0.885880
3386	3426	1.818384
3387	3386	1.111386
3387	3388	1.090909
3388	712	3.363636
3388	3386	0.177822
3388	3387	1.090909
3388	3389	4.445542
3388	3425	0.143019
3389	3388	4.445542
3389	3390	3.347826
3389	3424	0.792629
3389	3425	0.373002
3390	3389	3.347826
3390	3391	5.035526
3390	3422	0.130435
3390	3423	0.792629
3390	3424	1.725134
3391	3390	5.035526
3391	3392	2.850000
3391	3422	0.606128
3391	3423	0.300000
3392	3391	2.850000
3392	3393	1.382521
3392	3419	0.326377
3392	3420	0.286039
3392	3421	0.429058
3392	3422	0.419627
3393	3392	1.382521
3393	3394	4.090909
3393	3419	0.133366
3393	3420	2.727273
3393	3618	0.844653
3393	3754	0.810443
3393	3755	0.666831
3394	3393	4.090909
3394	3395	3.556434
3394	3419	0.311188
3394	3618	0.711287
3394	3619	0.222277
3394	3753	0.047673
3394	3754	0.810443
3395	3394	3.556434
3395	3396	3.652174
3395	3418	0.746004
3395	3419	0.565217
3395	3619	0.043478
3396	3395	3.652174
3396	3397	4.086957
3396	3417	0.932505
3396	3418	1.678509
3397	3396	4.086957
3397	3398	3.956522
3397	3415	0.177822
3397	3416	0.444554
3397	3417	0.466252
3398	3397	3.956522
3398	3399	1.333663
3398	3400	0.043478
3398	3414	2.652174
3398	3415	0.577920
3398	3416	0.044455
3399	3398	1.333663
3399	3400	4.134354
3399	3414	0.533465
3399	3415	3.727273
3400	3398	0.043478
3400	3399	4.134354
3400	3401	3.782609
3400	3413	0.746004
3400	3414	0.913043
3401	3400	3.782609
3401	3402	3.782609
3401	3412	0.792629
3401	3413	1.538633
3402	3401	3.782609
3402	3403	3.565217
3402	3411	0.746004
3402	3412	1.678509
3403	1977	0.093250
3403	1978	0.186501
3403	3402	3.565217
3403	3404	4.755775
3403	3409	0.217391
3403	3410	0.792629
3403	3411	1.025755
3403	3931	0.086957
3403	3932	0.755742
3404	1978	0.900000
3404	1979	0.047673
3404	3403	4.755775
3404	3405	3.123891
3404	3409	0.606128
3404	3410	0.100000
3404	3930	0.279751
3404	3931	0.652753
3404	3932	0.381385
3405	1978	0.046625
3405	1979	0.533465
3405	3404	3.123891
3405	3406	1.305507
3405	3407	1.689306
3405	3408	0.711287
3405	3409	2.304348
3405	3930	0.173913
3406	3405	1.305507
3406	3407	4.195235
3407	3405	1.689306
3407	3406	4.195235
3407	3408	3.500000
3408	3405	0.711287
3408	3407	3.500000
3408	3409	2.000494
3409	1978	0.186501
3409	1979	0.133366
3409	3403	0.217391
3409	3404	0.606128
3409	3405	2.304348
3409	3408	2.000494
3409	3410	4.382773
3410	1978	0.550000
3410	3403	0.792629
3410	3404	0.100000
3410	3409	4.382773
3410	3411	3.750000
3411	1977	0.850000
3411	1978	0.250000
3411	3402	0.746004
3411	3403	1.025755
3411	3410	3.750000
3411	3412	2.550000
3412	1941	0.050000
3412	3401	0.792629
3412	3402	1.678509
3412	3411	2.550000
3412	3413	2.750000
3413	3400	0.746004
3413	3401	1.538633
3413	3412	2.750000
3413	3414	3.963145
3414	3398	2.652174
3414	3399	0.533465
3414	3400	0.913043
3414	3413	3.963145
3414	3415	1.155841
3415	3397	0.177822
3415	3398	0.577920
3415	3399	3.727273
3415	3414	1.155841
3415	3416	3.590909
3416	3397	0.444554
3416	3398	0.044455
3416	3415	3.590909
3416	3417	3.909197
3417	3396	0.932505
3417	3397	0.466252
3417	3416	3.909197
3417	3418	2.250000
3418	3395	0.746004
3418	3396	1.678509
3418	3417	2.250000
3418	3419	2.890765
3419	3392	0.326377
3419	3393	0.133366
3419	3394	0.311188
3419	3395	0.565217
3419	3418	2.890765
3419	3420	0.889108
3420	3392	0.286039
3420	3393	2.727273
3420	3419	0.889108
3420	3421	4.909091
3420	3617	0.905789
3420	3618	0.889108
3420	3754	0.143019
3420	3755	0.533465
3421	3392	0.429058
3421	3420	4.909091
3421	3422	3.645345
3421	3616	0.333712
3421	3617	0.905789
3421	3755	0.666831
3421	3756	0.489010
3422	3390	0.130435
3422	3391	0.606128
3422	3392	0.419627
3422	3421	3.645345
3422	3423	4.895650
3422	3756	0.478261
3422	3757	0.139876
3423	3390	0.792629
3423	3391	0.300000
3423	3422	4.895650
3423	3424	3.000000
3424	3386	0.046625
3424	3389	0.792629
3424	3390	1.725134
3424	3423	3.000000
3424	3425	4.550000
3425	3386	0.885880
3425	3388	0.143019
3425	3389	0.373002
3425	3424	4.550000
3425	3426	2.450000
3426	712	0.190693
3426	3385	0.792629
3426	3386	1.818384
3426	3425	2.450000
3426	3427	3.217142
3427	3384	0.792629
3427	3385	2.652174
3427	3426	3.217142
3427	3428	3.782609
3428	3379	0.043478
3428	3382	0.347826
3428	3383	0.932505
3428	3384	1.818384
3428	3427	3.782609
3428	3429	4.709149
3429	3378	2.800000
3429	3381	0.100000
3429	3382	0.792629
3429	3383	0.100000
3429	3428	4.709149
3429	3430	1.025755
3429	3432	0.286039
3430	3377	1.445382
3430	3378	2.937390
3430	3380	0.043478
3430	3429	1.025755
3430	3431	1.022475
3430	3432	0.978019
3430	3433	0.373002
3430	3434	1.521739
3431	3333	0.524404
3431	3334	1.859252
3431	3335	0.286039
3431	3366	0.088911
3431	3374	0.190693
3431	3430	1.022475
3431	3432	1.045455
3431	3501	2.772727
3432	3335	0.476731
3432	3378	0.667424
3432	3380	0.044455
3432	3381	0.715097
3432	3382	2.311682
3432	3429	0.286039
3432	3430	0.978019
3432	3431	1.045455
3432	3433	2.860388
3433	3380	0.746004
3433	3381	0.650000
3433	3430	0.373002
3433	3432	2.860388
3433	3434	3.077266
3434	3377	0.792629
3434	3379	0.043478
3434	3430	1.521739
3434	3433	3.077266
3434	3435	3.521739
3434	3458	0.088911
3434	4118	0.043478
3435	3375	0.043478
3435	3376	0.839254
3435	3377	1.492008
3435	3434	3.521739
3435	3436	3.963145
3435	3458	0.355643
3435	3459	0.666831
3436	3375	0.792629
3436	3376	0.550000
3436	3435	3.963145
3436	3437	0.885880
3436	3459	0.572078
3436	3460	0.746004
3436	3461	2.611013
3436	3500	0.143019
3437	3436	0.885880
3437	3438	2.956522
3437	3455	0.932505
3437	3456	1.165631
3437	3460	3.695652
3437	3461	0.304348
3438	3437	2.956522
3438	3439	4.755775
3438	3453	0.130435
3438	3454	0.699379
3438	3455	1.958260
3439	3438	4.755775
3439	3440	2.900000
3439	3453	0.979130
3439	3454	0.200000
3440	3439	2.900000
3440	3441	2.051511
3440	3452	0.792629
3440	3453	1.585258
3441	3440	2.051511
3441	3442	4.476023
3441	3449	0.044455
3441	3451	0.792629
3441	3452	3.130435
3442	3441	4.476023
3442	3443	1.096482
3442	3449	2.860388
3442	3450	0.190693
3442	3451	0.600000
3443	1408	0.667424
3443	1409	1.227273
3443	1490	0.978019
3443	1491	0.810443
3443	3442	1.096482
3443	3444	1.000000
3443	3447	0.090909
3443	3448	0.667424
3443	3449	2.000000
3443	3450	1.409091
3444	132	0.142134
3444	134	0.639602
3444	135	1.048809
3444	176	0.301511
3444	317	0.142134
3444	318	0.056980
3444	1410	0.286039
3444	1488	0.045455
3444	1489	4.772727
3444	1490	0.355643
3444	3443	1.000000
3444	3445	1.144155
3444	3446	0.047673
3445	132	0.596285
3445	307	0.074536
3445	310	0.269680
3445	314	1.483240
3445	1410	0.200000
3445	3444	1.144155
3445	3446	4.450000
3446	132	0.298142
3446	303	0.074536
3446	307	0.372678
3446	1410	0.450000
3446	3444	0.047673
3446	3445	4.450000
3446	3447	4.195235
3447	1409	0.590909
3447	1410	0.524404
3447	3443	0.090909
3447	3446	4.195235
3447	3448	4.862659
3448	1409	0.095346
3448	3443	0.667424
3448	3447	4.862659
3448	3449	4.004543
3449	3441	0.044455
3449	3442	2.860388
3449	3443	2.000000
3449	3448	4.004543
3449	3450	1.818182
3449	3451	0.524404
3450	1407	0.143019
3450	1408	0.810443
3450	1491	0.572078
3450	1492	0.238366
3450	1513	1.022475
3450	3442	0.190693
3450	3443	1.409091
3450	3449	1.818182
3450	3451	3.337119
3451	1492	0.600000
3451	1493	0.046625
3451	1513	1.025755
3451	3441	0.792629
3451	3442	0.600000
3451	3449	0.524404
3451	3450	3.337119
3451	3452	2.191386
3452	3440	0.792629
3452	3441	3.130435
3452	3451	2.191386
3452	3453	3.347826
3453	800	0.044455
3453	3438	0.130435
3453	3439	0.979130
3453	3440	1.585258
3453	3452	3.347826
3453	3454	4.615899
3454	3438	0.699379
3454	3439	0.200000
3454	3453	4.615899
3454	3455	2.600000
3455	3437	0.932505
3455	3438	1.958260
3455	3454	2.600000
3455	3456	3.200000
3456	3437	1.165631
3456	3455	3.200000
3456	3457	2.350000
3456	3460	0.606128
3457	3456	2.350000
3457	3458	1.620886
3457	3459	2.240637
3457	3460	2.051511
3458	3377	0.905789
3458	3378	0.143019
3458	3379	3.289701
3458	3434	0.088911
3458	3435	0.355643
3458	3457	1.620886
3458	3459	4.500000
3459	3376	0.143019
3459	3377	0.810443
3459	3435	0.666831
3459	3436	0.572078
3459	3457	2.240637
3459	3458	4.500000
3459	3460	1.689306
3459	3461	0.044455
3460	3436	0.746004
3460	3437	3.695652
3460	3456	0.606128
3460	3457	2.051511
3460	3459	1.689306
3460	3461	1.173913
3461	3375	0.478261
3461	3436	2.611013
3461	3437	0.304348
3461	3459	0.044455
3461	3460	1.173913
3461	3462	1.538633
3461	3499	3.000000
3461	3500	0.577920
3462	3375	2.191386
3462	3461	1.538633
3462	3463	2.240637
3462	3499	0.979130
3462	3500	0.619751
3463	3462	2.240637
3463	3464	5.201284
3463	3499	0.800198
3463	3500	2.181818
3463	3504	0.355643
3464	3463	5.201284
3464	3465	4.336147
3464	3495	0.043478
3464	3498	0.792629
3464	3499	0.739130
3464	3504	0.217391
3464	3505	0.512878
3465	3464	4.336147
3465	3466	2.984015
3465	3468	0.047673
3465	3495	0.885880
3465	3498	0.550000
3465	3505	0.750000
3465	3506	0.186501
3466	3465	2.984015
3466	3467	1.111386
3466	3468	1.111386
3466	3471	0.139876
3466	3493	3.403643
3466	3495	3.217391
3467	3466	1.111386
3467	3468	1.318182
3467	3471	2.717368
3467	3473	0.095346
3467	3474	0.667424
3467	3476	3.689800
3467	3492	0.143019
3467	3493	0.715097
3468	3465	0.047673
3468	3466	1.111386
3468	3467	1.318182
3468	3469	1.454545
3468	3470	3.432465
3468	3471	0.143019
3468	3495	0.400099
3468	3498	0.572078
3469	3310	0.177822
3469	3311	0.095346
3469	3326	2.909091
3469	3468	1.454545
3469	3470	1.048809
3469	4111	0.909091
3469	4112	0.238366
3469	4125	0.047673
3469	4126	0.667424
3470	3468	3.432465
3470	3469	1.048809
3470	3471	1.200000
3470	3497	0.095346
3470	3498	1.300000
3470	3505	0.050000
3470	4112	0.650000
3470	4113	1.072381
3470	4125	0.350000
3470	4126	0.150000
3471	3466	0.139876
3471	3467	2.717368
3471	3468	0.143019
3471	3470	1.200000
3471	3472	1.750000
3471	3473	0.150000
3471	3474	0.050000
3471	3493	0.050000
3471	3495	0.279751
3471	3496	1.300000
3471	3497	0.238366
3471	4113	0.046625
3471	4124	0.093250
3471	4125	0.100000
3472	275	0.084515
3472	3471	1.750000
3472	3473	3.450000
3472	3474	0.050000
3472	3496	3.150000
3472	4124	0.046625
3473	272	0.507093
3473	274	0.074536
3473	289	0.079057
3473	293	0.269680
3473	3467	0.095346
3473	3471	0.150000
3473	3472	3.450000
3473	3474	3.800000
3474	271	0.253546
3474	272	0.929670
3474	293	0.337100
3474	3467	0.667424
3474	3471	0.050000
3474	3472	0.050000
3474	3473	3.800000
3474	3475	1.750000
3474	3476	2.191386
3475	272	0.084515
3475	3474	1.750000
3475	3476	1.258881
3475	3477	0.100000
3475	3486	3.250000
3475	3487	0.050000
3475	4078	0.186501
3476	3467	3.689800
3476	3474	2.191386
3476	3475	1.258881
3476	3477	4.242897
3476	3491	0.266733
3476	3492	0.746004
3477	3475	0.100000
3477	3476	4.242897
3477	3478	3.800000
3477	3490	0.046625
3477	3491	0.762770
3477	3492	0.250000
3478	1479	0.619751
3478	3477	3.800000
3478	3479	3.077266
3478	3490	0.839254
3478	3491	1.048809
3479	1419	0.711287
3479	1478	0.043478
3479	1479	0.889108
3479	3478	3.077266
3479	3480	3.391304
3479	3489	0.792629
3479	3490	2.913043
3480	1419	0.222277
3480	1420	0.260870
3480	1421	0.093250
3480	3479	3.391304
3480	3481	4.608696
3480	3485	0.043478
3480	3488	0.746004
3480	3489	1.725134
3481	1421	0.233126
3481	3480	4.608696
3481	3482	2.517763
3481	3485	1.260870
3481	3487	0.233126
3481	3488	0.326377
3482	3481	2.517763
3482	3483	1.382521
3482	3484	2.335983
3482	3485	0.885880
3483	3482	1.382521
3483	3484	4.500000
3483	4069	0.088911
3483	4070	0.133366
3483	4081	0.858116
3483	4082	0.090909
3484	3482	2.335983
3484	3483	4.500000
3484	3485	1.022475
3484	4070	0.933564
3484	4071	1.378118
3484	4080	0.572078
3484	4081	1.239501
3485	3480	0.043478
3485	3481	1.260870
3485	3482	0.885880
3485	3484	1.022475
3485	3486	0.979130
3485	3487	1.818384
3485	3488	0.046625
3485	3516	0.130435
3485	3517	0.533465
3485	4071	0.391304
3485	4072	1.119006
3485	4073	0.046625
3486	3475	3.250000
3486	3485	0.979130
3486	3487	1.800000
3486	3488	0.050000
3486	4072	0.700000
3486	4073	1.000000
3486	4075	0.400000
3486	4077	0.400000
3486	4078	0.186501
3487	3475	0.050000
3487	3481	0.233126
3487	3485	1.818384
3487	3486	1.800000
3487	3488	3.800000
3487	3515	0.046625
3487	3516	0.326377
3487	4072	0.200000
3487	4073	0.650000
3488	3480	0.746004
3488	3481	0.326377
3488	3485	0.046625
3488	3486	0.050000
3488	3487	3.800000
3488	3489	3.600000
3488	3515	0.233126
3488	3516	1.212256
3489	1419	0.143019
3489	3308	0.100000
3489	3309	0.512878
3489	3479	0.792629
3489	3480	1.725134
3489	3488	3.600000
3489	3490	2.377887
3490	1418	0.043478
3490	1419	1.422574
3490	1479	0.933564
3490	3309	0.043478
3490	3477	0.046625
3490	3478	0.839254
3490	3479	2.913043
3490	3489	2.377887
3490	3491	4.489998
3491	1479	0.272727
3491	1480	0.572078
3491	3476	0.266733
3491	3477	0.762770
3491	3478	1.048809
3491	3490	4.489998
3491	3492	3.527812
3492	1480	0.400000
3492	1481	0.500000
3492	3467	0.143019
3492	3476	0.746004
3492	3477	0.250000
3492	3491	3.527812
3492	3493	1.950000
3493	3466	3.403643
3493	3467	0.715097
3493	3471	0.050000
3493	3492	1.950000
3493	3494	1.250000
3493	3495	0.279751
3494	3493	1.250000
3494	3495	1.165631
3495	3464	0.043478
3495	3465	0.885880
3495	3466	3.217391
3495	3468	0.400099
3495	3471	0.279751
3495	3493	0.279751
3495	3494	1.165631
3495	3496	1.025755
3495	3497	0.266733
3495	3498	2.238012
3496	3471	1.300000
3496	3472	3.150000
3496	3495	1.025755
3496	3497	4.004543
3496	3498	0.100000
3497	3470	0.095346
3497	3471	0.238366
3497	3495	0.266733
3497	3496	4.004543
3497	3498	1.048809
3497	4113	0.978019
3497	4114	0.762770
3498	3464	0.792629
3498	3465	0.550000
3498	3468	0.572078
3498	3470	1.300000
3498	3495	2.238012
3498	3496	0.100000
3498	3497	1.048809
3498	3499	4.009771
3498	4113	0.279751
3499	3461	3.000000
3499	3462	0.979130
3499	3463	0.800198
3499	3464	0.739130
3499	3498	4.009771
3499	3500	1.555940
3499	3504	0.347826
3499	4113	0.217391
3499	4114	0.046625
3500	3373	0.572078
3500	3374	1.763906
3500	3375	0.400099
3500	3436	0.143019
3500	3461	0.577920
3500	3462	0.619751
3500	3463	2.181818
3500	3499	1.555940
3500	3501	1.000000
3500	3503	0.909091
3500	3504	0.933564
3501	3332	0.044455
3501	3333	0.381385
3501	3366	0.355643
3501	3367	1.191828
3501	3373	0.047673
3501	3374	0.715097
3501	3431	2.772727
3501	3500	1.000000
3501	3502	1.090909
3501	3503	3.272727
3502	3366	0.266733
3502	3367	0.953463
3502	3501	1.090909
3502	3503	1.090909
3503	3367	0.429058
3503	3368	0.177822
3503	3372	0.047673
3503	3373	0.667424
3503	3374	1.096482
3503	3500	0.909091
3503	3501	3.272727
3503	3502	1.090909
3503	3504	3.334157
3503	4112	0.047673
3504	3371	0.217391
3504	3372	0.885880
3504	3373	1.212256
3504	3463	0.355643
3504	3464	0.217391
3504	3499	0.347826
3504	3500	0.933564
3504	3503	3.334157
3504	3505	4.662524
3505	3371	0.932505
3505	3464	0.512878
3505	3465	0.750000
3505	3470	0.050000
3505	3504	4.662524
3505	3506	2.750889
3506	3370	0.792629
3506	3371	2.739130
3506	3465	0.186501
3506	3505	2.750889
3506	3507	4.942275
3507	3249	0.300000
3507	3369	0.190693
3507	3370	0.150000
3507	3506	4.942275
3507	3508	1.954598
3508	3247	0.238366
3508	3248	0.667424
3508	3249	2.002271
3508	3251	0.044455
3508	3252	0.355643
3508	3313	0.454545
3508	3369	0.772727
3508	3507	1.954598
3508	3509	4.500000
3509	3246	0.136364
3509	3247	0.047673
3509	3252	0.222277
3509	3253	0.622376
3509	3312	0.177822
3509	3313	0.727273
3509	3314	0.429058
3509	3508	4.500000
3509	3510	4.338255
3510	3253	0.373002
3510	3312	0.792629
3510	3314	0.600000
3510	3315	0.450000
3510	3509	4.338255
3510	3511	2.424513
3511	3310	0.130435
3511	3311	0.746004
3511	3312	2.000000
3511	3315	0.186501
3511	3326	0.133366
3511	3510	2.424513
3511	3512	1.066930
3511	3513	1.958260
3512	2301	0.266733
3512	2303	2.383656
3512	2321	0.667424
3512	2322	0.933564
3512	3324	0.136364
3512	3325	0.363636
3512	3511	1.066930
3512	3513	1.287174
3513	3310	0.792629
3513	3311	0.050000
3513	3325	1.287174
3513	3511	1.958260
3513	3512	1.287174
3513	3514	2.700000
3513	4127	0.050000
3514	3309	0.839254
3514	3310	1.445382
3514	3326	0.047673
3514	3513	2.700000
3514	3515	1.725134
3514	4127	1.050000
3514	4128	0.233126
3515	3308	0.652753
3515	3309	3.304348
3515	3487	0.046625
3515	3488	0.233126
3515	3514	1.725134
3515	3516	3.130435
3516	3307	0.932505
3516	3308	1.492008
3516	3485	0.130435
3516	3487	0.326377
3516	3488	1.212256
3516	3515	3.130435
3516	3517	4.134354
3517	3306	0.715097
3517	3307	1.382521
3517	3485	0.533465
3517	3516	4.134354
3517	3518	3.823166
3517	4072	0.047673
3518	3305	0.792629
3518	3306	1.678509
3518	3517	3.823166
3518	3519	4.056396
3519	3304	0.792629
3519	3305	0.550000
3519	3518	4.056396
3519	3520	3.403643
3520	3230	0.521739
3520	3234	0.260870
3520	3235	0.279751
3520	3304	2.304348
3520	3519	3.403643
3520	3521	4.056396
3521	3223	0.139876
3521	3224	0.047673
3521	3230	0.792629
3521	3234	0.186501
3521	3235	0.550000
3521	3520	4.056396
3521	3522	3.950000
3522	3223	2.424513
3522	3224	0.810443
3522	3230	0.652753
3522	3233	0.238366
3522	3234	0.326377
3522	3521	3.950000
3522	3523	1.072381
3522	3524	0.550000
3523	3219	0.979130
3523	3220	0.266733
3523	3221	0.133366
3523	3222	0.043478
3523	3223	0.434783
3523	3522	1.072381
3523	3524	0.979130
3523	3525	0.606128
3523	3526	0.279751
3523	3527	0.606128
3523	3528	2.652174
3524	3223	0.233126
3524	3224	3.051080
3524	3225	0.667424
3524	3226	1.200000
3524	3231	0.350000
3524	3232	0.762770
3524	3522	0.550000
3524	3523	0.979130
3524	3525	3.950000
3525	3222	0.792629
3525	3223	0.139876
3525	3225	1.430194
3525	3226	1.100000
3525	3523	0.606128
3525	3524	3.950000
3525	3526	2.000000
3526	3220	0.047673
3526	3221	0.667424
3526	3222	1.492008
3526	3523	0.279751
3526	3525	2.000000
3526	3527	4.450000
3526	3528	0.093250
3527	3220	0.524404
3527	3221	0.381385
3527	3523	0.606128
3527	3526	4.450000
3527	3528	2.471138
3527	4247	0.200000
3528	3219	0.792629
3528	3523	2.652174
3528	3526	0.093250
3528	3527	2.471138
3528	3529	3.608696
3528	4246	0.088911
3529	3217	0.043478
3529	3218	0.792629
3529	3219	1.398757
3529	3528	3.608696
3529	3530	4.429398
3529	4207	0.304348
3529	4208	0.139876
3529	4244	0.046625
3529	4245	1.072381
3529	4246	0.088911
3530	3217	0.839254
3530	3218	0.400000
3530	3529	4.429398
3530	3531	2.890765
3530	4207	0.186501
3530	4208	1.100000
3530	4243	0.373002
3530	4244	0.850000
3530	4245	0.250000
3531	3216	0.792629
3531	3217	3.086957
3531	3530	2.890765
3531	3532	3.423068
3531	4208	0.139876
3531	4209	0.279751
3531	4210	0.373002
3531	4243	0.173913
3532	2275	0.181818
3532	3214	0.047673
3532	3215	0.715097
3532	3216	1.477867
3532	3531	3.423068
3532	3533	4.267721
3532	4210	1.382521
3532	4234	0.045455
3533	2275	0.355643
3533	2833	0.419627
3533	3213	0.046625
3533	3214	0.746004
3533	3215	0.792629
3533	3532	4.267721
3533	3534	3.173913
3534	2833	1.398757
3534	3213	0.792629
3534	3214	1.165631
3534	3533	3.173913
3534	3535	3.913043
3535	2829	0.088911
3535	3211	0.133366
3535	3212	0.792629
3535	3213	1.119006
3535	3534	3.913043
3535	3536	4.667819
3536	2828	0.045455
3536	2829	0.272727
3536	3208	0.181818
3536	3209	0.044455
3536	3210	0.363636
3536	3211	0.772727
3536	3212	0.286039
3536	3535	4.667819
3536	3537	2.288310
3536	3580	0.177822
3537	2828	0.333712
3537	3207	0.792629
3537	3208	0.762770
3537	3210	0.333712
3537	3536	2.288310
3537	3538	2.950000
3537	3579	0.233126
3537	3580	0.186501
3537	4341	1.096482
3537	4342	0.050000
3538	3206	0.792629
3538	3207	1.818384
3538	3537	2.950000
3538	3539	2.800000
3538	3578	0.100000
3538	3579	0.093250
3538	4341	0.047673
3538	4342	0.650000
3539	3205	0.839254
3539	3206	1.678509
3539	3538	2.800000
3539	3540	2.564388
3540	2847	0.044455
3540	3204	0.839254
3540	3205	2.478261
3540	3539	2.564388
3540	3541	3.956522
3541	2829	0.044455
3541	2830	0.839254
3541	2886	0.792629
3541	2887	0.139876
3541	3204	1.771759
3541	3540	3.956522
3541	3542	3.636769
3542	2829	0.667424
3542	2830	0.250000
3542	2885	0.046625
3542	2886	0.400000
3542	3541	3.636769
3542	3543	3.869895
3543	2826	2.217391
3543	2827	1.771759
3543	2828	0.666831
3543	2829	0.711287
3543	2885	0.173913
3543	3542	3.869895
3543	3544	1.244752
3544	2310	0.190693
3544	2825	0.636364
3544	2826	0.222277
3544	2827	0.810443
3544	2828	3.272727
3544	3543	1.244752
3544	3545	4.090909
3544	4134	0.858116
3545	2310	1.001136
3545	2824	0.755742
3545	2825	0.772727
3545	2827	0.095346
3545	3544	4.090909
3545	3546	3.636364
3545	4134	0.429058
3546	2310	0.047673
3546	2824	0.844653
3546	3545	3.636364
3546	3547	3.146427
3546	3588	0.090909
3546	3589	0.045455
3547	2822	0.143019
3547	2823	0.650000
3547	2824	0.373002
3547	3546	3.146427
3547	3548	3.750000
3547	3588	0.286039
3547	3589	0.333712
3547	3590	0.047673
3548	2139	1.725134
3548	2822	0.667424
3548	2823	0.400000
3548	3547	3.750000
3548	3549	1.165631
3548	3550	0.429058
3548	3589	0.143019
3549	2093	0.792629
3549	2123	3.521739
3549	2138	1.644851
3549	2139	0.434783
3549	2140	0.419627
3549	3548	1.165631
3549	3550	4.845641
3549	3566	0.130435
3550	2093	0.381385
3550	2094	0.227273
3550	2139	0.444554
3550	3548	0.429058
3550	3549	4.845641
3550	3551	3.727273
3550	3566	0.622376
3551	2094	1.045455
3551	3550	3.727273
3551	3552	1.573213
3551	3553	2.860388
3551	3565	0.667424
3551	3566	1.289207
3552	2092	1.072381
3552	2094	1.954598
3552	2095	0.046625
3552	3551	1.573213
3552	3553	1.550000
3553	2092	1.771759
3553	3551	2.860388
3553	3552	1.550000
3553	3554	0.839254
3553	3565	1.200000
3553	4137	0.700000
3553	4138	0.400000
3554	2091	2.178316
3554	2092	0.478261
3554	3553	0.839254
3554	3555	3.086957
3554	3565	0.419627
3554	3571	0.792629
3554	3572	1.305507
3554	4138	1.025755
3554	4139	0.565217
3555	2692	0.046625
3555	2693	0.217391
3555	2694	0.044455
3555	3554	3.086957
3555	3556	4.382773
3555	3565	0.139876
3555	3569	0.173913
3555	3570	0.932505
3555	3571	1.538633
3555	4138	0.093250
3555	4139	0.043478
3556	2692	1.050000
3556	2693	0.979130
3556	2694	0.286039
3556	3555	4.382773
3556	3557	3.550000
3556	3568	0.046625
3556	3569	0.792629
3556	3570	0.250000
3557	2692	0.800000
3557	2693	0.046625
3557	2694	0.047673
3557	2695	0.550000
3557	3556	3.550000
3557	3558	3.590144
3557	3568	0.792629
3557	3569	0.932505
3558	2542	0.177822
3558	2543	0.889108
3558	3557	3.590144
3558	3559	4.709149
3558	3564	0.088911
3558	3567	0.699379
3558	3568	2.695652
3559	2543	0.667424
3559	2544	0.050000
3559	3558	4.709149
3559	3560	4.009771
3559	3564	0.905789
3559	3567	0.300000
3560	2132	0.533465
3560	2133	1.000000
3560	2544	0.326377
3560	3559	4.009771
3560	3561	0.933564
3560	3562	1.778217
3560	3563	0.217391
3560	3564	1.956039
3561	2127	0.090909
3561	2128	0.190693
3561	2130	3.289701
3561	2131	3.454545
3561	2133	1.289207
3561	2545	0.045455
3561	3560	0.933564
3561	3562	1.636364
3561	4020	0.333712
3562	2133	0.400099
3562	2522	2.955734
3562	3560	1.778217
3562	3561	1.636364
3562	3563	1.066930
3562	3975	0.088911
3562	3976	1.422574
3562	3977	0.047673
3562	4019	1.763906
3563	2134	0.139876
3563	3560	0.217391
3563	3562	1.066930
3563	3564	0.889108
3563	3586	0.093250
3563	3974	0.222277
3563	3975	1.260870
3563	3976	0.130435
3563	4020	0.046625
3563	4093	1.956039
3564	2122	0.667424
3564	2132	1.181818
3564	2134	0.333712
3564	3558	0.088911
3564	3559	0.905789
3564	3560	1.956039
3564	3563	0.889108
3564	3565	1.191828
3564	3566	0.489010
3564	3567	2.240637
3565	2092	0.046625
3565	2134	0.250000
3565	3551	0.667424
3565	3553	1.200000
3565	3554	0.419627
3565	3555	0.139876
3565	3564	1.191828
3565	3566	2.144761
3566	2093	1.865010
3566	2094	0.222277
3566	2122	0.093250
3566	3549	0.130435
3566	3550	0.622376
3566	3551	1.289207
3566	3564	0.489010
3566	3565	2.144761
3566	3567	1.725134
3567	2092	0.093250
3567	2093	0.150000
3567	2122	1.700000
3567	2543	0.381385
3567	2544	0.050000
3567	3558	0.699379
3567	3559	0.300000
3567	3564	2.240637
3567	3566	1.725134
3567	3568	1.818384
3568	2121	0.043478
3568	2542	0.978019
3568	2543	1.244752
3568	3556	0.046625
3568	3557	0.792629
3568	3558	2.695652
3568	3567	1.818384
3568	3569	4.695652
3569	2542	0.266733
3569	2694	0.133366
3569	2695	0.233126
3569	2697	0.695652
3569	2698	0.217391
3569	3555	0.173913
3569	3556	0.792629
3569	3557	0.932505
3569	3568	4.695652
3569	3570	4.476023
3570	2694	0.476731
3570	2697	0.093250
3570	2698	0.699379
3570	3555	0.932505
3570	3556	0.250000
3570	3569	4.476023
3570	3571	3.300000
3571	2693	0.559503
3571	3554	0.792629
3571	3555	1.538633
3571	3570	3.300000
3571	3572	3.350000
3572	2091	0.715097
3572	3554	1.305507
3572	3571	3.350000
3572	3573	3.337119
3573	2090	3.409091
3573	2091	2.227273
3573	3572	3.337119
3573	3574	1.096482
3573	4298	0.044455
3574	2088	0.762770
3574	2089	1.000000
3574	2090	0.858116
3574	3573	1.096482
3574	3575	2.450000
3574	4146	0.792629
3574	4147	0.050000
3574	4298	2.564388
3574	4300	0.500000
3575	2088	0.667424
3575	3574	2.450000
3575	3576	3.000000
3575	4145	0.932505
3575	4146	1.958260
3576	3575	3.000000
3576	3577	2.377887
3576	4144	0.792629
3576	4145	1.818384
3577	3576	2.377887
3577	3578	4.009771
3577	4142	0.044455
3577	4143	0.839254
3577	4144	3.043478
3578	3538	0.100000
3578	3577	4.009771
3578	3579	3.310392
3578	4142	0.667424
3578	4143	0.400000
3578	4341	0.667424
3578	4342	0.050000
3579	3210	0.533465
3579	3537	0.233126
3579	3538	0.093250
3579	3578	3.310392
3579	3580	4.217391
3579	4141	0.792629
3579	4142	2.133860
3579	4341	1.600395
3580	3210	0.577920
3580	3211	0.577920
3580	3536	0.177822
3580	3537	0.186501
3580	3579	4.217391
3580	3581	3.123891
3580	4139	0.043478
3580	4140	0.932505
3580	4141	1.631883
3581	3211	0.047673
3581	3212	0.050000
3581	3580	3.123891
3581	3582	4.576620
3581	4139	0.839254
3581	4140	0.750000
3582	3581	4.576620
3582	3583	1.555940
3582	3584	0.044455
3582	4098	0.136364
3582	4099	1.422574
3582	4135	3.045455
3582	4138	0.095346
3582	4139	0.177822
3583	3582	1.555940
3583	3584	3.608696
3583	4096	0.093250
3583	4098	0.044455
3583	4099	0.217391
3583	4138	0.839254
3583	4139	1.565217
3584	2134	0.046625
3584	3582	0.044455
3584	3583	3.608696
3584	3585	3.912077
3584	4098	0.311188
3584	4135	0.177822
3584	4137	0.792629
3584	4138	1.818384
3585	2134	0.524404
3585	3584	3.912077
3585	3586	1.954598
3585	3587	0.666831
3585	4093	0.045455
3585	4098	0.500000
3585	4135	0.090909
3585	4136	0.619751
3585	4137	1.477867
3586	2134	3.050000
3586	2135	0.524404
3586	3563	0.093250
3586	3585	1.954598
3586	3587	1.352132
3586	4020	0.250000
3586	4021	0.250000
3586	4025	0.500000
3586	4093	0.286039
3587	3585	0.666831
3587	3586	1.352132
3587	3588	3.334157
3587	4025	0.326377
3587	4098	3.823166
3588	3546	0.090909
3588	3547	0.286039
3588	3587	3.334157
3588	3589	5.000000
3588	4132	0.762770
3589	3546	0.045455
3589	3547	0.333712
3589	3548	0.143019
3589	3588	5.000000
3589	3590	3.181818
3589	4024	0.045455
3589	4026	0.044455
3589	4132	0.095346
3590	3547	0.047673
3590	3589	3.181818
3590	3591	1.000000
3590	4024	2.818182
3591	2370	0.524404
3591	2371	0.088911
3591	2815	1.144155
3591	3590	1.000000
3591	3592	0.844653
3591	3966	0.622376
3591	4023	3.956533
3592	3591	0.844653
3592	3593	1.200296
3592	3594	2.051511
3592	3595	0.093250
3592	3967	0.086957
3592	3968	0.130435
3592	3972	0.577920
3592	4022	1.865010
3592	4023	0.304348
3592	4024	2.445048
3592	4025	0.046625
3593	3592	1.200296
3593	3594	1.382521
3593	3963	0.047673
3593	4024	0.090909
3594	3592	2.051511
3594	3593	1.382521
3594	3595	3.850000
3594	3967	0.046625
3594	3971	0.810443
3594	3972	0.619751
3594	4022	0.300000
3595	3592	0.093250
3595	3594	3.850000
3595	3596	3.800000
3595	3772	0.233126
3595	3966	0.093250
3595	3967	0.792629
3595	3970	0.050000
3595	3971	1.573213
3595	4022	0.050000
3596	3595	3.800000
3596	3597	3.600000
3596	3772	0.233126
3596	3773	0.606128
3596	3965	0.046625
3596	3966	0.792629
3596	3967	0.699379
3596	3970	1.400000
3597	3596	3.600000
3597	3598	2.471138
3597	3770	0.050000
3597	3773	0.139876
3597	3965	0.792629
3597	3966	1.212256
3597	3970	0.300000
3598	2237	0.088911
3598	3597	2.471138
3598	3599	1.212256
3598	3600	2.478261
3598	3964	0.792629
3598	3965	2.217391
3599	1722	0.238366
3599	1723	1.334848
3599	2368	1.771759
3599	2390	1.300000
3599	2391	0.750000
3599	3598	1.212256
3599	3600	0.979130
3599	3951	0.619751
3600	1723	0.044455
3600	2237	0.177822
3600	2238	0.666831
3600	3598	2.478261
3600	3599	0.979130
3600	3601	3.260870
3600	3765	0.046625
3600	3963	0.979130
3600	3964	1.725134
3601	2238	0.355643
3601	2239	0.533465
3601	3600	3.260870
3601	3602	5.067918
3601	3962	0.885880
3601	3963	2.284637
3602	2239	0.318182
3602	2240	0.381385
3602	2355	0.044455
3602	2356	0.272727
3602	3601	5.067918
3602	3603	3.200790
3602	3764	0.047673
3602	3958	0.047673
3602	3959	0.667424
3602	3961	0.095346
3602	3962	0.667424
3603	2240	0.046625
3603	2339	0.347826
3603	2347	0.355643
3603	2355	1.304348
3603	2356	0.622376
3603	3602	3.200790
3603	3604	4.709149
3603	3958	0.699379
3603	3959	1.398757
3603	3961	0.512878
3603	4119	0.044455
3604	2339	0.093250
3604	2347	0.095346
3604	2355	0.186501
3604	2356	0.190693
3604	3603	4.709149
3604	3605	2.550000
3604	3957	0.746004
3604	3958	0.650000
3604	4119	0.476731
3605	3604	2.550000
3605	3606	3.850000
3605	3608	0.047673
3605	3759	0.046625
3605	3956	0.619751
3605	3957	1.538633
3605	4118	0.979130
3605	4119	1.096482
3606	3605	3.850000
3606	3607	1.550000
3606	3608	1.620886
3606	3759	2.937390
3606	3956	0.667424
3606	4117	0.850000
3606	4118	0.652753
3607	3606	1.550000
3607	3608	1.001136
3607	3759	0.326377
3607	4117	1.200000
3608	3605	0.047673
3608	3606	1.620886
3608	3607	1.001136
3608	3609	3.480138
3608	3759	0.755742
3608	3763	0.133366
3608	3764	0.667424
3608	3765	0.619751
3608	3955	0.772727
3608	3956	3.727273
3609	1725	0.429058
3609	3608	3.480138
3609	3610	4.100000
3609	3759	0.279751
3609	3762	0.047673
3609	3763	0.792629
3609	3764	0.150000
3609	3954	0.333712
3609	3955	1.477867
3610	1548	0.539360
3610	1725	0.238366
3610	3609	4.100000
3610	3611	3.310392
3610	3759	0.046625
3610	3762	0.715097
3610	3763	0.839254
3610	3954	0.381385
3611	1548	0.188608
3611	3610	3.310392
3611	3612	3.683394
3611	3761	0.792629
3611	3762	2.400593
3612	1546	0.100000
3612	1560	0.091287
3612	3611	3.683394
3612	3613	2.431330
3612	3758	0.792629
3612	3760	0.792629
3612	3761	0.500000
3613	3612	2.431330
3613	3614	4.578909
3613	3758	0.711287
3613	3760	2.622870
3614	3613	4.578909
3614	3615	4.849025
3614	3756	0.130435
3614	3757	0.792629
3614	3758	0.782609
3615	3614	4.849025
3615	3616	2.850000
3615	3756	0.746004
3615	3757	0.300000
3616	3421	0.333712
3616	3615	2.850000
3616	3617	3.500000
3616	3755	0.746004
3616	3756	1.538633
3617	3420	0.905789
3617	3421	0.905789
3617	3616	3.500000
3617	3618	2.284637
3617	3754	0.700000
3617	3755	1.165631
3618	3393	0.844653
3618	3394	0.711287
3618	3420	0.889108
3618	3617	2.284637
3618	3619	3.956522
3618	3753	0.606128
3618	3754	2.377887
3619	3394	0.222277
3619	3395	0.043478
3619	3618	3.956522
3619	3620	5.082151
3619	3751	0.043478
3619	3752	0.746004
3619	3753	1.352132
3620	1962	0.093250
3620	3619	5.082151
3620	3621	1.818384
3620	3751	0.606128
3620	3752	0.150000
3621	1567	1.032094
3621	1569	0.069505
3621	1586	0.093250
3621	1962	0.695652
3621	1963	0.173913
3621	3620	1.818384
3621	3622	3.963145
3621	3749	0.043478
3621	3750	0.792629
3621	3751	3.043478
3622	1569	1.416176
3622	1589	0.158114
3622	3621	3.963145
3622	3623	3.700000
3622	3749	0.699379
3622	3750	0.250000
3623	3622	3.700000
3623	3624	1.212256
3623	3730	0.572078
3623	3746	1.096482
3623	3747	0.550000
3623	3748	0.190693
3623	3749	0.139876
3624	3623	1.212256
3624	3625	2.782609
3624	3727	0.979130
3624	3728	0.839254
3624	3729	0.533465
3624	3746	2.889602
3625	3624	2.782609
3625	3626	3.916520
3625	3726	0.792629
3625	3727	1.771759
3625	3729	0.133366
3626	3625	3.916520
3626	3627	3.500000
3626	3725	0.746004
3626	3726	0.400000
3627	3626	3.500000
3627	3628	2.850000
3627	3724	0.606128
3627	3725	1.212256
3628	3627	2.850000
3628	3629	3.900000
3628	3723	0.839254
3628	3724	1.678509
3629	3628	3.900000
3629	3630	3.200000
3629	3722	0.466252
3629	3723	0.932505
3630	3629	3.200000
3630	3631	1.818384
3630	3721	0.885880
3630	3722	1.212256
3631	3630	1.818384
3631	3632	4.173913
3631	3719	0.046625
3631	3720	0.559503
3631	3721	3.173913
3632	3631	4.173913
3632	3633	4.476023
3632	3718	0.130435
3632	3719	0.792629
3632	3720	0.932505
3633	3632	4.476023
3633	3634	3.200000
3633	3718	0.606128
3633	3719	0.250000
3634	3633	3.200000
3634	3635	3.310392
3634	3717	0.699379
3634	3718	1.305507
3635	3634	3.310392
3635	3636	4.149646
3635	3715	0.043478
3635	3716	0.652753
3635	3717	1.782609
3636	3635	4.149646
3636	3637	3.543518
3636	3715	0.746004
3636	3716	0.350000
3637	3636	3.543518
3637	3638	3.776644
3637	3713	0.086957
3637	3714	0.746004
3637	3715	1.826087
3638	3637	3.776644
3638	3639	3.300000
3638	3713	0.839254
3638	3714	0.300000
3639	3638	3.300000
3639	3640	3.300000
3639	3681	0.450000
3639	3682	0.186501
3639	3711	0.050000
3639	3712	0.792629
3639	3713	1.119006
3640	3639	3.300000
3640	3641	2.797514
3640	3680	0.093250
3640	3681	0.200000
3640	3710	0.050000
3640	3711	0.750000
3640	3712	1.865010
3641	3640	2.797514
3641	3642	1.025755
3641	3651	1.652174
3641	3676	0.233126
3641	3710	0.932505
3641	3711	1.352132
3642	3641	1.025755
3642	3643	0.979130
3642	3649	2.250000
3642	3651	0.233126
3642	3675	0.200000
3642	3676	2.100000
3642	3678	0.419627
3642	3679	0.419627
3643	3642	0.979130
3643	3644	3.217142
3643	3700	0.355643
3644	3643	3.217142
3644	3645	3.718504
3644	3649	0.750000
3644	3699	0.139876
3644	3700	0.190693
3644	3701	0.047673
3645	3644	3.718504
3645	3646	5.245740
3645	3648	0.681818
3645	3649	0.381385
3645	3650	0.681818
3645	3698	0.572078
3645	3699	1.244752
3645	3701	0.500000
3645	3702	0.272727
3646	3645	5.245740
3646	3647	1.434783
3646	3648	2.178316
3646	3649	0.466252
3646	3650	0.266733
3646	3696	0.043478
3646	3697	1.130435
3646	3698	1.492008
3646	3702	1.111386
3646	3703	1.025755
3647	3646	1.434783
3647	3648	3.334157
3647	3694	0.093250
3647	3696	0.304348
3647	3697	0.391304
3647	3703	0.652753
3648	3645	0.681818
3648	3646	2.178316
3648	3647	3.334157
3648	3649	1.430194
3648	3693	0.133366
3648	3703	1.525540
3649	3642	2.250000
3649	3644	0.750000
3649	3645	0.381385
3649	3646	0.466252
3649	3648	1.430194
3649	3650	1.001136
3649	3651	0.046625
3649	3678	0.233126
3649	3679	0.559503
3650	3645	0.681818
3650	3646	0.266733
3650	3649	1.001136
3650	3651	1.022475
3650	3652	0.088911
3650	3699	0.489010
3650	3701	2.272727
3650	3702	1.500000
3650	3703	0.429058
3651	3641	1.652174
3651	3642	0.233126
3651	3649	0.046625
3651	3650	1.022475
3651	3652	3.608696
3651	3709	0.932505
3651	3710	2.004885
3652	3650	0.088911
3652	3651	3.608696
3652	3653	4.056396
3652	3701	0.088911
3652	3707	0.444554
3652	3708	0.979130
3652	3709	0.932505
3653	3652	4.056396
3653	3654	3.310392
3653	3701	0.047673
3653	3707	0.715097
3654	3653	3.310392
3654	3655	3.608696
3654	3706	0.746004
3654	3707	1.956039
3655	3654	3.608696
3655	3656	4.739130
3655	3705	0.699379
3655	3706	1.072381
3656	3655	4.739130
3656	3657	1.511484
3656	3703	0.233126
3656	3704	0.489010
3656	3705	0.279751
3657	3656	1.511484
3657	3658	3.334157
3657	3693	1.378118
3657	3694	0.476731
3657	3703	0.190693
3657	3704	2.000000
3658	3657	3.334157
3658	3659	4.056396
3658	3692	0.652753
3658	3693	2.739130
3658	3704	1.333663
3659	3658	4.056396
3659	3660	1.500000
3659	3691	0.512878
3659	3692	0.400000
3659	3704	0.953463
3659	3705	0.650000
3660	3659	1.500000
3660	3661	4.100000
3660	3690	0.839254
3660	3691	1.725134
3661	3660	4.100000
3661	3662	1.398757
3661	3663	0.200000
3661	3664	0.885880
3661	3665	0.667424
3661	3689	0.905789
3661	3690	0.839254
3662	3661	1.398757
3662	3663	1.585258
3662	3664	2.173913
3662	3689	1.378118
3663	3661	0.200000
3663	3662	1.585258
3663	3664	0.792629
3664	3661	0.885880
3664	3662	2.173913
3664	3663	0.792629
3664	3665	1.066930
3664	3688	2.130435
3664	3689	0.978019
3665	3661	0.667424
3665	3664	1.066930
3665	3666	3.636364
3665	3687	0.711287
3665	3688	1.155841
3665	3689	2.227273
3665	3690	1.733761
3665	3691	0.133366
3666	3665	3.636364
3666	3667	3.432465
3666	3668	0.047673
3666	3687	0.755742
3666	3688	0.088911
3666	3690	0.177822
3666	3691	0.577920
3666	3692	0.047673
3667	3666	3.432465
3667	3668	2.600000
3667	3686	0.606128
3667	3687	0.186501
3668	3666	0.047673
3668	3667	2.600000
3668	3669	2.250000
3668	3685	0.699379
3668	3686	1.492008
3669	3668	2.250000
3669	3670	2.550000
3669	3684	0.746004
3669	3685	2.098136
3670	3669	2.550000
3670	3671	2.950000
3670	3683	0.746004
3670	3684	2.051511
3671	3670	2.950000
3671	3672	1.911635
3671	3682	0.792629
3671	3683	1.492008
3672	3671	1.911635
3672	3673	4.615899
3672	3681	0.606128
3672	3682	2.304348
3673	3672	4.615899
3673	3674	2.400000
3673	3680	0.559503
3673	3681	0.200000
3674	3673	2.400000
3674	3675	3.250000
3674	3679	0.559503
3674	3680	1.212256
3675	3642	0.200000
3675	3674	3.250000
3675	3676	1.750000
3675	3677	1.000000
3675	3678	1.025755
3675	3679	0.512878
3676	3641	0.233126
3676	3642	2.100000
3676	3675	1.750000
3676	3677	2.350000
3676	3678	0.559503
3677	3675	1.000000
3677	3676	2.350000
3677	3678	3.636769
3678	3642	0.419627
3678	3649	0.233126
3678	3675	1.025755
3678	3676	0.559503
3678	3677	3.636769
3678	3679	3.913043
3679	3642	0.419627
3679	3649	0.559503
3679	3674	0.559503
3679	3675	0.512878
3679	3678	3.913043
3679	3680	3.782609
3680	3640	0.093250
3680	3673	0.559503
3680	3674	1.212256
3680	3679	3.782609
3680	3681	4.149646
3681	3639	0.450000
3681	3640	0.200000
3681	3672	0.606128
3681	3673	0.200000
3681	3680	4.149646
3681	3682	2.424513
3682	3639	0.186501
3682	3671	0.792629
3682	3672	2.304348
3682	3681	2.424513
3682	3683	3.869565
3683	3670	0.746004
3683	3671	1.492008
3683	3682	3.869565
3683	3684	2.478261
3684	3669	0.746004
3684	3670	2.051511
3684	3683	2.478261
3684	3685	2.913043
3685	3668	0.699379
3685	3669	2.098136
3685	3684	2.913043
3685	3686	3.391304
3686	3667	0.606128
3686	3668	1.492008
3686	3685	3.391304
3686	3687	3.391304
3687	3665	0.711287
3687	3666	0.755742
3687	3667	0.186501
3687	3686	3.391304
3687	3688	3.565217
3688	3664	2.130435
3688	3665	1.155841
3688	3666	0.088911
3688	3687	3.565217
3688	3689	2.133860
3689	3661	0.905789
3689	3662	1.378118
3689	3664	0.978019
3689	3665	2.227273
3689	3688	2.133860
3689	3690	3.156335
3690	3660	0.839254
3690	3661	0.839254
3690	3665	1.733761
3690	3666	0.177822
3690	3689	3.156335
3690	3691	2.521739
3691	3659	0.512878
3691	3660	1.725134
3691	3665	0.133366
3691	3666	0.577920
3691	3690	2.521739
3691	3692	3.030641
3691	3704	0.044455
3692	3658	0.652753
3692	3659	0.400000
3692	3666	0.047673
3692	3691	3.030641
3692	3693	2.331262
3692	3704	0.333712
3693	3648	0.133366
3693	3657	1.378118
3693	3658	2.739130
3693	3692	2.331262
3693	3694	4.802400
3693	3703	0.419627
3693	3704	1.467029
3694	3647	0.093250
3694	3657	0.476731
3694	3693	4.802400
3694	3695	3.050000
3694	3697	0.046625
3694	3703	0.750000
3695	3694	3.050000
3695	3696	2.890765
3695	3697	0.699379
3695	3702	0.095346
3695	3703	0.100000
3696	3646	0.043478
3696	3647	0.304348
3696	3695	2.890765
3696	3697	4.391304
3696	3698	0.466252
3697	3646	1.130435
3697	3647	0.391304
3697	3694	0.046625
3697	3695	0.699379
3697	3696	4.391304
3697	3698	3.869895
3697	3702	0.222277
3697	3703	0.139876
3698	3645	0.572078
3698	3646	1.492008
3698	3696	0.466252
3698	3697	3.869895
3698	3699	3.590144
3698	3702	0.715097
3699	3644	0.139876
3699	3645	1.244752
3699	3650	0.489010
3699	3698	3.590144
3699	3700	1.467029
3699	3701	3.556434
3699	3702	2.133860
3700	3643	0.355643
3700	3644	0.190693
3700	3699	1.467029
3700	3701	4.590909
3701	3644	0.047673
3701	3645	0.500000
3701	3650	2.272727
3701	3652	0.088911
3701	3653	0.047673
3701	3699	3.556434
3701	3700	4.590909
3701	3702	1.136364
3702	3645	0.272727
3702	3646	1.111386
3702	3650	1.500000
3702	3695	0.095346
3702	3697	0.222277
3702	3698	0.715097
3702	3699	2.133860
3702	3701	1.136364
3702	3703	3.051080
3703	3646	1.025755
3703	3647	0.652753
3703	3648	1.525540
3703	3650	0.429058
3703	3656	0.233126
3703	3657	0.190693
3703	3693	0.419627
3703	3694	0.750000
3703	3695	0.100000
3703	3697	0.139876
3703	3702	3.051080
3703	3704	1.334848
3704	3656	0.489010
3704	3657	2.000000
3704	3658	1.333663
3704	3659	0.953463
3704	3691	0.044455
3704	3692	0.333712
3704	3693	1.467029
3704	3703	1.334848
3704	3705	5.005679
3705	3655	0.699379
3705	3656	0.279751
3705	3659	0.650000
3705	3704	5.005679
3705	3706	2.400000
3706	3654	0.746004
3706	3655	1.072381
3706	3705	2.400000
3706	3707	2.622022
3707	3652	0.444554
3707	3653	0.715097
3707	3654	1.956039
3707	3706	2.622022
3707	3708	4.052216
3708	3652	0.979130
3708	3707	4.052216
3708	3709	3.200000
3709	3651	0.932505
3709	3652	0.932505
3709	3708	3.200000
3709	3710	2.550000
3710	3640	0.050000
3710	3641	0.932505
3710	3651	2.004885
3710	3709	2.550000
3710	3711	3.500000
3711	1529	0.600000
3711	3639	0.050000
3711	3640	0.750000
3711	3641	1.352132
3711	3710	3.500000
3711	3712	3.636769
3712	1529	0.186501
3712	3639	0.792629
3712	3640	1.865010
3712	3711	3.636769
3712	3713	4.217391
3713	3637	0.086957
3713	3638	0.839254
3713	3639	1.119006
3713	3712	4.217391
3713	3714	3.776644
3714	3637	0.746004
3714	3638	0.300000
3714	3713	3.776644
3714	3715	2.657639
3715	3635	0.043478
3715	3636	0.746004
3715	3637	1.826087
3715	3714	2.657639
3715	3716	3.030641
3716	3635	0.652753
3716	3636	0.350000
3716	3715	3.030641
3716	3717	3.123891
3717	3634	0.699379
3717	3635	1.782609
3717	3716	3.123891
3717	3718	3.826087
3718	3632	0.130435
3718	3633	0.606128
3718	3634	1.305507
3718	3717	3.826087
3718	3719	4.196272
3719	3631	0.046625
3719	3632	0.792629
3719	3633	0.250000
3719	3718	4.196272
3719	3720	4.400000
3720	3631	0.559503
3720	3632	0.932505
3720	3719	4.400000
3720	3721	1.818384
3721	3630	0.885880
3721	3631	3.173913
3721	3720	1.818384
3721	3722	4.000000
3722	3629	0.466252
3722	3630	1.212256
3722	3721	4.000000
3722	3723	3.695652
3723	3628	0.839254
3723	3629	0.932505
3723	3722	3.695652
3723	3724	2.826087
3724	3627	0.606128
3724	3628	1.678509
3724	3723	2.826087
3724	3725	4.304348
3725	3626	0.746004
3725	3627	1.212256
3725	3724	4.304348
3725	3726	3.916520
3726	3625	0.792629
3726	3626	0.400000
3726	3725	3.916520
3726	3727	3.100000
3727	3624	0.979130
3727	3625	1.771759
3727	3726	3.100000
3727	3728	2.650000
3727	3746	0.095346
3728	3624	0.839254
3728	3727	2.650000
3728	3729	2.860388
3728	3745	3.077266
3728	3746	0.810443
3729	3624	0.533465
3729	3625	0.133366
3729	3728	2.860388
3729	3730	1.272727
3729	3745	0.088911
3729	3746	0.090909
3730	3623	0.572078
3730	3729	1.272727
3730	3731	5.720776
3730	3744	0.133366
3730	3745	0.844653
3730	3746	3.090909
3730	3747	0.476731
3730	3748	0.090909
3731	1570	0.074536
3731	1572	0.539360
3731	3730	5.720776
3731	3732	2.850000
3731	3744	0.979130
3731	3745	0.186501
3731	3747	0.200000
3731	3748	0.572078
3731	3749	0.139876
3732	1570	0.447214
3732	1572	0.067420
3732	3341	0.326377
3732	3731	2.850000
3732	3733	2.950000
3732	3743	0.792629
3732	3744	1.631883
3732	3748	0.047673
3733	3341	1.165631
3733	3732	2.950000
3733	3734	3.550000
3733	3742	0.746004
3733	3743	1.585258
3734	3733	3.550000
3734	3735	2.150000
3734	3741	0.885880
3734	3742	1.258881
3735	3734	2.150000
3735	3736	1.119006
3735	3738	1.906925
3735	3740	0.792629
3735	3741	1.818384
3736	3051	1.025755
3736	3735	1.119006
3736	3737	1.565217
3736	3738	0.311188
3737	3736	1.565217
3737	3738	3.289701
3738	3735	1.906925
3738	3736	0.311188
3738	3737	3.289701
3738	3739	2.192964
3738	3740	3.156335
3739	3738	2.192964
3739	3740	1.492008
3740	3735	0.792629
3740	3738	3.156335
3740	3739	1.492008
3740	3741	3.695652
3741	3734	0.885880
3741	3735	1.818384
3741	3740	3.695652
3741	3742	4.130435
3742	3733	0.746004
3742	3734	1.258881
3742	3741	4.130435
3742	3743	3.173913
3743	3341	0.043478
3743	3732	0.792629
3743	3733	1.585258
3743	3742	3.173913
3743	3744	4.043478
3744	3730	0.133366
3744	3731	0.979130
3744	3732	1.631883
3744	3743	4.043478
3744	3745	4.043478
3744	3747	0.093250
3745	3728	3.077266
3745	3729	0.088911
3745	3730	0.844653
3745	3731	0.186501
3745	3744	4.043478
3745	3746	1.600395
3745	3747	1.678509
3746	3623	1.096482
3746	3624	2.889602
3746	3727	0.095346
3746	3728	0.810443
3746	3729	0.090909
3746	3730	3.090909
3746	3745	1.600395
3746	3747	2.097618
3747	3623	0.550000
3747	3730	0.476731
3747	3731	0.200000
3747	3744	0.093250
3747	3745	1.678509
3747	3746	2.097618
3747	3748	4.004543
3748	3623	0.190693
3748	3730	0.090909
3748	3731	0.572078
3748	3732	0.047673
3748	3747	4.004543
3748	3749	4.534453
3749	1569	0.278019
3749	3621	0.043478
3749	3622	0.699379
3749	3623	0.139876
3749	3731	0.139876
3749	3748	4.534453
3749	3750	4.802400
3750	1569	0.298142
3750	3621	0.792629
3750	3622	0.250000
3750	3749	4.802400
3750	3751	1.678509
3751	1565	1.264051
3751	1566	0.472866
3751	1567	2.506513
3751	1568	0.073721
3751	1960	0.043478
3751	1961	0.391304
3751	1962	0.130435
3751	3619	0.043478
3751	3620	0.606128
3751	3621	3.043478
3751	3750	1.678509
3751	3752	4.755775
3752	1562	0.404520
3752	1563	0.067420
3752	1564	0.298142
3752	1565	0.968246
3752	1942	0.050000
3752	1960	0.186501
3752	1961	1.352132
3752	3619	0.746004
3752	3620	0.150000
3752	3751	4.755775
3752	3753	3.650000
3753	1562	0.606780
3753	1564	0.223607
3753	1942	0.400000
3753	1943	0.839254
3753	3394	0.047673
3753	3618	0.606128
3753	3619	1.352132
3753	3752	3.650000
3753	3754	2.100000
3754	1943	0.046625
3754	3393	0.810443
3754	3394	0.810443
3754	3420	0.143019
3754	3617	0.700000
3754	3618	2.377887
3754	3753	2.100000
3754	3755	3.823270
3755	3393	0.666831
3755	3420	0.533465
3755	3421	0.666831
3755	3616	0.746004
3755	3617	1.165631
3755	3754	3.823270
3755	3756	4.304348
3756	3421	0.489010
3756	3422	0.478261
3756	3614	0.130435
3756	3615	0.746004
3756	3616	1.538633
3756	3755	4.304348
3756	3757	4.009771
3757	3422	0.139876
3757	3614	0.792629
3757	3615	0.300000
3757	3756	4.009771
3757	3758	4.196272
3758	3612	0.792629
3758	3613	0.711287
3758	3614	0.782609
3758	3757	4.196272
3758	3759	1.000000
3758	3760	0.434783
3759	3605	0.046625
3759	3606	2.937390
3759	3607	0.326377
3759	3608	0.755742
3759	3609	0.279751
3759	3610	0.046625
3759	3758	1.000000
3759	3760	1.130435
3759	3761	0.419627
3759	3762	0.088911
3760	3612	0.792629
3760	3613	2.622870
3760	3758	0.434783
3760	3759	1.130435
3760	3761	4.242897
3761	2339	0.046625
3761	3611	0.792629
3761	3612	0.500000
3761	3759	0.419627
3761	3760	4.242897
3761	3762	2.049945
3762	2339	0.355643
3762	3609	0.047673
3762	3610	0.715097
3762	3611	2.400593
3762	3759	0.088911
3762	3761	2.049945
3762	3763	3.778711
3763	1725	0.311188
3763	2241	0.046625
3763	3608	0.133366
3763	3609	0.792629
3763	3610	0.839254
3763	3762	3.778711
3763	3764	3.869895
3763	3955	0.044455
3764	1718	0.150000
3764	1724	1.250000
3764	1725	0.238366
3764	3602	0.047673
3764	3608	0.667424
3764	3609	0.150000
3764	3763	3.869895
3764	3765	3.550000
3764	3955	0.524404
3764	3956	0.047673
3765	1723	0.381385
3765	1724	0.500000
3765	3600	0.046625
3765	3608	0.619751
3765	3764	3.550000
3765	3766	3.050000
3765	3951	0.047673
3765	3955	1.668560
3765	3956	0.715097
3765	3957	0.046625
3766	2390	0.100000
3766	3765	3.050000
3766	3767	0.932505
3766	3951	0.047673
3766	3956	1.668560
3766	3957	0.746004
3766	3958	0.050000
3767	2390	0.885880
3767	2391	0.046625
3767	3766	0.932505
3767	3768	4.578909
3767	3778	0.046625
3767	3779	0.792629
3767	3947	3.867622
3768	2391	0.715097
3768	2392	0.727273
3768	3767	4.578909
3768	3769	3.956870
3768	3777	0.177822
3768	3778	0.667424
3768	3779	0.524404
3769	2392	0.953463
3769	3768	3.956870
3769	3770	3.850000
3769	3777	0.979130
3769	3778	0.050000
3769	3796	0.300000
3770	3597	0.050000
3770	3769	3.850000
3770	3771	0.979130
3770	3773	0.885880
3770	3774	0.512878
3770	3776	0.046625
3770	3796	0.550000
3771	2516	0.046625
3771	2523	0.260870
3771	2524	0.652753
3771	3770	0.979130
3771	3772	0.826087
3771	3795	0.088911
3771	3796	0.979130
3771	3797	0.173913
3771	4017	0.746004
3771	4018	0.355643
3772	3595	0.233126
3772	3596	0.233126
3772	3771	0.826087
3772	3773	4.217391
3772	3970	0.466252
3772	3971	1.822672
3773	3596	0.606128
3773	3597	0.139876
3773	3770	0.885880
3773	3772	4.217391
3773	3774	4.173913
3774	3770	0.512878
3774	3773	4.173913
3774	3775	4.755775
3775	3774	4.755775
3775	3776	2.750889
3776	3770	0.046625
3776	3775	2.750889
3776	3777	4.304348
3776	3796	0.792629
3777	3768	0.177822
3777	3769	0.979130
3777	3776	4.304348
3777	3778	4.942275
3777	3796	0.792629
3778	3767	0.046625
3778	3768	0.667424
3778	3769	0.050000
3778	3777	4.942275
3778	3779	3.300000
3779	3767	0.792629
3779	3768	0.524404
3779	3778	3.300000
3779	3780	1.398757
3779	3947	1.573213
3779	3948	0.550000
3780	3779	1.398757
3780	3781	3.636769
3780	3801	0.043478
3780	3802	0.746004
3780	3803	1.608696
3780	3948	2.657639
3780	3949	0.260870
3781	3780	3.636769
3781	3782	2.550000
3781	3801	0.746004
3781	3802	0.600000
3781	3909	0.476731
3782	3781	2.550000
3782	3783	2.750000
3782	3800	0.746004
3782	3801	1.911635
3782	3848	0.572078
3782	3908	0.150000
3782	3909	1.287174
3783	3782	2.750000
3783	3784	3.500000
3783	3799	0.667424
3783	3800	1.585258
3783	3848	0.429058
3783	3849	1.096482
3783	3850	0.139876
3783	3908	0.450000
3784	2473	0.286039
3784	3783	3.500000
3784	3785	3.300000
3784	3798	0.652753
3784	3799	1.144155
3784	3849	0.143019
3784	3850	0.373002
3785	2472	1.001136
3785	2473	1.001136
3785	3784	3.300000
3785	3786	3.950000
3785	3797	0.792629
3785	3798	1.445382
3786	2472	0.238366
3786	2514	0.095346
3786	2515	0.186501
3786	3785	3.950000
3786	3787	3.813850
3786	3788	0.047673
3786	3794	0.190693
3786	3795	0.143019
3786	3797	0.979130
3787	2514	0.454545
3787	3786	3.813850
3787	3788	2.409091
3787	3793	1.573213
3787	3794	0.636364
3788	2423	0.476731
3788	2513	0.533465
3788	2527	0.844653
3788	3786	0.047673
3788	3787	2.409091
3788	3789	1.454545
3788	3792	0.222277
3788	3793	0.667424
3789	2421	2.335983
3789	2422	1.644851
3789	2423	2.860388
3789	2479	0.545455
3789	2480	0.954545
3789	2481	2.711781
3789	3788	1.454545
3789	3790	1.409091
3790	2421	0.095346
3790	2481	0.222277
3790	2482	0.222277
3790	2483	1.422574
3790	3789	1.409091
3790	3791	4.178810
3791	2422	0.043478
3791	3790	4.178810
3791	3792	4.782609
3792	2527	0.304348
3792	2528	0.139876
3792	3788	0.222277
3792	3791	4.782609
3792	3793	4.429398
3793	2526	0.400000
3793	2527	0.466252
3793	3787	1.573213
3793	3788	0.667424
3793	3792	4.429398
3793	3794	1.620886
3794	2514	0.136364
3794	2515	0.222277
3794	2525	1.048809
3794	2526	1.668560
3794	3786	0.190693
3794	3787	0.636364
3794	3793	1.620886
3794	3795	3.409091
3795	2515	0.800198
3795	2516	0.095346
3795	2525	0.238366
3795	3771	0.088911
3795	3786	0.143019
3795	3794	3.409091
3795	3796	1.716233
3795	3797	2.578415
3796	3769	0.300000
3796	3770	0.550000
3796	3771	0.979130
3796	3776	0.792629
3796	3777	0.792629
3796	3795	1.716233
3796	3797	1.119006
3797	2472	0.088911
3797	2515	0.217391
3797	2516	0.139876
3797	3771	0.173913
3797	3785	0.792629
3797	3786	0.979130
3797	3795	2.578415
3797	3796	1.119006
3797	3798	3.260870
3798	2472	0.755742
3798	2473	0.622376
3798	3784	0.652753
3798	3785	1.445382
3798	3797	3.260870
3798	3799	3.823166
3799	2473	0.045455
3799	3783	0.667424
3799	3784	1.144155
3799	3798	3.823166
3799	3800	3.467523
3800	3782	0.746004
3800	3783	1.585258
3800	3799	3.467523
3800	3801	3.652174
3800	3848	0.489010
3801	3780	0.043478
3801	3781	0.746004
3801	3782	1.911635
3801	3800	3.652174
3801	3802	3.683394
3801	3848	0.844653
3801	3909	0.666831
3802	3780	0.746004
3802	3781	0.600000
3802	3801	3.683394
3802	3803	2.098136
3802	3909	1.001136
3802	3910	0.373002
3803	3780	1.608696
3803	3802	2.098136
3803	3804	2.144761
3803	3910	0.565217
3803	3911	0.932505
3803	3946	2.622870
3803	3948	0.839254
3804	3803	2.144761
3804	3805	4.000000
3804	3846	0.699379
3804	3910	3.590144
3804	3911	0.200000
3805	3804	4.000000
3805	3806	2.500000
3805	3809	0.667424
3805	3846	0.559503
3805	3905	0.792629
3806	3805	2.500000
3806	3807	1.144155
3806	3808	0.143019
3806	3809	2.383656
3806	3867	0.381385
3806	3904	0.746004
3806	3905	1.212256
3807	3806	1.144155
3807	3808	3.681818
3807	3865	0.286039
3807	3867	1.045455
3808	3806	0.143019
3808	3807	3.681818
3808	3809	1.409091
3808	3810	3.600889
3808	3865	0.667424
3808	3867	0.409091
3808	3904	0.044455
3809	3805	0.667424
3809	3806	2.383656
3809	3808	1.409091
3809	3810	1.066930
3809	3846	0.978019
3809	3904	0.044455
3809	3905	0.088911
3810	3808	3.600889
3810	3809	1.066930
3810	3811	2.739130
3810	3864	0.746004
3810	3865	0.699379
3810	3867	0.311188
3810	3904	0.782609
3810	3905	0.434783
3810	3906	0.093250
3811	3810	2.739130
3811	3812	4.289522
3811	3862	0.130435
3811	3863	0.792629
3811	3864	1.165631
3811	3866	0.043478
3811	3867	0.222277
3811	3894	0.086957
3811	3895	0.139876
3811	3901	0.046625
3811	3902	0.792629
3811	3904	0.130435
3811	3905	0.086957
3811	3906	0.046625
3812	3811	4.289522
3812	3813	3.450000
3812	3861	0.093250
3812	3862	0.606128
3812	3863	0.150000
3812	3894	0.139876
3812	3895	0.900000
3812	3896	0.046625
3812	3900	0.139876
3812	3901	0.650000
3812	3902	0.400000
3813	3812	3.450000
3813	3814	3.500000
3813	3861	0.979130
3813	3862	1.258881
3813	3895	0.300000
3813	3896	1.119006
3813	3898	0.047673
3813	3899	0.143019
3813	3900	0.279751
3814	3813	3.500000
3814	3815	3.650000
3814	3860	0.746004
3814	3861	1.445382
3814	3897	0.047673
3814	3898	0.190693
3815	3814	3.650000
3815	3816	3.750000
3815	3859	0.792629
3815	3860	1.631883
3816	3815	3.750000
3816	3817	2.550000
3816	3858	0.839254
3816	3859	1.725134
3817	3816	2.550000
3817	3818	1.400000
3817	3854	1.096482
3817	3856	0.715097
3817	3858	1.492008
3818	3817	1.400000
3818	3819	3.194100
3818	3839	0.326377
3818	3841	0.333712
3818	3842	0.699379
3818	3843	1.001136
3818	3854	1.191828
3819	3818	3.194100
3819	3820	3.778711
3819	3839	0.800198
3819	3842	2.578415
3819	3843	0.681818
3820	3819	3.778711
3820	3821	3.826087
3820	3837	0.046625
3820	3838	0.792629
3820	3839	1.260870
3821	3820	3.826087
3821	3822	3.730019
3821	3836	0.043478
3821	3837	0.792629
3821	3838	1.445382
3822	3821	3.730019
3822	3823	2.890765
3822	3836	0.839254
3822	3837	0.250000
3823	3822	2.890765
3823	3824	3.652174
3823	3835	0.792629
3823	3836	2.913043
3824	3823	3.652174
3824	3825	3.695652
3824	3834	0.839254
3824	3835	1.771759
3825	3824	3.695652
3825	3826	1.111386
3825	3828	0.478261
3825	3833	0.979130
3825	3834	1.631883
3826	3825	1.111386
3826	3827	2.526676
3827	3826	2.526676
3827	3828	3.263767
3827	3829	0.326377
3827	3832	0.381385
3828	3825	0.478261
3828	3827	3.263767
3828	3829	5.652174
3828	3832	0.666831
3828	3833	0.233126
3829	3827	0.326377
3829	3828	5.652174
3829	3830	1.022475
3829	3831	0.844653
3830	3829	1.022475
3830	3831	4.954545
3831	3829	0.844653
3831	3830	4.954545
3831	3832	1.181818
3832	3827	0.381385
3832	3828	0.666831
3832	3831	1.181818
3832	3833	2.097618
3833	3825	0.979130
3833	3828	0.233126
3833	3832	2.097618
3833	3834	2.000000
3834	3824	0.839254
3834	3825	1.631883
3834	3833	2.000000
3834	3835	2.950000
3835	3823	0.792629
3835	3824	1.771759
3835	3834	2.950000
3835	3836	2.657639
3836	3821	0.043478
3836	3822	0.839254
3836	3823	2.913043
3836	3835	2.657639
3836	3837	4.615899
3837	3820	0.046625
3837	3821	0.792629
3837	3822	0.250000
3837	3836	4.615899
3837	3838	2.900000
3838	3820	0.792629
3838	3821	1.445382
3838	3837	2.900000
3838	3839	3.823270
3839	3818	0.326377
3839	3819	0.800198
3839	3820	1.260870
3839	3838	3.823270
3839	3840	1.086957
3840	3839	1.086957
3840	3841	4.267721
3840	3842	0.130435
3840	3854	0.044455
3840	3855	0.608696
3841	3818	0.333712
3841	3840	4.267721
3841	3842	1.511484
3841	3843	0.090909
3841	3854	3.727273
3841	3855	0.088911
3842	3818	0.699379
3842	3819	2.578415
3842	3840	0.130435
3842	3841	1.511484
3842	3843	1.244752
3842	3853	0.046625
3842	3854	0.044455
3843	3818	1.001136
3843	3819	0.681818
3843	3841	0.090909
3843	3842	1.244752
3843	3844	4.534453
3843	3853	0.047673
3843	3854	1.318182
3843	3856	0.500000
3843	3858	0.088911
3844	3843	4.534453
3844	3845	4.662524
3844	3852	0.347826
3844	3853	0.652753
3844	3856	0.266733
3844	3857	0.133366
3844	3858	1.043478
3844	3859	0.086957
3845	3844	4.662524
3845	3846	1.165631
3845	3847	0.050000
3845	3851	0.046625
3845	3852	0.792629
3845	3857	0.143019
3845	3858	0.559503
3845	3859	0.046625
3845	3906	1.000000
3846	3804	0.699379
3846	3805	0.559503
3846	3809	0.978019
3846	3845	1.165631
3846	3847	4.149646
3846	3905	0.086957
3846	3910	0.695652
3847	3845	0.050000
3847	3846	4.149646
3847	3848	0.905789
3847	3909	0.190693
3847	3910	0.652753
3848	3782	0.572078
3848	3783	0.429058
3848	3800	0.489010
3848	3801	0.844653
3848	3847	0.905789
3848	3849	4.772727
3848	3908	0.190693
3848	3909	2.000000
3849	3783	1.096482
3849	3784	0.143019
3849	3848	4.772727
3849	3850	3.956533
3849	3907	0.143019
3849	3908	0.667424
3850	3783	0.139876
3850	3784	0.373002
3850	3849	3.956533
3850	3851	4.043478
3850	3906	0.046625
3850	3907	0.792629
3850	3908	0.512878
3851	3845	0.046625
3851	3850	4.043478
3851	3852	4.217391
3851	3906	0.839254
3851	3907	0.792629
3852	3844	0.347826
3852	3845	0.792629
3852	3851	4.217391
3852	3853	4.429398
3852	3857	0.666831
3852	3906	1.072381
3853	3842	0.046625
3853	3843	0.047673
3853	3844	0.652753
3853	3852	4.429398
3853	3854	1.048809
3853	3856	0.333712
3853	3857	1.001136
3854	3817	1.096482
3854	3818	1.191828
3854	3840	0.044455
3854	3841	3.727273
3854	3842	0.044455
3854	3843	1.318182
3854	3853	1.048809
3854	3855	0.933564
3854	3856	3.000000
3855	3840	0.608696
3855	3841	0.088911
3855	3854	0.933564
3855	3856	1.111386
3856	3817	0.715097
3856	3843	0.500000
3856	3844	0.266733
3856	3853	0.333712
3856	3854	3.000000
3856	3855	1.111386
3856	3857	1.727273
3856	3858	2.889602
3857	3844	0.133366
3857	3845	0.143019
3857	3852	0.666831
3857	3853	1.001136
3857	3856	1.727273
3857	3858	1.511484
3857	3906	0.810443
3858	3816	0.839254
3858	3817	1.492008
3858	3843	0.088911
3858	3844	1.043478
3858	3845	0.559503
3858	3856	2.889602
3858	3857	1.511484
3858	3859	3.391304
3858	3906	0.093250
3859	3815	0.792629
3859	3816	1.725134
3859	3844	0.086957
3859	3845	0.046625
3859	3858	3.391304
3859	3860	3.695652
3860	3814	0.746004
3860	3815	1.631883
3860	3859	3.695652
3860	3861	4.130435
3861	3812	0.093250
3861	3813	0.979130
3861	3814	1.445382
3861	3860	4.130435
3861	3862	3.391304
3862	3811	0.130435
3862	3812	0.606128
3862	3813	1.258881
3862	3861	3.391304
3862	3863	4.755775
3862	3895	0.373002
3862	3896	0.130435
3863	3811	0.792629
3863	3812	0.150000
3863	3862	4.755775
3863	3864	3.550000
3863	3895	0.800000
3864	3810	0.746004
3864	3811	1.165631
3864	3863	3.550000
3864	3865	2.550000
3864	3894	0.885880
3864	3895	0.150000
3865	3807	0.286039
3865	3808	0.667424
3865	3810	0.699379
3865	3864	2.550000
3865	3866	1.072381
3865	3894	0.279751
3866	3811	0.043478
3866	3865	1.072381
3866	3867	0.933564
3866	3868	2.611013
3866	3891	0.086957
3866	3892	0.652174
3866	3893	1.521739
3866	3902	3.543518
3866	3903	1.130435
3867	3806	0.381385
3867	3807	1.045455
3867	3808	0.409091
3867	3810	0.311188
3867	3811	0.222277
3867	3866	0.933564
3867	3868	0.858116
3867	3902	0.095346
3867	3904	4.089899
3868	3866	2.611013
3868	3867	0.858116
3868	3869	2.900000
3868	3890	0.047673
3868	3891	0.746004
3868	3892	0.186501
3868	3903	1.445382
3869	3868	2.900000
3869	3870	2.984015
3869	3890	0.667424
3869	3891	1.398757
3869	3903	0.839254
3870	2203	0.046625
3870	2204	0.782609
3870	2205	0.044455
3870	2206	0.844653
3870	2208	0.266733
3870	3869	2.984015
3870	3871	3.869895
3870	3889	0.932505
3870	3890	2.044949
3870	3903	0.521739
3871	2203	0.350000
3871	2204	0.046625
3871	2208	0.047673
3871	2209	0.792629
3871	3870	3.869895
3871	3872	4.336147
3871	3888	0.979130
3871	3889	0.300000
3871	3903	0.652753
3872	2209	0.347826
3872	2210	1.086957
3872	3871	4.336147
3872	3873	1.244752
3872	3886	1.956522
3872	3887	0.489010
3872	3888	0.347826
3873	2210	0.444554
3873	3872	1.244752
3873	3874	3.200790
3873	3886	0.489010
3873	3887	2.590909
3874	3873	3.200790
3874	3875	3.869565
3874	3885	0.792629
3874	3886	1.260870
3875	3874	3.869565
3875	3876	3.963145
3875	3884	0.792629
3875	3885	1.538633
3876	3875	3.963145
3876	3877	4.550000
3876	3883	0.746004
3876	3884	0.700000
3877	3876	4.550000
3877	3878	2.650000
3877	3882	0.238366
3877	3883	0.792629
3878	3877	2.650000
3878	3879	1.025755
3878	3880	0.400000
3878	3881	0.047673
3878	3882	0.095346
3879	2386	0.304348
3879	2387	1.022475
3879	2388	0.093250
3879	2397	1.398757
3879	2398	0.889108
3879	3878	1.025755
3879	3880	4.569274
3879	3949	0.086957
3880	2387	0.047673
3880	2397	0.050000
3880	3878	0.400000
3880	3879	4.569274
3880	3881	4.576620
3880	3949	0.746004
3881	3878	0.047673
3881	3880	4.576620
3881	3882	3.909091
3881	3949	0.622376
3882	3877	0.238366
3882	3878	0.095346
3882	3881	3.909091
3882	3883	3.156335
3883	3876	0.746004
3883	3877	0.792629
3883	3882	3.156335
3883	3884	3.543518
3884	3875	0.792629
3884	3876	0.700000
3884	3883	3.543518
3884	3885	2.550000
3885	3874	0.792629
3885	3875	1.538633
3885	3884	2.550000
3885	3886	3.357017
3886	3872	1.956522
3886	3873	0.489010
3886	3874	1.260870
3886	3885	3.357017
3886	3887	1.511484
3887	3872	0.489010
3887	3873	2.590909
3887	3886	1.511484
3887	3888	4.667819
3888	2209	0.043478
3888	3871	0.979130
3888	3872	0.347826
3888	3887	4.667819
3888	3889	3.403643
3888	3903	0.043478
3889	2208	0.429058
3889	3870	0.932505
3889	3871	0.300000
3889	3888	3.403643
3889	3890	2.955734
3889	3903	0.186501
3890	2205	0.590909
3890	2206	0.772727
3890	3868	0.047673
3890	3869	0.667424
3890	3870	2.044949
3890	3889	2.955734
3890	3891	4.045443
3890	3903	0.133366
3891	2205	0.177822
3891	3866	0.086957
3891	3868	0.746004
3891	3869	1.398757
3891	3890	4.045443
3891	3892	4.869565
3892	3866	0.652174
3892	3868	0.186501
3892	3891	4.869565
3892	3893	3.521739
3893	3866	1.521739
3893	3892	3.521739
3893	3894	3.260870
3893	3902	0.792629
3894	3811	0.086957
3894	3812	0.139876
3894	3864	0.885880
3894	3865	0.279751
3894	3893	3.260870
3894	3895	4.289522
3894	3900	0.130435
3894	3901	0.792629
3894	3902	1.352132
3895	3811	0.139876
3895	3812	0.900000
3895	3813	0.300000
3895	3862	0.373002
3895	3863	0.800000
3895	3864	0.150000
3895	3894	4.289522
3895	3896	2.564388
3895	3900	0.792629
3895	3901	0.200000
3896	3812	0.046625
3896	3813	1.119006
3896	3862	0.130435
3896	3895	2.564388
3896	3897	1.111386
3896	3898	1.644851
3896	3899	0.444554
3896	3900	1.913043
3897	3814	0.047673
3897	3896	1.111386
3897	3898	4.954545
3898	3813	0.047673
3898	3814	0.190693
3898	3896	1.644851
3898	3897	4.954545
3898	3899	4.500000
3899	3813	0.143019
3899	3896	0.444554
3899	3898	4.500000
3899	3900	2.845147
3900	3812	0.139876
3900	3813	0.279751
3900	3894	0.130435
3900	3895	0.792629
3900	3896	1.913043
3900	3899	2.845147
3900	3901	4.289522
3901	3811	0.046625
3901	3812	0.650000
3901	3894	0.792629
3901	3895	0.200000
3901	3900	4.289522
3901	3902	2.700000
3902	3811	0.792629
3902	3812	0.400000
3902	3866	3.543518
3902	3867	0.095346
3902	3893	0.792629
3902	3894	1.352132
3902	3901	2.700000
3902	3903	0.932505
3903	3866	1.130435
3903	3868	1.445382
3903	3869	0.839254
3903	3870	0.521739
3903	3871	0.652753
3903	3888	0.043478
3903	3889	0.186501
3903	3890	0.133366
3903	3902	0.932505
3903	3904	0.913043
3904	3806	0.746004
3904	3808	0.044455
3904	3809	0.044455
3904	3810	0.782609
3904	3811	0.130435
3904	3867	4.089899
3904	3903	0.913043
3904	3905	4.260870
3905	3805	0.792629
3905	3806	1.212256
3905	3809	0.088911
3905	3810	0.434783
3905	3811	0.086957
3905	3846	0.086957
3905	3904	4.260870
3905	3906	0.932505
3905	3907	0.746004
3906	3810	0.093250
3906	3811	0.046625
3906	3845	1.000000
3906	3850	0.046625
3906	3851	0.839254
3906	3852	1.072381
3906	3857	0.810443
3906	3858	0.093250
3906	3905	0.932505
3906	3907	3.450000
3907	3849	0.143019
3907	3850	0.792629
3907	3851	0.792629
3907	3905	0.746004
3907	3906	3.450000
3907	3908	3.400000
3908	3782	0.150000
3908	3783	0.450000
3908	3848	0.190693
3908	3849	0.667424
3908	3850	0.512878
3908	3907	3.400000
3908	3909	1.048809
3909	3781	0.476731
3909	3782	1.287174
3909	3801	0.666831
3909	3802	1.001136
3909	3847	0.190693
3909	3848	2.000000
3909	3908	1.048809
3909	3910	2.445048
3910	3802	0.373002
3910	3803	0.565217
3910	3804	3.590144
3910	3846	0.695652
3910	3847	0.652753
3910	3909	2.445048
3910	3911	2.051511
3911	3803	0.932505
3911	3804	0.200000
3911	3910	2.051511
3911	3912	1.585258
3911	3946	0.190693
3911	3948	0.050000
3912	3911	1.585258
3912	3913	1.022475
3912	3943	0.266733
3912	3945	1.911635
3912	3946	0.666831
3912	3948	1.398757
3912	3950	0.826087
3913	3912	1.022475
3913	3914	4.363636
3913	3943	0.227273
3913	3945	0.619751
3913	3950	3.511978
3914	3913	4.363636
3914	3915	4.767313
3914	3943	0.272727
3914	3945	0.143019
3915	1775	0.450000
3915	1776	0.139876
3915	3914	4.767313
3915	3916	3.350000
3915	3943	0.190693
3916	1553	0.335410
3916	1554	0.149071
3916	1775	0.200000
3916	3915	3.350000
3916	3917	3.496893
3916	3942	0.792629
3917	1552	0.394055
3917	1553	0.938315
3917	3916	3.496893
3917	3918	2.739130
3917	3941	0.792629
3917	3942	2.391304
3918	1552	0.157622
3918	3917	2.739130
3918	3919	4.056396
3918	3939	0.222277
3918	3940	0.606128
3918	3941	1.725134
3919	3918	4.056396
3919	3920	2.704264
3919	3939	0.762770
3919	3940	0.100000
3920	3919	2.704264
3920	3921	4.434783
3920	3938	0.979130
3920	3939	1.911583
3921	3920	4.434783
3921	3922	4.988901
3921	3936	0.173913
3921	3937	0.792629
3921	3938	1.725134
3922	3921	4.988901
3922	3923	1.150000
3922	3924	0.200000
3922	3936	0.606128
3922	3937	0.050000
3923	2193	0.047673
3923	2194	0.238366
3923	2195	0.190693
3923	2203	0.450000
3923	2204	0.093250
3923	3922	1.150000
3923	3924	1.600000
3924	2193	0.476731
3924	2194	1.144155
3924	2195	1.239501
3924	3922	0.200000
3924	3923	1.600000
3924	3925	2.500000
3924	3935	0.885880
3924	3936	1.958260
3925	2194	0.143019
3925	2195	0.762770
3925	3924	2.500000
3925	3926	3.450268
3925	3934	0.979130
3925	3935	1.585258
3926	3925	3.450268
3926	3927	0.932505
3926	3932	0.666831
3926	3933	0.800198
3926	3934	0.913043
3927	1975	0.652753
3927	3926	0.932505
3927	3928	1.025755
3927	3929	0.200000
3927	3931	0.046625
3927	3932	0.190693
3928	1753	1.511484
3928	1974	1.695652
3928	1975	0.391304
3928	1979	0.044455
3928	1980	0.932505
3928	1981	1.212256
3928	3927	1.025755
3928	3929	3.823270
3929	1979	0.810443
3929	1980	0.400000
3929	3927	0.200000
3929	3928	3.823270
3929	3930	2.611013
3930	1978	0.792629
3930	1979	1.600395
3930	3404	0.279751
3930	3405	0.173913
3930	3929	2.611013
3930	3931	4.391304
3931	1977	0.746004
3931	1978	1.258881
3931	3403	0.086957
3931	3404	0.652753
3931	3927	0.046625
3931	3930	4.391304
3931	3932	4.223265
3932	1976	0.681818
3932	1977	0.381385
3932	3403	0.755742
3932	3404	0.381385
3932	3926	0.666831
3932	3927	0.190693
3932	3931	4.223265
3932	3933	3.409091
3933	1953	0.889108
3933	1976	1.136364
3933	3926	0.800198
3933	3932	3.409091
3933	3934	4.223265
3934	1953	0.608696
3934	3925	0.979130
3934	3926	0.913043
3934	3933	4.223265
3934	3935	4.304348
3935	3924	0.885880
3935	3925	1.585258
3935	3934	4.304348
3935	3936	3.913043
3936	2193	0.978019
3936	3921	0.173913
3936	3922	0.606128
3936	3924	1.958260
3936	3935	3.913043
3936	3937	5.035526
3937	2193	1.096482
3937	3921	0.792629
3937	3922	0.050000
3937	3936	5.035526
3937	3938	2.750000
3938	3920	0.979130
3938	3921	1.725134
3938	3937	2.750000
3938	3939	3.051080
3939	3918	0.222277
3939	3919	0.762770
3939	3920	1.911583
3939	3938	3.051080
3939	3940	4.767313
3940	3918	0.606128
3940	3919	0.100000
3940	3939	4.767313
3940	3941	2.650000
3941	3917	0.792629
3941	3918	1.725134
3941	3940	2.650000
3941	3942	1.678509
3942	3916	0.792629
3942	3917	2.391304
3942	3941	1.678509
3942	3943	0.978019
3943	3912	0.266733
3943	3913	0.227273
3943	3914	0.272727
3943	3915	0.190693
3943	3942	0.978019
3943	3944	1.430194
3943	3945	2.908061
3944	3943	1.430194
3944	3945	1.200000
3944	3946	3.098753
3945	3912	1.911635
3945	3913	0.619751
3945	3914	0.143019
3945	3943	2.908061
3945	3944	1.200000
3945	3946	1.334848
3945	3950	0.932505
3946	3803	2.622870
3946	3911	0.190693
3946	3912	0.666831
3946	3944	3.098753
3946	3945	1.334848
3946	3947	1.363636
3946	3948	3.051080
3946	3950	0.311188
3947	2390	0.143019
3947	3767	3.867622
3947	3779	1.573213
3947	3946	1.363636
3947	3948	1.191828
3947	3950	0.044455
3948	2389	0.050000
3948	2390	0.050000
3948	3779	0.550000
3948	3780	2.657639
3948	3803	0.839254
3948	3911	0.050000
3948	3912	1.398757
3948	3946	3.051080
3948	3947	1.191828
3948	3949	1.352132
3948	3950	0.326377
3949	2387	0.044455
3949	2388	1.258881
3949	2389	0.885880
3949	3780	0.260870
3949	3879	0.086957
3949	3880	0.746004
3949	3881	0.622376
3949	3948	1.352132
3949	3950	2.869565
3950	2389	0.373002
3950	2390	0.326377
3950	3912	0.826087
3950	3913	3.511978
3950	3945	0.932505
3950	3946	0.311188
3950	3947	0.044455
3950	3948	0.326377
3950	3949	2.869565
3950	3951	1.378118
3951	1723	3.272727
3951	2390	2.526676
3951	3599	0.619751
3951	3765	0.047673
3951	3766	0.047673
3951	3950	1.378118
3951	3952	1.477867
3952	1723	0.429058
3952	1724	0.050000
3952	1725	0.524404
3952	1774	1.258881
3952	3951	1.477867
3952	3953	1.620886
3952	3954	2.097618
3952	3955	0.333712
3953	1554	0.355335
3953	1556	2.095140
3953	1557	0.564076
3953	1725	0.045455
3953	1726	0.095346
3953	1774	0.266733
3953	1775	0.047673
3953	3952	1.620886
3953	3954	5.090909
3954	1725	3.818182
3954	1774	0.044455
3954	3609	0.333712
3954	3610	0.381385
3954	3952	2.097618
3954	3953	5.090909
3954	3955	1.045455
3955	1723	0.045455
3955	1724	0.286039
3955	1725	2.409091
3955	3608	0.772727
3955	3609	1.477867
3955	3763	0.044455
3955	3764	0.524404
3955	3765	1.668560
3955	3952	0.333712
3955	3954	1.045455
3955	3956	1.318182
3956	3605	0.619751
3956	3606	0.667424
3956	3608	3.727273
3956	3764	0.047673
3956	3765	0.715097
3956	3766	1.668560
3956	3955	1.318182
3956	3957	3.467523
3956	4118	0.044455
3957	3604	0.746004
3957	3605	1.538633
3957	3765	0.046625
3957	3766	0.746004
3957	3956	3.467523
3957	3958	4.149646
3957	4118	0.260870
3957	4119	0.711287
3958	3602	0.047673
3958	3603	0.699379
3958	3604	0.650000
3958	3766	0.050000
3958	3957	4.149646
3958	3959	3.000000
3958	4119	0.619751
3958	4120	0.559503
3958	4121	0.047673
3959	3602	0.667424
3959	3603	1.398757
3959	3958	3.000000
3959	3960	1.525540
3959	3961	0.800000
3959	3962	1.300000
3959	4120	0.373002
3959	4121	0.524404
3960	3959	1.525540
3960	3961	1.239501
3960	3962	0.333712
3960	4106	0.047673
3960	4107	1.191828
3960	4108	0.590909
3960	4121	0.500000
3961	2355	3.776644
3961	3602	0.095346
3961	3603	0.512878
3961	3959	0.800000
3961	3960	1.239501
3961	3962	2.500000
3961	4107	0.050000
3961	4108	0.476731
3961	4109	0.046625
3961	4120	0.093250
3961	4121	0.047673
3962	3601	0.885880
3962	3602	0.667424
3962	3959	1.300000
3962	3960	0.333712
3962	3961	2.500000
3962	3963	2.150000
3962	4107	0.200000
3962	4108	0.238366
3963	2238	0.524404
3963	3593	0.047673
3963	3600	0.979130
3963	3601	2.284637
3963	3962	2.150000
3963	3964	2.450000
3964	2237	1.001136
3964	2238	1.239501
3964	3598	0.792629
3964	3600	1.725134
3964	3963	2.450000
3964	3965	2.844140
3965	2236	0.217391
3965	2237	0.355643
3965	2367	0.133366
3965	2369	0.373002
3965	3596	0.046625
3965	3597	0.792629
3965	3598	2.217391
3965	3964	2.844140
3965	3966	3.913043
3966	2236	0.173913
3966	2369	0.699379
3966	2370	1.445382
3966	2393	0.173913
3966	3591	0.622376
3966	3595	0.093250
3966	3596	0.792629
3966	3597	1.212256
3966	3965	3.913043
3966	3967	3.826087
3966	3970	0.139876
3967	2370	0.326377
3967	2393	0.869565
3967	3592	0.086957
3967	3594	0.046625
3967	3595	0.792629
3967	3596	0.699379
3967	3966	3.826087
3967	3968	1.521739
3967	3969	0.755742
3967	3970	0.373002
3967	4022	2.098136
3967	4023	0.086957
3968	2127	0.044455
3968	3592	0.130435
3968	3967	1.521739
3968	3969	1.378118
3968	3971	0.266733
3968	3972	0.177822
3968	3973	0.233126
3968	4019	0.046625
3968	4020	0.419627
3968	4021	2.564388
3968	4022	3.963145
3968	4025	0.279751
3969	2129	0.047673
3969	2130	0.133366
3969	2370	0.047673
3969	2393	4.178810
3969	2506	3.181818
3969	3967	0.755742
3969	3968	1.378118
3969	3970	1.287174
3969	4019	0.143019
3969	4020	0.429058
3969	4021	0.047673
3970	2393	0.186501
3970	3595	0.050000
3970	3596	1.400000
3970	3597	0.300000
3970	3772	0.466252
3970	3966	0.139876
3970	3967	0.373002
3970	3969	1.287174
3970	3971	1.191828
3970	4018	0.143019
3970	4019	0.050000
3970	4022	0.100000
3971	3594	0.810443
3971	3595	1.573213
3971	3772	1.822672
3971	3968	0.266733
3971	3970	1.191828
3971	3972	3.954545
3971	4018	0.636364
3971	4022	0.667424
3972	251	0.142134
3972	252	0.106600
3972	3592	0.577920
3972	3594	0.619751
3972	3968	0.177822
3972	3971	3.954545
3972	3973	2.049945
3972	4018	0.454545
3972	4022	0.143019
3973	251	0.968963
3973	255	0.591608
3973	256	0.084515
3973	3968	0.233126
3973	3972	2.049945
3973	3974	4.242909
3973	4021	0.050000
3973	4025	0.750000
3974	255	0.564076
3974	3563	0.222277
3974	3973	4.242909
3974	3975	1.600395
3974	4020	0.238366
3974	4021	0.810443
3974	4025	0.667424
3974	4093	0.545455
3974	4094	0.143019
3975	3562	0.088911
3975	3563	1.260870
3975	3974	1.600395
3975	3976	4.043478
3975	4018	0.044455
3975	4019	0.792629
3975	4020	0.979130
3975	4092	0.046625
3975	4093	0.044455
3975	4094	0.046625
3976	2522	0.139876
3976	3562	1.422574
3976	3563	0.130435
3976	3975	4.043478
3976	3977	4.522648
3976	4016	0.217391
3976	4017	0.792629
3976	4019	1.212256
3977	2521	0.381385
3977	2522	0.300000
3977	3562	0.047673
3977	3976	4.522648
3977	3978	3.150000
3977	4016	0.932505
3977	4017	0.350000
3978	2518	0.047673
3978	2520	0.858116
3978	2521	0.810443
3978	3977	3.150000
3978	3979	3.357017
3978	4015	0.699379
3978	4016	0.932505
3979	2518	0.266733
3979	2520	0.133366
3979	3978	3.357017
3979	3980	1.733761
3979	3981	0.466252
3979	3982	0.046625
3979	4010	0.130435
3979	4011	3.652174
3979	4013	0.139876
3979	4014	0.186501
3979	4015	0.173913
3980	2518	1.272727
3980	3979	1.733761
3980	3981	4.528947
3980	3982	0.047673
3980	4014	0.667424
3980	4015	1.467029
3981	3979	0.466252
3981	3980	4.528947
3981	3982	3.300000
3981	4011	0.233126
3981	4013	0.650000
3981	4014	0.900000
3982	283	0.074536
3982	3979	0.046625
3982	3980	0.047673
3982	3981	3.300000
3982	3983	3.850000
3982	4009	0.095346
3982	4010	0.885880
3982	4011	0.326377
3982	4012	0.050000
3982	4013	0.850000
3983	3982	3.850000
3983	3984	3.700000
3983	4008	0.046625
3983	4009	0.667424
3983	4010	1.072381
3983	4012	0.700000
3984	2689	0.619751
3984	3983	3.700000
3984	3985	2.600000
3984	4008	0.792629
3984	4009	1.001136
3984	4039	0.190693
3985	2688	0.095346
3985	2689	0.047673
3985	3984	2.600000
3985	3986	3.650000
3985	4007	0.792629
3985	4008	1.725134
3986	2591	0.429058
3986	2687	0.046625
3986	3985	3.650000
3986	3987	2.300000
3986	4006	0.792629
3986	4007	1.445382
3987	2591	0.381385
3987	2592	0.652753
3987	3986	2.300000
3987	3988	3.300000
3987	4005	0.746004
3987	4006	2.098136
3988	2592	0.046625
3988	3987	3.300000
3988	3989	3.496893
3988	3998	0.050000
3988	4004	0.250000
3988	4005	0.885880
3989	3988	3.496893
3989	3990	1.644851
3989	3997	0.489010
3989	4002	3.478261
3989	4003	0.434783
3989	4004	0.139876
3990	3989	1.644851
3990	3991	4.267721
3990	3997	0.272727
3990	4002	0.844653
3990	4003	3.022969
3991	3990	4.267721
3991	3992	3.403643
3991	3997	0.177822
3991	4001	0.885880
3991	4002	0.869565
3992	3991	3.403643
3992	3993	4.103021
3992	3997	0.238366
3992	4000	0.792629
3992	4001	1.000000
3993	3992	4.103021
3993	3994	0.979130
3993	3995	0.186501
3993	3996	2.704264
3993	3997	0.355643
3993	3998	0.512878
3993	3999	0.755742
3993	4000	0.782609
3993	4050	0.521739
3994	3993	0.979130
3994	3995	3.250000
3994	3996	0.350000
3994	4050	0.186501
3995	2635	0.047673
3995	3993	0.186501
3995	3994	3.250000
3995	3996	3.850000
3995	4050	0.139876
3996	2635	0.095346
3996	2636	0.093250
3996	3993	2.704264
3996	3994	0.350000
3996	3995	3.850000
3996	3997	1.144155
3996	3998	0.450000
3996	4050	0.559503
3997	3989	0.489010
3997	3990	0.272727
3997	3991	0.177822
3997	3992	0.238366
3997	3993	0.355643
3997	3996	1.144155
3997	3998	2.383656
3997	4000	0.044455
3997	4001	0.095346
3997	4002	0.177822
3998	3988	0.050000
3998	3993	0.512878
3998	3996	0.450000
3998	3997	2.383656
3998	3999	1.191828
3998	4000	0.466252
3998	4001	0.500000
3998	4002	0.373002
3999	3993	0.755742
3999	3998	1.191828
3999	4000	4.356631
3999	4048	0.047673
3999	4049	0.619751
3999	4050	3.645345
3999	4051	0.090909
3999	4057	0.133366
4000	3992	0.792629
4000	3993	0.782609
4000	3997	0.044455
4000	3998	0.466252
4000	3999	4.356631
4000	4001	3.823270
4000	4057	0.086957
4000	4058	0.606128
4001	3991	0.885880
4001	3992	1.000000
4001	3997	0.095346
4001	3998	0.500000
4001	4000	3.823270
4001	4002	2.750889
4001	4058	0.350000
4002	3989	3.478261
4002	3990	0.844653
4002	3991	0.869565
4002	3997	0.177822
4002	3998	0.373002
4002	4001	2.750889
4002	4003	1.391304
4003	3989	0.434783
4003	3990	3.022969
4003	4002	1.391304
4003	4004	4.429398
4003	4005	0.043478
4004	3988	0.250000
4004	3989	0.139876
4004	4003	4.429398
4004	4005	3.636769
4005	3987	0.746004
4005	3988	0.885880
4005	4003	0.043478
4005	4004	3.636769
4005	4006	3.086957
4006	2591	0.133366
4006	3986	0.792629
4006	3987	2.098136
4006	4005	3.086957
4006	4007	3.478261
4007	2590	1.022475
4007	2591	0.933564
4007	3985	0.792629
4007	3986	1.445382
4007	4006	3.478261
4007	4008	3.869565
4008	2589	0.222277
4008	2590	1.333663
4008	2689	0.044455
4008	3983	0.046625
4008	3984	0.792629
4008	3985	1.725134
4008	4007	3.869565
4008	4009	4.178810
4009	2589	0.409091
4009	2689	0.636364
4009	3982	0.095346
4009	3983	0.667424
4009	3984	1.001136
4009	4008	4.178810
4009	4010	4.178810
4010	2689	0.133366
4010	2690	0.444554
4010	3979	0.130435
4010	3982	0.885880
4010	3983	1.072381
4010	4009	4.178810
4010	4011	3.826087
4010	4012	0.233126
4010	4039	0.400099
4011	2690	0.355643
4011	2691	0.088911
4011	3979	3.652174
4011	3981	0.233126
4011	3982	0.326377
4011	4010	3.826087
4011	4012	1.305507
4011	4013	0.139876
4012	2691	0.286039
4012	3982	0.050000
4012	3983	0.700000
4012	4010	0.233126
4012	4011	1.305507
4012	4013	1.250000
4012	4090	0.373002
4012	4091	0.792629
4012	4092	0.050000
4012	4094	0.050000
4013	242	0.253546
4013	257	1.264911
4013	279	0.447214
4013	3979	0.139876
4013	3981	0.650000
4013	3982	0.850000
4013	4011	0.139876
4013	4012	1.250000
4013	4014	3.150000
4013	4094	0.150000
4014	255	0.084515
4014	256	0.422577
4014	257	1.185854
4014	278	0.091287
4014	279	1.490712
4014	280	0.632456
4014	3979	0.186501
4014	3980	0.667424
4014	3981	0.900000
4014	4013	3.150000
4014	4015	3.403643
4014	4094	0.100000
4015	256	0.157622
4015	277	0.062869
4015	2518	0.088911
4015	2520	0.133366
4015	3978	0.699379
4015	3979	0.173913
4015	3980	1.467029
4015	4014	3.403643
4015	4016	3.695652
4016	2520	0.444554
4016	2521	0.666831
4016	3976	0.217391
4016	3977	0.932505
4016	3978	0.932505
4016	4015	3.695652
4016	4017	4.196272
4017	2521	0.333712
4017	2523	0.512878
4017	3771	0.746004
4017	3976	0.792629
4017	3977	0.350000
4017	4016	4.196272
4017	4018	2.526676
4017	4019	0.050000
4018	2523	0.133366
4018	2524	0.143019
4018	3771	0.355643
4018	3970	0.143019
4018	3971	0.636364
4018	3972	0.454545
4018	3975	0.044455
4018	4017	2.526676
4018	4019	1.716233
4019	2129	0.400000
4019	2130	0.652753
4019	3562	1.763906
4019	3968	0.046625
4019	3969	0.143019
4019	3970	0.050000
4019	3975	0.792629
4019	3976	1.212256
4019	4017	0.050000
4019	4018	1.716233
4019	4020	1.850000
4020	2129	0.100000
4020	2130	0.559503
4020	2131	0.524404
4020	2135	0.333712
4020	3561	0.333712
4020	3563	0.046625
4020	3586	0.250000
4020	3968	0.419627
4020	3969	0.429058
4020	3974	0.238366
4020	3975	0.979130
4020	4019	1.850000
4020	4021	3.600000
4021	2131	0.143019
4021	2135	0.858116
4021	3586	0.250000
4021	3968	2.564388
4021	3969	0.047673
4021	3973	0.050000
4021	3974	0.810443
4021	4020	3.600000
4021	4022	1.200000
4021	4025	1.400000
4022	2135	0.190693
4022	2136	0.050000
4022	3592	1.865010
4022	3594	0.300000
4022	3595	0.050000
4022	3967	2.098136
4022	3968	3.963145
4022	3970	0.100000
4022	3971	0.667424
4022	3972	0.143019
4022	4021	1.200000
4022	4023	0.932505
4022	4024	0.143019
4022	4025	0.150000
4023	2136	0.932505
4023	2137	0.782609
4023	2370	0.046625
4023	2371	0.130435
4023	2815	0.512878
4023	3591	3.956533
4023	3592	0.304348
4023	3967	0.086957
4023	4022	0.932505
4023	4024	1.111386
4024	2136	0.143019
4024	3589	0.045455
4024	3590	2.818182
4024	3592	2.445048
4024	3593	0.090909
4024	4022	0.143019
4024	4023	1.111386
4024	4025	1.334848
4024	4026	0.355643
4025	3586	0.500000
4025	3587	0.326377
4025	3592	0.046625
4025	3968	0.279751
4025	3973	0.750000
4025	3974	0.667424
4025	4021	1.400000
4025	4022	0.150000
4025	4024	1.334848
4025	4026	1.025755
4025	4093	0.286039
4026	3589	0.044455
4026	4024	0.355643
4026	4025	1.025755
4026	4027	1.911635
4026	4097	3.521739
4026	4098	0.044455
4026	4131	0.652753
4027	251	1.639783
4027	254	0.316228
4027	255	0.169031
4027	4026	1.911635
4027	4028	1.200000
4027	4093	0.047673
4027	4097	0.699379
4027	4106	1.100000
4028	244	0.674200
4028	254	1.581139
4028	255	0.253546
4028	4027	1.200000
4028	4029	3.916520
4028	4074	0.279751
4028	4094	0.050000
4028	4102	0.046625
4028	4103	0.792629
4028	4104	2.051511
4029	244	0.565825
4029	3228	0.046625
4029	4028	3.916520
4029	4030	4.478261
4029	4075	0.466252
4029	4076	0.652753
4029	4094	0.046625
4029	4101	0.699379
4029	4103	1.347826
4030	3228	0.139876
4030	4029	4.478261
4030	4031	4.056396
4030	4076	0.186501
4030	4100	0.792629
4030	4101	1.398757
4031	4030	4.056396
4031	4032	3.950000
4031	4096	0.200000
4031	4099	0.792629
4031	4100	0.750000
4032	4031	3.950000
4032	4033	3.750000
4032	4095	0.046625
4032	4096	0.600000
4032	4099	1.072381
4033	4032	3.750000
4033	4034	2.377887
4033	4095	0.792629
4033	4096	0.350000
4034	4033	2.377887
4034	4035	4.755775
4034	4091	0.304348
4034	4092	0.792629
4034	4095	1.913043
4035	4034	4.755775
4035	4036	3.400000
4035	4090	0.046625
4035	4091	0.885880
4035	4092	0.150000
4036	2691	0.667424
4036	2692	0.600000
4036	2693	0.419627
4036	4035	3.400000
4036	4037	2.377887
4036	4090	0.979130
4036	4091	1.631883
4037	2690	1.022475
4037	2691	1.155841
4037	4036	2.377887
4037	4038	4.242897
4037	4088	0.304348
4037	4089	0.792629
4037	4090	2.652174
4038	2689	0.095346
4038	2690	0.190693
4038	4037	4.242897
4038	4039	1.334848
4038	4040	0.250000
4038	4063	2.049945
4038	4088	0.979130
4038	4089	0.100000
4039	2689	3.818182
4039	2690	1.818182
4039	3984	0.190693
4039	4010	0.400099
4039	4038	1.334848
4039	4040	1.239501
4040	4038	0.250000
4040	4039	1.239501
4040	4041	1.400000
4040	4042	0.250000
4040	4043	0.050000
4040	4062	2.765042
4040	4063	2.240637
4041	4040	1.400000
4041	4042	2.900000
4041	4063	0.095346
4041	4066	0.839254
4041	4067	0.300000
4041	4086	0.476731
4041	4087	0.047673
4041	4088	2.890765
4042	4040	0.250000
4042	4041	2.900000
4042	4043	4.100000
4042	4063	0.047673
4042	4064	0.046625
4042	4065	0.979130
4042	4066	1.305507
4042	4085	0.905789
4042	4086	0.715097
4043	4040	0.050000
4043	4042	4.100000
4043	4044	1.538633
4043	4062	0.095346
4043	4064	0.699379
4043	4065	0.512878
4043	4085	0.190693
4043	4167	0.050000
4043	4168	1.150000
4043	4169	0.250000
4043	4286	0.810443
4044	4043	1.538633
4044	4045	3.695652
4044	4061	0.885880
4044	4062	0.978019
4044	4261	0.088911
4044	4285	1.111386
4044	4286	2.533959
4045	4044	3.695652
4045	4046	3.478261
4045	4060	0.746004
4045	4061	2.098136
4045	4261	0.355643
4045	4262	0.711287
4045	4284	0.043478
4045	4285	0.622376
4046	4045	3.478261
4046	4047	2.869565
4046	4058	0.046625
4046	4059	0.792629
4046	4060	1.492008
4046	4262	0.311188
4046	4263	0.512878
4047	4046	2.869565
4047	4048	4.569274
4047	4057	0.086957
4047	4058	0.699379
4047	4059	1.212256
4047	4263	0.466252
4047	4264	0.373002
4048	3999	0.047673
4048	4047	4.569274
4048	4049	3.400000
4048	4057	0.746004
4048	4058	0.150000
4049	3999	0.619751
4049	4048	3.400000
4049	4050	1.492008
4049	4051	3.670831
4049	4056	0.606128
4049	4057	0.792629
4050	3993	0.521739
4050	3994	0.186501
4050	3995	0.139876
4050	3996	0.559503
4050	3999	3.645345
4050	4049	1.492008
4050	4051	1.555940
4051	3999	0.090909
4051	4049	3.670831
4051	4050	1.555940
4051	4052	1.045455
4051	4053	0.400099
4051	4055	0.136364
4051	4056	0.444554
4052	4051	1.045455
4052	4053	4.845641
4052	4179	0.810443
4052	4180	1.155841
4052	4182	0.177822
4052	4183	0.454545
4052	4184	0.133366
4053	4051	0.400099
4053	4052	4.845641
4053	4054	4.756730
4053	4178	0.533465
4053	4179	0.279751
4053	4183	0.577920
4053	4184	0.869565
4053	4185	0.217391
4053	4186	0.088911
4054	4053	4.756730
4054	4055	4.545455
4054	4185	1.022475
4054	4186	0.363636
4055	4051	0.136364
4055	4054	4.545455
4055	4056	4.089899
4056	4049	0.606128
4056	4051	0.444554
4056	4055	4.089899
4056	4057	3.826087
4057	3999	0.133366
4057	4000	0.086957
4057	4047	0.086957
4057	4048	0.746004
4057	4049	0.792629
4057	4056	3.826087
4057	4058	4.522648
4058	4000	0.606128
4058	4001	0.350000
4058	4046	0.046625
4058	4047	0.699379
4058	4048	0.150000
4058	4057	4.522648
4058	4059	3.900000
4059	4046	0.792629
4059	4047	1.212256
4059	4058	3.900000
4059	4060	3.150000
4060	4045	0.746004
4060	4046	1.492008
4060	4059	3.150000
4060	4061	2.550000
4060	4262	0.524404
4061	4044	0.885880
4061	4045	2.098136
4061	4060	2.550000
4061	4062	4.385928
4061	4261	1.001136
4061	4262	0.619751
4061	4285	0.095346
4062	4040	2.765042
4062	4043	0.095346
4062	4044	0.978019
4062	4061	4.385928
4062	4063	1.181818
4062	4261	0.045455
4062	4285	0.590909
4062	4286	0.727273
4062	4287	0.133366
4063	4038	2.049945
4063	4040	2.240637
4063	4041	0.095346
4063	4042	0.047673
4063	4062	1.181818
4063	4064	1.689306
4063	4065	0.400099
4063	4066	0.044455
4063	4088	0.222277
4063	4287	0.044455
4064	4042	0.046625
4064	4043	0.699379
4064	4063	1.689306
4064	4065	5.000000
4064	4166	0.913043
4064	4167	0.186501
4064	4168	0.093250
4064	4286	2.356137
4064	4287	0.434783
4064	4288	0.186501
4065	4042	0.979130
4065	4043	0.512878
4065	4063	0.400099
4065	4064	5.000000
4065	4066	4.130435
4065	4166	0.695652
4065	4167	0.699379
4066	4041	0.839254
4066	4042	1.305507
4066	4063	0.044455
4066	4065	4.130435
4066	4067	4.709149
4066	4085	0.177822
4066	4086	0.800198
4066	4088	0.130435
4066	4167	0.373002
4067	4041	0.300000
4067	4066	4.709149
4067	4068	1.300000
4067	4086	0.572078
4067	4087	0.762770
4067	4088	0.559503
4067	4196	0.047673
4068	4067	1.300000
4068	4069	2.051511
4068	4082	0.619751
4068	4083	0.550000
4068	4087	3.384792
4068	4088	0.046625
4069	3225	0.044455
4069	3483	0.088911
4069	4068	2.051511
4069	4070	3.869565
4069	4081	0.792629
4069	4082	2.133860
4070	3225	1.111386
4070	3226	0.326377
4070	3483	0.133366
4070	3484	0.933564
4070	4069	3.869565
4070	4071	3.043478
4070	4080	0.839254
4070	4081	1.492008
4071	3225	0.400099
4071	3226	0.419627
4071	3227	0.093250
4071	3484	1.378118
4071	3485	0.391304
4071	4070	3.043478
4071	4072	4.009771
4071	4078	0.086957
4071	4079	0.792629
4071	4080	1.492008
4072	3485	1.119006
4072	3486	0.700000
4072	3487	0.200000
4072	3517	0.047673
4072	4071	4.009771
4072	4073	3.350000
4072	4078	0.839254
4072	4079	0.150000
4073	3229	0.050000
4073	3485	0.046625
4073	3486	1.000000
4073	3487	0.650000
4073	4072	3.350000
4073	4074	1.072381
4073	4075	2.300000
4073	4076	0.100000
4073	4077	0.200000
4074	246	0.340503
4074	247	0.104257
4074	3228	0.512878
4074	4028	0.279751
4074	4073	1.072381
4074	4075	3.263767
4074	4103	1.260870
4074	4104	1.434783
4075	246	0.365148
4075	3228	0.350000
4075	3486	0.400000
4075	4029	0.466252
4075	4073	2.300000
4075	4074	3.263767
4075	4076	3.100000
4075	4077	0.050000
4076	243	0.711512
4076	244	1.415820
4076	4029	0.652753
4076	4030	0.186501
4076	4073	0.100000
4076	4075	3.100000
4076	4077	3.550000
4077	241	0.237171
4077	242	0.084515
4077	243	0.632456
4077	261	0.741620
4077	3486	0.400000
4077	4073	0.200000
4077	4075	0.050000
4077	4076	3.550000
4077	4078	3.823270
4078	239	0.188608
4078	241	0.147442
4078	261	1.131650
4078	3475	0.186501
4078	3486	0.186501
4078	4071	0.086957
4078	4072	0.839254
4078	4077	3.823270
4078	4079	3.869895
4079	239	0.134840
4079	4071	0.792629
4079	4072	0.150000
4079	4078	3.869895
4079	4080	3.350000
4080	3484	0.572078
4080	4070	0.839254
4080	4071	1.492008
4080	4079	3.350000
4080	4081	2.300000
4081	3483	0.858116
4081	3484	1.239501
4081	4069	0.792629
4081	4070	1.492008
4081	4080	2.300000
4081	4082	3.289446
4082	3483	0.090909
4082	4068	0.619751
4082	4069	2.133860
4082	4081	3.289446
4082	4083	4.052216
4083	4068	0.550000
4083	4082	4.052216
4083	4084	2.650000
4083	4087	0.667424
4084	4083	2.650000
4084	4085	1.525540
4084	4086	2.240637
4084	4087	1.716233
4085	4042	0.905789
4085	4043	0.190693
4085	4066	0.177822
4085	4084	1.525540
4085	4086	4.272727
4085	4167	0.429058
4085	4168	2.192964
4085	4169	1.144155
4085	4195	0.044455
4086	4041	0.476731
4086	4042	0.715097
4086	4066	0.800198
4086	4067	0.572078
4086	4084	2.240637
4086	4085	4.272727
4086	4087	2.545455
4087	4041	0.047673
4087	4067	0.762770
4087	4068	3.384792
4087	4083	0.667424
4087	4084	1.716233
4087	4086	2.545455
4087	4088	0.889108
4088	4037	0.304348
4088	4038	0.979130
4088	4041	2.890765
4088	4063	0.222277
4088	4066	0.130435
4088	4067	0.559503
4088	4068	0.046625
4088	4087	0.889108
4088	4089	4.569274
4089	4037	0.792629
4089	4038	0.100000
4089	4088	4.569274
4089	4090	3.170516
4090	2691	0.800198
4090	4012	0.373002
4090	4035	0.046625
4090	4036	0.979130
4090	4037	2.652174
4090	4089	3.170516
4090	4091	3.565217
4091	2691	2.000494
4091	2692	0.139876
4091	4012	0.792629
4091	4034	0.304348
4091	4035	0.885880
4091	4036	1.631883
4091	4090	3.565217
4091	4092	5.175402
4091	4094	0.046625
4092	3975	0.046625
4092	4012	0.050000
4092	4034	0.792629
4092	4035	0.150000
4092	4091	5.175402
4092	4093	1.191828
4092	4094	0.200000
4092	4095	1.911635
4093	3563	1.956039
4093	3585	0.045455
4093	3586	0.286039
4093	3974	0.545455
4093	3975	0.044455
4093	4025	0.286039
4093	4027	0.047673
4093	4092	1.191828
4093	4094	1.048809
4093	4095	0.800198
4093	4096	0.333712
4094	244	1.146140
4094	255	0.676123
4094	256	0.169031
4094	257	0.553399
4094	3974	0.143019
4094	3975	0.046625
4094	4012	0.050000
4094	4013	0.150000
4094	4014	0.100000
4094	4028	0.050000
4094	4029	0.046625
4094	4091	0.046625
4094	4092	0.200000
4094	4093	1.048809
4094	4095	1.445382
4094	4096	0.200000
4095	4032	0.046625
4095	4033	0.792629
4095	4034	1.913043
4095	4092	1.911635
4095	4093	0.800198
4095	4094	1.445382
4095	4096	5.082151
4096	3583	0.093250
4096	4031	0.200000
4096	4032	0.600000
4096	4033	0.350000
4096	4093	0.333712
4096	4094	0.200000
4096	4095	5.082151
4096	4097	1.258881
4096	4099	0.746004
4097	4026	3.521739
4097	4027	0.699379
4097	4096	1.258881
4097	4098	1.022475
4097	4099	0.217391
4097	4100	0.932505
4097	4101	0.279751
4097	4102	0.217391
4097	4131	0.046625
4098	3582	0.136364
4098	3583	0.044455
4098	3584	0.311188
4098	3585	0.500000
4098	3587	3.823166
4098	4026	0.044455
4098	4097	1.022475
4098	4099	1.200296
4098	4100	0.047673
4098	4135	1.545455
4098	4136	0.047673
4099	3582	1.422574
4099	3583	0.217391
4099	4031	0.792629
4099	4032	1.072381
4099	4096	0.746004
4099	4097	0.217391
4099	4098	1.200296
4099	4100	3.776644
4099	4135	0.222277
4100	4030	0.792629
4100	4031	0.750000
4100	4097	0.932505
4100	4098	0.047673
4100	4099	3.776644
4100	4101	3.550000
4101	4029	0.699379
4101	4030	1.398757
4101	4097	0.279751
4101	4100	3.550000
4101	4102	4.662524
4101	4103	0.046625
4101	4131	0.150000
4102	3228	0.046625
4102	4028	0.046625
4102	4097	0.217391
4102	4101	4.662524
4102	4103	1.347826
4102	4104	0.043478
4102	4131	3.543518
4103	3228	1.538633
4103	4028	0.792629
4103	4029	1.347826
4103	4074	1.260870
4103	4101	0.046625
4103	4102	1.347826
4103	4104	3.478261
4104	254	0.442326
4104	4028	2.051511
4104	4074	1.434783
4104	4102	0.043478
4104	4103	3.478261
4104	4105	4.755775
4105	247	0.559017
4105	248	0.253546
4105	249	0.111803
4105	250	1.341641
4105	251	0.074536
4105	253	0.084515
4105	254	0.553399
4105	4104	4.755775
4105	4106	2.600000
4106	248	0.422577
4106	249	0.447214
4106	250	1.006231
4106	251	0.521749
4106	254	0.158114
4106	3960	0.047673
4106	4027	1.100000
4106	4105	2.600000
4106	4107	1.450000
4107	3322	0.650000
4107	3960	1.191828
4107	3961	0.050000
4107	3962	0.200000
4107	4106	1.450000
4107	4108	3.432465
4107	4129	1.072381
4108	2348	0.044455
4108	3322	1.573213
4108	3323	2.045455
4108	3960	0.590909
4108	3961	0.476731
4108	3962	0.238366
4108	4107	3.432465
4108	4109	0.978019
4108	4128	0.177822
4108	4129	0.844653
4109	2346	0.622376
4109	2347	0.444554
4109	3319	0.466252
4109	3323	0.933564
4109	3325	0.489010
4109	3961	0.046625
4109	4108	0.978019
4109	4110	4.667819
4109	4127	0.792629
4109	4128	2.260870
4110	2346	0.363636
4110	2347	0.409091
4110	3325	0.318182
4110	3326	0.045455
4110	3327	1.136364
4110	4109	4.667819
4110	4111	3.409091
4110	4126	0.572078
4110	4127	0.810443
4111	3328	0.047673
4111	3469	0.909091
4111	4110	3.409091
4111	4112	3.146427
4111	4125	0.715097
4111	4126	1.620886
4112	3469	0.238366
4112	3470	0.650000
4112	3503	0.047673
4112	4111	3.146427
4112	4113	3.450268
4112	4124	0.792629
4112	4125	0.650000
4113	3470	1.072381
4113	3471	0.046625
4113	3497	0.978019
4113	3498	0.279751
4113	3499	0.217391
4113	4112	3.450268
4113	4114	4.522648
4113	4121	0.133366
4113	4122	0.792629
4113	4124	2.086957
4114	3497	0.762770
4114	3499	0.046625
4114	4113	4.522648
4114	4115	3.000000
4114	4121	0.953463
4114	4122	0.350000
4115	4114	3.000000
4115	4116	3.590144
4115	4120	0.792629
4115	4121	1.239501
4116	4115	3.590144
4116	4117	1.119006
4116	4118	1.782609
4116	4119	0.489010
4116	4120	2.086957
4117	3606	0.850000
4117	3607	1.200000
4117	4116	1.119006
4117	4118	3.496893
4118	3434	0.043478
4118	3605	0.979130
4118	3606	0.652753
4118	3956	0.044455
4118	3957	0.260870
4118	4116	1.782609
4118	4117	3.496893
4118	4119	3.956533
4119	3603	0.044455
4119	3604	0.476731
4119	3605	1.096482
4119	3957	0.711287
4119	3958	0.619751
4119	4116	0.489010
4119	4118	3.956533
4119	4120	2.222771
4120	3958	0.559503
4120	3959	0.373002
4120	3961	0.093250
4120	4115	0.792629
4120	4116	2.086957
4120	4119	2.222771
4120	4121	4.223265
4121	3958	0.047673
4121	3959	0.524404
4121	3960	0.500000
4121	3961	0.047673
4121	4113	0.133366
4121	4114	0.953463
4121	4115	1.239501
4121	4120	4.223265
4121	4122	3.003407
4122	4113	0.792629
4122	4114	0.350000
4122	4121	3.003407
4122	4123	0.905789
4122	4124	1.865010
4123	245	0.286039
4123	248	2.095140
4123	249	1.599005
4123	252	0.533002
4123	253	1.289317
4123	256	0.322329
4123	258	0.522233
4123	275	0.322329
4123	276	0.322329
4123	277	2.057038
4123	4122	0.905789
4123	4124	1.333663
4124	248	0.157622
4124	275	0.078811
4124	3471	0.093250
4124	3472	0.046625
4124	4112	0.792629
4124	4113	2.086957
4124	4122	1.865010
4124	4123	1.333663
4124	4125	3.730019
4125	247	0.111803
4125	248	0.760639
4125	3469	0.047673
4125	3470	0.350000
4125	3471	0.100000
4125	4111	0.715097
4125	4112	0.650000
4125	4124	3.730019
4125	4126	3.250000
4126	3326	0.095346
4126	3469	0.667424
4126	3470	0.150000
4126	4110	0.572078
4126	4111	1.620886
4126	4125	3.250000
4126	4127	2.500000
4127	3326	0.619751
4127	3513	0.050000
4127	3514	1.050000
4127	4109	0.792629
4127	4110	0.810443
4127	4126	2.500000
4127	4128	2.750889
4128	3323	0.622376
4128	3324	0.044455
4128	3514	0.233126
4128	4108	0.177822
4128	4109	2.260870
4128	4127	2.750889
4128	4129	4.652174
4129	3322	0.885880
4129	3323	0.577920
4129	4107	1.072381
4129	4108	0.844653
4129	4128	4.652174
4129	4130	0.885880
4130	2315	0.667424
4130	3321	0.050000
4130	3322	3.200000
4130	4129	0.885880
4130	4131	1.550000
4131	2309	0.238366
4131	4026	0.652753
4131	4097	0.046625
4131	4101	0.150000
4131	4102	3.543518
4131	4130	1.550000
4131	4132	1.150000
4132	2309	0.953463
4132	2310	0.050000
4132	3588	0.762770
4132	3589	0.095346
4132	4131	1.150000
4132	4133	1.250000
4133	2309	1.716233
4133	2310	0.350000
4133	2311	0.326377
4133	4132	1.250000
4133	4134	1.700000
4134	2310	1.650000
4134	2311	0.046625
4134	2828	0.858116
4134	3544	0.858116
4134	3545	0.429058
4134	4133	1.700000
4134	4135	1.287174
4135	3582	3.045455
4135	3584	0.177822
4135	3585	0.090909
4135	4098	1.545455
4135	4099	0.222277
4135	4134	1.287174
4135	4136	1.716233
4135	4137	0.095346
4136	2824	0.279751
4136	2825	0.429058
4136	3585	0.619751
4136	4098	0.047673
4136	4135	1.716233
4136	4137	2.900000
4137	3553	0.700000
4137	3584	0.792629
4137	3585	1.477867
4137	4135	0.095346
4137	4136	2.900000
4137	4138	2.950000
4138	3553	0.400000
4138	3554	1.025755
4138	3555	0.093250
4138	3582	0.095346
4138	3583	0.839254
4138	3584	1.818384
4138	4137	2.950000
4138	4139	3.869895
4139	3554	0.565217
4139	3555	0.043478
4139	3580	0.043478
4139	3581	0.839254
4139	3582	0.177822
4139	3583	1.565217
4139	4138	3.869895
4139	4140	4.662524
4140	3580	0.932505
4140	3581	0.750000
4140	4139	4.662524
4140	4141	2.550000
4141	3579	0.792629
4141	3580	1.631883
4141	4140	2.550000
4141	4142	3.289446
4142	3577	0.044455
4142	3578	0.667424
4142	3579	2.133860
4142	4141	3.289446
4142	4143	4.004543
4143	3577	0.839254
4143	3578	0.400000
4143	4142	4.004543
4143	4144	2.238012
4143	4342	0.350000
4143	4343	0.200000
4144	3576	0.792629
4144	3577	3.043478
4144	4143	2.238012
4144	4145	3.478261
4144	4343	0.559503
4144	4344	1.111386
4145	3575	0.932505
4145	3576	1.818384
4145	4144	3.478261
4145	4146	3.565217
4145	4343	0.139876
4145	4344	0.266733
4146	2088	0.844653
4146	3574	0.792629
4146	3575	1.958260
4146	4145	3.565217
4146	4147	4.755775
4146	4298	0.260870
4147	2088	1.001136
4147	3574	0.050000
4147	4146	4.755775
4147	4148	3.636769
4147	4298	0.932505
4148	4147	3.636769
4148	4149	4.103021
4148	4298	2.391304
4148	4302	0.577920
4149	4148	4.103021
4149	4150	1.096482
4149	4302	2.192964
4149	4303	0.186501
4150	4149	1.096482
4150	4151	1.111386
4150	4303	0.044455
4150	4412	0.715097
4151	4150	1.111386
4151	4152	3.695652
4151	4308	0.046625
4151	4309	0.932505
4151	4310	0.186501
4151	4327	0.088911
4151	4409	0.666831
4151	4411	2.565217
4152	4151	3.695652
4152	4153	3.823166
4152	4308	0.746004
4152	4309	1.025755
4152	4327	0.355643
4152	4328	0.844653
4152	4408	0.086957
4152	4409	0.577920
4153	4152	3.823166
4153	4154	2.533959
4153	4306	0.047673
4153	4307	0.762770
4153	4308	1.001136
4153	4328	0.500000
4153	4329	0.577920
4154	4153	2.533959
4154	4155	4.478261
4154	4306	0.792629
4154	4307	1.072381
4154	4329	0.391304
4154	4330	0.304348
4155	4154	4.478261
4155	4156	4.522648
4155	4304	0.130435
4155	4305	0.792629
4155	4306	1.258881
4156	4155	4.522648
4156	4157	2.850000
4156	4304	0.885880
4156	4305	0.250000
4157	4156	2.850000
4157	4158	2.400000
4157	4303	0.699379
4157	4304	1.492008
4158	4157	2.400000
4158	4159	4.242897
4158	4297	0.762770
4158	4299	0.095346
4158	4303	1.771759
4159	4158	4.242897
4159	4160	1.511484
4159	4161	0.043478
4159	4296	2.978513
4159	4297	0.933564
4159	4299	0.666831
4160	4159	1.511484
4160	4161	4.000988
4160	4296	0.590909
4160	4299	3.318182
4161	4159	0.043478
4161	4160	4.000988
4161	4162	3.608696
4161	4295	0.746004
4161	4296	0.800198
4162	4161	3.608696
4162	4163	4.130435
4162	4294	0.792629
4162	4295	1.771759
4163	4162	4.130435
4163	4164	3.739130
4163	4292	0.046625
4163	4293	0.792629
4163	4294	1.631883
4164	4163	3.739130
4164	4165	4.130435
4164	4292	0.746004
4164	4293	1.072381
4165	4164	4.130435
4165	4166	4.652174
4165	4253	0.043478
4165	4291	0.217391
4165	4292	0.046625
4166	4064	0.913043
4166	4065	0.695652
4166	4165	4.652174
4166	4167	1.258881
4166	4253	0.391304
4166	4254	0.444554
4166	4286	0.133366
4166	4287	0.130435
4166	4288	0.186501
4167	4043	0.050000
4167	4064	0.186501
4167	4065	0.699379
4167	4066	0.373002
4167	4085	0.429058
4167	4166	1.258881
4167	4168	3.650000
4167	4195	0.839254
4167	4196	0.429058
4167	4253	1.445382
4167	4254	0.429058
4167	4286	0.095346
4168	4043	1.150000
4168	4064	0.093250
4168	4085	2.192964
4168	4167	3.650000
4168	4169	2.350000
4168	4194	0.606128
4168	4195	0.792629
4168	4286	0.047673
4169	4043	0.250000
4169	4085	1.144155
4169	4168	2.350000
4169	4170	3.250000
4169	4193	0.839254
4169	4194	1.305507
4170	4169	3.250000
4170	4171	3.800000
4170	4191	0.047673
4170	4192	0.810443
4170	4193	1.165631
4171	4170	3.800000
4171	4172	2.900000
4171	4191	0.667424
4171	4192	0.905789
4172	4171	2.900000
4172	4173	2.800000
4172	4190	0.746004
4172	4191	1.287174
4173	4172	2.800000
4173	4174	3.650000
4173	4189	0.699379
4173	4190	1.585258
4174	4173	3.650000
4174	4175	4.195235
4174	4176	0.279751
4174	4188	0.550000
4174	4189	0.699379
4175	4174	4.195235
4175	4176	1.244752
4175	4177	3.432465
4175	4186	0.500000
4175	4187	0.381385
4175	4188	0.190693
4176	4174	0.279751
4176	4175	1.244752
4176	4177	1.445382
4176	4185	1.956522
4176	4186	0.177822
4177	4175	3.432465
4177	4176	1.445382
4177	4178	2.288310
4177	4179	0.050000
4177	4185	1.212256
4177	4186	0.667424
4178	4053	0.533465
4178	4177	2.288310
4178	4179	3.861523
4178	4184	0.044455
4178	4185	0.755742
4178	4186	3.090909
4179	4052	0.810443
4179	4053	0.279751
4179	4177	0.050000
4179	4178	3.861523
4179	4180	3.496893
4179	4184	0.792629
4179	4185	0.512878
4180	4052	1.155841
4180	4179	3.496893
4180	4181	1.244752
4180	4182	1.217391
4180	4183	0.711287
4180	4184	1.000000
4181	4180	1.244752
4181	4182	4.534453
4182	4052	0.177822
4182	4180	1.217391
4182	4181	4.534453
4182	4183	4.489998
4183	4052	0.454545
4183	4053	0.577920
4183	4180	0.711287
4183	4182	4.489998
4183	4184	3.467523
4184	4052	0.133366
4184	4053	0.869565
4184	4178	0.044455
4184	4179	0.792629
4184	4180	1.000000
4184	4183	3.467523
4184	4185	5.043478
4185	4053	0.217391
4185	4054	1.022475
4185	4176	1.956522
4185	4177	1.212256
4185	4178	0.755742
4185	4179	0.512878
4185	4184	5.043478
4185	4186	1.733761
4186	4053	0.088911
4186	4054	0.363636
4186	4175	0.500000
4186	4176	0.177822
4186	4177	0.667424
4186	4178	3.090909
4186	4185	1.733761
4186	4187	3.098753
4187	4175	0.381385
4187	4186	3.098753
4187	4188	4.400000
4188	4174	0.550000
4188	4175	0.190693
4188	4187	4.400000
4188	4189	4.103021
4189	4173	0.699379
4189	4174	0.699379
4189	4188	4.103021
4189	4190	3.347826
4190	4172	0.746004
4190	4173	1.585258
4190	4189	3.347826
4190	4191	3.423068
4191	4170	0.047673
4191	4171	0.667424
4191	4172	1.287174
4191	4190	3.423068
4191	4192	3.727273
4192	4170	0.810443
4192	4171	0.905789
4192	4191	3.727273
4192	4193	4.045443
4193	4169	0.839254
4193	4170	1.165631
4193	4192	4.045443
4193	4194	3.000000
4194	4168	0.606128
4194	4169	1.305507
4194	4193	3.000000
4194	4195	3.173913
4195	4085	0.044455
4195	4167	0.839254
4195	4168	0.792629
4195	4194	3.173913
4195	4196	4.578909
4195	4253	0.043478
4196	4067	0.047673
4196	4167	0.429058
4196	4195	4.578909
4196	4197	4.290582
4196	4252	0.044455
4196	4253	0.622376
4197	4196	4.290582
4197	4198	3.030641
4197	4252	0.932505
4197	4253	0.512878
4198	4197	3.030641
4198	4199	3.496893
4198	4250	0.130435
4198	4251	0.792629
4198	4252	2.565217
4199	4198	3.496893
4199	4200	3.480138
4199	4250	0.792629
4199	4251	0.300000
4200	4199	3.480138
4200	4201	4.481274
4200	4248	0.222277
4200	4249	0.810443
4200	4250	1.956039
4201	4200	4.481274
4201	4202	2.700000
4201	4203	0.050000
4201	4246	0.047673
4201	4248	0.792629
4201	4249	0.200000
4202	4201	2.700000
4202	4203	1.600000
4202	4204	0.150000
4202	4205	0.050000
4202	4243	0.139876
4202	4244	0.100000
4202	4245	1.400000
4202	4246	0.524404
4202	4248	0.746004
4203	4201	0.050000
4203	4202	1.600000
4203	4204	3.200000
4203	4242	0.143019
4203	4243	0.093250
4203	4248	0.186501
4203	4249	0.600000
4204	4202	0.150000
4204	4203	3.200000
4204	4205	3.550000
4204	4246	0.047673
4204	4248	0.699379
4204	4249	0.100000
4205	4202	0.050000
4205	4204	3.550000
4205	4206	4.056396
4205	4245	0.050000
4205	4246	0.667424
4205	4247	0.050000
4205	4248	0.652753
4206	3220	0.577920
4206	4205	4.056396
4206	4207	3.000000
4206	4245	0.792629
4206	4246	1.155841
4206	4247	0.279751
4207	3218	0.046625
4207	3219	0.979130
4207	3220	0.400099
4207	3529	0.304348
4207	3530	0.186501
4207	4206	3.000000
4207	4208	4.429398
4207	4243	0.304348
4207	4244	0.792629
4207	4245	1.352132
4207	4247	0.139876
4208	3217	0.233126
4208	3218	0.600000
4208	3219	0.500000
4208	3529	0.139876
4208	3530	1.100000
4208	3531	0.139876
4208	4207	4.429398
4208	4209	3.550000
4208	4241	0.150000
4208	4243	0.606128
4208	4244	0.050000
4209	3217	0.186501
4209	3531	0.279751
4209	4208	3.550000
4209	4210	1.050000
4209	4234	0.238366
4209	4240	2.331262
4209	4241	0.450000
4209	4242	0.381385
4209	4243	0.046625
4209	4391	0.143019
4210	2275	0.047673
4210	3217	0.046625
4210	3531	0.373002
4210	3532	1.382521
4210	4209	1.050000
4210	4211	2.150000
4210	4212	0.500000
4210	4234	3.480138
4210	4240	0.466252
4210	4390	0.373002
4210	4391	0.047673
4211	4210	2.150000
4211	4212	1.300000
4211	4213	0.100000
4211	4234	0.476731
4211	4235	0.046625
4211	4390	0.326377
4212	4210	0.500000
4212	4211	1.300000
4212	4213	2.800000
4212	4239	0.746004
4212	4240	1.119006
4212	4364	0.186501
4212	4389	0.500000
4212	4390	2.238012
4213	4211	0.100000
4213	4212	2.800000
4213	4214	3.289446
4213	4238	0.792629
4213	4239	1.398757
4213	4364	0.279751
4213	4365	1.150000
4213	4387	0.233126
4213	4388	0.450000
4213	4389	0.350000
4214	4213	3.289446
4214	4215	3.600889
4214	4236	0.047673
4214	4237	0.715097
4214	4238	2.311682
4214	4365	0.143019
4214	4366	0.177822
4214	4387	0.133366
4215	3293	0.043478
4215	3294	0.046625
4215	3295	0.622376
4215	4214	3.600889
4215	4216	4.149646
4215	4235	0.043478
4215	4236	0.932505
4215	4237	1.445382
4216	3295	0.286039
4216	3298	1.818384
4216	4215	4.149646
4216	4217	2.700000
4216	4235	0.792629
4216	4236	0.500000
4217	3298	1.305507
4217	3299	1.287174
4217	4216	2.700000
4217	4218	2.844140
4217	4232	0.667424
4217	4235	0.746004
4218	3186	0.565217
4218	3193	0.266733
4218	3194	0.233126
4218	3299	0.444554
4218	4217	2.844140
4218	4219	4.476023
4218	4230	0.217391
4218	4231	0.792629
4218	4232	1.778217
4219	3184	0.093250
4219	3185	0.800000
4219	3186	0.373002
4219	3194	1.000000
4219	3195	0.050000
4219	4218	4.476023
4219	4220	3.850000
4219	4229	0.046625
4219	4230	0.885880
4219	4231	0.100000
4220	3184	0.186501
4220	3185	0.200000
4220	3194	0.200000
4220	3195	1.050000
4220	4219	3.850000
4220	4221	3.750000
4220	4228	0.046625
4220	4229	0.839254
4220	4230	1.165631
4221	4220	3.750000
4221	4222	2.250000
4221	4228	0.792629
4221	4229	1.072381
4222	4221	2.250000
4222	4223	2.550000
4222	4224	0.050000
4222	4227	0.792629
4222	4228	1.258881
4223	3012	1.811579
4223	3013	0.650000
4223	4222	2.550000
4223	4224	2.050000
4223	4225	0.200000
4223	4226	0.238366
4224	3012	0.429058
4224	3015	0.746004
4224	3016	1.287174
4224	3020	0.139876
4224	3021	0.650000
4224	4222	0.050000
4224	4223	2.050000
4224	4225	2.850000
4225	3014	0.792629
4225	3015	1.818384
4225	4223	0.200000
4225	4224	2.850000
4225	4226	4.195235
4226	3013	0.095346
4226	3014	0.711287
4226	4223	0.238366
4226	4225	4.195235
4226	4227	3.823166
4226	4370	0.222277
4227	3013	0.046625
4227	4222	0.792629
4227	4226	3.823166
4227	4228	4.260870
4227	4369	0.133366
4227	4370	0.304348
4228	4220	0.046625
4228	4221	0.792629
4228	4222	1.258881
4228	4227	4.260870
4228	4229	3.260870
4229	4219	0.046625
4229	4220	0.839254
4229	4221	1.072381
4229	4228	3.260870
4229	4230	3.521739
4230	2856	0.521739
4230	2857	0.046625
4230	3194	0.326377
4230	3195	0.139876
4230	4218	0.217391
4230	4219	0.885880
4230	4220	1.165631
4230	4229	3.521739
4230	4231	4.149646
4231	2275	0.047673
4231	2856	0.046625
4231	2857	0.450000
4231	3193	0.047673
4231	3194	0.850000
4231	4218	0.792629
4231	4219	0.100000
4231	4230	4.149646
4231	4232	3.527812
4232	2275	0.500000
4232	2857	0.095346
4232	3193	0.636364
4232	3194	0.333712
4232	3299	0.590909
4232	3300	0.181818
4232	4217	0.667424
4232	4218	1.778217
4232	4231	3.527812
4232	4233	1.716233
4232	4235	2.978513
4233	2275	2.479003
4233	3216	0.150000
4233	3217	0.139876
4233	3300	0.238366
4233	4232	1.716233
4233	4234	0.667424
4233	4235	1.025755
4233	4236	0.150000
4234	2275	1.136364
4234	3217	0.088911
4234	3532	0.045455
4234	4209	0.238366
4234	4210	3.480138
4234	4211	0.476731
4234	4233	0.667424
4234	4235	1.066930
4234	4236	0.286039
4235	2275	0.133366
4235	3299	0.844653
4235	3300	0.133366
4235	4211	0.046625
4235	4215	0.043478
4235	4216	0.792629
4235	4217	0.746004
4235	4232	2.978513
4235	4233	1.025755
4235	4234	1.066930
4235	4236	4.103021
4236	3299	0.858116
4236	3300	0.095346
4236	4214	0.047673
4236	4215	0.932505
4236	4216	0.500000
4236	4233	0.150000
4236	4234	0.286039
4236	4235	4.103021
4236	4237	3.500000
4237	3294	0.700000
4237	3295	0.715097
4237	4214	0.715097
4237	4215	1.445382
4237	4236	3.500000
4237	4238	2.517763
4238	3294	0.979130
4238	4213	0.792629
4238	4214	2.311682
4238	4237	2.517763
4238	4239	4.347826
4238	4365	0.233126
4238	4366	0.217391
4239	4212	0.746004
4239	4213	1.398757
4239	4238	4.347826
4239	4240	4.217391
4239	4364	0.086957
4239	4365	0.512878
4240	4209	2.331262
4240	4210	0.466252
4240	4212	1.119006
4240	4239	4.217391
4240	4241	1.258881
4240	4364	0.521739
4240	4365	0.279751
4240	4390	0.217391
4241	4208	0.150000
4241	4209	0.450000
4241	4240	1.258881
4241	4242	3.670831
4241	4362	0.093250
4241	4363	0.326377
4241	4364	0.046625
4241	4390	1.119006
4241	4391	0.858116
4242	4203	0.143019
4242	4209	0.381385
4242	4241	3.670831
4242	4243	4.312176
4242	4391	1.909091
4242	4392	0.381385
4243	3530	0.373002
4243	3531	0.173913
4243	4202	0.139876
4243	4203	0.093250
4243	4207	0.304348
4243	4208	0.606128
4243	4209	0.046625
4243	4242	4.312176
4243	4244	4.895650
4243	4338	0.577920
4244	3529	0.046625
4244	3530	0.850000
4244	4202	0.100000
4244	4207	0.792629
4244	4208	0.050000
4244	4243	4.895650
4244	4245	3.000000
4244	4338	0.238366
4245	3529	1.072381
4245	3530	0.250000
4245	4202	1.400000
4245	4205	0.050000
4245	4206	0.792629
4245	4207	1.352132
4245	4244	3.000000
4245	4246	1.477867
4246	3528	0.088911
4246	3529	0.088911
4246	4201	0.047673
4246	4202	0.524404
4246	4204	0.047673
4246	4205	0.667424
4246	4206	1.155841
4246	4245	1.477867
4246	4247	2.002271
4246	4248	3.245246
4247	3220	2.955734
4247	3527	0.200000
4247	4205	0.050000
4247	4206	0.279751
4247	4207	0.139876
4247	4246	2.002271
4247	4248	1.538633
4248	4200	0.222277
4248	4201	0.792629
4248	4202	0.746004
4248	4203	0.186501
4248	4204	0.699379
4248	4205	0.652753
4248	4246	3.245246
4248	4247	1.538633
4248	4249	3.776644
4249	4200	0.810443
4249	4201	0.200000
4249	4203	0.600000
4249	4204	0.100000
4249	4248	3.776644
4249	4250	3.077266
4250	4198	0.130435
4250	4199	0.792629
4250	4200	1.956039
4250	4249	3.077266
4250	4251	4.849025
4251	4198	0.792629
4251	4199	0.300000
4251	4250	4.849025
4251	4252	2.144761
4252	4196	0.044455
4252	4197	0.932505
4252	4198	2.565217
4252	4251	2.144761
4252	4253	4.000000
4253	4165	0.043478
4253	4166	0.391304
4253	4167	1.445382
4253	4195	0.043478
4253	4196	0.622376
4253	4197	0.512878
4253	4252	4.000000
4253	4254	1.778217
4254	4166	0.444554
4254	4167	0.429058
4254	4253	1.778217
4254	4255	4.727273
4254	4291	0.177822
4254	4292	0.047673
4255	4254	4.727273
4255	4256	4.134354
4255	4291	0.755742
4256	4255	4.134354
4256	4257	3.695652
4256	4290	0.932505
4256	4291	1.000000
4257	4256	3.695652
4257	4258	3.652174
4257	4289	0.746004
4257	4290	1.212256
4258	4257	3.652174
4258	4259	4.267721
4258	4288	0.746004
4258	4289	1.212256
4259	4258	4.267721
4259	4260	3.623158
4259	4287	0.622376
4259	4288	1.001136
4260	4259	3.623158
4260	4261	1.525540
4260	4284	1.119006
4260	4285	0.715097
4260	4287	0.746004
4261	4044	0.088911
4261	4045	0.355643
4261	4061	1.001136
4261	4062	0.045455
4261	4260	1.525540
4261	4262	4.636364
4261	4263	0.047673
4261	4283	0.044455
4261	4284	0.755742
4261	4285	3.363636
4262	4045	0.711287
4262	4046	0.311188
4262	4060	0.524404
4262	4061	0.619751
4262	4261	4.636364
4262	4263	3.909197
4262	4284	0.933564
4263	4046	0.512878
4263	4047	0.466252
4263	4261	0.047673
4263	4262	3.909197
4263	4264	2.350000
4263	4283	0.932505
4263	4284	0.652753
4264	4047	0.373002
4264	4263	2.350000
4264	4265	2.797514
4264	4276	0.700000
4264	4282	0.699379
4264	4283	1.445382
4265	4264	2.797514
4265	4266	3.217142
4265	4276	1.538633
4265	4281	0.792629
4265	4282	2.565217
4266	4265	3.217142
4266	4267	4.300000
4266	4276	0.500000
4266	4277	0.050000
4266	4280	0.792629
4266	4281	0.950000
4267	4266	4.300000
4267	4268	2.750889
4267	4276	0.150000
4267	4277	0.650000
4267	4279	0.238366
4267	4280	0.652753
4268	4267	2.750889
4268	4269	2.133860
4268	4275	2.377887
4268	4276	0.746004
4268	4277	1.865010
4268	4278	0.755742
4268	4279	0.088911
4269	4268	2.133860
4269	4270	4.954545
4269	4274	0.090909
4269	4275	0.810443
4269	4277	0.047673
4269	4278	2.727273
4270	4269	4.954545
4270	4271	5.045455
4270	4272	0.044455
4270	4274	0.636364
4270	4275	0.190693
4271	2595	1.477867
4271	2675	0.047673
4271	4270	5.045455
4271	4272	1.111386
4271	4273	0.476731
4271	4274	0.500000
4272	2610	0.044455
4272	2611	0.699379
4272	2612	2.578415
4272	2613	0.086957
4272	2675	0.046625
4272	4270	0.044455
4272	4271	1.111386
4272	4273	1.678509
4273	2612	0.238366
4273	2613	0.419627
4273	4271	0.476731
4273	4272	1.678509
4273	4274	3.718504
4274	4269	0.090909
4274	4270	0.636364
4274	4271	0.500000
4274	4273	3.718504
4274	4275	4.004543
4275	4268	2.377887
4275	4269	0.810443
4275	4270	0.190693
4275	4274	4.004543
4275	4276	1.750000
4275	4277	0.550000
4276	4264	0.700000
4276	4265	1.538633
4276	4266	0.500000
4276	4267	0.150000
4276	4268	0.746004
4276	4275	1.750000
4276	4277	1.600000
4276	4280	0.046625
4277	4266	0.050000
4277	4267	0.650000
4277	4268	1.865010
4277	4269	0.047673
4277	4275	0.550000
4277	4276	1.600000
4277	4278	3.194100
4277	4279	0.715097
4277	4280	0.885880
4278	4268	0.755742
4278	4269	2.727273
4278	4277	3.194100
4278	4279	1.500000
4279	4267	0.238366
4279	4268	0.088911
4279	4277	0.715097
4279	4278	1.500000
4279	4280	3.956533
4280	4266	0.792629
4280	4267	0.652753
4280	4276	0.046625
4280	4277	0.885880
4280	4279	3.956533
4280	4281	3.450268
4281	4265	0.792629
4281	4266	0.950000
4281	4280	3.450268
4281	4282	2.191386
4282	4264	0.699379
4282	4265	2.565217
4282	4281	2.191386
4282	4283	3.695652
4283	4261	0.044455
4283	4263	0.932505
4283	4264	1.445382
4283	4282	3.695652
4283	4284	4.260870
4284	4045	0.043478
4284	4260	1.119006
4284	4261	0.755742
4284	4262	0.933564
4284	4263	0.652753
4284	4283	4.260870
4284	4285	0.978019
4285	4044	1.111386
4285	4045	0.622376
4285	4061	0.095346
4285	4062	0.590909
4285	4260	0.715097
4285	4261	3.363636
4285	4284	0.978019
4285	4286	1.363636
4285	4287	3.467523
4286	4043	0.810443
4286	4044	2.533959
4286	4062	0.727273
4286	4064	2.356137
4286	4166	0.133366
4286	4167	0.095346
4286	4168	0.047673
4286	4285	1.363636
4286	4287	1.822672
4287	4062	0.133366
4287	4063	0.044455
4287	4064	0.434783
4287	4166	0.130435
4287	4259	0.622376
4287	4260	0.746004
4287	4285	3.467523
4287	4286	1.822672
4287	4288	3.823270
4288	4064	0.186501
4288	4166	0.186501
4288	4258	0.746004
4288	4259	1.001136
4288	4287	3.823270
4288	4289	3.200000
4289	4257	0.746004
4289	4258	1.212256
4289	4288	3.200000
4289	4290	3.550000
4290	4256	0.932505
4290	4257	1.212256
4290	4289	3.550000
4290	4291	4.149646
4291	4165	0.217391
4291	4254	0.177822
4291	4255	0.755742
4291	4256	1.000000
4291	4290	4.149646
4291	4292	2.098136
4292	4163	0.046625
4292	4164	0.746004
4292	4165	0.046625
4292	4254	0.047673
4292	4291	2.098136
4292	4293	3.100000
4293	4163	0.792629
4293	4164	1.072381
4293	4292	3.100000
4293	4294	2.750000
4294	4162	0.792629
4294	4163	1.631883
4294	4293	2.750000
4294	4295	2.600000
4295	4161	0.746004
4295	4162	1.771759
4295	4294	2.600000
4295	4296	4.338255
4296	4159	2.978513
4296	4160	0.590909
4296	4161	0.800198
4296	4295	4.338255
4296	4297	0.954545
4296	4299	0.045455
4297	4158	0.762770
4297	4159	0.933564
4297	4296	0.954545
4297	4298	0.978019
4297	4299	4.136364
4297	4302	0.454545
4297	4303	2.400593
4298	2089	0.186501
4298	3573	0.044455
4298	3574	2.564388
4298	4146	0.260870
4298	4147	0.932505
4298	4148	2.391304
4298	4297	0.978019
4298	4299	1.111386
4298	4300	0.559503
4298	4302	0.222277
4299	4158	0.095346
4299	4159	0.666831
4299	4160	3.318182
4299	4296	0.045455
4299	4297	4.136364
4299	4298	1.111386
4299	4300	1.144155
4299	4301	0.400099
4299	4302	0.045455
4300	2088	0.143019
4300	2089	3.400000
4300	3574	0.500000
4300	4298	0.559503
4300	4299	1.144155
4300	4301	1.771759
4300	4302	2.717368
4301	4299	0.400099
4301	4300	1.771759
4301	4302	1.022475
4302	4148	0.577920
4302	4149	2.192964
4302	4297	0.454545
4302	4298	0.222277
4302	4299	0.045455
4302	4300	2.717368
4302	4301	1.022475
4302	4303	1.555940
4303	4149	0.186501
4303	4150	0.044455
4303	4157	0.699379
4303	4158	1.771759
4303	4297	2.400593
4303	4302	1.555940
4303	4304	3.652174
4304	4155	0.130435
4304	4156	0.885880
4304	4157	1.492008
4304	4303	3.652174
4304	4305	4.336147
4305	4155	0.792629
4305	4156	0.250000
4305	4304	4.336147
4305	4306	2.750000
4306	4153	0.047673
4306	4154	0.792629
4306	4155	1.258881
4306	4305	2.750000
4306	4307	4.000000
4307	4153	0.762770
4307	4154	1.072381
4307	4306	4.000000
4307	4308	2.750000
4308	4151	0.046625
4308	4152	0.746004
4308	4153	1.001136
4308	4307	2.750000
4308	4309	2.850000
4308	4328	0.524404
4309	4151	0.932505
4309	4152	1.025755
4309	4308	2.850000
4309	4310	3.850000
4309	4327	0.953463
4309	4328	0.953463
4309	4409	0.238366
4310	4151	0.186501
4310	4309	3.850000
4310	4311	1.716233
4310	4409	0.572078
4310	4411	0.792629
4311	4310	1.716233
4311	4312	2.574349
4311	4410	1.244752
4311	4411	0.266733
4312	4311	2.574349
4312	4313	2.471138
4312	4314	0.606128
4312	4322	0.050000
4312	4410	0.885880
4313	4312	2.471138
4313	4314	3.000000
4313	4323	0.746004
4313	4324	1.869565
4313	4325	1.000000
4314	4312	0.606128
4314	4313	3.000000
4314	4315	3.263767
4314	4322	0.839254
4314	4323	2.051511
4315	4314	3.263767
4315	4316	2.098136
4315	4321	0.746004
4315	4322	0.750000
4316	4315	2.098136
4316	4317	1.445382
4316	4318	1.072381
4316	4319	0.311188
4316	4320	0.622376
4316	4321	1.739130
4317	4316	1.445382
4317	4318	3.100000
4317	4319	0.238366
4318	4316	1.072381
4318	4317	3.100000
4318	4319	3.241773
4318	4320	0.143019
4319	4316	0.311188
4319	4317	0.238366
4319	4318	3.241773
4319	4320	3.454545
4320	4316	0.622376
4320	4318	0.143019
4320	4319	3.454545
4320	4321	2.711781
4320	4412	0.333712
4320	4413	0.047673
4321	4315	0.746004
4321	4316	1.739130
4321	4320	2.711781
4321	4322	4.103021
4322	4312	0.050000
4322	4314	0.839254
4322	4315	0.750000
4322	4321	4.103021
4322	4323	2.650000
4323	4313	0.746004
4323	4314	2.051511
4323	4322	2.650000
4323	4324	3.310392
4324	4313	1.869565
4324	4323	3.310392
4324	4325	3.782609
4325	4313	1.000000
4325	4324	3.782609
4325	4326	2.471138
4325	4407	0.093250
4325	4410	1.043478
4326	4325	2.471138
4326	4327	2.192964
4326	4408	1.072381
4326	4409	1.096482
4326	4410	0.932505
4327	4151	0.088911
4327	4152	0.355643
4327	4309	0.953463
4327	4326	2.192964
4327	4328	4.454545
4327	4408	0.889108
4327	4409	3.409091
4328	4152	0.844653
4328	4153	0.500000
4328	4308	0.524404
4328	4309	0.953463
4328	4327	4.454545
4328	4329	2.845147
4328	4408	0.577920
4329	4153	0.577920
4329	4154	0.391304
4329	4328	2.845147
4329	4330	3.782609
4329	4407	0.699379
4329	4408	1.130435
4330	4154	0.304348
4330	4329	3.782609
4330	4331	4.356631
4330	4406	0.792629
4330	4407	1.445382
4331	4330	4.356631
4331	4332	4.433601
4331	4404	0.044455
4331	4405	0.667424
4331	4406	1.144155
4332	4331	4.433601
4332	4333	3.500000
4332	4404	0.746004
4332	4405	0.200000
4333	4332	3.500000
4333	4334	3.650000
4333	4348	0.046625
4333	4349	0.839254
4334	4333	3.650000
4334	4335	2.424513
4334	4348	0.885880
4334	4349	1.025755
4334	4401	0.619751
4335	4334	2.424513
4335	4336	3.869565
4335	4347	0.979130
4335	4348	2.347826
4335	4354	0.792629
4335	4355	0.304348
4335	4400	0.088911
4335	4401	0.400099
4336	4335	3.869565
4336	4337	3.695652
4336	4346	0.792629
4336	4347	1.398757
4336	4354	0.419627
4336	4355	1.478261
4337	4336	3.695652
4337	4338	0.978019
4337	4339	3.823166
4337	4344	0.088911
4337	4345	0.746004
4337	4346	1.072381
4337	4355	0.260870
4338	4243	0.577920
4338	4244	0.238366
4338	4337	0.978019
4338	4339	1.227273
4338	4340	0.044455
4338	4393	0.047673
4339	4337	3.823166
4339	4338	1.227273
4339	4340	4.178810
4339	4344	0.454545
4339	4345	0.286039
4340	3208	0.088911
4340	3209	0.565217
4340	3210	0.044455
4340	4338	0.044455
4340	4339	4.178810
4340	4341	1.022475
4340	4342	0.746004
4340	4343	0.419627
4340	4344	0.400099
4341	3208	0.045455
4341	3210	1.272727
4341	3537	1.096482
4341	3538	0.047673
4341	3578	0.667424
4341	3579	1.600395
4341	4340	1.022475
4341	4342	4.624294
4342	3208	0.047673
4342	3537	0.050000
4342	3538	0.650000
4342	3578	0.050000
4342	4143	0.350000
4342	4340	0.746004
4342	4341	4.624294
4342	4343	4.250000
4343	4143	0.200000
4343	4144	0.559503
4343	4145	0.139876
4343	4340	0.419627
4343	4342	4.250000
4343	4344	3.909197
4344	4144	1.111386
4344	4145	0.266733
4344	4337	0.088911
4344	4339	0.454545
4344	4340	0.400099
4344	4343	3.909197
4344	4345	4.481274
4345	4337	0.746004
4345	4339	0.286039
4345	4344	4.481274
4345	4346	3.350000
4346	4336	0.792629
4346	4337	1.072381
4346	4345	3.350000
4346	4347	2.250000
4347	4335	0.979130
4347	4336	1.398757
4347	4346	2.250000
4347	4348	3.403643
4347	4354	0.050000
4348	4333	0.046625
4348	4334	0.885880
4348	4335	2.347826
4348	4347	3.403643
4348	4349	4.086957
4348	4352	0.086957
4348	4354	0.326377
4348	4401	0.622376
4349	4333	0.839254
4349	4334	1.025755
4349	4348	4.086957
4349	4350	1.305507
4349	4352	0.478261
4349	4401	1.778217
4349	4402	0.559503
4350	4349	1.305507
4350	4351	1.352132
4350	4352	2.984015
4350	4401	0.524404
4350	4402	0.400000
4350	4403	0.050000
4351	4350	1.352132
4351	4352	1.086957
4352	4348	0.086957
4352	4349	0.478261
4352	4350	2.984015
4352	4351	1.086957
4352	4353	1.333663
4352	4354	0.186501
4352	4397	2.611013
4352	4400	0.266733
4352	4401	0.800198
4353	4352	1.333663
4353	4354	1.239501
4353	4355	0.133366
4353	4356	0.044455
4353	4396	1.859252
4353	4397	3.623158
4353	4398	0.190693
4353	4399	0.095346
4354	4335	0.792629
4354	4336	0.419627
4354	4347	0.050000
4354	4348	0.326377
4354	4352	0.186501
4354	4353	1.239501
4354	4355	3.123891
4354	4397	0.150000
4354	4400	0.762770
4354	4401	2.192964
4355	4335	0.304348
4355	4336	1.478261
4355	4337	0.260870
4355	4353	0.133366
4355	4354	3.123891
4355	4356	3.565217
4355	4399	0.792629
4355	4400	1.822672
4356	4353	0.044455
4356	4355	3.565217
4356	4357	4.434783
4356	4398	0.792629
4356	4399	2.098136
4357	4356	4.434783
4357	4358	5.035526
4357	4395	0.217391
4357	4396	0.606128
4357	4398	1.305507
4358	4357	5.035526
4358	4359	3.100000
4358	4394	0.046625
4358	4395	0.932505
4358	4396	0.100000
4359	4358	3.100000
4359	4360	3.077266
4359	4394	0.839254
4359	4395	1.352132
4360	4359	3.077266
4360	4361	4.086957
4360	4393	0.839254
4360	4394	2.913043
4361	4360	4.086957
4361	4362	3.826087
4361	4392	0.792629
4361	4393	1.585258
4362	4241	0.093250
4362	4361	3.826087
4362	4363	4.782609
4362	4392	1.072381
4363	4241	0.326377
4363	4362	4.782609
4363	4364	3.695652
4363	4389	0.606128
4364	4212	0.186501
4364	4213	0.279751
4364	4239	0.086957
4364	4240	0.521739
4364	4241	0.046625
4364	4363	3.695652
4364	4365	4.336147
4364	4387	0.217391
4364	4388	0.792629
4364	4389	0.699379
4365	4213	1.150000
4365	4214	0.143019
4365	4238	0.233126
4365	4239	0.512878
4365	4240	0.279751
4365	4364	4.336147
4365	4366	3.310392
4365	4386	0.143019
4365	4387	0.606128
4365	4388	0.050000
4366	4214	0.177822
4366	4238	0.217391
4366	4365	3.310392
4366	4367	1.025755
4366	4385	3.695652
4366	4386	0.489010
4367	4366	1.025755
4367	4368	1.001136
4367	4384	0.850000
4367	4385	1.911635
4367	4386	1.430194
4368	4367	1.001136
4368	4369	4.818182
4368	4383	0.095346
4368	4384	0.476731
4368	4386	0.954545
4368	4387	1.822672
4369	4227	0.133366
4369	4368	4.818182
4369	4370	4.934552
4369	4383	0.143019
4369	4384	0.286039
4370	3014	0.521739
4370	4226	0.222277
4370	4227	0.304348
4370	4369	4.934552
4370	4371	4.849025
4370	4382	0.086957
4370	4383	0.652753
4370	4384	0.139876
4371	3014	0.419627
4371	3015	0.046625
4371	4370	4.849025
4371	4372	2.984015
4371	4382	0.792629
4372	4371	2.984015
4372	4373	4.289522
4372	4381	0.839254
4372	4382	2.521739
4373	4372	4.289522
4373	4374	2.800000
4373	4380	0.839254
4373	4381	0.700000
4374	4373	2.800000
4374	4375	2.984015
4374	4379	0.932505
4374	4380	1.678509
4375	4374	2.984015
4375	4376	1.305507
4375	4377	2.478261
4375	4378	0.489010
4375	4379	2.173913
4376	3266	0.950000
4376	4375	1.305507
4376	4377	3.357017
4377	3265	0.932505
4377	3266	0.652753
4377	3290	0.086957
4377	4375	2.478261
4377	4376	3.357017
4377	4378	3.423068
4378	3264	0.238366
4378	3265	1.430194
4378	3290	0.755742
4378	3291	0.619751
4378	4375	0.489010
4378	4377	3.423068
4378	4379	2.178316
4379	3291	0.512878
4379	3292	0.326377
4379	4374	0.932505
4379	4375	2.173913
4379	4378	2.178316
4379	4380	4.434783
4380	3292	0.419627
4380	4373	0.839254
4380	4374	1.678509
4380	4379	4.434783
4380	4381	3.823270
4381	1444	0.186501
4381	4372	0.839254
4381	4373	0.700000
4381	4380	3.823270
4381	4382	2.564388
4382	1444	0.217391
4382	4370	0.086957
4382	4371	0.792629
4382	4372	2.521739
4382	4381	2.564388
4382	4383	4.662524
4383	4368	0.095346
4383	4369	0.143019
4383	4370	0.652753
4383	4382	4.662524
4383	4384	3.300000
4383	4385	0.139876
4384	4367	0.850000
4384	4368	0.476731
4384	4369	0.286039
4384	4370	0.139876
4384	4383	3.300000
4384	4385	1.212256
4384	4386	1.430194
4385	4366	3.695652
4385	4367	1.911635
4385	4383	0.139876
4385	4384	1.212256
4385	4386	1.155841
4386	4365	0.143019
4386	4366	0.489010
4386	4367	1.430194
4386	4368	0.954545
4386	4384	1.430194
4386	4385	1.155841
4386	4387	4.623364
4387	4213	0.233126
4387	4214	0.133366
4387	4364	0.217391
4387	4365	0.606128
4387	4368	1.822672
4387	4386	4.623364
4387	4388	4.942275
4388	4213	0.450000
4388	4364	0.792629
4388	4365	0.050000
4388	4387	4.942275
4388	4389	4.500000
4389	4212	0.500000
4389	4213	0.350000
4389	4363	0.606128
4389	4364	0.699379
4389	4388	4.500000
4389	4390	1.258881
4390	4210	0.373002
4390	4211	0.326377
4390	4212	2.238012
4390	4240	0.217391
4390	4241	1.119006
4390	4389	1.258881
4390	4391	3.467523
4391	4209	0.143019
4391	4210	0.047673
4391	4241	0.858116
4391	4242	1.909091
4391	4390	3.467523
4391	4392	1.906925
4392	4242	0.381385
4392	4361	0.792629
4392	4362	1.072381
4392	4391	1.906925
4392	4393	2.500000
4393	4338	0.047673
4393	4360	0.839254
4393	4361	1.585258
4393	4392	2.500000
4393	4394	3.217142
4394	4358	0.046625
4394	4359	0.839254
4394	4360	2.913043
4394	4393	3.217142
4394	4395	3.478261
4395	4357	0.217391
4395	4358	0.932505
4395	4359	1.352132
4395	4394	3.478261
4395	4396	4.336147
4396	4353	1.859252
4396	4357	0.606128
4396	4358	0.100000
4396	4395	4.336147
4396	4397	0.900000
4396	4398	0.200000
4397	4352	2.611013
4397	4353	3.623158
4397	4354	0.150000
4397	4396	0.900000
4397	4398	1.550000
4397	4399	0.250000
4397	4400	0.238366
4397	4401	0.047673
4398	4353	0.190693
4398	4356	0.792629
4398	4357	1.305507
4398	4396	0.200000
4398	4397	1.550000
4398	4399	2.950000
4399	4353	0.095346
4399	4355	0.792629
4399	4356	2.098136
4399	4397	0.250000
4399	4398	2.950000
4399	4400	3.813850
4400	4335	0.088911
4400	4352	0.266733
4400	4354	0.762770
4400	4355	1.822672
4400	4397	0.238366
4400	4399	3.813850
4400	4401	2.409091
4401	4334	0.619751
4401	4335	0.400099
4401	4348	0.622376
4401	4349	1.778217
4401	4350	0.524404
4401	4352	0.800198
4401	4354	2.192964
4401	4397	0.047673
4401	4400	2.409091
4401	4402	1.287174
4402	4349	0.559503
4402	4350	0.400000
4402	4401	1.287174
4402	4403	4.050000
4403	4350	0.050000
4403	4402	4.050000
4403	4404	3.170516
4404	4331	0.044455
4404	4332	0.746004
4404	4403	3.170516
4404	4405	4.382773
4405	4331	0.667424
4405	4332	0.200000
4405	4404	4.382773
4405	4406	3.300000
4406	4330	0.792629
4406	4331	1.144155
4406	4405	3.300000
4406	4407	3.500000
4407	4325	0.093250
4407	4329	0.699379
4407	4330	1.445382
4407	4406	3.500000
4407	4408	4.336147
4408	4152	0.086957
4408	4326	1.072381
4408	4327	0.889108
4408	4328	0.577920
4408	4329	1.130435
4408	4407	4.336147
4408	4409	1.066930
4409	4151	0.666831
4409	4152	0.577920
4409	4309	0.238366
4409	4310	0.572078
4409	4326	1.096482
4409	4327	3.409091
4409	4408	1.066930
4409	4410	3.423068
4409	4411	0.177822
4410	4311	1.244752
4410	4312	0.885880
4410	4325	1.043478
4410	4326	0.932505
4410	4409	3.423068
4410	4411	2.043478
4411	4151	2.565217
4411	4310	0.792629
4411	4311	0.266733
4411	4409	0.177822
4411	4410	2.043478
4411	4412	0.979130
4412	4150	0.715097
4412	4320	0.333712
4412	4411	0.979130
4412	4413	4.050000
4413	4320	0.047673
4413	4412	4.050000
4413	4414	2.450000
4414	4413	2.450000
4415	4416	4.712275
4416	2519	0.524404
4416	4415	4.712275
4417	2425	0.347826
4417	2426	1.155841
4417	2427	0.347826
4417	2477	0.606128
4417	2478	0.130435
4418	4427	0.341882
4420	3339	0.093250
4420	3358	0.400000
4420	3359	0.858116
4420	4421	2.157440
4420	4422	0.600000
4421	3357	0.754434
4421	3358	2.561959
4421	3359	0.321412
4421	4420	2.157440
4421	4422	2.427120
4421	4423	0.269680
4422	3358	0.500000
4422	3359	0.667424
4422	3360	0.300000
4422	3361	0.095346
4422	4420	0.600000
4422	4421	2.427120
4422	4423	3.600000
4422	4424	0.894427
4423	3360	1.900000
4423	4421	0.269680
4423	4422	3.600000
4423	4424	2.683282
4424	3360	1.006231
4424	4422	0.894427
4424	4423	2.683282
4425	722	0.213201
4425	723	0.278019
4425	4426	2.333333
4426	4425	2.333333
4426	4427	2.713602
4426	4428	0.333333
4427	4418	0.341882
4427	4426	2.713602
4427	4428	1.809068
4428	4426	0.333333
4428	4427	1.809068
4428	4429	3.166667
4429	4428	3.166667
4430	3339	0.073721
