# shape 4431 4431
# row_index	column_index	value
0	1	0.426401
0	2	9.380744
1	0	0.426401
1	2	0.421052
1	3	1.154699
1	5	3.999984
2	0	9.380744
2	1	0.421052
2	3	0.384900
2	4	0.486504
2	5	1.599997
3	1	1.154699
3	2	0.384900
3	4	0.342326
3	5	0.769800
3	6	1.837114
4	2	0.486504
4	3	0.342326
4	5	0.316228
4	6	0.838525
4	7	0.824021
4	8	3.535521
5	1	3.999984
5	2	1.599997
5	3	0.769800
5	4	0.316228
5	6	0.530330
5	7	1.042314
5	8	0.993807
5	9	0.781735
6	3	1.837114
6	4	0.838525
6	5	0.530330
6	7	0.523677
6	8	1.185853
6	9	0.497493
6	10	0.562500
7	4	0.824021
7	5	1.042314
7	6	0.523677
7	8	0.616946
7	9	2.199995
7	10	0.829156
7	11	1.160576
8	4	3.535521
8	5	0.993807
8	6	1.185853
8	7	0.616946
8	9	0.524404
8	10	1.054091
8	11	0.455645
8	12	0.813115
9	5	0.781735
9	6	0.497493
9	7	2.199995
9	8	0.524404
9	10	0.552770
9	11	2.031005
9	12	1.340117
9	13	1.658310
10	6	0.562500
10	7	0.829156
10	8	1.054091
10	9	0.552770
10	11	0.408248
10	12	0.942808
10	13	1.285713
10	14	1.989971
11	7	1.160576
11	8	0.455645
11	9	2.031005
11	10	0.408248
11	12	0.314918
11	13	3.674221
11	14	1.015504
11	15	1.624805
12	8	0.813115
12	9	1.340117
12	10	0.942808
12	11	0.314918
12	13	0.446594
12	14	1.042314
12	15	0.938082
12	16	1.142856
13	9	1.658310
13	10	1.285713
13	11	3.674221
13	12	0.446594
13	14	0.552770
13	15	2.487462
13	16	1.414212
13	17	1.105540
14	10	1.989971
14	11	1.015504
14	12	1.042314
14	13	0.552770
14	15	0.611111
14	16	1.042314
14	17	1.222221
14	18	0.852802
14	62	8.123972
15	11	1.624805
15	12	0.938082
15	13	2.487462
15	14	0.611111
15	16	0.390868
15	17	1.222221
15	18	0.670059
15	19	1.243733
15	1456	15.556107
16	12	1.142856
16	13	1.414212
16	14	1.042314
16	15	0.390868
16	17	0.551813
16	18	1.999996
16	19	1.060659
16	20	1.581136
16	1455	4.216352
17	13	1.105540
17	14	1.222221
17	15	1.222221
17	16	0.551813
17	18	0.426401
17	19	1.243733
17	20	1.059456
17	21	1.105540
18	14	0.852802
18	15	0.670059
18	16	1.999996
18	17	0.426401
18	19	0.446594
18	20	0.702728
18	21	0.707106
18	22	1.697053
18	23	6.928155
18	63	0.440195
19	15	1.243733
19	16	1.060659
19	17	1.243733
19	18	0.446594
19	20	0.372678
19	21	2.999991
19	22	1.799997
19	23	1.049780
19	1455	1.118033
19	1456	2.345202
20	16	1.581136
20	17	1.059456
20	18	0.702728
20	19	0.372678
20	21	0.372678
20	22	0.838525
20	23	0.391230
20	24	1.249998
20	1454	1.787298
20	1455	1.999996
21	17	1.105540
21	18	0.707106
21	19	2.999991
21	20	0.372678
21	22	0.500000
21	23	2.449484
21	24	1.118033
21	25	1.212182
21	54	8.485209
21	58	6.708159
22	18	1.697053
22	19	1.799997
22	20	0.838525
22	21	0.500000
22	23	0.386761
22	24	0.838525
22	25	0.499134
22	26	0.692307
22	64	8.485209
22	72	0.994986
23	18	6.928155
23	19	1.049780
23	20	0.391230
23	21	2.449484
23	22	0.386761
23	24	0.304290
23	25	2.309396
23	26	0.816496
23	27	0.925819
23	1454	1.174733
23	1455	2.190885
24	20	1.249998
24	21	1.118033
24	22	0.838525
24	23	0.304290
24	25	0.351364
24	26	0.745355
24	27	0.422577
24	28	1.054091
24	29	5.477196
24	54	6.324515
24	1453	3.574589
24	1454	1.787298
25	21	1.212182
25	22	0.499134
25	23	2.309396
25	24	0.351364
25	26	0.424264
25	27	1.247218
25	28	1.599997
25	29	0.866025
25	54	1.333332
25	55	1.599997
26	22	0.692307
26	23	0.816496
26	24	0.745355
26	25	0.424264
26	27	0.396863
26	28	2.121316
26	29	0.816496
26	30	1.124999
26	1438	13.416228
26	1439	1.798434
27	23	0.925819
27	24	0.422577
27	25	1.247218
27	26	0.396863
27	28	0.374166
27	29	0.810092
27	30	0.881916
27	31	1.984310
27	1453	6.344249
27	1454	1.812651
28	24	1.054091
28	25	1.599997
28	26	2.121316
28	27	0.374166
28	29	0.384900
28	30	1.060659
28	31	0.848527
28	32	1.581136
28	47	1.599997
28	50	8.485209
28	51	2.108181
28	1452	13.564476
28	1453	6.782284
29	24	5.477196
29	25	0.866025
29	26	0.816496
29	27	0.810092
29	28	0.384900
29	30	0.386761
29	31	1.049780
29	32	0.782460
29	33	0.925819
29	51	1.825739
29	76	0.989742
30	26	1.124999
30	27	0.881916
30	28	1.060659
30	29	0.386761
30	31	0.500000
30	32	0.745355
30	33	0.881916
30	34	1.499998
30	1440	4.472116
30	1441	13.416228
31	27	1.984310
31	28	0.848527
31	29	1.049780
31	30	0.500000
31	32	0.419263
31	33	3.968611
31	34	1.499998
31	35	1.060659
31	47	4.242623
31	1452	2.055352
31	1453	2.397910
32	28	1.581136
32	29	0.782460
32	30	0.745355
32	31	0.419263
32	33	0.311373
32	34	0.670820
32	35	0.632455
32	36	1.249998
32	44	2.499994
32	47	1.054091
32	48	2.108181
33	29	0.925819
33	30	0.881916
33	31	3.968611
33	32	0.311373
33	34	0.466897
33	35	1.870825
33	36	0.845154
33	37	1.984310
33	76	3.741643
33	80	2.333328
33	83	1.496661
34	30	1.499998
34	31	1.499998
34	32	0.670820
34	33	0.466897
34	35	0.404061
34	36	0.838525
34	37	0.999999
34	38	0.899999
35	31	1.060659
35	32	0.632455
35	33	1.870825
35	34	0.404061
35	36	0.372033
35	37	1.060659
35	38	0.707106
35	39	1.885615
35	40	0.771389
35	43	1.697053
35	44	0.790569
36	32	1.249998
36	33	0.845154
36	34	0.838525
36	35	0.372033
36	37	0.419263
36	38	1.677048
36	39	1.490710
36	40	1.677048
36	44	2.499994
36	80	0.986012
36	83	0.574959
36	84	0.702728
37	33	1.984310
37	34	0.999999
37	35	1.060659
37	36	0.419263
37	38	0.450000
37	39	0.999999
37	83	0.652714
38	34	0.899999
38	35	0.707106
38	36	1.677048
38	37	0.450000
38	39	0.461538
38	40	2.999991
39	35	1.885615
39	36	1.490710
39	37	0.999999
39	38	0.461538
39	40	0.333333
39	41	1.118033
39	84	5.656822
40	35	0.771389
40	36	1.677048
40	38	2.999991
40	39	0.333333
40	41	0.479157
40	42	8.999919
40	43	1.124999
40	44	2.236063
40	84	2.828419
41	39	1.118033
41	40	0.479157
41	42	0.372678
41	43	3.354091
41	44	0.416666
41	45	1.054091
41	84	1.264909
41	91	1.581136
42	40	8.999919
42	41	0.372678
42	43	0.333333
42	44	0.838525
42	45	1.697053
42	46	2.249995
42	91	2.828419
42	92	0.771389
43	35	1.697053
43	40	1.124999
43	41	3.354091
43	42	0.333333
43	44	0.394600
43	45	1.060659
43	46	0.818181
43	47	1.212182
44	32	2.499994
44	35	0.790569
44	36	2.499994
44	40	2.236063
44	41	0.416666
44	42	0.838525
44	43	0.394600
44	45	0.351364
44	46	1.341639
44	47	1.054091
44	48	1.581136
45	41	1.054091
45	42	1.697053
45	43	1.060659
45	44	0.351364
45	46	0.499134
45	47	0.888888
45	48	0.666666
45	49	0.781735
45	80	7.483259
45	90	2.494432
45	92	7.999936
45	94	1.131370
45	95	5.656822
45	96	3.999984
46	42	2.249995
46	43	0.818181
46	44	1.341639
46	45	0.499134
46	47	0.368925
46	48	2.121316
46	49	0.765374
46	50	2.249995
47	28	1.599997
47	31	4.242623
47	32	1.054091
47	43	1.212182
47	44	1.054091
47	45	0.888888
47	46	0.368925
47	48	0.421052
47	49	1.042314
47	50	0.942808
47	51	1.581136
47	52	8.485209
48	32	2.108181
48	44	1.581136
48	45	0.666666
48	46	2.121316
48	47	0.421052
48	49	0.446706
48	50	2.121316
48	51	1.264909
48	52	1.060659
48	76	1.599997
48	77	1.333332
48	80	1.069044
48	96	7.999936
49	45	0.781735
49	46	0.765374
49	47	1.042314
49	48	0.446706
49	50	0.552770
49	51	0.824021
49	52	0.663325
49	53	2.031005
49	92	1.876163
49	93	0.829156
49	94	0.737027
49	95	2.211078
50	28	8.485209
50	46	2.249995
50	47	0.942808
50	48	2.121316
50	49	0.552770
50	51	0.353063
50	52	1.285713
50	53	1.049780
50	54	2.121316
51	28	2.108181
51	29	1.825739
51	47	1.581136
51	48	1.264909
51	49	0.824021
51	50	0.353063
51	52	0.394600
51	53	0.608580
51	54	0.702728
51	55	1.264909
52	47	8.485209
52	48	1.060659
52	49	0.663325
52	50	1.285713
52	51	0.394600
52	53	0.367423
52	54	2.121316
52	55	1.414212
52	56	1.697053
52	73	1.285713
52	77	2.828419
53	49	2.031005
53	50	1.049780
53	51	0.608580
53	52	0.367423
53	54	0.384900
53	55	0.692820
53	56	0.989742
53	57	0.565267
54	21	8.485209
54	24	6.324515
54	25	1.333332
54	50	2.121316
54	51	0.702728
54	52	2.121316
54	53	0.384900
54	55	0.470588
54	56	1.599997
54	57	0.565685
54	58	1.581136
55	25	1.599997
55	51	1.264909
55	52	1.414212
55	53	0.692820
55	54	0.470588
55	56	0.380952
55	57	1.060659
55	58	1.054091
55	59	1.264909
55	64	2.666660
55	69	1.264909
55	72	1.563469
55	73	1.060659
56	52	1.697053
56	53	0.989742
56	54	1.599997
56	55	0.380952
56	57	0.499134
56	58	0.903507
56	59	0.702728
56	60	1.697053
56	69	6.324515
56	73	0.942808
57	53	0.565267
57	54	0.565685
57	55	1.060659
57	56	0.499134
57	58	0.419263
57	59	1.118033
57	60	1.124999
57	61	5.999964
58	21	6.708159
58	54	1.581136
58	55	1.054091
58	56	0.903507
58	57	0.419263
58	59	0.312500
58	60	0.958314
58	61	0.745355
58	63	1.183215
58	64	1.264909
59	55	1.264909
59	56	0.702728
59	57	1.118033
59	58	0.312500
59	60	0.372678
59	61	0.496904
59	64	0.702728
59	65	0.543928
59	69	4.999975
60	56	1.697053
60	57	1.124999
60	58	0.958314
60	59	0.372678
60	61	0.352941
60	62	3.674221
60	65	1.355260
61	57	5.999964
61	58	0.745355
61	59	0.496904
61	60	0.352941
61	62	0.349927
61	63	0.661437
61	64	5.656822
61	65	0.702728
62	14	8.123972
62	60	3.674221
62	61	0.349927
62	63	0.341091
62	64	6.928155
62	65	2.581982
63	18	0.440195
63	58	1.183215
63	61	0.661437
63	62	0.341091
63	64	0.325361
63	65	1.045824
64	22	8.485209
64	55	2.666660
64	58	1.264909
64	59	0.702728
64	61	5.656822
64	62	6.928155
64	63	0.325361
64	65	0.388881
64	68	1.581136
64	69	0.903507
65	59	0.543928
65	60	1.355260
65	61	0.702728
65	62	2.581982
65	63	1.045824
65	64	0.388881
65	66	0.364878
65	67	2.981415
65	68	1.414212
65	69	1.767764
66	65	0.364878
66	67	0.368925
66	68	1.118033
66	69	1.677048
67	65	2.981415
67	66	0.368925
67	68	0.351364
67	69	0.790569
67	70	0.702728
67	71	2.345202
68	64	1.581136
68	65	1.414212
68	66	1.118033
68	67	0.351364
68	69	0.312500
68	70	0.625000
68	71	0.494413
68	72	0.927024
69	55	1.264909
69	56	6.324515
69	59	4.999975
69	64	0.903507
69	65	1.767764
69	66	1.677048
69	67	0.790569
69	68	0.312500
69	70	0.294118
69	71	1.854046
69	72	0.824021
69	73	0.838525
70	67	0.702728
70	68	0.625000
70	69	0.294118
70	71	0.436247
70	72	0.927024
70	73	0.516015
70	74	1.095444
70	387	1.111110
71	67	2.345202
71	68	0.494413
71	69	1.854046
71	70	0.436247
71	72	0.500000
71	73	1.421409
71	74	1.354005
71	75	1.571426
72	22	0.994986
72	55	1.563469
72	68	0.927024
72	69	0.824021
72	70	0.927024
72	71	0.500000
72	73	0.523677
72	74	2.031005
72	75	2.199995
72	76	1.563469
73	52	1.285713
73	55	1.060659
73	56	0.942808
73	69	0.838525
73	70	0.516015
73	71	1.421409
73	72	0.523677
73	74	0.432263
73	75	1.989971
73	76	1.060659
73	77	1.212182
73	387	1.490710
74	70	1.095444
74	71	1.354005
74	72	2.031005
74	73	0.432263
74	75	0.369274
74	76	0.866025
74	77	0.866025
74	78	0.902670
74	79	7.348415
74	387	0.684653
74	388	1.825739
75	71	1.571426
75	72	2.199995
75	73	1.989971
75	74	0.369274
75	76	0.521157
75	77	2.345202
75	78	1.099999
75	79	1.658310
76	29	0.989742
76	33	3.741643
76	48	1.599997
76	72	1.563469
76	73	1.060659
76	74	0.866025
76	75	0.521157
76	77	0.380952
76	78	2.345202
76	79	1.414212
76	80	1.069044
77	48	1.333332
77	52	2.828419
77	73	1.212182
77	74	0.866025
77	75	2.345202
77	76	0.380952
77	78	0.521157
77	79	1.060659
77	80	0.623609
77	81	2.345202
77	96	3.999984
77	387	1.581136
77	388	1.405455
78	74	0.902670
78	75	1.099999
78	76	2.345202
78	77	0.521157
78	79	0.497493
78	80	2.193736
78	81	1.833330
78	82	0.994986
78	388	2.966471
79	74	7.348415
79	75	1.658310
79	76	1.414212
79	77	1.060659
79	78	0.497493
79	80	0.417750
79	81	1.421409
79	82	0.749999
79	83	1.212182
80	33	2.333328
80	36	0.986012
80	45	7.483259
80	48	1.069044
80	76	1.069044
80	77	0.623609
80	78	2.193736
80	79	0.417750
80	81	0.461840
80	82	0.992156
80	83	0.831479
80	84	1.069044
81	77	2.345202
81	78	1.833330
81	79	1.421409
81	80	0.461840
81	82	0.552770
81	83	1.876163
81	84	1.876163
81	85	1.989971
81	96	0.852802
81	97	1.354005
81	98	2.031005
81	388	0.927024
81	389	0.824021
82	78	0.994986
82	79	0.749999
82	80	0.992156
82	81	0.552770
82	83	0.499134
82	84	1.212182
82	85	0.346154
82	86	2.236063
83	33	1.496661
83	36	0.574959
83	37	0.652714
83	79	1.212182
83	80	0.831479
83	81	1.876163
83	82	0.499134
83	84	0.400000
83	85	2.121316
83	86	0.903507
84	36	0.702728
84	39	5.656822
84	40	2.828419
84	41	1.264909
84	80	1.069044
84	81	1.876163
84	82	1.212182
84	83	0.400000
84	85	0.530330
84	86	0.702728
84	87	0.790569
84	88	2.828419
84	89	6.324515
85	81	1.989971
85	82	0.346154
85	83	2.121316
85	84	0.530330
85	86	0.394600
85	87	1.118033
86	82	2.236063
86	83	0.903507
86	84	0.702728
86	85	0.394600
86	87	0.312500
86	88	4.472116
87	84	0.790569
87	85	1.118033
87	86	0.312500
87	88	0.447213
87	89	4.999975
88	84	2.828419
88	86	4.472116
88	87	0.447213
88	89	0.263067
88	90	2.645744
88	91	2.828419
89	84	6.324515
89	87	4.999975
89	88	0.263067
89	90	0.281718
89	91	0.632455
90	45	2.494432
90	88	2.645744
90	89	0.281718
90	91	0.440195
90	92	1.870825
90	96	3.741643
91	41	1.581136
91	42	2.828419
91	88	2.828419
91	89	0.632455
91	90	0.440195
91	92	0.363636
91	93	1.885615
92	42	0.771389
92	45	7.999936
92	49	1.876163
92	90	1.870825
92	91	0.363636
92	93	0.332756
92	94	0.942808
93	49	0.829156
93	91	1.885615
93	92	0.332756
93	94	0.285714
93	95	1.999996
93	400	3.197211
94	45	1.131370
94	49	0.737027
94	92	0.942808
94	93	0.285714
94	95	0.333333
94	96	0.628539
94	400	3.197211
95	45	5.656822
95	49	2.211078
95	93	1.999996
95	94	0.333333
95	96	0.332756
95	97	1.632990
95	388	8.944192
95	400	0.685118
96	45	3.999984
96	48	7.999936
96	77	3.999984
96	81	0.852802
96	90	3.741643
96	94	0.628539
96	95	0.332756
96	97	0.407541
96	98	3.464090
96	388	3.162268
96	400	1.695580
97	81	1.354005
97	95	1.632990
97	96	0.407541
97	98	0.333333
97	388	0.730296
97	389	0.842649
97	398	11.747202
97	399	0.912870
97	400	0.451821
98	81	2.031005
98	96	3.464090
98	97	0.333333
98	389	1.825739
98	399	5.477196
99	100	0.400000
99	101	0.571428
99	102	0.377123
99	1237	8.944192
99	1238	2.345202
99	1244	8.944192
99	1245	8.944192
99	1306	2.397910
99	1307	1.370236
100	99	0.400000
100	101	0.545454
100	102	2.828419
100	1237	0.958314
100	1238	0.879452
100	1307	14.387288
100	1354	2.236063
100	1355	4.795809
101	99	0.571428
101	100	0.545454
101	102	0.282843
101	103	2.211078
101	1237	2.981415
101	1307	0.532870
101	1308	9.380744
102	99	0.377123
102	100	2.828419
102	101	0.282843
102	103	0.625388
102	104	1.340117
102	1306	13.564476
102	1307	0.904310
103	101	2.211078
103	102	0.625388
103	104	0.458333
103	1328	7.416143
103	1329	7.416143
103	1330	3.708085
103	1331	7.778114
104	102	1.340117
104	103	0.458333
104	1330	2.472060
104	1331	2.222331
104	1332	14.832177
104	1333	7.952924
105	106	0.333333
105	107	1.677048
105	108	0.479157
105	109	1.581136
106	105	0.333333
106	107	0.394600
106	108	1.118033
106	109	0.632455
106	110	1.581136
107	105	1.677048
107	106	0.394600
107	108	0.500000
107	109	1.697053
107	110	0.771389
107	111	0.818181
108	105	0.479157
108	106	1.118033
108	107	0.500000
108	109	0.499134
108	110	1.060659
108	111	0.600000
108	112	2.121316
109	105	1.581136
109	106	0.632455
109	107	1.697053
109	108	0.499134
109	110	0.444444
109	111	1.212182
109	112	0.888888
109	113	2.449484
110	106	1.581136
110	107	0.771389
110	108	1.060659
110	109	0.444444
110	111	0.368925
110	112	0.999999
110	113	1.959588
110	114	0.447213
111	107	0.818181
111	108	0.600000
111	109	1.212182
111	110	0.368925
111	112	0.499134
111	113	1.732048
111	114	1.581136
111	115	0.692307
112	108	2.121316
112	109	0.888888
112	110	0.999999
112	111	0.499134
112	113	0.515682
112	114	1.277751
112	115	1.212182
112	116	0.935413
113	109	2.449484
113	110	1.959588
113	111	1.732048
113	112	0.515682
113	114	0.476280
113	115	1.484613
113	116	0.654653
113	117	1.224743
113	190	9.797863
113	357	0.294579
114	110	0.447213
114	111	1.581136
114	112	1.277751
114	113	0.476280
114	115	0.431219
114	116	2.091646
114	117	2.236063
114	118	1.788851
115	111	0.692307
115	112	1.212182
115	113	1.484613
115	114	0.431219
115	116	0.440958
115	117	2.828419
115	119	2.828419
116	112	0.935413
116	113	0.654653
116	114	2.091646
116	115	0.440958
116	117	0.440195
116	118	3.741643
116	361	0.377964
117	113	1.224743
117	114	2.236063
117	115	2.828419
117	116	0.440195
117	118	0.421052
117	119	1.333332
117	120	1.172603
117	123	3.162268
117	186	2.666660
117	189	1.414212
117	190	1.999996
117	361	1.697053
118	114	1.788851
118	116	3.741643
118	117	0.421052
118	119	0.380952
118	120	1.876163
119	115	2.828419
119	117	1.333332
119	118	0.380952
119	120	0.426401
119	121	3.741643
120	117	1.172603
120	118	1.876163
120	119	0.426401
120	121	0.350998
120	122	1.498296
120	123	0.618016
120	124	9.949775
120	189	1.105540
120	192	2.031005
121	119	3.741643
121	120	0.350998
121	122	0.239046
121	123	1.972023
121	124	1.984310
122	120	1.498296
122	121	0.239046
122	123	0.441942
122	124	0.474341
122	125	0.558049
122	188	5.477196
122	223	2.091646
123	117	3.162268
123	120	0.618016
123	121	1.972023
123	122	0.441942
123	124	0.279508
123	125	0.838525
123	186	0.574959
123	187	4.999975
123	188	0.968245
123	189	0.559017
124	120	9.949775
124	121	1.984310
124	122	0.474341
124	123	0.279508
124	125	0.375000
124	126	4.242623
124	184	5.999964
124	185	1.499998
124	186	0.652714
125	122	0.558049
125	123	0.838525
125	124	0.375000
125	126	0.339411
125	127	3.354091
125	186	2.828419
125	187	1.118033
125	188	2.598069
125	223	1.322874
125	224	1.499998
126	124	4.242623
126	125	0.339411
126	127	0.421637
126	181	7.999936
126	182	1.247218
126	183	0.771389
126	184	0.353553
126	185	8.485209
126	187	1.581136
126	188	4.898955
126	222	7.999936
126	223	1.870825
126	224	1.060659
127	125	3.354091
127	126	0.421637
127	128	0.372033
127	129	3.162268
127	180	6.324515
127	181	1.264909
127	182	0.455083
127	187	0.999999
127	188	1.290993
127	221	5.916045
127	222	0.903507
127	223	5.916045
128	127	0.372033
128	129	0.500000
128	130	2.494432
128	179	2.828419
128	180	1.142856
128	182	7.483259
128	220	2.828419
128	221	1.069044
128	222	0.400000
128	223	3.741643
128	224	8.485209
129	127	3.162268
129	128	0.500000
129	130	0.340151
129	131	1.999996
129	151	1.959588
129	178	6.324515
129	179	1.414212
129	180	0.444444
129	191	7.999936
129	219	3.741643
129	220	1.212182
129	221	1.496661
130	128	2.494432
130	129	0.340151
130	131	0.467707
130	132	3.968611
130	178	1.183215
130	179	0.992156
130	218	1.763831
130	219	0.999999
130	220	0.566946
131	129	1.999996
131	130	0.467707
131	132	0.606091
131	133	1.870825
131	144	1.054091
131	147	1.999996
131	148	1.999996
131	151	9.797863
131	177	1.632990
131	178	0.632455
131	218	0.808121
131	219	7.483259
132	130	3.968611
132	131	0.606091
132	133	0.283473
132	134	2.999991
132	176	4.242623
132	177	2.078457
132	217	3.354091
132	218	0.545454
132	317	8.999919
132	3444	7.035574
132	3445	1.677048
132	3446	3.354091
133	131	1.870825
133	132	0.283473
133	134	0.407038
133	140	1.972023
133	141	1.296146
133	144	1.183215
133	175	1.870825
133	176	1.069044
133	177	4.582555
133	216	4.387463
133	217	1.972023
133	317	2.645744
134	132	2.999991
134	133	0.407038
134	135	0.298142
134	136	0.999999
134	137	3.999984
134	140	1.490710
134	216	1.105540
134	217	4.472116
134	317	0.857142
134	1489	2.345202
134	3444	1.563469
135	134	0.298142
135	136	0.447213
135	137	2.236063
135	140	1.666664
135	215	1.825739
135	216	0.741619
135	317	1.341639
135	318	2.788859
135	1488	10.487978
135	1489	1.165342
135	3444	0.953462
136	134	0.999999
136	135	0.447213
136	137	0.285714
136	138	1.763831
136	139	1.199999
136	140	0.447213
136	215	2.449484
136	1489	1.563469
137	134	3.999984
137	135	2.236063
137	136	0.285714
137	138	0.352767
137	139	0.749999
137	140	0.372678
137	141	1.224743
137	1489	0.781735
137	1490	9.591571
138	136	1.763831
138	137	0.352767
138	139	0.417750
138	140	1.479018
138	141	0.810092
138	142	1.870825
138	171	6.999951
138	172	1.587448
138	173	2.958031
138	206	0.877496
139	136	1.199999
139	137	0.749999
139	138	0.417750
139	140	0.319438
139	141	0.918558
139	142	0.848527
139	143	2.806235
139	202	1.989971
139	204	0.918558
139	205	7.937191
139	206	1.105540
139	213	3.162268
139	215	1.049780
140	133	1.972023
140	134	1.490710
140	135	1.666664
140	136	0.447213
140	137	0.372678
140	138	1.479018
140	139	0.319438
140	141	0.322190
140	142	1.264909
140	143	1.394431
140	144	1.249998
140	215	1.825739
140	216	3.708085
141	133	1.296146
141	137	1.224743
141	138	0.810092
141	139	0.918558
141	140	0.322190
141	142	0.384900
141	143	1.145643
141	144	0.608580
141	145	0.668042
141	173	1.369305
141	174	4.898955
141	175	0.577350
142	138	1.870825
142	139	0.848527
142	140	1.264909
142	141	0.384900
142	143	0.557000
142	144	1.264909
142	145	0.385694
142	146	0.999999
142	173	1.264909
142	202	1.876163
142	205	7.483259
142	206	1.563469
143	139	2.806235
143	140	1.394431
143	141	1.145643
143	142	0.557000
143	144	0.464811
143	145	1.247218
143	146	0.557000
143	147	0.440958
143	198	0.986012
143	199	1.240966
143	200	0.341387
143	215	3.055041
143	217	2.091646
143	325	1.620183
144	131	1.054091
144	133	1.183215
144	140	1.249998
144	141	0.608580
144	142	1.264909
144	143	0.464811
144	145	0.372678
144	146	1.264909
144	147	0.790569
144	148	1.581136
144	175	0.903507
144	217	1.666664
145	141	0.668042
145	142	0.385694
145	143	1.247218
145	144	0.372678
145	146	0.471404
145	147	1.060659
145	148	0.942808
145	149	0.473803
145	173	0.958314
145	174	0.400000
145	175	0.446594
146	142	0.999999
146	143	0.557000
146	144	1.264909
146	145	0.471404
146	147	0.444444
146	148	1.142856
146	149	1.563469
146	150	1.599997
146	202	9.380744
146	348	7.999936
147	131	1.999996
147	143	0.440958
147	144	0.790569
147	145	1.060659
147	146	0.444444
147	148	0.500000
147	149	1.172603
147	150	0.727272
147	151	0.816496
147	198	1.788851
147	217	6.324515
148	131	1.999996
148	144	1.581136
148	145	0.942808
148	146	1.142856
148	147	0.500000
148	149	0.390868
148	150	1.142856
148	151	1.959588
148	152	0.748331
148	175	3.999984
148	178	3.162268
149	145	0.473803
149	146	1.563469
149	147	1.172603
149	148	0.390868
149	150	0.586302
149	151	2.872273
149	152	0.674997
149	153	1.833330
150	146	1.599997
150	147	0.727272
150	148	1.142856
150	149	0.586302
150	151	0.425998
150	152	0.935413
150	153	1.563469
150	154	2.345202
150	323	9.380744
150	325	3.265976
150	347	1.870825
150	348	0.999999
150	349	2.666660
150	352	2.666660
151	129	1.959588
151	131	9.797863
151	147	0.816496
151	148	1.959588
151	149	2.872273
151	150	0.425998
151	152	0.539126
151	153	1.914851
151	154	1.276568
151	155	1.936488
151	194	0.799407
151	198	2.738605
151	219	9.165067
151	323	11.488993
151	325	11.999856
151	352	4.898955
152	148	0.748331
152	149	0.674997
152	150	0.935413
152	151	0.539126
152	153	0.461840
152	154	1.253565
152	155	0.986012
152	156	1.322874
152	162	2.333328
153	149	1.833330
153	150	1.563469
153	151	1.914851
153	152	0.461840
153	154	0.647058
153	155	1.059456
153	156	0.994986
153	157	2.199995
153	349	0.625388
153	959	1.483237
153	960	2.966471
154	150	2.345202
154	151	1.276568
154	152	1.253565
154	153	0.647058
154	155	0.337100
154	156	1.421409
154	157	2.199995
154	158	0.765374
154	191	4.690394
154	349	4.690394
154	350	0.737027
154	352	0.938082
154	353	4.690394
154	356	4.690394
155	151	1.936488
155	152	0.986012
155	153	1.059456
155	154	0.337100
155	156	0.394600
155	157	1.059456
155	158	0.670820
155	159	1.118033
155	160	0.529728
155	162	5.916045
155	182	5.916045
156	152	1.322874
156	153	0.994986
156	154	1.421409
156	155	0.394600
156	157	0.585286
156	158	2.249995
156	159	1.199999
156	160	1.421409
156	162	2.645744
157	153	2.199995
157	154	2.199995
157	155	1.059456
157	156	0.585286
157	158	0.621867
157	159	1.105540
157	349	3.126934
157	350	0.552770
157	351	1.340117
157	353	4.690394
158	154	0.765374
158	155	0.670820
158	156	2.249995
158	157	0.621867
158	159	0.428571
158	160	0.331662
158	185	8.999919
158	190	2.828419
159	155	1.118033
159	156	1.199999
159	157	1.105540
159	158	0.428571
159	160	0.315869
160	155	0.529728
160	156	1.421409
160	158	0.331662
160	159	0.315869
160	161	0.621867
160	162	4.387463
160	183	0.994986
160	184	0.603022
160	185	0.585286
160	187	1.854046
161	160	0.621867
161	162	0.496078
161	163	1.799997
161	181	2.828419
161	182	3.968611
161	183	0.500000
162	152	2.333328
162	155	5.916045
162	156	2.645744
162	160	4.387463
162	161	0.496078
162	163	0.440958
162	164	2.333328
162	180	1.496661
162	181	3.741643
162	182	6.999951
163	161	1.799997
163	162	0.440958
163	164	0.496078
163	165	1.984310
163	180	2.121316
163	181	0.424264
163	183	0.899999
164	162	2.333328
164	163	0.496078
164	165	0.411765
164	166	1.496661
164	167	7.483259
164	179	1.984310
164	180	7.483259
165	163	1.984310
165	164	0.411765
165	166	0.356348
165	179	0.721568
165	180	3.741643
165	181	7.483259
166	164	1.496661
166	165	0.356348
166	167	0.363636
166	177	1.632990
166	178	1.264909
166	179	0.565685
167	164	7.483259
167	166	0.363636
167	168	0.356348
167	169	1.496661
167	175	3.999984
167	177	3.265976
167	178	3.162268
168	167	0.356348
168	169	0.250000
168	170	2.645744
168	175	1.247218
168	176	1.247218
168	177	0.572822
168	178	5.916045
169	167	1.496661
169	168	0.250000
169	170	0.352767
169	174	0.755928
169	175	1.069044
169	176	2.494432
170	168	2.645744
170	169	0.352767
170	171	0.251976
170	172	1.999996
170	173	0.894426
170	174	1.999996
170	175	1.131370
170	176	1.885615
171	138	6.999951
171	170	0.251976
171	172	0.396863
171	173	1.183215
172	138	1.587448
172	170	1.999996
172	171	0.396863
172	173	0.319438
172	174	1.999996
173	138	2.958031
173	141	1.369305
173	142	1.264909
173	145	0.958314
173	170	0.894426
173	171	1.183215
173	172	0.319438
173	174	0.406558
173	175	3.162268
173	206	3.708085
174	141	4.898955
174	145	0.400000
174	169	0.755928
174	170	1.999996
174	172	1.999996
174	173	0.406558
174	175	0.332756
175	133	1.870825
175	141	0.577350
175	144	0.903507
175	145	0.446594
175	148	3.999984
175	167	3.999984
175	168	1.247218
175	169	1.069044
175	170	1.131370
175	173	3.162268
175	174	0.332756
175	176	0.444444
175	177	0.890723
175	178	1.264909
176	132	4.242623
176	133	1.069044
176	168	1.247218
176	169	2.494432
176	170	1.885615
176	175	0.444444
176	177	0.466569
176	3444	3.316614
177	131	1.632990
177	132	2.078457
177	133	4.582555
177	166	1.632990
177	167	3.265976
177	168	0.572822
177	175	0.890723
177	176	0.466569
177	178	0.234726
177	179	1.484613
178	129	6.324515
178	130	1.183215
178	131	0.632455
178	148	3.162268
178	166	1.264909
178	167	3.162268
178	168	5.916045
178	175	1.264909
178	177	0.234726
178	179	0.419263
179	128	2.828419
179	129	1.414212
179	130	0.992156
179	164	1.984310
179	165	0.721568
179	166	0.565685
179	177	1.484613
179	178	0.419263
179	180	0.446594
180	127	6.324515
180	128	1.142856
180	129	0.444444
180	162	1.496661
180	163	2.121316
180	164	7.483259
180	165	3.741643
180	179	0.446594
180	181	0.400000
180	182	1.247218
181	126	7.999936
181	127	1.264909
181	161	2.828419
181	162	3.741643
181	163	0.424264
181	165	7.483259
181	180	0.400000
181	182	0.325361
181	183	0.942808
182	126	1.247218
182	127	0.455083
182	128	7.483259
182	155	5.916045
182	161	3.968611
182	162	6.999951
182	180	1.247218
182	181	0.325361
182	183	0.496078
182	184	2.645744
182	187	1.183215
182	191	2.494432
183	126	0.771389
183	160	0.994986
183	161	0.500000
183	163	0.899999
183	181	0.942808
183	182	0.496078
183	184	0.500000
184	124	5.999964
184	126	0.353553
184	160	0.603022
184	182	2.645744
184	183	0.500000
184	185	0.400000
185	124	1.499998
185	126	8.485209
185	158	8.999919
185	160	0.585286
185	184	0.400000
185	186	0.292596
185	187	1.118033
186	117	2.666660
186	123	0.574959
186	124	0.652714
186	125	2.828419
186	185	0.292596
186	187	0.395285
186	188	1.399706
186	189	1.131370
186	190	0.799999
187	123	4.999975
187	125	1.118033
187	126	1.581136
187	127	0.999999
187	160	1.854046
187	182	1.183215
187	185	1.118033
187	186	0.395285
187	188	0.484123
187	189	1.490710
187	190	1.054091
187	191	0.790569
188	122	5.477196
188	123	0.968245
188	125	2.598069
188	126	4.898955
188	127	1.290993
188	186	1.399706
188	187	0.484123
188	189	0.384900
188	190	1.224743
188	191	1.632990
188	192	0.771389
188	221	0.763762
188	222	0.979795
188	223	0.833195
189	117	1.414212
189	120	1.105540
189	123	0.559017
189	186	1.131370
189	187	1.490710
189	188	0.384900
189	190	0.353553
189	191	1.885615
189	192	0.816496
189	193	1.763831
190	113	9.797863
190	117	1.999996
190	158	2.828419
190	186	0.799999
190	187	1.054091
190	188	1.224743
190	189	0.353553
190	191	0.421052
190	192	1.732048
190	193	2.494432
190	356	1.333332
190	357	2.116597
191	129	7.999936
191	154	4.690394
191	182	2.494432
191	187	0.790569
191	188	1.632990
191	189	1.885615
191	190	0.421052
191	192	0.433013
191	193	0.680301
191	194	0.942808
191	221	1.496661
192	120	2.031005
192	188	0.771389
192	189	0.816496
192	190	1.732048
192	191	0.433013
192	193	0.223474
192	194	1.224743
192	195	2.738605
192	221	3.240360
193	189	1.763831
193	190	2.494432
193	191	0.680301
193	192	0.223474
193	194	0.377964
193	195	5.916045
193	336	1.096869
193	356	3.741643
193	360	0.467707
193	361	7.937191
194	151	0.799407
194	191	0.942808
194	192	1.224743
194	193	0.377964
194	195	0.394600
194	196	1.999996
194	198	2.371703
194	219	1.322874
194	323	1.105540
194	336	4.974912
194	356	8.485209
194	360	2.828419
195	192	2.738605
195	193	5.916045
195	194	0.394600
195	196	0.319438
195	197	1.972023
195	198	3.535521
195	219	0.739509
195	313	5.916045
195	322	2.108181
196	194	1.999996
196	195	0.319438
196	197	0.352767
196	198	1.264909
196	217	4.472116
196	218	1.999996
196	219	0.529150
196	322	1.414212
197	195	1.972023
197	196	0.352767
197	198	0.298807
197	199	8.774887
197	216	1.754990
197	217	0.986012
197	316	7.483259
197	317	1.587448
197	320	1.296146
197	321	2.645744
197	322	0.831479
197	323	8.774887
198	143	0.986012
198	147	1.788851
198	151	2.738605
198	194	2.371703
198	195	3.535521
198	196	1.264909
198	197	0.298807
198	199	0.749149
198	200	4.472116
198	215	2.581982
198	216	1.748012
198	217	0.883883
198	219	2.091646
198	323	1.498296
198	325	1.369305
199	143	1.240966
199	197	8.774887
199	198	0.749149
199	200	0.625388
199	201	1.462492
199	214	1.754990
199	215	4.062003
199	216	1.571426
199	321	0.663325
199	323	2.749992
199	324	0.541602
199	325	1.276568
199	326	8.774887
199	528	1.236032
199	529	14.832177
199	540	5.301963
200	143	0.341387
200	198	4.472116
200	199	0.625388
200	201	0.325361
200	202	1.340117
200	213	2.981415
200	214	1.069044
200	215	0.384900
200	325	1.088661
200	327	2.666660
201	199	1.462492
201	200	0.325361
201	202	0.487498
201	212	1.462492
201	213	4.183283
201	214	2.333328
201	325	1.527523
201	326	0.538461
201	327	1.069044
201	328	2.494432
202	139	1.989971
202	142	1.876163
202	146	9.380744
202	200	1.340117
202	201	0.487498
202	203	0.258087
202	204	2.708005
202	205	0.877496
202	206	10.999879
202	211	5.499970
202	212	1.571426
202	213	1.311009
202	327	2.345202
202	328	1.876163
203	202	0.258087
203	204	0.432049
203	205	1.749997
203	210	0.881916
203	211	1.754990
203	212	2.924980
203	328	1.247218
204	139	0.918558
204	202	2.708005
204	203	0.432049
204	205	0.249259
204	206	0.580288
204	207	0.577350
204	210	1.632990
204	211	2.031005
204	213	2.581982
205	139	7.937191
205	142	7.483259
205	202	0.877496
205	203	1.749997
205	204	0.249259
205	206	0.258087
205	207	2.494432
206	138	0.877496
206	139	1.105540
206	142	1.563469
206	173	3.708085
206	202	10.999879
206	204	0.580288
206	205	0.258087
206	207	0.625388
206	208	3.708085
207	204	0.577350
207	205	2.494432
207	206	0.625388
207	208	0.287480
207	209	0.314918
207	210	0.435142
207	211	0.670059
207	213	1.490710
208	206	3.708085
208	207	0.287480
208	209	0.322190
208	210	1.118033
208	1401	4.999975
209	207	0.314918
209	208	0.322190
209	210	0.349927
209	211	2.708005
209	1198	3.651470
209	1398	3.651470
210	203	0.881916
210	204	1.632990
210	207	0.435142
210	208	1.118033
210	209	0.349927
210	211	0.390191
210	212	3.316614
210	1198	2.236063
211	202	5.499970
211	203	1.754990
211	204	2.031005
211	207	0.670059
211	209	2.708005
211	210	0.390191
211	212	0.523809
211	213	0.552004
211	1057	14.832177
211	1198	1.483237
212	201	1.462492
212	202	1.571426
212	203	2.924980
212	210	3.316614
212	211	0.523809
212	213	0.476731
212	214	8.774887
212	326	2.924980
212	328	0.551813
212	329	2.487462
212	540	3.976478
212	541	1.483237
212	1057	2.118909
212	1198	14.832177
213	139	3.162268
213	200	2.981415
213	201	4.183283
213	202	1.311009
213	204	2.581982
213	207	1.490710
213	211	0.552004
213	212	0.476731
213	214	0.492153
213	215	2.581982
214	199	1.754990
214	200	1.069044
214	201	2.333328
214	212	8.774887
214	213	0.492153
214	215	0.360041
214	216	0.974995
215	135	1.825739
215	136	2.449484
215	139	1.049780
215	140	1.825739
215	143	3.055041
215	198	2.581982
215	199	4.062003
215	200	0.384900
215	213	2.581982
215	214	0.360041
215	216	0.300890
215	217	2.738605
216	133	4.387463
216	134	1.105540
216	135	0.741619
216	140	3.708085
216	197	1.754990
216	198	1.748012
216	199	1.571426
216	214	0.974995
216	215	0.300890
216	217	0.529728
216	218	6.633206
216	317	0.904533
216	318	0.376051
216	320	4.062003
216	321	1.989971
217	132	3.354091
217	133	1.972023
217	134	4.472116
217	143	2.091646
217	144	1.666664
217	147	6.324515
217	196	4.472116
217	197	0.986012
217	198	0.883883
217	215	2.738605
217	216	0.529728
217	218	0.344010
217	219	2.958031
217	317	1.677048
218	130	1.763831
218	131	0.808121
218	132	0.545454
218	196	1.999996
218	216	6.633206
218	217	0.344010
218	219	0.377964
218	317	5.999964
219	129	3.741643
219	130	0.999999
219	131	7.483259
219	151	9.165067
219	194	1.322874
219	195	0.739509
219	196	0.529150
219	198	2.091646
219	217	2.958031
219	218	0.377964
219	220	0.396863
220	128	2.828419
220	129	1.212182
220	130	0.566946
220	219	0.396863
220	221	0.466897
220	310	1.105540
221	127	5.916045
221	128	1.069044
221	129	1.496661
221	188	0.763762
221	191	1.496661
221	192	3.240360
221	220	0.466897
221	222	0.374166
222	126	7.999936
222	127	0.903507
222	128	0.400000
222	188	0.979795
222	221	0.374166
222	223	0.267261
222	224	8.485209
222	306	2.666660
223	122	2.091646
223	125	1.322874
223	126	1.870825
223	127	5.916045
223	128	3.741643
223	188	0.833195
223	222	0.267261
223	224	0.330719
224	125	1.499998
224	126	1.060659
224	128	8.485209
224	222	8.485209
224	223	0.330719
224	225	0.417750
225	224	0.417750
225	226	0.374166
226	225	0.374166
226	227	0.339411
226	302	3.126934
227	226	0.339411
227	228	0.290322
227	229	0.721568
227	295	5.196125
227	299	0.904533
227	302	1.989971
228	227	0.290322
228	229	0.330719
228	230	2.249995
228	231	1.322874
228	232	3.968611
228	298	1.124999
228	299	9.949775
228	302	0.904533
229	227	0.721568
229	228	0.330719
229	230	0.440958
229	231	1.399998
229	232	1.399998
229	295	3.055041
230	228	2.249995
230	229	0.440958
230	231	0.466897
230	232	1.133892
230	233	0.771389
230	234	8.999919
230	291	1.799997
231	228	1.322874
231	229	1.399998
231	230	0.466897
231	232	0.411765
231	233	3.741643
231	234	1.133892
231	237	2.645744
232	228	3.968611
232	229	1.399998
232	230	1.133892
232	231	0.411765
232	233	0.393859
232	234	0.721568
232	237	0.566946
232	264	2.788859
232	294	2.494432
232	298	7.937191
233	230	0.771389
233	231	3.741643
233	232	0.393859
233	234	0.530330
233	235	1.247218
233	238	3.999984
233	288	8.485209
233	291	1.414212
234	230	8.999919
234	231	1.133892
234	232	0.721568
234	233	0.530330
234	235	0.345098
234	236	0.692307
234	237	0.818181
234	238	2.828419
235	233	1.247218
235	234	0.345098
235	236	0.377964
235	237	1.133892
235	238	0.623609
236	234	0.692307
236	235	0.377964
236	237	0.346154
236	238	2.121316
237	231	2.645744
237	232	0.566946
237	234	0.818181
237	235	1.133892
237	236	0.346154
237	238	0.424264
237	239	4.974912
237	264	9.486743
237	265	0.848527
237	266	0.721568
238	233	3.999984
238	234	2.828419
238	235	0.623609
238	236	2.121316
238	237	0.424264
238	239	0.625388
238	240	7.999936
238	263	1.496661
238	264	4.472116
238	265	1.142856
238	287	7.999936
238	290	7.999936
239	237	4.974912
239	238	0.625388
239	240	0.586302
239	241	0.852802
239	261	2.199995
239	262	2.193736
239	263	0.381520
239	265	1.340117
239	4078	5.301963
239	4079	7.416143
240	238	7.999936
240	239	0.586302
240	241	0.380952
240	242	3.741643
240	260	7.483259
240	261	3.126934
240	262	1.069044
240	283	1.697053
240	287	7.999936
241	239	0.852802
241	240	0.380952
241	242	0.356348
241	243	7.999936
241	259	3.162268
241	260	1.496661
241	261	0.551813
241	4077	4.216352
241	4078	6.782284
242	240	3.741643
242	241	0.356348
242	243	0.356348
242	257	1.247218
242	259	1.183215
242	279	0.881916
242	4013	3.944038
242	4077	11.832020
243	241	7.999936
243	242	0.356348
243	244	0.407862
243	245	2.108181
243	257	0.666666
243	258	1.732048
243	259	0.301169
243	261	4.690394
243	4076	1.405455
243	4077	1.581136
244	243	0.407862
244	245	0.390326
244	246	4.062003
244	253	4.387463
244	254	1.172603
244	256	2.924980
244	257	0.781735
244	258	8.123972
244	259	2.472060
244	4028	1.483237
244	4029	1.767327
244	4076	0.706304
244	4094	0.872493
245	243	2.108181
245	244	0.390326
245	246	0.304290
245	253	1.183215
245	256	5.916045
245	258	5.477196
245	259	0.999999
245	274	2.236063
245	4123	3.496017
246	244	4.062003
246	245	0.304290
246	247	0.306186
246	248	1.620183
246	253	2.160242
246	274	0.565267
246	4074	2.936826
246	4075	2.738605
247	246	0.306186
247	248	0.251976
247	249	1.999996
247	253	1.763831
247	4074	9.591571
247	4105	1.788851
247	4125	8.944192
248	246	1.620183
248	247	0.251976
248	249	0.481045
248	250	5.291475
248	253	1.166665
248	4105	3.944038
248	4106	2.366426
248	4123	0.477295
248	4124	6.344249
248	4125	1.314683
249	247	1.999996
249	248	0.481045
249	250	0.285714
249	251	1.999996
249	252	0.666666
249	253	0.407038
249	4105	8.944192
249	4106	2.236063
249	4123	0.625388
250	248	5.291475
250	249	0.285714
250	251	0.428571
250	252	0.500000
250	253	0.529150
250	254	0.565685
250	4105	0.745355
250	4106	0.993807
251	249	1.999996
251	250	0.428571
251	252	0.400000
251	253	2.645744
251	254	0.652714
251	255	1.133892
251	3972	7.035574
251	3973	1.032030
251	4027	0.609836
251	4105	13.416228
251	4106	1.916626
252	249	0.666666
252	250	0.500000
252	251	0.400000
252	253	0.330719
252	254	0.808121
252	255	1.058299
252	256	0.529150
252	3972	9.380744
252	4123	1.876163
253	244	4.387463
253	245	1.183215
253	246	2.160242
253	247	1.763831
253	248	1.166665
253	249	0.407038
253	250	0.529150
253	251	2.645744
253	252	0.330719
253	254	0.311805
253	255	3.499988
253	256	1.166665
253	4105	11.832020
253	4123	0.775604
254	244	1.172603
254	250	0.565685
254	251	0.652714
254	252	0.808121
254	253	0.311805
254	255	0.374166
254	256	1.870825
254	4027	3.162268
254	4028	0.632455
254	4104	2.260772
254	4105	1.807013
254	4106	6.324515
255	251	1.133892
255	252	1.058299
255	253	3.499988
255	254	0.374166
255	256	0.388889
255	257	3.741643
255	3973	1.690306
255	3974	1.772807
255	4014	11.832020
255	4027	5.916045
255	4028	3.944038
255	4094	1.479018
256	244	2.924980
256	245	5.916045
256	252	0.529150
256	253	1.166665
256	254	1.870825
256	255	0.388889
256	257	0.374166
256	258	0.810092
256	3973	11.832020
256	4014	2.366426
256	4015	6.344249
256	4094	5.916045
256	4123	3.102409
257	242	1.247218
257	243	0.666666
257	244	0.781735
257	255	3.741643
257	256	0.374166
257	258	0.384900
257	259	2.108181
257	279	2.121316
257	4013	0.790569
257	4014	0.843273
257	4094	1.807013
258	243	1.732048
258	244	8.123972
258	245	5.477196
258	256	0.810092
258	257	0.384900
258	259	0.288275
258	260	1.620183
258	273	5.999964
258	274	7.348415
258	277	2.031005
258	279	1.469692
258	282	1.385639
258	4123	1.914851
259	241	3.162268
259	242	1.183215
259	243	0.301169
259	244	2.472060
259	245	0.999999
259	257	2.108181
259	258	0.288275
259	260	0.369755
259	261	7.416143
259	273	2.738605
259	274	3.354091
260	240	7.483259
260	241	1.496661
260	258	1.620183
260	259	0.369755
260	261	0.548435
260	262	6.999951
260	272	1.399998
260	273	0.589158
260	279	1.587448
260	282	1.496661
260	283	0.992156
261	239	2.199995
261	240	3.126934
261	241	0.551813
261	243	4.690394
261	259	7.416143
261	260	0.548435
261	262	0.487498
261	263	4.387463
261	270	4.387463
261	271	2.193736
261	272	0.877496
261	4077	1.348398
261	4078	0.883664
262	239	2.193736
262	240	1.069044
262	260	6.999951
262	261	0.487498
262	263	0.437500
262	264	4.183283
262	269	7.483259
262	270	1.399998
262	271	0.583333
262	286	1.183215
262	287	1.247218
262	290	1.870825
263	238	1.496661
263	239	0.381520
263	261	4.387463
263	262	0.437500
263	264	0.464811
263	265	0.831479
263	268	5.291475
263	269	2.494432
263	270	1.399998
264	232	2.788859
264	237	9.486743
264	238	4.472116
264	262	4.183283
264	263	0.464811
264	265	0.496904
264	266	0.298807
264	267	0.440347
264	268	1.264909
264	269	0.813115
264	290	1.788851
264	294	0.688020
265	237	0.848527
265	238	1.142856
265	239	1.340117
265	263	0.831479
265	264	0.496904
265	266	0.311805
265	267	1.247218
265	268	1.131370
266	237	0.721568
266	264	0.298807
266	265	0.311805
266	267	0.368421
266	268	1.763831
267	264	0.440347
267	265	1.247218
267	266	0.368421
267	268	0.311265
267	269	0.575639
267	294	3.741643
268	263	5.291475
268	264	1.264909
268	265	1.131370
268	266	1.763831
268	267	0.311265
268	269	0.332756
268	270	1.058299
269	262	7.483259
269	263	2.494432
269	264	0.813115
269	267	0.575639
269	268	0.332756
269	270	0.393859
269	290	2.666660
269	293	4.690394
269	294	7.999936
270	261	4.387463
270	262	1.399998
270	263	1.399998
270	268	1.058299
270	269	0.393859
270	271	0.304348
270	272	6.999951
270	293	2.924980
271	261	2.193736
271	262	0.583333
271	270	0.304348
271	272	0.411765
271	273	6.480699
271	286	1.479018
271	290	1.247218
271	293	1.096869
271	3474	3.944038
272	260	1.399998
272	261	0.877496
272	270	6.999951
272	271	0.411765
272	273	0.432049
272	3473	1.972023
272	3474	1.075650
272	3475	11.832020
273	258	5.999964
273	259	2.738605
273	260	0.589158
273	271	6.480699
273	272	0.432049
273	274	0.489898
273	275	1.296146
273	282	0.866025
273	286	5.477196
274	245	2.236063
274	246	0.565267
274	258	7.348415
274	259	3.354091
274	273	0.489898
274	275	0.417750
274	276	1.984310
274	282	1.060659
274	3473	13.416228
275	273	1.296146
275	274	0.417750
275	276	0.280000
275	277	4.387463
275	282	1.069044
275	285	7.483259
275	3472	11.832020
275	4123	3.102409
275	4124	12.688417
276	274	1.984310
276	275	0.280000
276	277	0.417855
276	278	0.720082
276	281	3.968611
276	282	0.356348
276	285	7.483259
276	4123	3.102409
277	258	2.031005
277	275	4.387463
277	276	0.417855
277	278	0.541602
277	279	4.974912
277	4015	15.905721
277	4123	0.486136
278	276	0.720082
278	277	0.541602
278	279	0.408248
278	280	0.494871
278	281	0.459279
278	282	0.629836
278	4014	10.954331
279	242	0.881916
279	257	2.121316
279	258	1.469692
279	260	1.587448
279	277	4.974912
279	278	0.408248
279	280	0.446594
279	281	1.799997
279	282	0.848527
279	283	1.799997
279	4013	2.236063
279	4014	0.670820
280	278	0.494871
280	279	0.446594
280	281	0.424264
280	282	1.142856
280	283	1.414212
280	284	1.414212
280	4014	1.581136
281	276	3.968611
281	278	0.459279
281	279	1.799997
281	280	0.424264
281	282	0.446594
281	283	2.999991
281	284	0.818181
281	285	1.212182
282	258	1.385639
282	260	1.496661
282	273	0.866025
282	274	1.060659
282	275	1.069044
282	276	0.356348
282	278	0.629836
282	279	0.848527
282	280	1.142856
282	281	0.446594
282	283	0.530330
282	284	1.060659
282	285	0.799999
282	286	1.581136
283	240	1.697053
283	260	0.992156
283	279	1.799997
283	280	1.414212
283	281	2.999991
283	282	0.530330
283	284	0.500000
283	285	1.212182
283	286	1.341639
283	287	0.848527
283	3982	13.416228
284	280	1.414212
284	281	0.818181
284	282	1.060659
284	283	0.500000
284	285	0.446594
284	286	3.354091
284	287	1.414212
284	288	1.285713
285	275	7.483259
285	276	7.483259
285	281	1.212182
285	282	0.799999
285	283	1.212182
285	284	0.446594
285	286	0.372033
285	287	0.999999
285	288	0.848527
285	289	1.142856
286	262	1.183215
286	271	1.479018
286	273	5.477196
286	282	1.581136
286	283	1.341639
286	284	3.354091
286	285	0.372033
286	287	0.351364
286	288	0.958314
286	289	1.054091
286	290	1.264909
287	238	7.999936
287	240	7.999936
287	262	1.247218
287	283	0.848527
287	284	1.414212
287	285	0.999999
287	286	0.351364
287	288	0.471404
287	289	1.142856
287	290	1.142856
287	291	2.121316
288	233	8.485209
288	284	1.285713
288	285	0.848527
288	286	0.958314
288	287	0.471404
288	289	0.499134
288	290	2.828419
288	291	0.600000
288	292	3.354091
289	285	1.142856
289	286	1.054091
289	287	1.142856
289	288	0.499134
289	290	0.470588
289	291	0.942808
289	292	0.903507
289	293	1.340117
289	3473	12.648951
290	238	7.999936
290	262	1.870825
290	264	1.788851
290	269	2.666660
290	271	1.247218
290	286	1.264909
290	287	1.142856
290	288	2.828419
290	289	0.470588
290	291	0.446594
290	292	1.054091
290	293	1.563469
290	294	1.333332
290	295	9.797863
291	230	1.799997
291	233	1.414212
291	287	2.121316
291	288	0.600000
291	289	0.942808
291	290	0.446594
291	292	0.335410
291	293	1.243733
291	294	1.212182
291	295	2.078457
292	288	3.354091
292	289	0.903507
292	290	1.054091
292	291	0.335410
292	293	0.436247
292	294	1.264909
292	295	0.704178
292	296	1.677048
293	269	4.690394
293	270	2.924980
293	271	1.096869
293	289	1.340117
293	290	1.563469
293	291	1.243733
293	292	0.436247
293	294	0.521157
293	295	1.436139
293	296	1.658310
293	297	2.345202
293	3473	3.708085
293	3474	2.966471
294	232	2.494432
294	264	0.688020
294	267	3.741643
294	269	7.999936
294	290	1.333332
294	291	1.212182
294	292	1.264909
294	293	0.521157
294	295	0.576350
294	296	1.697053
294	297	1.142856
294	298	2.121316
295	227	5.196125
295	229	3.055041
295	290	9.797863
295	291	2.078457
295	292	0.704178
295	293	1.436139
295	294	0.576350
295	296	0.451839
295	297	1.959588
295	298	2.078457
295	299	0.547101
296	292	1.677048
296	293	1.658310
296	294	1.697053
296	295	0.451839
296	297	0.471404
296	298	1.124999
296	299	0.829156
296	300	2.249995
297	293	2.345202
297	294	1.142856
297	295	1.959588
297	296	0.471404
297	298	0.404061
297	299	1.340117
297	300	1.060659
297	301	1.697053
298	228	1.124999
298	232	7.937191
298	294	2.121316
298	295	2.078457
298	296	1.124999
298	297	0.404061
298	299	0.585286
298	300	1.799997
298	301	0.999999
298	302	1.243733
299	227	0.904533
299	228	9.949775
299	295	0.547101
299	296	0.829156
299	297	1.340117
299	298	0.585286
299	300	0.585286
299	301	1.421409
299	302	0.687500
299	303	2.487462
300	296	2.249995
300	297	1.060659
300	298	1.799997
300	299	0.585286
300	301	0.346154
300	302	1.243733
300	303	0.899999
300	304	0.749999
301	297	1.697053
301	298	0.999999
301	299	1.421409
301	300	0.346154
301	302	0.585286
301	303	1.499998
301	304	0.818181
301	305	0.749999
302	226	3.126934
302	227	1.989971
302	228	0.904533
302	298	1.243733
302	299	0.687500
302	300	1.243733
302	301	0.585286
302	303	0.552770
302	304	1.421409
302	305	0.552770
302	306	1.876163
303	299	2.487462
303	300	0.899999
303	301	1.499998
303	302	0.552770
303	304	0.529411
303	305	1.124999
303	306	0.942808
303	307	0.749999
303	3446	13.416228
304	300	0.749999
304	301	0.818181
304	302	1.421409
304	303	0.529411
304	305	0.500000
304	306	2.121316
304	307	0.642857
304	308	1.677048
305	301	0.749999
305	302	0.552770
305	303	1.124999
305	304	0.500000
305	306	0.499134
305	307	1.499998
305	308	0.838525
305	309	2.121316
306	222	2.666660
306	302	1.876163
306	303	0.942808
306	304	2.121316
306	305	0.499134
306	307	0.499134
306	308	0.903507
306	309	0.615384
306	310	1.172603
307	303	0.749999
307	304	0.642857
307	305	1.499998
307	306	0.499134
307	308	0.419263
307	309	1.697053
307	310	0.621867
307	311	1.999996
307	3445	13.416228
307	3446	2.683274
308	304	1.677048
308	305	0.838525
308	306	0.903507
308	307	0.419263
308	309	0.395285
308	310	1.483237
308	311	0.496904
308	312	1.677048
309	305	2.121316
309	306	0.615384
309	307	1.697053
309	308	0.395285
309	310	0.521157
309	311	0.707106
309	312	0.606091
309	313	3.741643
310	220	1.105540
310	306	1.172603
310	307	0.621867
310	308	1.483237
310	309	0.521157
310	311	0.473803
310	312	1.421409
310	313	1.096869
310	314	0.733333
310	3445	3.708085
311	307	1.999996
311	308	0.496904
311	309	0.707106
311	310	0.473803
311	312	0.400000
311	313	0.881916
312	308	1.677048
312	309	0.606091
312	310	1.421409
312	311	0.400000
312	313	0.283473
313	195	5.916045
313	309	3.741643
313	310	1.096869
313	311	0.881916
313	312	0.283473
313	314	0.516174
313	315	1.166665
314	310	0.733333
314	313	0.516174
314	315	0.350998
314	316	4.690394
314	3445	0.674199
315	313	1.166665
315	314	0.350998
315	316	0.374166
315	317	3.968611
315	320	2.160242
316	197	7.483259
316	314	4.690394
316	315	0.374166
316	317	0.353553
316	318	10.582893
316	320	1.732048
317	132	8.999919
317	133	2.645744
317	134	0.857142
317	135	1.341639
317	197	1.587448
317	216	0.904533
317	217	1.677048
317	218	5.999964
317	315	3.968611
317	316	0.353553
317	318	0.623609
317	319	5.999964
317	320	7.348415
317	3444	7.035574
318	135	2.788859
318	216	0.376051
318	316	10.582893
318	317	0.623609
318	319	0.415740
318	320	1.018349
318	321	5.612455
318	528	16.732921
318	529	16.732921
318	1488	0.408138
318	3444	17.549621
319	317	5.999964
319	318	0.415740
319	320	0.306186
319	321	0.999999
319	529	1.490710
320	197	1.296146
320	216	4.062003
320	315	2.160242
320	316	1.732048
320	317	7.348415
320	318	1.018349
320	319	0.306186
320	321	0.319499
321	197	2.645744
321	199	0.663325
321	216	1.989971
321	318	5.612455
321	319	0.999999
321	320	0.319499
321	322	0.446594
321	323	4.974912
321	324	7.348415
321	335	9.486743
321	529	1.341639
322	195	2.108181
322	196	1.414212
322	197	0.831479
322	321	0.446594
322	323	0.469041
322	333	8.485209
322	334	1.142856
322	335	0.993807
322	336	0.781735
323	150	9.380744
323	151	11.488993
323	194	1.105540
323	197	8.774887
323	198	1.498296
323	199	2.749992
323	321	4.974912
323	322	0.469041
323	324	0.427581
323	325	0.459565
323	333	0.829156
323	334	0.426401
323	335	2.097613
323	355	1.876163
323	360	4.690394
324	199	0.541602
324	321	7.348415
324	323	0.427581
324	325	0.339411
324	326	3.240360
324	331	8.485209
324	332	0.925819
324	333	0.565267
324	335	0.968245
325	143	1.620183
325	150	3.265976
325	151	11.999856
325	198	1.369305
325	199	1.276568
325	200	1.088661
325	201	1.527523
325	323	0.459565
325	324	0.339411
325	326	0.572822
325	327	2.449484
325	331	5.999964
325	332	4.582555
325	347	9.165067
325	348	3.265976
326	199	8.774887
326	201	0.538461
326	212	2.924980
326	324	3.240360
326	325	0.572822
326	327	0.393859
326	328	0.831479
326	329	2.645744
326	330	1.870825
326	331	0.381881
326	344	6.999951
327	200	2.666660
327	201	1.069044
327	202	2.345202
327	325	2.449484
327	326	0.393859
327	328	0.470588
327	329	4.242623
327	330	0.888888
327	344	3.741643
328	201	2.494432
328	202	1.876163
328	203	1.247218
328	212	0.551813
328	326	0.831479
328	327	0.470588
328	329	0.424264
328	330	1.142856
328	1055	3.162268
328	1056	13.564476
329	212	2.487462
329	326	2.645744
329	327	4.242623
329	328	0.424264
329	330	0.471404
329	331	1.299036
329	541	4.472116
329	542	3.517799
329	1054	6.708159
329	1055	6.708159
329	1057	6.708159
330	326	1.870825
330	327	0.888888
330	328	1.142856
330	329	0.471404
330	331	0.489898
330	341	9.380744
330	342	0.993807
330	344	0.935413
330	345	8.485209
330	1054	3.162268
330	1055	4.216352
331	324	8.485209
331	325	5.999964
331	326	0.381881
331	329	1.299036
331	330	0.489898
331	332	0.398485
331	333	5.196125
331	340	3.265976
331	341	1.641301
331	342	2.738605
331	344	1.527523
331	540	16.612972
331	541	1.290993
332	324	0.925819
332	325	4.582555
332	331	0.398485
332	333	0.440958
332	334	7.483259
332	340	1.496661
332	341	0.877496
332	344	1.399998
332	347	1.749997
333	322	8.485209
333	323	0.829156
333	324	0.565267
333	331	5.196125
333	332	0.440958
333	334	0.471404
333	335	0.729756
333	339	2.121316
333	340	4.242623
333	527	1.798434
333	541	4.472116
334	322	1.142856
334	323	0.426401
334	332	7.483259
334	333	0.471404
334	335	0.447213
334	336	0.521157
334	337	0.831479
334	338	1.414212
334	339	1.599997
334	360	2.666660
335	321	9.486743
335	322	0.993807
335	323	2.097613
335	324	0.968245
335	333	0.729756
335	334	0.447213
335	336	0.616946
335	337	1.394431
335	338	3.162268
335	528	7.071018
336	193	1.096869
336	194	4.974912
336	322	0.781735
336	334	0.521157
336	335	0.616946
336	337	0.487498
336	338	2.211078
336	360	1.876163
336	363	1.658310
336	367	1.222221
337	334	0.831479
337	335	1.394431
337	336	0.487498
337	338	0.311265
337	339	0.623609
337	359	1.763831
337	363	2.645744
338	334	1.414212
338	335	3.162268
338	336	2.211078
338	337	0.311265
338	339	0.332756
338	340	1.131370
339	333	2.121316
339	334	1.599997
339	337	0.623609
339	338	0.332756
339	340	0.333333
339	355	2.666660
340	331	3.265976
340	332	1.496661
340	333	4.242623
340	338	1.131370
340	339	0.333333
340	341	0.426401
341	330	9.380744
341	331	1.641301
341	332	0.877496
341	340	0.426401
341	342	0.374574
341	343	0.586302
341	347	4.387463
341	351	1.563469
341	355	9.380744
342	330	0.993807
342	331	2.738605
342	341	0.374574
342	343	0.470751
342	344	1.673317
343	341	0.586302
343	342	0.470751
343	344	0.287820
343	345	0.942808
343	346	0.666666
343	347	0.748331
344	326	6.999951
344	327	3.741643
344	330	0.935413
344	331	1.527523
344	332	1.399998
344	342	1.673317
344	343	0.287820
344	345	0.417750
344	346	1.247218
344	347	0.538461
344	348	0.831479
345	330	8.485209
345	343	0.942808
345	344	0.417750
345	346	0.446594
345	347	0.992156
345	348	0.942808
345	349	2.828419
345	967	14.387288
346	343	0.666666
346	344	1.247218
346	345	0.446594
346	347	0.415740
346	348	0.999999
346	349	0.999999
346	350	1.885615
346	351	0.999999
347	150	1.870825
347	325	9.165067
347	332	1.749997
347	341	4.387463
347	343	0.748331
347	344	0.538461
347	345	0.992156
347	346	0.415740
347	348	0.356348
347	349	1.069044
347	350	1.763831
347	351	1.870825
347	352	3.741643
348	146	7.999936
348	150	0.999999
348	325	3.265976
348	344	0.831479
348	345	0.942808
348	346	0.999999
348	347	0.356348
348	349	0.533333
348	350	5.656822
349	150	2.666660
349	153	0.625388
349	154	4.690394
349	157	3.126934
349	345	2.828419
349	346	0.999999
349	347	1.069044
349	348	0.533333
349	350	0.435142
349	351	7.999936
350	154	0.737027
350	157	0.552770
350	346	1.885615
350	347	1.763831
350	348	5.656822
350	349	0.435142
350	351	0.377123
350	352	0.471404
350	353	2.828419
351	157	1.340117
351	341	1.563469
351	346	0.999999
351	347	1.870825
351	349	7.999936
351	350	0.377123
351	352	0.444444
351	353	3.999984
352	150	2.666660
352	151	4.898955
352	154	0.938082
352	347	3.741643
352	350	0.471404
352	351	0.444444
352	353	0.421052
352	354	1.333332
352	355	0.666666
352	356	0.500000
352	357	10.582893
353	154	4.690394
353	157	4.690394
353	350	2.828419
353	351	3.999984
353	352	0.421052
353	354	0.444444
353	355	1.142856
353	356	1.599997
353	357	0.352767
354	352	1.333332
354	353	0.444444
354	355	0.444444
354	356	2.666660
354	357	1.175888
354	358	1.581136
355	323	1.876163
355	339	2.666660
355	341	9.380744
355	352	0.666666
355	353	1.142856
355	354	0.444444
355	356	0.400000
355	357	1.511856
355	358	1.581136
355	359	1.414212
355	360	0.999999
356	154	4.690394
356	190	1.333332
356	193	3.741643
356	194	8.485209
356	352	0.500000
356	353	1.599997
356	354	2.666660
356	355	0.400000
356	357	0.503952
356	358	1.054091
356	359	1.885615
356	360	0.400000
356	361	2.121316
357	113	0.294579
357	190	2.116597
357	352	10.582893
357	353	0.352767
357	354	1.175888
357	355	1.511856
357	356	0.503952
357	358	0.464811
357	359	3.741643
357	360	5.291475
357	361	1.247218
357	362	13.999804
358	354	1.581136
358	355	1.581136
358	356	1.054091
358	357	0.464811
358	359	0.319438
358	360	1.581136
358	361	1.341639
358	362	0.643584
358	363	6.708159
359	337	1.763831
359	355	1.414212
359	356	1.885615
359	357	3.741643
359	358	0.319438
359	360	0.353553
359	361	1.999996
359	362	0.935413
359	363	0.999999
360	193	0.467707
360	194	2.828419
360	323	4.690394
360	334	2.666660
360	336	1.876163
360	355	0.999999
360	356	0.400000
360	357	5.291475
360	358	1.581136
360	359	0.353553
360	361	0.499134
360	362	1.511856
360	363	1.697053
360	364	1.264909
360	365	5.656822
361	116	0.377964
361	117	1.697053
361	193	7.937191
361	356	2.121316
361	357	1.247218
361	358	1.341639
361	359	1.999996
361	360	0.499134
361	362	0.448999
361	363	1.285713
361	364	1.118033
361	365	1.499998
361	366	9.949775
362	357	13.999804
362	358	0.643584
362	359	0.935413
362	360	1.511856
362	361	0.448999
362	363	0.590788
362	364	2.091646
362	365	1.870825
362	366	1.772807
362	367	12.409520
363	336	1.658310
363	337	2.645744
363	358	6.708159
363	359	0.999999
363	360	1.697053
363	361	1.285713
363	362	0.590788
363	364	0.372678
363	365	0.857142
363	366	1.105540
363	367	0.292643
364	360	1.264909
364	361	1.118033
364	362	2.091646
364	363	0.372678
364	365	0.298142
364	366	1.854046
364	367	0.674199
364	368	1.677048
365	360	5.656822
365	361	1.499998
365	362	1.870825
365	363	0.857142
365	364	0.298142
365	366	0.442216
365	367	0.947606
365	368	1.199999
365	369	0.999999
366	361	9.949775
366	362	1.772807
366	363	1.105540
366	364	1.854046
366	365	0.442216
366	367	0.550000
366	368	3.316614
366	369	1.326648
366	370	0.674997
367	336	1.222221
367	362	12.409520
367	363	0.292643
367	364	0.674199
367	365	0.947606
367	366	0.550000
367	368	0.523677
367	369	0.947606
367	370	1.096869
367	371	1.989971
368	364	1.677048
368	365	1.199999
368	366	3.316614
368	367	0.523677
368	369	0.400000
368	370	2.645744
368	371	0.899999
368	372	1.799997
368	376	1.897363
369	365	0.999999
369	366	1.326648
369	367	0.947606
369	368	0.400000
369	370	0.330719
369	371	0.749999
369	372	0.666666
369	373	0.881916
370	366	0.674997
370	367	1.096869
370	368	2.645744
370	369	0.330719
370	371	0.417750
370	372	1.984310
370	373	0.874999
370	374	0.610558
370	375	5.916045
371	367	1.989971
371	368	0.899999
371	369	0.749999
371	370	0.417750
371	372	0.529411
371	373	1.984310
371	374	2.249995
371	375	0.609836
371	376	0.499307
372	368	1.799997
372	369	0.666666
372	370	1.984310
372	371	0.529411
372	373	0.440958
372	374	2.249995
372	376	0.279024
373	369	0.881916
373	370	0.874999
373	371	1.984310
373	372	0.440958
373	374	0.496078
373	375	5.916045
374	370	0.610558
374	371	2.249995
374	372	2.249995
374	373	0.496078
374	375	0.447213
374	376	9.486743
375	370	5.916045
375	371	0.609836
375	373	5.916045
375	374	0.447213
375	376	0.441942
376	368	1.897363
376	371	0.499307
376	372	0.279024
376	374	9.486743
376	375	0.441942
377	378	0.363636
377	1032	0.392157
377	1036	1.128820
377	1037	0.456332
378	377	0.363636
378	379	0.307692
378	382	1.340474
378	1036	0.691858
379	378	0.307692
379	380	20.975737
379	381	1.128820
379	382	0.857904
379	1033	0.252325
380	379	20.975737
380	381	0.326006
380	1033	0.937268
380	1035	0.362813
381	379	1.128820
381	380	0.326006
381	382	0.200000
381	1033	1.437498
382	378	1.340474
382	379	0.857904
382	381	0.200000
382	1036	0.294872
383	384	0.893650
384	383	0.893650
384	394	0.348485
385	386	0.540540
385	980	0.389956
385	982	20.975737
385	1325	3.063935
385	1326	0.953462
385	1361	3.333322
385	1363	0.293803
386	385	0.540540
386	953	20.975737
386	954	6.666622
386	980	3.574589
386	982	4.195218
386	1226	1.261623
386	1325	0.794355
386	1326	1.104008
386	1364	0.635641
387	70	1.111110
387	73	1.490710
387	74	0.684653
387	77	1.581136
387	388	0.357143
387	400	1.191533
388	74	1.825739
388	77	1.405455
388	78	2.966471
388	81	0.927024
388	95	8.944192
388	96	3.162268
388	97	0.730296
388	387	0.357143
388	389	0.270270
388	399	6.666622
388	400	0.691858
389	81	0.824021
389	97	0.842649
389	98	1.825739
389	388	0.270270
389	390	0.324964
389	398	1.429839
389	399	9.999900
390	389	0.324964
390	391	0.210271
390	396	22.999471
390	397	1.128820
390	398	0.383333
391	390	0.210271
391	392	0.317460
391	396	1.531970
391	397	1.999996
392	391	0.317460
392	393	0.317460
392	395	1.261623
392	396	0.612788
393	392	0.317460
393	394	1.261623
393	395	0.536190
394	384	0.348485
394	393	1.261623
394	395	0.267442
395	392	1.261623
395	393	0.536190
395	394	0.267442
395	396	0.252747
396	390	22.999471
396	391	1.531970
396	392	0.612788
396	395	0.252747
396	397	0.246524
397	390	1.128820
397	391	1.999996
397	396	0.246524
397	398	0.345929
398	97	11.747202
398	389	1.429839
398	390	0.383333
398	397	0.345929
398	399	0.233126
399	97	0.912870
399	98	5.477196
399	388	6.666622
399	389	9.999900
399	398	0.233126
399	400	0.351600
400	93	3.197211
400	94	3.197211
400	95	0.685118
400	96	1.695580
400	97	0.451821
400	387	1.191533
400	388	0.691858
400	399	0.351600
401	402	0.320113
401	406	1.261623
401	407	6.666622
402	401	0.320113
402	403	0.824907
402	404	0.803372
402	405	1.874533
402	406	0.489361
403	402	0.824907
403	404	0.262202
404	402	0.803372
404	403	0.262202
404	405	0.213592
404	476	20.975737
405	402	1.874533
405	404	0.213592
405	406	0.321349
405	475	2.996588
405	476	6.992010
406	401	1.261623
406	402	0.489361
406	405	0.321349
406	407	0.243723
407	401	6.666622
407	406	0.243723
407	408	0.307692
408	407	0.307692
408	409	0.307692
409	408	0.307692
409	410	0.857904
409	411	2.330681
410	409	0.857904
410	411	1.022474
410	412	5.361874
411	409	2.330681
411	410	1.022474
411	412	0.265521
412	410	5.361874
412	411	0.265521
412	413	0.345929
413	412	0.345929
413	414	0.273809
413	493	2.811798
414	413	0.273809
414	415	0.224944
414	493	7.498092
414	494	2.383062
415	414	0.224944
415	416	0.316823
415	494	2.097613
415	495	4.498869
416	415	0.316823
416	417	0.255329
417	416	0.255329
417	418	0.404672
418	417	0.404672
418	419	0.833127
418	420	0.476613
419	418	0.833127
419	420	0.635641
419	421	2.811798
419	557	1.999996
419	558	0.535582
420	418	0.476613
420	419	0.635641
420	421	0.487445
421	419	2.811798
421	420	0.487445
421	422	0.225764
422	421	0.225764
422	423	0.363636
422	632	3.496017
423	422	0.363636
423	424	0.329963
423	558	21.447151
423	631	1.233891
423	632	1.233891
424	423	0.329963
424	425	0.246524
424	630	1.191533
424	631	2.044945
425	424	0.246524
425	426	0.454545
425	557	10.487978
426	425	0.454545
426	427	0.273973
426	507	10.487978
426	508	1.999996
426	509	20.975737
426	557	6.992010
427	426	0.273973
427	428	0.476613
427	506	4.195218
427	507	2.996588
427	508	0.645161
427	509	1.311009
428	427	0.476613
428	429	0.261364
428	457	21.447151
428	458	1.072379
428	459	0.974890
428	506	0.236784
429	428	0.261364
429	430	0.241876
429	456	21.447151
429	457	1.191533
429	458	0.649927
430	429	0.241876
430	431	0.255619
430	456	1.398410
430	457	1.613549
431	430	0.255619
431	432	0.221154
431	455	1.021314
431	456	0.630812
432	431	0.221154
432	433	0.937268
432	451	0.324964
432	452	22.493938
432	453	1.606743
432	454	1.249690
432	455	4.289504
433	432	0.937268
433	434	0.666666
433	435	0.316823
433	450	3.749060
433	451	0.635641
433	452	3.142847
433	453	5.499970
434	433	0.666666
434	435	0.749814
435	433	0.316823
435	434	0.749814
435	436	1.124721
435	450	0.821428
435	451	2.680944
436	435	1.124721
436	437	0.226804
436	449	20.975737
436	450	3.749060
436	452	2.199995
436	453	0.733333
437	436	0.226804
437	438	0.224944
437	450	4.498869
437	452	10.999879
438	437	0.224944
438	439	0.235688
438	448	4.599979
438	449	1.531970
438	450	7.666608
439	438	0.235688
439	440	0.333333
439	448	1.261623
439	449	19.999600
439	550	7.149152
440	439	0.333333
440	441	0.303030
440	447	1.261623
440	448	0.691858
440	549	10.487978
440	550	0.824907
441	440	0.303030
441	442	0.344827
441	446	1.261623
441	447	0.649927
441	522	6.666622
441	523	1.428569
442	441	0.344827
442	443	0.689655
442	444	0.588235
442	445	1.949779
442	446	0.794355
442	523	4.999975
443	442	0.689655
443	444	0.799999
443	445	2.144756
444	442	0.588235
444	443	0.799999
444	445	0.404672
445	442	1.949779
445	443	2.144756
445	444	0.404672
445	446	0.348485
446	441	1.261623
446	442	0.794355
446	445	0.348485
446	447	0.277108
447	440	1.261623
447	441	0.649927
447	446	0.277108
447	448	0.280488
448	438	4.599979
448	439	1.261623
448	440	0.691858
448	447	0.280488
448	449	0.285968
448	550	11.499868
448	551	11.499868
449	436	20.975737
449	438	1.531970
449	439	19.999600
449	448	0.285968
449	450	0.238307
449	551	1.429839
449	552	3.574589
450	433	3.749060
450	435	0.821428
450	436	3.749060
450	437	4.498869
450	438	7.666608
450	449	0.238307
450	451	0.649927
450	452	0.277709
451	432	0.324964
451	433	0.635641
451	435	2.680944
451	450	0.649927
451	452	0.349603
451	453	1.104008
451	454	4.195218
452	432	22.493938
452	433	3.142847
452	436	2.199995
452	437	10.999879
452	450	0.277709
452	451	0.349603
452	453	0.309859
453	432	1.606743
453	433	5.499970
453	436	0.733333
453	451	1.104008
453	452	0.309859
453	454	0.205607
454	432	1.249690
454	451	4.195218
454	453	0.205607
454	455	0.211881
455	431	1.021314
455	432	4.289504
455	454	0.211881
455	456	0.392157
456	429	21.447151
456	430	1.398410
456	431	0.630812
456	455	0.392157
456	457	0.266667
457	428	21.447151
457	429	1.191533
457	430	1.613549
457	456	0.266667
457	458	0.333333
458	428	1.072379
458	429	0.649927
458	457	0.333333
458	459	0.307692
458	506	20.975737
459	428	0.974890
459	458	0.307692
459	460	0.228166
459	506	1.233891
460	459	0.228166
460	461	0.702951
460	504	1.210525
460	505	0.389956
460	506	1.183917
460	507	1.606743
461	460	0.702951
461	462	0.333333
461	504	1.606743
461	505	1.398410
461	507	0.309859
462	461	0.333333
462	463	0.238366
462	504	1.249690
462	505	0.511614
463	462	0.238366
463	464	0.317460
463	503	1.021314
463	504	2.383062
464	463	0.317460
464	465	0.344827
464	502	1.261623
464	503	0.498781
465	464	0.344827
465	466	0.369786
465	501	1.261623
465	502	0.630812
466	465	0.369786
466	467	0.221154
466	500	1.261623
466	501	0.353846
467	466	0.221154
467	468	0.219048
467	498	22.493938
467	499	2.383062
467	500	0.765986
468	467	0.219048
468	469	0.749814
468	496	0.267442
468	497	1.191533
468	498	1.323201
468	499	4.289504
469	468	0.749814
469	470	0.304002
469	495	1.499627
469	496	1.874533
469	497	1.165342
469	498	0.385965
470	469	0.304002
470	471	0.252325
470	492	21.447151
470	495	5.361874
471	470	0.252325
471	472	0.624845
471	473	7.498092
471	492	0.377049
471	493	3.213482
471	494	0.974890
471	495	1.769228
472	471	0.624845
472	473	0.366667
472	491	0.655505
472	492	0.288390
473	471	7.498092
473	472	0.366667
473	474	0.198198
473	489	21.999516
473	490	5.244017
473	491	1.233891
474	473	0.198198
474	475	0.220802
474	489	10.999879
474	490	1.748012
474	491	2.097613
475	405	2.996588
475	474	0.220802
475	476	0.333333
475	489	2.996588
475	490	3.333322
476	404	20.975737
476	405	6.992010
476	475	0.333333
476	477	0.317460
476	487	21.447151
476	488	1.261623
476	489	1.048808
477	476	0.317460
477	478	0.425532
477	487	1.261623
477	488	0.857904
478	477	0.425532
478	479	0.317460
478	486	1.340474
478	487	0.691858
479	478	0.317460
479	480	0.264785
479	482	21.447151
479	485	1.429839
479	486	0.630812
480	479	0.264785
480	481	0.661601
480	482	1.045453
480	483	0.851851
480	484	1.124721
480	485	0.958332
481	480	0.661601
481	482	0.803372
481	483	0.368761
482	479	21.447151
482	480	1.045453
482	481	0.803372
482	483	0.958332
483	480	0.851851
483	481	0.368761
483	482	0.958332
483	484	0.231901
484	480	1.124721
484	483	0.231901
484	485	0.222717
485	479	1.429839
485	480	0.958332
485	484	0.222717
485	486	0.277108
486	478	1.340474
486	479	0.630812
486	485	0.277108
486	487	0.270588
487	476	21.447151
487	477	1.261623
487	478	0.691858
487	486	0.270588
487	488	0.261364
488	476	1.261623
488	477	0.857904
488	487	0.261364
488	489	0.247192
489	473	21.999516
489	474	10.999879
489	475	2.996588
489	476	1.048808
489	488	0.247192
489	490	0.381385
490	473	5.244017
490	474	1.748012
490	475	3.333322
490	489	0.381385
490	491	0.338983
491	472	0.655505
491	473	1.233891
491	474	2.097613
491	490	0.338983
491	492	1.021314
492	470	21.447151
492	471	0.377049
492	472	0.288390
492	491	1.021314
492	493	0.562361
492	494	2.680944
492	495	22.999471
493	413	2.811798
493	414	7.498092
493	471	3.213482
493	492	0.562361
493	494	0.238366
494	414	2.383062
494	415	2.097613
494	471	0.974890
494	492	2.680944
494	493	0.238366
494	495	0.310835
495	415	4.498869
495	469	1.499627
495	470	5.361874
495	471	1.769228
495	492	22.999471
495	494	0.310835
495	496	0.676470
495	497	0.306394
496	468	0.267442
496	469	1.874533
496	495	0.676470
496	497	0.579665
497	468	1.191533
497	469	1.165342
497	495	0.306394
497	496	0.579665
497	498	0.349603
498	467	22.493938
498	468	1.323201
498	469	0.385965
498	497	0.349603
498	499	0.179284
499	467	2.383062
499	468	4.289504
499	498	0.179284
499	500	0.425532
500	466	1.261623
500	467	0.765986
500	499	0.425532
500	501	0.340438
501	465	1.261623
501	466	0.353846
501	500	0.340438
501	502	0.227723
502	464	1.261623
502	465	0.630812
502	501	0.227723
502	503	0.252747
503	463	1.021314
503	464	0.498781
503	502	0.252747
503	504	0.239583
504	460	1.210525
504	461	1.606743
504	462	1.249690
504	463	2.383062
504	503	0.239583
504	505	0.498781
505	460	0.389956
505	461	1.398410
505	462	0.511614
505	504	0.498781
505	506	0.912007
505	507	1.498296
506	427	4.195218
506	428	0.236784
506	458	20.975737
506	459	1.233891
506	460	1.183917
506	505	0.912007
506	507	0.244444
507	426	10.487978
507	427	2.996588
507	460	1.606743
507	461	0.309859
507	505	1.498296
507	506	0.244444
507	508	0.912007
508	426	1.999996
508	427	0.645161
508	507	0.912007
508	509	0.524404
508	557	1.498296
509	426	20.975737
509	427	1.311009
509	508	0.524404
509	510	0.340825
509	556	0.899777
509	557	0.323529
510	509	0.340825
510	511	0.268095
510	554	7.666608
510	555	1.128820
510	556	0.575000
510	557	2.044945
510	558	4.599979
510	559	7.149152
511	510	0.268095
511	512	0.340438
511	554	1.261623
511	555	6.666622
511	558	7.149152
511	559	0.769230
511	560	10.723690
512	511	0.340438
512	513	0.208229
512	519	11.247095
512	553	1.340474
512	554	0.410714
512	559	3.574589
512	560	0.766666
513	512	0.208229
513	514	0.350877
513	519	10.487978
513	520	1.748012
513	552	1.340474
513	553	1.999996
514	513	0.350877
514	515	0.932504
514	520	0.395777
514	521	1.666664
514	544	19.999600
514	551	1.340474
514	552	0.670237
515	514	0.932504
515	516	0.280488
515	521	10.723690
515	535	21.447151
515	536	1.340474
515	544	0.691858
515	545	0.247192
516	515	0.280488
516	517	0.212353
516	518	21.447151
516	534	2.299995
516	535	1.261623
516	536	1.429839
516	544	10.723690
517	516	0.212353
517	518	0.243902
517	519	5.244017
517	534	1.261623
518	516	21.447151
518	517	0.243902
518	519	0.524404
518	520	6.992010
518	534	21.447151
519	512	11.247095
519	513	10.487978
519	517	5.244017
519	518	0.524404
519	520	0.268293
519	553	0.953462
519	554	3.213482
520	513	1.748012
520	514	0.395777
520	518	6.992010
520	519	0.268293
520	521	0.806775
520	551	22.493938
520	552	1.022474
520	553	0.839046
521	514	1.666664
521	515	10.723690
521	520	0.806775
521	522	0.263158
521	544	3.999984
521	549	20.975737
521	550	1.340474
521	551	1.128820
522	441	6.666622
522	521	0.263158
522	523	0.294118
522	544	9.999900
522	549	1.398410
522	550	0.974890
523	441	1.428569
523	442	4.999975
523	522	0.294118
523	524	0.277778
523	547	21.447151
523	548	1.021314
523	549	1.048808
524	523	0.277778
524	525	0.306394
524	547	1.261623
524	548	1.128820
525	524	0.306394
525	526	0.208229
525	543	3.213482
525	546	1.261623
525	547	0.365079
526	525	0.208229
526	527	0.258405
526	529	2.499994
526	542	20.975737
526	543	1.048808
526	546	19.999600
527	333	1.798434
527	526	0.258405
527	528	1.072379
527	529	0.857904
527	539	4.599979
527	540	2.299995
527	541	0.412454
527	542	2.499376
527	543	1.730339
528	199	1.236032
528	318	16.732921
528	335	7.071018
528	527	1.072379
528	529	0.540540
528	539	0.324964
528	540	0.285968
528	1488	10.487978
529	199	14.832177
529	318	16.732921
529	319	1.490710
529	321	1.341639
529	526	2.499994
529	527	0.857904
529	528	0.540540
529	530	0.220802
529	539	3.063935
529	543	10.487978
530	529	0.220802
530	531	0.271017
530	539	2.249439
530	543	3.666653
530	546	1.165342
531	530	0.271017
531	532	0.315406
531	538	1.261623
531	539	0.884615
531	546	1.072379
531	547	7.666608
532	531	0.315406
532	533	0.233069
532	537	1.261623
532	538	1.052630
532	546	1.818179
532	547	10.723690
533	532	0.233069
533	534	0.833127
533	535	5.244017
533	537	3.213482
534	516	2.299995
534	517	1.261623
534	518	21.447151
534	533	0.833127
534	535	0.252325
535	515	21.447151
535	516	1.261623
535	533	5.244017
535	534	0.252325
535	536	0.370370
536	515	1.340474
536	516	1.429839
536	535	0.370370
536	537	0.536190
536	545	6.992010
536	917	5.244017
536	918	20.975737
537	532	1.261623
537	533	3.213482
537	536	0.536190
537	538	0.285968
537	545	1.499627
537	917	22.493938
537	918	22.493938
538	531	1.261623
538	532	1.052630
538	537	0.285968
538	539	0.595767
538	543	10.487978
538	545	0.552004
539	527	4.599979
539	528	0.324964
539	529	3.063935
539	530	2.249439
539	531	0.884615
539	538	0.595767
539	540	0.884615
539	543	0.833127
540	199	5.301963
540	212	3.976478
540	331	16.612972
540	527	2.299995
540	528	0.285968
540	539	0.884615
540	541	1.021314
540	1488	4.498869
541	212	1.483237
541	329	4.472116
541	331	1.290993
541	333	4.472116
541	527	0.412454
541	540	1.021314
541	542	0.699205
542	329	3.517799
542	526	20.975737
542	527	2.499376
542	541	0.699205
542	543	1.157893
542	1208	11.247095
542	1209	3.749060
543	525	3.213482
543	526	1.048808
543	527	1.730339
543	529	10.487978
543	530	3.666653
543	538	10.487978
543	539	0.833127
543	542	1.157893
543	544	0.676650
543	545	1.692305
543	546	0.368003
544	514	19.999600
544	515	0.691858
544	516	10.723690
544	521	3.999984
544	522	9.999900
544	543	0.676650
544	545	0.776895
545	515	0.247192
545	536	6.992010
545	537	1.499627
545	538	0.552004
545	543	1.692305
545	544	0.776895
545	546	0.616946
546	525	1.261623
546	526	19.999600
546	530	1.165342
546	531	1.072379
546	532	1.818179
546	543	0.368003
546	545	0.616946
546	547	0.302079
547	523	21.447151
547	524	1.261623
547	525	0.365079
547	531	7.666608
547	532	10.723690
547	546	0.302079
547	548	0.302631
548	523	1.021314
548	524	1.128820
548	547	0.302631
548	549	0.224944
549	440	10.487978
549	521	20.975737
549	522	1.398410
549	523	1.048808
549	548	0.224944
549	550	0.244505
550	439	7.149152
550	440	0.824907
550	448	11.499868
550	521	1.340474
550	522	0.974890
550	549	0.244505
550	551	0.207207
551	448	11.499868
551	449	1.429839
551	514	1.340474
551	520	22.493938
551	521	1.128820
551	550	0.207207
551	552	0.264368
552	449	3.574589
552	513	1.340474
552	514	0.670237
552	520	1.022474
552	551	0.264368
552	553	0.271489
553	512	1.340474
553	513	1.999996
553	519	0.953462
553	520	0.839046
553	552	0.271489
553	554	0.357460
554	510	7.666608
554	511	1.261623
554	512	0.410714
554	519	3.213482
554	553	0.357460
554	555	0.214476
554	559	4.289504
554	560	11.499868
555	510	1.128820
555	511	6.666622
555	554	0.214476
555	556	0.306394
555	558	10.723690
555	559	1.538459
556	509	0.899777
556	510	0.575000
556	555	0.306394
556	557	0.803372
556	558	1.149999
556	559	3.574589
557	419	1.999996
557	425	10.487978
557	426	6.992010
557	508	1.498296
557	509	0.323529
557	510	2.044945
557	556	0.803372
557	558	0.449889
558	419	0.535582
558	423	21.447151
558	510	4.599979
558	511	7.149152
558	555	10.723690
558	556	1.149999
558	557	0.449889
558	559	0.246524
559	510	7.149152
559	511	0.769230
559	512	3.574589
559	554	4.289504
559	555	1.538459
559	556	3.574589
559	558	0.246524
559	560	0.329963
560	511	10.723690
560	512	0.766666
560	554	11.499868
560	559	0.329963
560	561	0.249391
561	560	0.249391
561	562	0.273973
562	561	0.273973
562	563	0.327753
563	562	0.327753
563	564	0.230507
564	563	0.230507
564	565	0.350877
565	564	0.350877
565	566	0.303030
566	565	0.303030
566	567	0.357460
567	566	0.357460
567	568	0.223301
568	567	0.223301
568	569	0.261563
568	570	2.383062
569	568	0.261563
569	570	0.655505
569	571	0.511614
569	572	10.487978
570	568	2.383062
570	569	0.655505
570	571	0.625000
570	572	9.999900
570	573	4.195218
570	576	0.243723
571	569	0.511614
571	570	0.625000
571	572	0.952380
571	573	6.992010
572	569	10.487978
572	570	9.999900
572	571	0.952380
572	573	0.499433
572	888	0.465116
573	570	4.195218
573	571	6.992010
573	572	0.499433
573	574	0.998865
573	575	2.996588
573	576	1.022474
573	577	0.239303
573	888	1.311009
574	573	0.998865
574	575	0.243902
574	576	5.361874
574	577	21.447151
575	573	2.996588
575	574	0.243902
575	576	0.243723
575	577	5.361874
576	570	0.243723
576	573	1.022474
576	574	5.361874
576	575	0.243723
576	577	0.884615
577	573	0.239303
577	574	21.447151
577	575	5.361874
577	576	0.884615
577	578	0.264368
577	584	22.493938
577	887	1.261623
577	888	1.531970
578	577	0.264368
578	579	0.268095
578	583	22.493938
578	584	1.499627
578	885	22.999471
578	886	1.261623
578	887	0.595767
579	578	0.268095
579	580	0.893650
579	581	19.999600
579	584	0.476731
579	585	3.063935
579	885	1.261623
579	886	1.333332
580	579	0.893650
580	581	0.221109
580	829	2.044945
580	830	0.549938
580	869	2.499376
580	870	1.261623
580	877	0.416564
581	579	19.999600
581	580	0.221109
581	582	0.839046
581	829	0.699205
581	868	2.330681
581	869	1.613549
581	870	19.999600
581	921	3.574589
581	922	2.097613
582	581	0.839046
582	583	0.500000
582	584	7.333280
582	829	3.142847
582	868	0.578947
582	919	21.999516
582	920	2.044945
582	921	0.642698
583	578	22.493938
583	582	0.500000
583	584	0.293333
583	887	1.613549
583	888	4.195218
583	890	11.247095
584	577	22.493938
584	578	1.499627
584	579	0.476731
584	582	7.333280
584	583	0.293333
584	585	0.899777
584	885	22.493938
584	886	1.398410
584	887	0.699205
585	579	3.063935
585	584	0.899777
585	586	0.479166
585	830	2.144756
585	831	0.302631
585	884	1.021314
585	885	0.353846
586	585	0.479166
586	587	0.718749
586	588	3.574589
586	768	5.749967
586	769	3.213482
586	770	7.666608
586	827	21.447151
586	884	1.787298
586	885	0.638888
587	586	0.718749
587	588	0.238307
587	739	4.498869
587	774	1.191533
587	775	0.696969
587	823	21.447151
587	826	0.346068
587	827	5.361874
588	586	3.574589
588	587	0.238307
588	589	0.389956
588	738	1.104008
588	739	0.776895
588	773	1.261623
588	774	3.333322
589	588	0.389956
589	590	0.214476
589	738	0.978018
589	771	4.599979
589	772	1.261623
589	773	0.383333
590	589	0.214476
590	591	0.235688
590	771	1.649813
590	772	3.999984
591	590	0.235688
591	592	0.476613
591	768	0.460000
591	769	2.811798
591	770	4.599979
591	771	1.149999
592	591	0.476613
592	593	0.291336
592	768	0.765986
592	769	1.165342
592	770	0.630812
593	592	0.291336
593	594	0.220534
593	768	1.499627
593	769	0.758620
594	593	0.220534
594	595	0.237113
594	767	1.340474
594	768	3.833319
594	883	3.574589
594	884	21.447151
595	594	0.237113
595	596	0.246524
595	765	22.999471
595	766	1.261623
595	767	0.893650
595	882	5.749967
595	883	0.857904
596	595	0.246524
596	597	0.382993
596	765	1.128820
596	766	1.999996
596	882	1.021314
596	883	3.999984
597	596	0.382993
597	598	1.149999
597	655	21.447151
597	763	4.498869
597	764	2.383062
597	765	0.370968
598	597	1.149999
598	599	0.255329
598	660	22.999471
598	661	1.340474
598	662	3.063935
598	663	3.213482
598	763	0.277709
599	598	0.255329
599	600	0.416666
599	660	1.261623
599	661	1.333332
599	663	4.195218
600	599	0.416666
600	601	0.344827
600	659	1.072379
600	660	0.579665
601	600	0.344827
601	602	0.335119
601	658	1.498296
601	659	0.612788
602	601	0.335119
602	603	0.298701
602	656	21.447151
602	657	1.021314
602	658	0.416564
603	602	0.298701
603	604	0.261364
603	656	1.429839
603	657	0.824907
604	603	0.261364
604	605	0.315068
604	606	1.787298
604	655	1.340474
604	656	0.857904
605	604	0.315068
605	606	0.549938
605	607	22.999471
605	608	21.447151
605	650	22.493938
605	651	0.274969
605	653	21.447151
605	654	5.749967
605	655	21.447151
606	604	1.787298
606	605	0.549938
606	607	0.420541
606	608	9.999900
606	654	0.974890
606	655	1.249998
607	605	22.999471
607	606	0.420541
607	608	0.223413
607	651	7.149152
607	652	11.247095
607	653	2.144756
607	654	0.323944
608	605	21.447151
608	606	9.999900
608	607	0.223413
608	609	0.256410
608	649	21.447151
608	650	1.498296
608	652	5.244017
609	608	0.256410
609	610	0.357143
609	649	1.261623
609	650	1.048808
610	609	0.357143
610	611	0.277778
610	648	1.191533
610	649	0.691858
611	610	0.277778
611	612	0.283462
611	647	1.072379
611	648	0.630812
612	611	0.283462
612	613	0.238366
612	645	5.623579
612	646	1.398410
612	647	0.424423
613	612	0.238366
613	614	0.357460
613	645	1.429839
613	646	6.666622
614	613	0.357460
614	615	0.202336
614	643	22.999471
614	644	1.261623
614	645	0.343283
615	614	0.202336
615	616	0.261556
615	643	1.649813
615	644	19.999600
616	615	0.261556
616	617	0.833127
616	641	2.874992
616	642	1.323201
616	643	1.045453
617	616	0.833127
617	618	0.213592
618	617	0.213592
618	619	0.220000
619	618	0.220000
619	620	0.281180
620	619	0.281180
620	621	0.244505
620	635	22.999471
621	620	0.244505
621	622	0.317821
621	638	22.493938
621	639	1.606743
621	640	3.213482
622	621	0.317821
622	623	0.408163
622	638	1.261623
622	639	1.787298
623	622	0.408163
623	624	0.317821
623	637	1.191533
623	638	0.794355
624	623	0.317821
624	625	0.225550
624	635	7.498092
624	636	1.311009
624	637	0.591959
625	624	0.225550
625	626	0.289832
625	635	1.340474
625	636	4.999975
626	625	0.289832
626	627	0.306667
626	634	1.261623
626	635	0.383333
627	626	0.306667
627	628	0.289832
627	631	22.493938
627	633	1.261623
627	634	0.579665
628	627	0.289832
628	629	0.909090
628	630	3.333322
628	631	2.097613
628	632	1.498296
628	633	1.818179
629	628	0.909090
629	630	0.714285
630	424	1.191533
630	628	3.333322
630	629	0.714285
630	631	0.216249
631	423	1.233891
631	424	2.044945
631	627	22.493938
631	628	2.097613
631	630	0.216249
631	632	0.250000
632	422	3.496017
632	423	1.233891
632	628	1.498296
632	631	0.250000
632	633	0.243909
633	627	1.261623
633	628	1.818179
633	632	0.243909
633	634	0.307692
634	626	1.261623
634	627	0.579665
634	633	0.307692
634	635	0.324964
635	620	22.999471
635	624	7.498092
635	625	1.340474
635	626	0.383333
635	634	0.324964
635	636	0.216642
636	624	1.311009
636	625	4.999975
636	635	0.216642
636	637	0.297883
637	623	1.191533
637	624	0.591959
637	636	0.297883
637	638	0.283951
638	621	22.493938
638	622	1.261623
638	623	0.794355
638	637	0.283951
638	639	0.252747
639	621	1.606743
639	622	1.787298
639	638	0.252747
639	640	0.223301
640	621	3.213482
640	639	0.223301
640	641	0.247312
641	616	2.874992
641	640	0.247312
641	642	0.489009
642	616	1.323201
642	641	0.489009
642	643	0.239303
643	614	22.999471
643	615	1.649813
643	616	1.045453
643	642	0.239303
643	644	0.258405
644	614	1.261623
644	615	19.999600
644	643	0.258405
644	645	0.476613
645	612	5.623579
645	613	1.429839
645	614	0.343283
645	644	0.476613
645	646	0.233126
646	612	1.398410
646	613	6.666622
646	645	0.233126
646	647	0.357460
647	611	1.072379
647	612	0.424423
647	646	0.357460
647	648	0.225490
648	610	1.191533
648	611	0.630812
648	647	0.225490
648	649	0.258427
649	608	21.447151
649	609	1.261623
649	610	0.691858
649	648	0.258427
649	650	0.249938
650	605	22.493938
650	608	1.498296
650	609	1.048808
650	649	0.249938
650	651	0.291336
650	652	21.999516
651	605	0.274969
651	607	7.149152
651	650	0.291336
651	652	0.511614
651	653	19.999600
652	607	11.247095
652	608	5.244017
652	650	21.999516
652	651	0.511614
652	653	0.233069
653	605	21.447151
653	607	2.144756
653	651	19.999600
653	652	0.233069
653	654	0.446825
654	605	5.749967
654	606	0.974890
654	607	0.323944
654	653	0.446825
654	655	0.204263
655	597	21.447151
655	604	1.340474
655	605	21.447151
655	606	1.249998
655	654	0.204263
655	656	0.270270
656	602	21.447151
656	603	1.429839
656	604	0.857904
656	655	0.270270
656	657	0.303030
657	602	1.021314
657	603	0.824907
657	656	0.303030
657	658	0.355528
658	601	1.498296
658	602	0.416564
658	657	0.355528
658	659	0.249938
659	600	1.072379
659	601	0.612788
659	658	0.249938
659	660	0.258427
660	598	22.999471
660	599	1.261623
660	600	0.579665
660	659	0.258427
660	661	0.278540
661	598	1.340474
661	599	1.333332
661	660	0.278540
661	662	0.285714
661	663	10.487978
661	762	7.149152
661	763	4.195218
662	598	3.063935
662	661	0.285714
662	663	0.524404
662	664	3.574589
662	762	0.320113
662	763	1.311009
663	598	3.213482
663	599	4.195218
663	661	10.487978
663	662	0.524404
663	664	0.803372
663	763	7.333280
664	662	3.574589
664	663	0.803372
664	665	0.227217
664	762	3.833319
664	763	0.255619
664	764	1.191533
664	765	2.874992
665	664	0.227217
665	666	0.233069
665	761	1.498296
665	762	2.499376
665	764	2.097613
665	765	2.811798
666	665	0.233069
666	667	0.376274
666	760	1.261623
666	761	1.999996
667	666	0.376274
667	668	0.287500
667	759	1.261623
667	760	0.365079
668	667	0.287500
668	669	0.216642
668	756	4.498869
668	757	1.261623
668	759	0.536190
669	668	0.216642
669	670	0.320113
669	756	1.498296
669	757	6.666622
670	669	0.320113
670	671	0.216981
670	755	1.128820
670	756	0.459070
671	670	0.216981
671	672	0.338235
671	754	1.261623
671	755	0.739572
672	671	0.338235
672	673	0.316823
672	753	1.340474
672	754	0.670237
672	845	10.723690
672	846	2.555549
673	672	0.316823
673	674	0.236784
673	752	1.730339
673	753	4.195218
673	845	1.498296
673	846	5.623579
674	673	0.236784
674	675	0.978018
674	676	1.437498
674	735	2.090905
674	736	1.021314
674	737	22.999471
674	751	1.352939
674	752	0.821428
675	674	0.978018
675	676	0.865170
675	677	22.493938
675	734	1.730339
675	735	0.749814
675	742	0.361658
675	743	0.234042
676	674	1.437498
676	675	0.865170
676	677	0.287500
676	735	4.599979
676	736	1.072379
676	737	11.499868
676	741	7.666608
676	742	5.361874
676	750	1.531970
676	751	0.306667
677	675	22.493938
677	676	0.287500
677	678	0.258427
677	742	1.949779
677	749	1.340474
677	750	0.691858
678	677	0.258427
678	679	0.246524
678	747	22.493938
678	748	1.261623
678	749	0.649927
679	678	0.246524
679	680	0.335119
679	747	1.498296
679	748	3.333322
679	817	20.975737
680	679	0.335119
680	681	0.247312
680	746	1.429839
680	747	0.523126
681	680	0.247312
681	682	0.268095
681	745	1.072379
681	746	0.714920
682	681	0.268095
682	683	0.446825
682	744	1.649813
682	745	1.666664
683	682	0.446825
683	684	0.252747
683	726	7.498092
683	727	1.261623
683	744	0.343283
684	683	0.252747
684	685	0.295979
684	725	22.493938
684	726	1.606743
684	727	1.949779
685	684	0.295979
685	686	0.229167
685	724	22.493938
685	725	2.199995
685	726	1.374998
686	685	0.229167
686	687	0.252725
686	723	7.498092
686	724	1.606743
686	725	1.833330
687	686	0.252725
687	688	0.246914
687	722	20.975737
687	723	1.531970
687	724	1.531970
687	787	4.195218
687	788	2.680944
688	687	0.246914
688	689	0.273973
688	721	21.447151
688	722	1.498296
688	723	1.787298
688	787	1.398410
688	788	1.191533
689	688	0.273973
689	690	0.263158
689	721	1.261623
689	722	1.613549
690	689	0.263158
690	691	0.350877
690	720	1.261623
690	721	0.714920
691	690	0.350877
691	692	0.404672
691	719	1.261623
691	720	0.691858
692	691	0.404672
692	693	0.227723
692	718	1.021314
692	719	0.370968
693	692	0.227723
693	694	0.224944
693	717	1.261623
693	718	0.595767
694	693	0.224944
694	695	0.247192
694	714	21.999516
694	716	2.749992
694	717	1.906922
695	694	0.247192
695	696	0.351600
695	713	3.833319
695	714	2.044945
695	715	4.289504
695	716	2.044945
696	695	0.351600
696	697	0.349603
696	713	0.739572
696	714	1.104008
696	715	3.999984
697	696	0.349603
697	698	0.424423
697	710	1.405901
697	711	0.616946
697	713	1.499627
697	714	0.478261
698	697	0.424423
698	699	0.238307
698	708	22.999471
698	709	1.340474
698	710	0.377049
698	714	1.249690
698	715	21.447151
699	698	0.238307
699	700	0.235688
699	708	1.261623
699	709	3.999984
699	714	2.330681
699	715	1.052630
700	699	0.235688
700	701	0.201754
700	706	5.623579
700	707	4.289504
700	708	0.999999
700	715	10.723690
701	700	0.201754
701	702	0.345929
701	705	7.498092
701	706	1.323201
701	807	1.340474
701	808	5.749967
702	701	0.345929
702	703	0.893650
702	704	0.582671
702	705	0.912007
702	806	6.666622
702	807	3.999984
703	702	0.893650
703	704	0.184381
703	797	22.493938
703	798	7.149152
704	702	0.582671
704	703	0.184381
704	705	0.278481
704	797	4.399981
705	701	7.498092
705	702	0.912007
705	704	0.278481
705	706	0.217822
705	796	3.213482
705	797	1.999996
705	807	5.244017
706	700	5.623579
706	701	1.323201
706	705	0.217822
706	707	0.276002
706	796	1.124721
706	797	5.499970
706	807	2.097613
707	700	4.289504
707	706	0.276002
707	708	0.315406
707	795	2.680944
707	796	0.974890
707	807	4.999975
707	808	1.072379
708	698	22.999471
708	699	1.261623
708	700	0.999999
708	707	0.315406
708	709	0.225764
708	808	5.749967
709	698	1.340474
709	699	3.999984
709	708	0.225764
709	710	0.310835
709	714	10.487978
710	697	1.405901
710	698	0.377049
710	709	0.310835
710	711	0.824907
710	713	5.749967
710	714	1.183917
711	697	0.616946
711	710	0.824907
711	712	0.749149
711	713	0.315406
712	711	0.749149
712	713	0.899777
712	3386	2.249439
712	3388	0.297297
712	3426	5.244017
713	695	3.833319
713	696	0.739572
713	697	1.499627
713	710	5.749967
713	711	0.315406
713	712	0.899777
713	714	0.978018
714	694	21.999516
714	695	2.044945
714	696	1.104008
714	697	0.478261
714	698	1.249690
714	699	2.330681
714	709	10.487978
714	710	1.183917
714	713	0.978018
714	715	0.220802
715	695	4.289504
715	696	3.999984
715	698	21.447151
715	699	1.052630
715	700	10.723690
715	714	0.220802
715	716	0.246778
716	694	2.749992
716	695	2.044945
716	715	0.246778
716	717	0.499433
717	693	1.261623
717	694	1.906922
717	716	0.499433
717	718	0.338983
718	692	1.021314
718	693	0.595767
718	717	0.338983
718	719	0.363519
719	691	1.261623
719	692	0.370968
719	718	0.363519
719	720	0.258427
720	690	1.261623
720	691	0.691858
720	719	0.258427
720	721	0.264368
721	688	21.447151
721	689	1.261623
721	690	0.714920
721	720	0.264368
721	722	0.258557
722	687	20.975737
722	688	1.498296
722	689	1.613549
722	721	0.258557
722	723	0.227217
722	4425	4.690394
723	686	7.498092
723	687	1.531970
723	688	1.787298
723	722	0.227217
723	724	0.258427
723	786	7.666608
723	787	4.498869
723	4425	3.596861
724	685	22.493938
724	686	1.606743
724	687	1.531970
724	723	0.258427
724	725	0.229535
724	785	7.666608
724	786	3.285703
724	787	0.576780
725	684	22.493938
725	685	2.199995
725	686	1.833330
725	724	0.229535
725	726	0.309859
725	787	1.047618
725	815	1.233891
726	683	7.498092
726	684	1.606743
726	685	1.374998
726	725	0.309859
726	727	0.272418
726	815	3.496017
727	683	1.261623
727	684	1.949779
727	726	0.272418
727	728	1.072379
727	743	10.487978
727	744	0.579665
728	727	1.072379
728	729	0.282205
728	730	4.289504
728	731	22.999471
728	743	11.247095
728	744	22.999471
729	728	0.282205
729	730	0.303030
729	731	7.149152
730	728	4.289504
730	729	0.303030
730	731	0.221109
730	732	20.975737
731	728	22.999471
731	729	7.149152
731	730	0.221109
731	732	0.312423
731	743	0.591959
732	730	20.975737
732	731	0.312423
732	733	0.599319
732	734	0.249938
732	743	1.833330
733	732	0.599319
733	734	0.974890
733	859	21.447151
734	675	1.730339
734	732	0.249938
734	733	0.974890
734	735	0.273809
734	743	2.044945
734	844	5.361874
734	857	22.999471
734	858	22.999471
735	674	2.090905
735	675	0.749814
735	676	4.599979
735	734	0.273809
735	736	0.258405
735	742	1.340474
735	844	5.361874
735	857	7.666608
735	858	2.555549
736	674	1.021314
736	676	1.072379
736	735	0.258405
736	737	0.324964
736	741	1.261623
736	742	6.666622
736	751	21.447151
736	752	5.361874
736	857	21.447151
737	674	22.999471
737	676	11.499868
737	736	0.324964
737	738	0.749814
737	739	0.624845
737	740	2.299995
737	741	0.489361
737	751	11.499868
737	752	2.874992
737	753	7.149152
738	588	1.104008
738	589	0.978018
738	737	0.749814
738	739	0.261905
738	752	7.498092
738	773	11.247095
739	587	4.498869
739	588	0.776895
739	737	0.624845
739	738	0.261905
739	740	0.299926
739	774	1.906922
739	775	4.498869
739	826	10.999879
739	827	20.975737
740	737	2.299995
740	739	0.299926
740	741	0.323944
740	775	1.210525
740	776	1.124721
740	824	2.811798
740	826	22.493938
741	676	7.666608
741	736	1.261623
741	737	0.489361
741	740	0.323944
741	742	0.249391
741	776	1.071163
741	824	11.247095
741	1522	11.499868
742	675	0.361658
742	676	5.361874
742	677	1.949779
742	735	1.340474
742	736	6.666622
742	741	0.249391
742	743	0.874007
743	675	0.234042
743	727	10.487978
743	728	11.247095
743	731	0.591959
743	732	1.833330
743	734	2.044945
743	742	0.874007
743	744	1.124721
744	682	1.649813
744	683	0.343283
744	727	0.579665
744	728	22.999471
744	743	1.124721
744	745	0.238307
745	681	1.072379
745	682	1.666664
745	744	0.238307
745	746	0.285714
746	680	1.429839
746	681	0.714920
746	745	0.285714
746	747	0.332955
747	678	22.493938
747	679	1.498296
747	680	0.523126
747	746	0.332955
747	748	0.220802
748	678	1.261623
748	679	3.333322
748	747	0.220802
748	749	0.312500
749	677	1.340474
749	678	0.649927
749	748	0.312500
749	750	0.338983
750	676	1.531970
750	677	0.691858
750	749	0.338983
750	751	0.612788
751	674	1.352939
751	676	0.306667
751	736	21.447151
751	737	11.499868
751	750	0.612788
751	752	0.223301
752	673	1.730339
752	674	0.821428
752	736	5.361874
752	737	2.874992
752	738	7.498092
752	751	0.223301
752	753	0.228166
753	672	1.340474
753	673	4.195218
753	737	7.149152
753	752	0.228166
753	754	0.377358
754	671	1.261623
754	672	0.670237
754	753	0.377358
754	755	0.377358
754	855	7.149152
754	856	1.531970
755	670	1.128820
755	671	0.739572
755	754	0.377358
755	756	0.343872
755	846	1.261623
755	847	4.289504
755	855	1.429839
755	856	4.289504
756	668	4.498869
756	669	1.498296
756	670	0.459070
756	755	0.343872
756	757	0.276002
756	847	2.249439
757	668	1.261623
757	669	6.666622
757	756	0.276002
757	758	0.357143
757	759	1.818179
758	757	0.357143
758	759	0.526316
759	667	1.261623
759	668	0.536190
759	757	1.818179
759	758	0.526316
759	760	0.536190
760	666	1.261623
760	667	0.365079
760	759	0.536190
760	761	0.255329
761	665	1.498296
761	666	1.999996
761	760	0.255329
761	762	0.264785
761	764	3.999984
762	661	7.149152
762	662	0.320113
762	664	3.833319
762	665	2.499376
762	761	0.264785
762	763	0.978018
762	764	1.261623
763	597	4.498869
763	598	0.277709
763	661	4.195218
763	662	1.311009
763	663	7.333280
763	664	0.255619
763	762	0.978018
763	764	0.476731
764	597	2.383062
764	664	1.191533
764	665	2.097613
764	761	3.999984
764	762	1.261623
764	763	0.476731
764	765	0.739572
765	595	22.999471
765	596	1.128820
765	597	0.370968
765	664	2.874992
765	665	2.811798
765	764	0.739572
765	766	0.235688
766	595	1.261623
766	596	1.999996
766	765	0.235688
766	767	0.289855
766	833	2.383062
766	882	10.723690
767	594	1.340474
767	595	0.893650
767	766	0.289855
767	768	0.264785
767	831	4.289504
767	832	1.428569
767	833	2.144756
767	882	7.149152
767	883	0.999999
767	884	9.999900
768	586	5.749967
768	591	0.460000
768	592	0.765986
768	593	1.499627
768	594	3.833319
768	767	0.264785
768	769	0.937268
768	831	3.833319
768	883	21.447151
768	884	1.531970
769	586	3.213482
769	591	2.811798
769	592	1.165342
769	593	0.758620
769	768	0.937268
769	770	0.295979
769	884	2.996588
769	885	4.498869
770	586	7.666608
770	591	4.599979
770	592	0.630812
770	769	0.295979
770	771	0.338235
771	589	4.599979
771	590	1.649813
771	591	1.149999
771	770	0.338235
771	772	0.194978
772	589	1.261623
772	590	3.999984
772	771	0.194978
772	773	0.404672
773	588	1.261623
773	589	0.383333
773	738	11.247095
773	772	0.404672
773	774	0.218853
774	587	1.191533
774	588	3.333322
774	739	1.906922
774	773	0.218853
774	775	0.249391
775	587	0.696969
775	739	4.498869
775	740	1.210525
775	774	0.249391
775	776	1.022474
775	822	0.437706
775	823	2.680944
775	824	22.493938
775	826	2.499376
776	740	1.124721
776	741	1.071163
776	775	1.022474
776	777	0.211538
776	823	1.748012
776	824	0.392857
776	1507	7.498092
776	1521	1.249690
776	1522	11.247095
777	776	0.211538
777	778	0.209524
777	823	1.613549
777	1507	1.405901
777	1508	3.496017
777	1520	1.613549
777	1521	1.499627
778	777	0.209524
778	779	0.284740
778	813	22.493938
778	814	2.996588
778	821	4.195218
778	1507	11.247095
778	1508	0.998865
778	1509	3.666653
778	1519	2.811798
778	1520	2.330681
779	778	0.284740
779	780	0.264785
779	812	11.247095
779	813	2.299995
779	819	22.999471
779	820	1.261623
779	821	1.128820
779	903	21.447151
779	904	2.811798
779	905	22.493938
779	1508	21.447151
779	1509	1.874533
780	779	0.264785
780	781	0.446825
780	819	1.128820
780	820	1.818179
780	903	1.052630
780	904	2.097613
781	780	0.446825
781	782	0.268095
781	817	7.498092
781	818	1.128820
781	819	0.338235
781	903	5.361874
782	781	0.268095
782	783	0.302079
782	817	1.311009
782	818	6.666622
783	782	0.302079
783	784	0.258427
783	816	1.021314
783	817	0.576780
783	3333	21.447151
784	783	0.258427
784	785	0.219048
784	815	1.261623
784	816	0.523112
785	724	7.666608
785	784	0.219048
785	786	0.234694
785	813	22.999471
785	814	5.361874
785	815	1.787298
786	723	7.666608
786	724	3.285703
786	785	0.234694
786	787	0.803372
786	788	22.999471
786	812	2.499376
786	813	4.599979
786	814	5.361874
787	687	4.195218
787	688	1.398410
787	723	4.498869
787	724	0.576780
787	725	1.047618
787	786	0.803372
787	788	0.206371
788	687	2.680944
788	688	1.191533
788	786	22.999471
788	787	0.206371
788	789	0.204263
788	813	4.599979
788	814	1.429839
789	788	0.204263
789	790	0.249716
789	813	1.261623
789	814	3.999984
789	1520	19.999600
790	789	0.249716
790	791	0.956521
790	810	0.978018
790	811	0.839046
790	812	1.466665
790	813	1.183917
790	1519	1.730339
790	1520	20.975737
791	790	0.956521
791	792	0.323529
791	810	2.249439
791	811	1.048808
791	812	0.550000
791	1509	4.399981
791	1510	1.233891
791	1517	5.623579
791	1518	1.048808
791	1519	1.124721
792	791	0.323529
792	793	0.238366
792	804	5.499970
792	810	1.499627
792	811	0.428085
792	1510	1.906922
792	1511	1.165342
792	1517	3.749060
792	1518	4.195218
793	792	0.238366
793	794	0.400000
793	804	20.975737
793	809	1.261623
793	810	3.574589
793	1511	2.222217
793	1512	21.447151
793	3376	1.428569
793	3377	19.999600
794	793	0.400000
794	795	0.340438
794	808	1.261623
794	809	0.630812
794	3376	6.666622
794	3377	2.857135
795	707	2.680944
795	794	0.340438
795	796	0.302631
795	807	1.340474
795	808	0.359375
796	705	3.213482
796	706	1.124721
796	707	0.974890
796	795	0.302631
796	797	0.224944
796	806	1.261623
796	807	0.536190
797	703	22.493938
797	704	4.399981
797	705	1.999996
797	706	5.499970
797	796	0.224944
797	798	0.272418
797	802	5.499970
797	803	6.992010
797	805	10.487978
797	806	1.906922
798	703	7.149152
798	797	0.272418
798	799	0.294118
798	802	1.748012
798	804	6.992010
798	805	4.999975
799	798	0.294118
799	800	0.839046
799	801	0.428952
799	802	1.613549
800	799	0.839046
800	801	0.227217
800	1493	2.811798
800	1494	2.330681
800	3453	22.493938
801	799	0.428952
801	800	0.227217
801	802	0.357055
801	1493	2.555549
801	1494	2.383062
802	797	5.499970
802	798	1.748012
802	799	1.613549
802	801	0.357055
802	803	0.839046
802	804	0.293333
802	805	20.975737
802	1494	10.487978
803	797	6.992010
803	802	0.839046
803	804	0.776895
803	1512	0.649927
803	1513	1.649813
804	792	5.499970
804	793	20.975737
804	798	6.992010
804	802	0.293333
804	803	0.776895
804	805	0.262202
804	1502	1.613549
804	1517	1.249690
804	1518	5.244017
805	797	10.487978
805	798	4.999975
805	802	20.975737
805	804	0.262202
805	806	0.444444
805	1502	0.512820
805	1517	21.447151
805	1518	2.857135
806	702	6.666622
806	796	1.261623
806	797	1.906922
806	805	0.444444
806	807	0.344827
807	701	1.340474
807	702	3.999984
807	705	5.244017
807	706	2.097613
807	707	4.999975
807	795	1.340474
807	796	0.536190
807	806	0.344827
807	808	0.510657
808	701	5.749967
808	707	1.072379
808	708	5.749967
808	794	1.261623
808	795	0.359375
808	807	0.510657
808	809	0.280488
809	793	1.261623
809	794	0.630812
809	808	0.280488
809	810	0.250000
810	790	0.978018
810	791	2.249439
810	792	1.499627
810	793	3.574589
810	809	0.250000
810	811	0.595767
811	790	0.839046
811	791	1.048808
811	792	0.428085
811	810	0.595767
811	812	0.299660
812	779	11.247095
812	786	2.499376
812	790	1.466665
812	791	0.550000
812	811	0.299660
812	813	0.227217
813	778	22.493938
813	779	2.299995
813	785	22.999471
813	786	4.599979
813	788	4.599979
813	789	1.261623
813	790	1.183917
813	812	0.227217
813	814	0.198589
814	778	2.996588
814	785	5.361874
814	786	5.361874
814	788	1.429839
814	789	3.999984
814	813	0.198589
814	815	0.588235
815	725	1.233891
815	726	3.496017
815	784	1.261623
815	785	1.787298
815	814	0.588235
815	816	0.392157
816	783	1.021314
816	784	0.523112
816	815	0.392157
816	817	0.368003
817	679	20.975737
817	781	7.498092
817	782	1.311009
817	783	0.576780
817	816	0.368003
817	818	0.220802
818	781	1.128820
818	782	6.666622
818	817	0.220802
818	819	0.376274
819	779	22.999471
819	780	1.128820
819	781	0.338235
819	818	0.376274
819	820	0.238307
819	903	21.447151
820	779	1.261623
820	780	1.818179
820	819	0.238307
820	821	0.243902
820	902	10.723690
820	903	2.499994
820	904	6.992010
821	778	4.195218
821	779	1.128820
821	820	0.243902
821	822	0.434782
821	901	19.999600
821	902	4.289504
821	904	1.748012
821	905	1.398410
822	775	0.437706
822	821	0.434782
822	823	0.512820
822	901	19.999600
822	905	10.487978
822	906	3.574589
822	907	1.649813
823	587	21.447151
823	775	2.680944
823	776	1.748012
823	777	1.613549
823	822	0.512820
823	824	0.499433
823	826	1.048808
823	907	1.649813
823	908	2.857135
823	1507	1.949779
823	1508	19.999600
824	740	2.811798
824	741	11.247095
824	775	22.493938
824	776	0.392857
824	823	0.499433
824	825	0.785714
824	826	0.297297
824	908	20.975737
824	1506	6.992010
824	1507	1.874533
825	824	0.785714
825	826	0.709677
825	827	0.839046
825	1504	2.249439
825	1505	1.165342
825	1506	10.487978
825	1522	3.749060
825	1523	0.655505
825	1524	1.748012
825	1525	0.303979
826	587	0.346068
826	739	10.999879
826	740	22.493938
826	775	2.499376
826	823	1.048808
826	824	0.297297
826	825	0.709677
826	827	0.806775
826	1522	5.623579
826	1523	3.496017
827	586	21.447151
827	587	5.361874
827	739	20.975737
827	825	0.839046
827	826	0.806775
827	828	0.857904
827	829	0.419523
827	830	4.999975
827	1523	3.999984
827	1524	9.999900
827	1525	1.191533
828	827	0.857904
828	829	0.803372
828	830	0.456332
828	877	5.623579
829	580	2.044945
829	581	0.699205
829	582	3.142847
829	827	0.419523
829	828	0.803372
829	830	0.806775
829	1525	0.432585
830	580	0.549938
830	585	2.144756
830	827	4.999975
830	828	0.456332
830	829	0.806775
830	831	0.932504
830	877	1.233891
831	585	0.302631
831	767	4.289504
831	768	3.833319
831	830	0.932504
831	832	0.230619
831	882	22.999471
831	883	1.261623
831	884	0.523112
832	767	1.428569
832	831	0.230619
832	833	0.369786
832	882	1.191533
832	883	3.999984
833	766	2.383062
833	767	2.144756
833	832	0.369786
833	834	0.228166
833	881	1.340474
833	882	0.410714
834	833	0.228166
834	835	0.404672
834	880	1.128820
834	881	6.666622
835	834	0.404672
835	836	0.228166
835	878	22.999471
835	879	1.261623
835	880	0.460000
836	835	0.228166
836	837	0.250000
836	878	1.261623
836	879	1.666664
837	836	0.250000
837	838	0.874007
837	863	1.398410
837	874	0.384615
837	876	1.498296
837	878	0.932504
838	837	0.874007
838	839	0.299926
838	862	1.405901
838	863	0.328358
838	874	3.496017
839	838	0.299926
839	840	0.280488
839	861	1.191533
839	862	1.437498
839	874	21.447151
840	839	0.280488
840	841	0.221109
840	859	22.999471
840	860	1.261623
840	861	0.630812
841	840	0.221109
841	842	0.370370
841	859	1.649813
841	860	3.333322
842	841	0.370370
842	843	0.289855
842	858	1.261623
842	859	0.487445
843	842	0.289855
843	844	0.384615
843	857	1.128820
843	858	0.794355
844	734	5.361874
844	735	5.361874
844	843	0.384615
844	845	0.277778
844	856	1.429839
844	857	0.487445
845	672	10.723690
845	673	1.498296
845	844	0.277778
845	846	0.549938
845	855	1.649813
845	856	1.191533
846	672	2.555549
846	673	5.623579
846	755	1.261623
846	845	0.549938
846	847	0.261364
846	854	1.531970
846	855	0.287500
847	755	4.289504
847	756	2.249439
847	846	0.261364
847	848	0.247312
847	853	1.429839
847	854	1.021314
848	847	0.247312
848	849	0.893650
848	850	0.649927
848	852	1.340474
848	853	0.739572
849	848	0.893650
849	850	0.454545
850	848	0.649927
850	849	0.454545
850	851	1.052630
850	852	0.714285
851	850	1.052630
851	852	0.465116
852	848	1.340474
852	850	0.714285
852	851	0.465116
852	853	0.281690
853	847	1.429839
853	848	0.739572
853	852	0.281690
853	854	0.277778
854	846	1.531970
854	847	1.021314
854	853	0.277778
854	855	0.487445
855	754	7.149152
855	755	1.429839
855	845	1.649813
855	846	0.287500
855	854	0.487445
855	856	0.239583
856	754	1.531970
856	755	4.289504
856	844	1.429839
856	845	1.191533
856	855	0.239583
856	857	0.294872
857	734	22.999471
857	735	7.666608
857	736	21.447151
857	843	1.128820
857	844	0.487445
857	856	0.294872
857	858	0.242105
858	734	22.999471
858	735	2.555549
858	842	1.261623
858	843	0.794355
858	857	0.242105
858	859	0.328571
858	875	0.536190
859	733	21.447151
859	840	22.999471
859	841	1.649813
859	842	0.487445
859	858	0.328571
859	860	0.233126
859	875	1.021314
860	840	1.261623
860	841	3.333322
860	859	0.233126
860	861	0.377358
861	839	1.191533
861	840	0.630812
861	860	0.377358
861	862	0.249391
862	838	1.405901
862	839	1.437498
862	861	0.249391
862	863	1.071163
862	873	0.353846
862	874	1.787298
863	837	1.398410
863	838	0.328358
863	862	1.071163
863	864	0.194690
863	873	2.044945
863	874	5.244017
863	876	7.333280
864	863	0.194690
864	865	0.218393
864	873	1.874533
864	876	1.833330
864	878	2.811798
865	864	0.218393
865	866	0.264785
865	872	1.261623
865	873	1.642854
865	876	11.247095
865	878	1.277776
865	879	21.447151
866	865	0.264785
866	867	0.294118
866	871	1.261623
866	878	1.072379
866	879	6.666622
867	866	0.294118
867	868	0.749149
867	869	1.104008
867	870	3.333322
867	871	0.670237
868	581	2.330681
868	582	0.578947
868	867	0.749149
868	869	0.198198
868	921	1.323201
868	922	3.666653
868	1081	2.330681
869	580	2.499376
869	581	1.613549
869	867	1.104008
869	868	0.198198
869	870	0.279682
869	922	1.157893
869	923	3.666653
869	1081	1.165342
869	1082	22.493938
870	580	1.261623
870	581	19.999600
870	867	3.333322
870	869	0.279682
870	871	0.340438
870	877	4.195218
870	922	2.622015
870	923	1.233891
871	866	1.261623
871	867	0.670237
871	870	0.340438
871	872	0.252325
871	877	1.323201
872	865	1.261623
872	871	0.252325
872	873	0.246524
872	876	5.244017
872	877	0.566923
873	862	0.353846
873	863	2.044945
873	864	1.874533
873	865	1.642854
873	872	0.246524
873	874	0.974890
873	875	21.447151
873	876	0.548645
874	837	0.384615
874	838	3.496017
874	839	21.447151
874	862	1.787298
874	863	5.244017
874	873	0.974890
874	875	0.869564
874	876	2.330681
875	858	0.536190
875	859	1.021314
875	873	21.447151
875	874	0.869564
875	876	0.912007
876	837	1.498296
876	863	7.333280
876	864	1.833330
876	865	11.247095
876	872	5.244017
876	873	0.548645
876	874	2.330681
876	875	0.912007
876	877	0.709677
876	878	0.277709
877	580	0.416564
877	828	5.623579
877	830	1.233891
877	870	4.195218
877	871	1.323201
877	872	0.566923
877	876	0.709677
877	878	1.022474
878	835	22.999471
878	836	1.261623
878	837	0.932504
878	864	2.811798
878	865	1.277776
878	866	1.072379
878	876	0.277709
878	877	1.022474
878	879	0.240984
879	835	1.261623
879	836	1.666664
879	865	21.447151
879	866	6.666622
879	878	0.240984
879	880	0.324964
880	834	1.128820
880	835	0.460000
880	879	0.324964
880	881	0.278540
881	833	1.340474
881	834	6.666622
881	880	0.278540
881	882	0.376274
882	595	5.749967
882	596	1.021314
882	766	10.723690
882	767	7.149152
882	831	22.999471
882	832	1.191533
882	833	0.410714
882	881	0.376274
882	883	0.243723
883	594	3.574589
883	595	0.857904
883	596	3.999984
883	767	0.999999
883	768	21.447151
883	831	1.261623
883	832	3.999984
883	882	0.243723
883	884	0.384615
884	585	1.021314
884	586	1.787298
884	594	21.447151
884	767	9.999900
884	768	1.531970
884	769	2.996588
884	831	0.523112
884	883	0.384615
884	885	0.345929
885	578	22.999471
885	579	1.261623
885	584	22.493938
885	585	0.353846
885	586	0.638888
885	769	4.498869
885	884	0.345929
885	886	0.216642
886	578	1.261623
886	579	1.333332
886	584	1.398410
886	885	0.216642
886	887	0.500000
887	577	1.261623
887	578	0.595767
887	583	1.613549
887	584	0.699205
887	886	0.500000
887	888	0.289855
888	572	0.465116
888	573	1.311009
888	577	1.531970
888	583	4.195218
888	887	0.289855
888	889	0.857904
889	888	0.857904
889	890	0.294872
889	915	21.447151
889	916	1.072379
889	917	0.803372
889	918	0.899777
889	919	5.623579
890	583	11.247095
890	889	0.294872
890	891	0.234694
890	915	1.128820
890	916	0.649927
890	918	3.749060
890	919	0.937268
891	890	0.234694
891	892	0.252747
891	913	7.498092
891	914	1.191533
891	915	0.974890
891	1485	7.666608
892	891	0.252747
892	893	0.288390
892	912	1.183917
892	913	1.124721
892	914	5.361874
892	1484	1.352939
892	1485	7.666608
893	892	0.288390
893	894	0.548645
893	895	0.287345
893	911	1.294116
893	912	1.374998
893	1483	22.493938
893	1484	11.247095
894	893	0.548645
894	895	0.612788
894	910	0.353846
894	911	2.044945
895	893	0.287345
895	894	0.612788
895	896	0.419523
895	910	0.893650
895	911	1.233891
895	912	20.975737
896	895	0.419523
896	897	0.225550
896	910	2.044945
896	911	0.333333
896	1416	1.874533
897	896	0.225550
897	898	0.329963
897	1416	3.574589
897	1417	4.289504
898	897	0.329963
898	899	0.221154
898	909	1.649813
899	898	0.221154
899	900	0.230619
899	907	22.999471
899	908	1.340474
899	909	1.531970
900	899	0.230619
900	901	0.338983
900	907	1.261623
900	908	4.999975
901	821	19.999600
901	822	19.999600
901	900	0.338983
901	902	0.329963
901	906	1.191533
901	907	0.649927
902	820	10.723690
902	821	4.289504
902	901	0.329963
902	903	0.691858
902	904	0.624845
902	905	1.874533
902	906	0.389830
903	779	21.447151
903	780	1.052630
903	781	5.361874
903	819	21.447151
903	820	2.499994
903	902	0.691858
903	904	0.246778
903	3371	5.361874
903	3372	3.333322
904	779	2.811798
904	780	2.097613
904	820	6.992010
904	821	1.748012
904	902	0.624845
904	903	0.246778
904	905	0.215686
904	3372	5.244017
905	779	22.493938
905	821	1.398410
905	822	10.487978
905	902	1.874533
905	904	0.215686
905	906	0.357055
905	1509	3.142847
906	822	3.574589
906	901	1.191533
906	902	0.389830
906	905	0.357055
906	907	0.273809
907	822	1.649813
907	823	1.649813
907	899	22.999471
907	900	1.261623
907	901	0.649927
907	906	0.273809
907	908	0.235688
907	1508	21.447151
908	823	2.857135
908	824	20.975737
908	899	1.340474
908	900	4.999975
908	907	0.235688
908	909	0.281690
909	898	1.649813
909	899	1.531970
909	908	0.281690
909	910	0.329963
910	894	0.353846
910	895	0.893650
910	896	2.044945
910	909	0.329963
910	911	0.702951
911	893	1.294116
911	894	2.044945
911	895	1.233891
911	896	0.333333
911	910	0.702951
911	912	0.244444
912	892	1.183917
912	893	1.374998
912	895	20.975737
912	911	0.244444
912	913	0.275000
912	1415	10.487978
913	891	7.498092
913	892	1.124721
913	912	0.275000
913	914	0.214043
913	1414	1.157893
913	1415	2.996588
914	891	1.191533
914	892	5.361874
914	913	0.214043
914	915	0.298507
914	1413	19.999600
914	1414	4.195218
915	889	21.447151
915	890	1.128820
915	891	0.974890
915	914	0.298507
915	916	0.338983
915	1485	4.289504
915	1486	9.999900
916	889	1.072379
916	890	0.649927
916	915	0.338983
916	917	0.456004
916	918	20.975737
917	536	5.244017
917	537	22.493938
917	889	0.803372
917	916	0.456004
917	918	0.354839
918	536	20.975737
918	537	22.493938
918	889	0.899777
918	890	3.749060
918	916	20.975737
918	917	0.354839
918	919	0.241758
919	582	21.999516
919	889	5.623579
919	890	0.937268
919	918	0.241758
919	920	0.267791
920	582	2.044945
920	919	0.267791
920	921	0.283951
921	581	3.574589
921	582	0.642698
921	868	1.323201
921	920	0.283951
921	922	0.227217
922	581	2.097613
922	868	3.666653
922	869	1.157893
922	870	2.622015
922	921	0.227217
922	923	0.201835
922	1082	22.493938
923	869	3.666653
923	870	1.233891
923	922	0.201835
923	924	0.332955
923	1082	7.498092
923	1083	2.199995
924	923	0.332955
924	925	0.259740
924	1083	0.912007
924	1084	2.144756
924	1397	20.975737
925	924	0.259740
925	926	0.306394
925	1084	3.574589
925	1085	2.680944
925	1397	1.498296
926	925	0.306394
926	927	0.214233
926	1394	7.149152
926	1396	1.021314
926	1397	0.441067
926	1399	1.183917
927	926	0.214233
927	928	0.246778
927	1393	4.498869
927	1394	1.613549
927	1396	1.748012
927	1399	0.846153
927	1400	4.195218
928	927	0.246778
928	929	0.404672
928	1392	19.999600
928	1393	1.261623
928	1394	19.999600
928	1400	0.740740
928	1498	1.748012
929	928	0.404672
929	930	1.149999
929	931	0.418182
929	1392	1.128820
929	1393	0.433962
929	1400	21.447151
929	1498	0.562361
929	1499	7.498092
929	1501	7.666608
930	929	1.149999
930	931	0.793103
930	1501	0.232323
931	929	0.418182
931	930	0.793103
931	932	0.261364
931	1391	1.191533
931	1392	0.536190
931	1498	22.493938
931	1499	2.249439
931	1501	5.749967
932	931	0.261364
932	933	0.261364
932	1390	1.261623
932	1391	0.765986
933	932	0.261364
933	934	0.258405
933	1388	22.999471
933	1389	1.261623
933	1390	0.670237
934	933	0.258405
934	935	0.344827
934	1388	1.261623
934	1389	2.499994
935	934	0.344827
935	936	0.344827
935	1387	1.261623
935	1388	0.579665
936	935	0.344827
936	937	0.428952
936	1386	1.128820
936	1387	0.595767
937	936	0.428952
937	938	0.794355
937	939	0.340825
937	1385	1.261623
937	1386	0.442307
938	937	0.794355
938	939	1.048808
938	940	19.999600
938	941	6.992010
938	942	1.311009
938	943	1.949779
938	1346	0.434782
938	1347	0.526316
938	1376	10.487978
939	937	0.340825
939	938	1.048808
939	940	0.230507
939	1380	22.493938
939	1381	1.498296
939	1383	20.975737
939	1384	2.097613
939	1385	0.953462
940	938	19.999600
940	939	0.230507
940	941	0.268925
940	1380	1.340474
940	1381	2.499994
940	1383	1.666664
940	1384	1.538459
941	938	6.992010
941	940	0.268925
941	942	0.293333
941	1347	4.195218
941	1378	3.142847
941	1379	2.330681
941	1380	0.749814
942	938	1.311009
942	941	0.293333
942	943	0.229535
942	1347	1.748012
942	1376	21.999516
942	1377	1.233891
942	1378	10.999879
943	938	1.949779
943	942	0.229535
943	944	0.252325
943	1345	3.833319
943	1346	0.974890
943	1376	1.022474
943	1377	1.429839
944	943	0.252325
944	945	0.289832
944	1345	1.261623
944	1346	4.999975
944	1351	20.975737
944	1375	2.622015
944	1376	5.244017
945	944	0.289832
945	946	0.277108
945	1344	1.261623
945	1345	0.433962
945	1352	7.498092
946	945	0.277108
946	947	0.264785
946	1343	1.949779
946	1344	0.476613
947	946	0.264785
947	948	0.335119
947	949	10.723690
947	1234	6.666622
947	1238	20.975737
947	1339	21.447151
947	1342	1.748012
947	1343	1.818179
948	947	0.335119
948	949	0.621621
948	950	11.247095
948	1235	22.999471
948	1339	2.299995
948	1340	0.884615
948	1341	1.183917
948	1342	0.535582
949	947	10.723690
949	948	0.621621
949	950	0.299926
949	1238	1.606743
949	1239	10.723690
949	1336	3.833319
949	1339	0.264368
949	1340	22.999471
950	948	11.247095
950	949	0.299926
950	951	0.281180
950	1236	20.975737
950	1237	1.748012
950	1238	0.647058
950	1335	1.466665
950	1336	7.498092
951	950	0.281180
951	952	0.198589
951	1235	3.285703
951	1236	1.072379
951	1237	1.072379
951	1308	2.499376
951	1334	3.213482
951	1335	11.247095
952	951	0.198589
952	953	0.487818
952	1235	1.021314
952	1236	2.222217
952	1308	2.330681
952	1309	3.999984
952	1365	19.999600
953	386	20.975737
953	952	0.487818
953	954	0.243909
953	975	1.499627
953	1233	22.493938
953	1234	1.498296
953	1235	0.368761
953	1364	21.999516
953	1365	0.776895
954	386	6.666622
954	953	0.243909
954	955	0.376274
954	975	0.487445
954	1233	1.128820
954	1234	1.999996
954	1364	10.487978
955	954	0.376274
955	956	0.235688
955	974	0.893650
955	975	3.833319
955	976	3.574589
955	1232	1.261623
955	1233	0.343283
956	955	0.235688
956	957	0.363519
956	967	21.447151
956	968	2.097613
956	969	5.244017
956	973	10.487978
956	974	4.999975
956	976	6.666622
956	1231	1.498296
956	1232	1.428569
957	956	0.363519
957	958	0.225490
957	968	11.247095
957	969	3.213482
957	1230	0.932504
957	1231	0.401686
958	957	0.225490
958	959	0.204263
958	1227	5.623579
958	1228	1.531970
958	1229	3.749060
958	1230	0.932504
959	153	1.483237
959	958	0.204263
959	960	0.259740
959	1227	1.311009
959	1228	19.999600
959	1229	1.906922
960	153	2.966471
960	959	0.259740
960	961	0.377358
960	964	1.249998
960	1227	0.912007
961	960	0.377358
961	962	0.655505
961	963	0.411297
961	964	0.454545
962	961	0.655505
962	963	0.215686
962	989	1.498296
962	990	10.999879
962	1222	11.247095
962	1223	5.623579
963	961	0.411297
963	962	0.215686
963	964	0.582671
963	965	10.487978
963	988	2.622015
963	989	0.806775
963	1223	1.124721
963	1224	1.183917
964	960	1.249998
964	961	0.454545
964	963	0.582671
964	965	0.833333
964	1224	3.574589
964	1225	2.857135
964	1227	0.308473
965	963	10.487978
965	964	0.833333
965	966	0.303030
965	978	10.487978
965	987	0.403388
965	988	0.869564
965	1203	2.330681
965	1224	21.447151
965	1225	1.249998
966	965	0.303030
966	967	0.340438
966	977	1.128820
966	978	4.195218
966	1203	2.097613
967	345	14.387288
967	956	21.447151
967	966	0.340438
967	968	0.274322
967	976	1.340474
967	977	0.450980
967	1201	3.574589
967	1202	10.723690
968	956	2.097613
968	957	11.247095
968	967	0.274322
968	969	0.709677
968	973	0.879999
968	974	10.487978
968	976	5.244017
968	1200	4.498869
968	1201	2.996588
969	956	5.244017
969	957	3.213482
969	968	0.709677
969	970	0.865170
969	973	0.379310
969	1199	11.247095
969	1200	2.044945
970	969	0.865170
970	971	0.206227
970	973	3.749060
970	1401	10.723690
971	970	0.206227
971	972	0.243909
971	973	2.097613
972	971	0.243909
972	973	0.999999
972	1064	3.749060
972	1065	0.749149
972	1066	20.975737
973	956	10.487978
973	968	0.879999
973	969	0.379310
973	970	3.749060
973	971	2.097613
973	972	0.999999
973	974	0.233069
973	976	10.487978
973	1064	22.493938
974	955	0.893650
974	956	4.999975
974	968	10.487978
974	973	0.233069
974	975	1.021314
974	976	1.333332
974	1232	19.999600
974	1233	0.893650
975	953	1.499627
975	954	0.487445
975	955	3.833319
975	974	1.021314
975	976	0.649927
975	1233	4.599979
975	1234	5.361874
975	1235	22.999471
975	1364	1.606743
975	1365	1.787298
975	1366	0.489361
975	1367	10.723690
976	955	3.574589
976	956	6.666622
976	967	1.340474
976	968	5.244017
976	973	10.487978
976	974	1.333332
976	975	0.649927
976	977	0.893650
976	1366	10.723690
976	1367	3.999984
977	966	1.128820
977	967	0.450980
977	976	0.893650
977	978	0.218393
977	979	5.623579
978	965	10.487978
978	966	4.195218
978	977	0.218393
978	979	0.999999
978	980	7.498092
979	977	5.623579
979	978	0.999999
979	980	0.775670
979	1359	0.999999
979	1360	1.398410
979	1364	3.666653
979	1366	3.213482
979	1367	2.097613
979	1368	4.195218
980	385	0.389956
980	386	3.574589
980	978	7.498092
980	979	0.775670
980	981	0.865170
980	1360	0.446825
980	1361	2.383062
980	1363	11.499868
980	1364	0.478605
981	980	0.865170
981	982	0.846153
981	983	6.992010
981	984	2.622015
981	985	1.165342
981	986	1.613549
981	1225	0.676650
981	1226	0.535582
982	385	20.975737
982	386	4.195218
982	981	0.846153
982	983	0.723316
982	984	6.992010
982	1226	7.498092
982	1318	1.730339
982	1320	0.372881
982	1321	0.328358
982	1323	10.487978
982	1324	0.839046
982	1362	1.833330
982	1363	1.499627
983	981	6.992010
983	982	0.723316
983	984	0.333333
983	985	1.666664
983	1221	19.999600
983	1222	10.723690
983	1224	3.063935
983	1225	3.999984
983	1319	3.999984
983	1320	0.699205
983	1324	19.999600
983	1362	10.487978
984	981	2.622015
984	982	6.992010
984	983	0.333333
984	985	0.259740
984	986	19.999600
984	1224	21.447151
984	1363	21.447151
985	981	1.165342
985	983	1.666664
985	984	0.259740
985	986	0.229885
985	1224	5.361874
985	1225	3.999984
986	981	1.613549
986	984	19.999600
986	985	0.229885
986	987	0.338325
986	988	6.666622
986	1224	2.144756
986	1225	1.111110
987	965	0.403388
987	986	0.338325
987	988	0.466137
987	1052	1.233891
987	1053	2.499376
987	1203	1.294116
987	1224	4.498869
987	1225	20.975737
988	963	2.622015
988	965	0.869564
988	986	6.666622
988	987	0.466137
988	989	0.312500
988	1053	10.723690
988	1223	1.261623
988	1224	0.974890
989	962	1.498296
989	963	0.806775
989	988	0.312500
989	990	0.411297
989	1222	1.021314
989	1223	0.523112
990	962	10.999879
990	989	0.411297
990	991	0.234317
990	1220	6.992010
990	1221	1.613549
990	1222	0.548645
991	990	0.234317
991	992	0.306667
991	1019	4.498869
991	1020	22.493938
991	1219	21.447151
991	1220	0.974890
991	1221	1.787298
992	991	0.306667
992	993	0.238307
992	1019	2.249439
992	1020	2.249439
992	1021	1.405901
992	1219	1.021314
992	1220	0.794355
993	992	0.238307
993	994	0.512820
993	1021	1.748012
993	1022	1.949779
993	1218	1.261623
993	1219	2.857135
994	993	0.512820
994	995	0.281690
994	1022	7.149152
994	1023	9.999900
994	1217	1.531970
994	1218	0.564410
995	994	0.281690
995	996	0.952380
995	997	10.723690
995	1214	0.370370
995	1215	4.195218
995	1217	3.063935
996	995	0.952380
996	997	0.382993
996	1000	20.975737
996	1046	0.799999
996	1047	0.839046
996	1048	0.769230
997	995	10.723690
997	996	0.382993
997	998	0.661601
997	999	2.144756
997	1000	11.247095
997	1048	1.261623
997	1049	0.351476
997	1215	11.247095
998	997	0.661601
998	999	0.276002
998	1049	5.499970
998	1050	2.249439
998	1217	22.493938
998	1218	1.730339
999	997	2.144756
999	998	0.276002
999	1000	0.749149
999	1049	1.748012
999	1050	10.723690
1000	996	20.975737
1000	997	11.247095
1000	999	0.749149
1000	1001	0.233069
1000	1047	1.999996
1000	1048	2.097613
1000	1049	2.749992
1001	1000	0.233069
1001	1002	0.369786
1001	1047	1.233891
1002	1001	0.369786
1002	1003	0.252325
1002	1045	5.749967
1002	1046	1.340474
1002	1047	0.459070
1003	1002	0.252325
1003	1004	0.294118
1003	1045	1.649813
1003	1046	6.666622
1004	1003	0.294118
1004	1005	0.388448
1004	1044	1.398410
1004	1045	1.128820
1005	1004	0.388448
1005	1006	0.292136
1005	1043	2.330681
1005	1044	0.511628
1006	1005	0.292136
1006	1007	0.310811
1006	1042	1.429839
1006	1043	3.063935
1007	1006	0.310811
1007	1008	0.244681
1007	1041	1.531970
1007	1042	0.974890
1008	1007	0.244681
1008	1009	0.459070
1008	1010	3.213482
1008	1029	22.999471
1008	1039	2.874992
1008	1040	1.072379
1008	1041	0.857904
1009	1008	0.459070
1009	1010	0.226804
1009	1029	1.071163
1009	1030	0.537850
1009	1031	0.468634
1009	1039	1.249690
1009	1040	4.195218
1010	1008	3.213482
1010	1009	0.226804
1010	1011	0.255807
1010	1028	22.493938
1010	1029	3.213482
1010	1039	2.499376
1010	1040	1.233891
1010	1041	4.195218
1011	1010	0.255807
1011	1012	0.307692
1011	1028	0.974890
1011	1029	2.680944
1011	1040	4.999975
1011	1041	19.999600
1012	1011	0.307692
1012	1013	0.298507
1012	1027	1.340474
1012	1028	0.649927
1013	1012	0.298507
1013	1014	0.579665
1013	1026	1.649813
1013	1027	0.670237
1014	1013	0.579665
1014	1015	0.239583
1014	1025	1.787298
1014	1026	0.319444
1015	1014	0.239583
1015	1016	0.273809
1015	1024	1.261623
1015	1025	1.261623
1016	1015	0.273809
1016	1017	0.228166
1016	1023	3.063935
1016	1024	0.549938
1017	1016	0.228166
1017	1018	0.340438
1017	1022	1.649813
1017	1023	6.666622
1018	1017	0.340438
1018	1019	0.775670
1018	1020	0.576780
1018	1021	1.323201
1018	1022	1.045453
1019	991	4.498869
1019	992	2.249439
1019	1018	0.775670
1019	1020	0.250000
1019	1221	1.498296
1020	991	22.493938
1020	992	2.249439
1020	1018	0.576780
1020	1019	0.250000
1020	1021	0.209524
1020	1220	1.165342
1020	1221	2.622015
1021	992	1.405901
1021	993	1.748012
1021	1018	1.323201
1021	1020	0.209524
1021	1022	0.252746
1021	1219	2.622015
1021	1220	1.498296
1022	993	1.949779
1022	994	7.149152
1022	1017	1.649813
1022	1018	1.045453
1022	1021	0.252746
1022	1023	0.238307
1023	994	9.999900
1023	1016	3.063935
1023	1017	6.666622
1023	1022	0.238307
1023	1024	0.377358
1024	1015	1.261623
1024	1016	0.549938
1024	1023	0.377358
1024	1025	0.243902
1025	1014	1.787298
1025	1015	1.261623
1025	1024	0.243902
1025	1026	0.630812
1026	1013	1.649813
1026	1014	0.319444
1026	1025	0.630812
1026	1027	0.252747
1027	1012	1.340474
1027	1013	0.670237
1027	1026	0.252747
1027	1028	0.227723
1028	1010	22.493938
1028	1011	0.974890
1028	1012	0.649927
1028	1027	0.227723
1028	1029	0.250000
1029	1008	22.999471
1029	1009	1.071163
1029	1010	3.213482
1029	1011	2.680944
1029	1028	0.250000
1029	1030	0.306394
1030	1009	0.537850
1030	1029	0.306394
1030	1031	0.691858
1031	1009	0.468634
1031	1030	0.691858
1031	1032	0.285968
1031	1038	2.249439
1031	1039	3.833319
1032	377	0.392157
1032	1031	0.285968
1032	1037	2.383062
1032	1038	1.311009
1033	379	0.252325
1033	380	0.937268
1033	381	1.437498
1033	1034	0.691858
1033	1035	0.433962
1034	1033	0.691858
1034	1035	0.306394
1035	380	0.362813
1035	1033	0.433962
1035	1034	0.306394
1036	377	1.128820
1036	378	0.691858
1036	382	0.294872
1036	1037	0.319444
1037	377	0.456332
1037	1032	2.383062
1037	1036	0.319444
1037	1038	0.308143
1038	1031	2.249439
1038	1032	1.311009
1038	1037	0.308143
1038	1039	0.229535
1039	1008	2.874992
1039	1009	1.249690
1039	1010	2.499376
1039	1031	3.833319
1039	1038	0.229535
1039	1040	0.212353
1040	1008	1.072379
1040	1009	4.195218
1040	1010	1.233891
1040	1011	4.999975
1040	1039	0.212353
1040	1041	0.285714
1041	1007	1.531970
1041	1008	0.857904
1041	1010	4.195218
1041	1011	19.999600
1041	1040	0.285714
1041	1042	0.312500
1042	1006	1.429839
1042	1007	0.974890
1042	1041	0.312500
1042	1043	0.240964
1043	1005	2.330681
1043	1006	3.063935
1043	1042	0.240964
1043	1044	0.476731
1044	1004	1.398410
1044	1005	0.511628
1044	1043	0.476731
1044	1045	0.299926
1045	1002	5.749967
1045	1003	1.649813
1045	1004	1.128820
1045	1044	0.299926
1045	1046	0.230619
1046	996	0.799999
1046	1002	1.340474
1046	1003	6.666622
1046	1045	0.230619
1046	1047	0.381385
1047	996	0.839046
1047	1000	1.999996
1047	1001	1.233891
1047	1002	0.459070
1047	1046	0.381385
1047	1048	0.349603
1048	996	0.769230
1048	997	1.261623
1048	1000	2.097613
1048	1047	0.349603
1048	1049	0.428085
1049	997	0.351476
1049	998	5.499970
1049	999	1.748012
1049	1000	2.749992
1049	1048	0.428085
1049	1050	0.299926
1049	1213	4.195218
1049	1215	2.199995
1049	1217	7.498092
1050	998	2.249439
1050	999	10.723690
1050	1049	0.299926
1050	1051	0.383333
1050	1212	1.261623
1050	1213	2.144756
1050	1215	22.493938
1050	1216	21.447151
1050	1217	1.533331
1050	1218	7.666608
1051	1050	0.383333
1051	1052	0.649927
1051	1053	0.589743
1051	1211	1.191533
1051	1212	0.549938
1051	1216	3.063935
1051	1217	2.090905
1051	1218	22.999471
1052	987	1.233891
1052	1051	0.649927
1052	1053	0.794355
1052	1203	0.355528
1052	1204	4.289504
1052	1205	4.999975
1053	987	2.499376
1053	988	10.723690
1053	1051	0.589743
1053	1052	0.794355
1053	1054	0.278540
1053	1203	11.247095
1053	1210	1.072379
1053	1211	0.579665
1053	1216	7.149152
1053	1217	11.499868
1054	329	6.708159
1054	330	3.162268
1054	1053	0.278540
1054	1055	0.253164
1054	1203	20.975737
1054	1209	1.261623
1054	1210	1.428569
1055	328	3.162268
1055	329	6.708159
1055	330	4.216352
1055	1054	0.253164
1055	1056	0.857904
1055	1057	3.999984
1055	1058	1.398410
1055	1202	0.526316
1055	1208	1.649813
1055	1209	0.765986
1056	328	13.564476
1056	1055	0.857904
1056	1057	0.510657
1056	1058	2.249439
1056	1059	1.128820
1056	1060	1.916663
1056	1061	3.285703
1056	1201	0.235688
1056	1202	0.670237
1056	1205	10.723690
1056	1206	3.213482
1057	211	14.832177
1057	212	2.118909
1057	329	6.708159
1057	1055	3.999984
1057	1056	0.510657
1057	1058	0.998865
1057	1059	19.999600
1057	1198	0.476190
1057	1199	1.531970
1057	1200	4.289504
1057	1201	19.999600
1058	1055	1.398410
1058	1056	2.249439
1058	1057	0.998865
1058	1059	0.299660
1058	1202	1.311009
1058	1207	6.992010
1058	1208	0.284740
1059	1056	1.128820
1059	1057	19.999600
1059	1058	0.299660
1059	1060	0.691858
1059	1202	0.869564
1059	1206	1.613549
1059	1207	1.999996
1060	1056	1.916663
1060	1059	0.691858
1060	1061	0.216981
1060	1205	1.261623
1060	1206	0.374907
1061	1056	3.285703
1061	1060	0.216981
1061	1062	0.216642
1061	1200	2.874992
1061	1201	1.429839
1061	1204	3.833319
1061	1205	3.063935
1062	1061	0.216642
1062	1063	0.350877
1062	1199	21.447151
1062	1200	1.261623
1062	1201	19.999600
1063	1062	0.350877
1063	1064	0.466252
1063	1199	1.191533
1063	1200	0.691858
1064	972	3.749060
1064	973	22.493938
1064	1063	0.466252
1064	1065	0.218853
1064	1196	7.149152
1064	1197	1.261623
1064	1199	0.365079
1065	972	0.749149
1065	1064	0.218853
1065	1066	0.322581
1065	1195	10.723690
1065	1196	1.333332
1065	1197	4.999975
1066	972	20.975737
1066	1065	0.322581
1066	1067	0.243723
1066	1195	1.261623
1066	1196	4.999975
1066	1386	21.447151
1067	1066	0.243723
1067	1068	0.857904
1067	1069	0.329963
1067	1192	2.090905
1067	1193	1.874533
1067	1194	7.149152
1067	1195	1.769228
1067	1386	5.749967
1067	1387	2.090905
1068	1067	0.857904
1068	1069	0.666666
1068	1070	4.195218
1068	1112	2.222217
1068	1191	1.333332
1068	1192	0.612788
1069	1067	0.329963
1069	1068	0.666666
1069	1070	0.299660
1069	1192	21.447151
1069	1193	1.748012
1069	1387	21.447151
1069	1388	7.149152
1070	1068	4.195218
1070	1069	0.299660
1070	1071	0.346068
1070	1095	21.999516
1070	1096	0.956521
1070	1097	2.249439
1070	1098	20.975737
1070	1111	1.249690
1070	1112	5.244017
1070	1193	1.999996
1070	1388	11.247095
1071	1070	0.346068
1071	1072	0.264785
1071	1097	1.149999
1071	1110	1.261623
1071	1111	0.589743
1071	1193	0.865170
1071	1388	2.874992
1071	1389	3.574589
1072	1071	0.264785
1072	1073	0.312500
1072	1097	1.531970
1072	1109	1.429839
1072	1110	3.999984
1072	1193	2.996588
1072	1194	1.176469
1072	1389	6.666622
1073	1072	0.312500
1073	1074	0.327869
1073	1088	1.666664
1073	1097	1.949779
1073	1108	1.613549
1073	1109	0.739572
1074	1073	0.327869
1074	1075	0.420541
1074	1087	4.289504
1074	1088	3.999984
1074	1107	1.340474
1074	1108	0.912007
1075	1074	0.420541
1075	1076	0.218853
1075	1087	3.833319
1075	1105	4.498869
1075	1106	1.340474
1075	1107	0.442307
1076	1075	0.218853
1076	1077	0.278540
1076	1087	7.149152
1076	1105	1.233891
1076	1106	9.999900
1077	1076	0.278540
1077	1078	0.238307
1077	1085	22.999471
1077	1086	1.072379
1077	1087	22.999471
1077	1104	1.405901
1077	1105	0.401686
1078	1077	0.238307
1078	1079	0.425532
1078	1085	1.261623
1078	1086	2.857135
1078	1104	1.048808
1079	1078	0.425532
1079	1080	0.363519
1079	1084	1.261623
1079	1085	0.579665
1080	1079	0.363519
1080	1081	0.857904
1080	1082	0.500000
1080	1083	1.874533
1080	1084	0.389830
1081	868	2.330681
1081	869	1.165342
1081	1080	0.857904
1081	1082	0.302079
1082	869	22.493938
1082	922	22.493938
1082	923	7.498092
1082	1080	0.500000
1082	1081	0.302079
1082	1083	0.249938
1083	923	2.199995
1083	924	0.912007
1083	1080	1.874533
1083	1082	0.249938
1083	1084	0.394639
1084	924	2.144756
1084	925	3.574589
1084	1079	1.261623
1084	1080	0.389830
1084	1083	0.394639
1084	1085	0.261364
1085	925	2.680944
1085	1077	22.999471
1085	1078	1.261623
1085	1079	0.579665
1085	1084	0.261364
1085	1086	0.240984
1086	1077	1.072379
1086	1078	2.857135
1086	1085	0.240984
1086	1087	0.320113
1086	1104	10.487978
1086	1105	2.330681
1087	1074	4.289504
1087	1075	3.833319
1087	1076	7.149152
1087	1077	22.999471
1087	1086	0.320113
1087	1088	0.264785
1087	1089	0.739572
1087	1103	21.447151
1087	1105	0.833127
1087	1106	3.574589
1087	1107	7.666608
1088	1073	1.666664
1088	1074	3.999984
1088	1087	0.264785
1088	1089	0.465116
1088	1097	0.466252
1088	1102	21.447151
1089	1087	0.739572
1089	1088	0.465116
1089	1090	0.363519
1089	1102	1.128820
1089	1103	2.222217
1089	1390	3.999984
1090	1089	0.363519
1090	1091	0.258427
1090	1100	21.447151
1090	1101	1.261623
1090	1102	0.370968
1090	1389	10.723690
1090	1390	3.063935
1091	1090	0.258427
1091	1092	0.239583
1091	1100	1.261623
1091	1101	0.691858
1091	1170	22.493938
1091	1171	11.247095
1092	1091	0.239583
1092	1093	0.212353
1092	1099	1.072379
1092	1100	0.579665
1092	1171	3.213482
1092	1172	2.811798
1093	1092	0.212353
1093	1094	0.294118
1093	1098	1.428569
1093	1099	1.176469
1093	1172	2.996588
1093	1173	1.949779
1093	1174	19.999600
1094	1093	0.294118
1094	1095	0.806775
1094	1096	0.552004
1094	1097	3.063935
1094	1098	0.526316
1094	1174	3.999984
1095	1070	21.999516
1095	1094	0.806775
1095	1096	0.250000
1095	1112	20.975737
1095	1113	7.333280
1095	1185	0.550000
1096	1070	0.956521
1096	1094	0.552004
1096	1095	0.250000
1096	1097	0.833127
1096	1098	0.411297
1096	1111	22.493938
1096	1112	2.622015
1096	1113	7.333280
1097	1070	2.249439
1097	1071	1.149999
1097	1072	1.531970
1097	1073	1.949779
1097	1088	0.466252
1097	1094	3.063935
1097	1096	0.833127
1097	1098	0.691858
1097	1108	22.493938
1097	1109	22.999471
1097	1111	2.874992
1098	1070	20.975737
1098	1093	1.428569
1098	1094	0.526316
1098	1096	0.411297
1098	1097	0.691858
1098	1099	0.235294
1098	1111	1.531970
1098	1112	1.666664
1099	1092	1.072379
1099	1093	1.176469
1099	1098	0.235294
1099	1100	0.363636
1099	1172	1.748012
1100	1090	21.447151
1100	1091	1.261623
1100	1092	0.579665
1100	1099	0.363636
1100	1101	0.281690
1100	1171	1.048808
1100	1172	1.104008
1101	1090	1.261623
1101	1091	0.691858
1101	1100	0.281690
1101	1102	0.297883
1101	1170	2.622015
1102	1088	21.447151
1102	1089	1.128820
1102	1090	0.370968
1102	1101	0.297883
1102	1103	0.228166
1103	1087	21.447151
1103	1089	2.222217
1103	1102	0.228166
1103	1104	0.749149
1103	1105	1.165342
1103	1106	2.499994
1104	1077	1.405901
1104	1078	1.048808
1104	1086	10.487978
1104	1103	0.749149
1104	1105	0.415094
1105	1075	4.498869
1105	1076	1.233891
1105	1077	0.401686
1105	1086	2.330681
1105	1087	0.833127
1105	1103	1.165342
1105	1104	0.415094
1105	1106	0.246778
1106	1075	1.340474
1106	1076	9.999900
1106	1087	3.574589
1106	1103	2.499994
1106	1105	0.246778
1106	1107	0.264785
1107	1074	1.340474
1107	1075	0.442307
1107	1087	7.666608
1107	1106	0.264785
1107	1108	0.252746
1108	1073	1.613549
1108	1074	0.912007
1108	1097	22.493938
1108	1107	0.252746
1108	1109	0.308143
1109	1072	1.429839
1109	1073	0.739572
1109	1097	22.999471
1109	1108	0.308143
1109	1110	0.282205
1110	1071	1.261623
1110	1072	3.999984
1110	1109	0.282205
1110	1111	0.357460
1110	1193	1.906922
1111	1070	1.249690
1111	1071	0.589743
1111	1096	22.493938
1111	1097	2.874992
1111	1098	1.531970
1111	1110	0.357460
1111	1112	0.258405
1111	1193	1.606743
1112	1068	2.222217
1112	1070	5.244017
1112	1095	20.975737
1112	1096	2.622015
1112	1098	1.666664
1112	1111	0.258405
1112	1113	0.428085
1113	1095	7.333280
1113	1096	7.333280
1113	1112	0.428085
1113	1114	0.275000
1113	1191	20.975737
1114	1113	0.275000
1114	1115	0.381385
1115	1114	0.381385
1115	1116	0.625000
1116	1115	0.625000
1116	1117	0.384615
1116	1189	1.340474
1116	1190	4.195218
1117	1116	0.384615
1117	1118	0.363636
1117	1188	1.340474
1117	1189	0.564410
1118	1117	0.363636
1118	1119	0.338983
1118	1187	1.128820
1118	1188	0.630812
1119	1118	0.338983
1119	1120	0.345929
1119	1186	1.261623
1119	1187	0.612788
1120	1119	0.345929
1120	1121	0.794355
1120	1159	3.833319
1120	1181	5.623579
1120	1182	2.811798
1120	1186	0.469388
1121	1120	0.794355
1121	1122	0.263158
1121	1158	1.261623
1121	1159	2.383062
1121	1181	0.355528
1122	1121	0.263158
1122	1123	0.420541
1122	1157	1.261623
1122	1158	0.579665
1123	1122	0.420541
1123	1124	0.306394
1123	1155	22.493938
1123	1156	1.261623
1123	1157	0.343283
1124	1123	0.306394
1124	1125	0.277778
1124	1154	20.975737
1124	1155	1.498296
1124	1156	1.538459
1125	1124	0.277778
1125	1126	0.313077
1125	1154	1.613549
1125	1155	1.748012
1126	1125	0.313077
1126	1127	0.624845
1126	1152	6.992010
1126	1153	1.498296
1126	1154	0.999999
1127	1126	0.624845
1127	1128	1.072379
1127	1129	1.429839
1127	1148	0.857904
1127	1149	7.498092
1127	1150	7.149152
1127	1151	5.361874
1127	1152	2.144756
1127	1282	22.493938
1128	1127	1.072379
1128	1129	0.606060
1128	1283	4.999975
1129	1127	1.429839
1129	1128	0.606060
1129	1130	0.320113
1129	1148	9.999900
1129	1151	2.499994
1129	1152	9.999900
1129	1282	0.676650
1129	1283	3.999984
1130	1129	0.320113
1130	1131	0.329963
1130	1147	0.958332
1130	1148	0.893650
1130	1149	2.044945
1130	1150	2.144756
1130	1151	0.857904
1131	1130	0.329963
1131	1132	0.909090
1131	1133	0.699205
1131	1134	5.361874
1131	1142	0.297883
1131	1146	1.649813
1131	1147	1.261623
1131	1149	1.613549
1132	1131	0.909090
1132	1133	0.446301
1132	1134	0.974890
1132	1135	0.909090
1132	1136	2.383062
1132	1137	3.574589
1132	1138	4.999975
1132	1142	1.787298
1133	1131	0.699205
1133	1132	0.446301
1133	1134	0.312423
1133	1135	6.992010
1133	1142	5.623579
1133	1146	22.493938
1133	1147	3.749060
1133	1149	0.440000
1134	1131	5.361874
1134	1132	0.974890
1134	1133	0.312423
1134	1135	0.293803
1134	1142	2.555549
1134	1145	22.999471
1134	1146	2.299995
1135	1132	0.909090
1135	1133	6.992010
1135	1134	0.293803
1135	1136	0.389956
1135	1145	1.429839
1136	1132	2.383062
1136	1135	0.389956
1136	1137	0.270588
1136	1144	1.429839
1136	1145	0.442307
1137	1132	3.574589
1137	1136	0.270588
1137	1138	0.261556
1137	1141	22.999471
1137	1143	1.531970
1137	1144	0.974890
1138	1132	4.999975
1138	1137	0.261556
1138	1139	0.952380
1138	1140	0.714285
1138	1141	1.787298
1138	1143	19.999600
1139	1138	0.952380
1139	1140	0.625000
1140	1138	0.714285
1140	1139	0.625000
1140	1141	0.363519
1141	1137	22.999471
1141	1138	1.787298
1141	1140	0.363519
1141	1142	0.718749
1141	1143	0.282205
1142	1131	0.297883
1142	1132	1.787298
1142	1133	5.623579
1142	1134	2.555549
1142	1141	0.718749
1142	1143	0.765986
1142	1144	7.149152
1142	1145	3.833319
1142	1146	1.437498
1143	1137	1.531970
1143	1138	19.999600
1143	1141	0.282205
1143	1142	0.765986
1143	1144	0.408163
1144	1136	1.429839
1144	1137	0.974890
1144	1142	7.149152
1144	1143	0.408163
1144	1145	0.357460
1145	1134	22.999471
1145	1135	1.429839
1145	1136	0.442307
1145	1142	3.833319
1145	1144	0.357460
1145	1146	0.270588
1146	1131	1.649813
1146	1133	22.493938
1146	1134	2.299995
1146	1142	1.437498
1146	1145	0.270588
1146	1147	0.294872
1147	1130	0.958332
1147	1131	1.261623
1147	1133	3.749060
1147	1146	0.294872
1147	1148	0.297883
1147	1149	3.749060
1148	1127	0.857904
1148	1129	9.999900
1148	1130	0.893650
1148	1147	0.297883
1148	1149	0.428085
1148	1150	1.818179
1149	1127	7.498092
1149	1130	2.044945
1149	1131	1.613549
1149	1133	0.440000
1149	1147	3.749060
1149	1148	0.428085
1149	1150	0.249716
1150	1127	7.149152
1150	1130	2.144756
1150	1148	1.818179
1150	1149	0.249716
1150	1151	0.363636
1151	1127	5.361874
1151	1129	2.499994
1151	1130	0.857904
1151	1150	0.363636
1151	1152	0.281690
1152	1126	6.992010
1152	1127	2.144756
1152	1129	9.999900
1152	1151	0.281690
1152	1153	0.250000
1152	1282	1.311009
1153	1126	1.498296
1153	1152	0.250000
1153	1154	0.395777
1153	1282	1.398410
1154	1124	20.975737
1154	1125	1.613549
1154	1126	0.999999
1154	1153	0.395777
1154	1155	0.252873
1155	1123	22.493938
1155	1124	1.498296
1155	1125	1.748012
1155	1154	0.252873
1155	1156	0.218502
1156	1123	1.261623
1156	1124	1.538459
1156	1155	0.218502
1156	1157	0.268095
1157	1122	1.261623
1157	1123	0.343283
1157	1156	0.268095
1157	1158	0.280488
1158	1121	1.261623
1158	1122	0.579665
1158	1157	0.280488
1158	1159	0.190083
1158	1181	22.493938
1159	1120	3.833319
1159	1121	2.383062
1159	1158	0.190083
1159	1160	1.022474
1159	1181	2.249439
1159	1182	4.498869
1160	1159	1.022474
1160	1161	0.313077
1160	1179	2.249439
1160	1180	1.405901
1160	1182	0.305555
1160	1183	0.284740
1161	1160	0.313077
1161	1162	0.999999
1161	1163	0.376274
1161	1179	21.447151
1161	1183	1.072379
1162	1161	0.999999
1162	1163	0.932504
1162	1164	3.999984
1162	1165	19.999600
1162	1175	21.447151
1162	1176	2.680944
1162	1183	21.447151
1162	1184	0.340438
1163	1161	0.376274
1163	1162	0.932504
1163	1164	0.268095
1163	1178	1.499627
1163	1179	3.285703
1163	1183	0.958332
1163	1184	2.299995
1164	1162	3.999984
1164	1163	0.268095
1164	1165	0.333333
1164	1177	1.261623
1164	1178	1.398410
1164	1184	7.149152
1165	1162	19.999600
1165	1164	0.333333
1165	1166	0.270270
1165	1176	0.974890
1165	1177	0.549938
1166	1165	0.270270
1166	1167	0.437706
1166	1175	1.261623
1166	1176	0.974890
1167	1166	0.437706
1167	1168	0.246524
1167	1173	7.666608
1167	1174	1.128820
1167	1175	0.403509
1168	1167	0.246524
1168	1169	0.285968
1168	1173	1.261623
1168	1174	6.666622
1169	1168	0.285968
1169	1170	0.865170
1169	1171	0.702951
1169	1172	1.606743
1169	1173	0.919999
1170	1091	22.493938
1170	1101	2.622015
1170	1169	0.865170
1170	1171	0.224490
1171	1091	11.247095
1171	1092	3.213482
1171	1100	1.048808
1171	1169	0.702951
1171	1170	0.224490
1171	1172	0.191304
1172	1092	2.811798
1172	1093	2.996588
1172	1099	1.748012
1172	1100	1.104008
1172	1169	1.606743
1172	1171	0.191304
1172	1173	0.284740
1173	1093	1.949779
1173	1167	7.666608
1173	1168	1.261623
1173	1169	0.919999
1173	1172	0.284740
1173	1174	0.230619
1174	1093	19.999600
1174	1094	3.999984
1174	1167	1.128820
1174	1168	6.666622
1174	1173	0.230619
1174	1175	0.376274
1175	1162	21.447151
1175	1166	1.261623
1175	1167	0.403509
1175	1174	0.376274
1175	1176	0.230000
1175	1184	22.999471
1176	1162	2.680944
1176	1165	0.974890
1176	1166	0.974890
1176	1175	0.230000
1176	1177	0.280488
1177	1164	1.261623
1177	1165	0.549938
1177	1176	0.280488
1177	1178	0.267791
1177	1184	22.999471
1178	1163	1.499627
1178	1164	1.398410
1178	1177	0.267791
1178	1179	0.187454
1178	1183	11.247095
1178	1184	11.247095
1179	1160	2.249439
1179	1161	21.447151
1179	1163	3.285703
1179	1178	0.187454
1179	1180	0.242105
1179	1183	1.533331
1180	1160	1.405901
1180	1179	0.242105
1180	1181	0.833127
1180	1182	0.346068
1180	1183	1.916663
1181	1120	5.623579
1181	1121	0.355528
1181	1158	22.493938
1181	1159	2.249439
1181	1180	0.833127
1181	1182	0.207547
1182	1120	2.811798
1182	1159	4.498869
1182	1160	0.305555
1182	1180	0.346068
1182	1181	0.207547
1182	1183	1.022474
1182	1186	7.498092
1183	1160	0.284740
1183	1161	1.072379
1183	1162	21.447151
1183	1163	0.958332
1183	1178	11.247095
1183	1179	1.533331
1183	1180	1.916663
1183	1182	1.022474
1183	1184	0.323944
1184	1162	0.340438
1184	1163	2.299995
1184	1164	7.149152
1184	1175	22.999471
1184	1177	22.999471
1184	1178	11.247095
1184	1183	0.323944
1184	1185	0.865170
1184	1186	22.999471
1185	1095	0.550000
1185	1184	0.865170
1185	1186	0.899777
1185	1187	5.623579
1186	1119	1.261623
1186	1120	0.469388
1186	1182	7.498092
1186	1184	22.999471
1186	1185	0.899777
1186	1187	0.310811
1187	1118	1.128820
1187	1119	0.612788
1187	1185	5.623579
1187	1186	0.310811
1187	1188	0.255555
1188	1117	1.340474
1188	1118	0.630812
1188	1187	0.255555
1188	1189	0.264368
1189	1116	1.340474
1189	1117	0.564410
1189	1188	0.264368
1189	1190	0.216293
1190	1116	4.195218
1190	1189	0.216293
1190	1191	0.279682
1191	1068	1.333332
1191	1113	20.975737
1191	1190	0.279682
1191	1192	1.021314
1192	1067	2.090905
1192	1068	0.612788
1192	1069	21.447151
1192	1191	1.021314
1192	1193	0.937268
1193	1067	1.874533
1193	1069	1.748012
1193	1070	1.999996
1193	1071	0.865170
1193	1072	2.996588
1193	1110	1.906922
1193	1111	1.606743
1193	1192	0.937268
1193	1194	0.322710
1193	1195	22.493938
1194	1067	7.149152
1194	1072	1.176469
1194	1193	0.322710
1194	1195	0.255329
1195	1065	10.723690
1195	1066	1.261623
1195	1067	1.769228
1195	1193	22.493938
1195	1194	0.255329
1195	1196	0.278540
1196	1064	7.149152
1196	1065	1.333332
1196	1066	4.999975
1196	1195	0.278540
1196	1197	0.285714
1197	1064	1.261623
1197	1065	4.999975
1197	1196	0.285714
1197	1198	0.909090
1197	1199	0.595767
1198	209	3.651470
1198	210	2.236063
1198	211	1.483237
1198	212	14.832177
1198	1057	0.476190
1198	1197	0.909090
1198	1199	1.021314
1199	969	11.247095
1199	1057	1.531970
1199	1062	21.447151
1199	1063	1.191533
1199	1064	0.365079
1199	1197	0.595767
1199	1198	1.021314
1199	1200	0.261364
1200	968	4.498869
1200	969	2.044945
1200	1057	4.289504
1200	1061	2.874992
1200	1062	1.261623
1200	1063	0.691858
1200	1199	0.261364
1200	1201	0.202336
1201	967	3.574589
1201	968	2.996588
1201	1056	0.235688
1201	1057	19.999600
1201	1061	1.429839
1201	1062	19.999600
1201	1200	0.202336
1201	1202	0.909090
1201	1203	4.195218
1201	1204	5.361874
1202	967	10.723690
1202	1055	0.526316
1202	1056	0.670237
1202	1058	1.311009
1202	1059	0.869564
1202	1201	0.909090
1202	1203	0.616946
1202	1206	10.487978
1202	1207	1.538459
1202	1208	2.383062
1203	965	2.330681
1203	966	2.097613
1203	987	1.294116
1203	1052	0.355528
1203	1053	11.247095
1203	1054	20.975737
1203	1201	4.195218
1203	1202	0.616946
1203	1204	0.775670
1203	1205	5.244017
1203	1207	20.975737
1204	1052	4.289504
1204	1061	3.833319
1204	1201	5.361874
1204	1203	0.775670
1204	1205	0.221109
1205	1052	4.999975
1205	1056	10.723690
1205	1060	1.261623
1205	1061	3.063935
1205	1203	5.244017
1205	1204	0.221109
1205	1206	0.317821
1206	1056	3.213482
1206	1059	1.613549
1206	1060	0.374907
1206	1202	10.487978
1206	1205	0.317821
1206	1207	0.317821
1207	1058	6.992010
1207	1059	1.999996
1207	1202	1.538459
1207	1203	20.975737
1207	1206	0.317821
1207	1208	0.765986
1208	542	11.247095
1208	1055	1.649813
1208	1058	0.284740
1208	1202	2.383062
1208	1207	0.765986
1208	1209	0.209091
1209	542	3.749060
1209	1054	1.261623
1209	1055	0.765986
1209	1208	0.209091
1209	1210	0.204263
1210	1053	1.072379
1210	1054	1.428569
1210	1209	0.204263
1210	1211	0.285714
1211	1051	1.191533
1211	1053	0.579665
1211	1210	0.285714
1211	1212	0.465116
1211	1216	4.999975
1212	1050	1.261623
1212	1051	0.549938
1212	1211	0.465116
1212	1213	0.338983
1212	1215	20.975737
1212	1216	0.500000
1213	1049	4.195218
1213	1050	2.144756
1213	1212	0.338983
1213	1214	0.799999
1213	1215	1.104008
1214	995	0.370370
1214	1213	0.799999
1214	1215	0.476731
1214	1217	21.447151
1215	995	4.195218
1215	997	11.247095
1215	1049	2.199995
1215	1050	22.493938
1215	1212	20.975737
1215	1213	1.104008
1215	1214	0.476731
1215	1216	0.912007
1215	1217	0.247192
1216	1050	21.447151
1216	1051	3.063935
1216	1053	7.149152
1216	1211	4.999975
1216	1212	0.500000
1216	1215	0.912007
1216	1217	0.824907
1217	994	1.531970
1217	995	3.063935
1217	998	22.493938
1217	1049	7.498092
1217	1050	1.533331
1217	1051	2.090905
1217	1053	11.499868
1217	1214	21.447151
1217	1215	0.247192
1217	1216	0.824907
1217	1218	0.306667
1218	993	1.261623
1218	994	0.564410
1218	998	1.730339
1218	1050	7.666608
1218	1051	22.999471
1218	1217	0.306667
1218	1219	0.249391
1219	991	21.447151
1219	992	1.021314
1219	993	2.857135
1219	1021	2.622015
1219	1218	0.249391
1219	1220	0.307692
1220	990	6.992010
1220	991	0.974890
1220	992	0.794355
1220	1020	1.165342
1220	1021	1.498296
1220	1219	0.307692
1220	1221	0.273973
1221	983	19.999600
1221	990	1.613549
1221	991	1.787298
1221	1019	1.498296
1221	1020	2.622015
1221	1220	0.273973
1221	1222	0.297883
1222	962	11.247095
1222	983	10.723690
1222	989	1.021314
1222	990	0.548645
1222	1221	0.297883
1222	1223	0.242105
1222	1322	21.447151
1223	962	5.623579
1223	963	1.124721
1223	988	1.261623
1223	989	0.523112
1223	1222	0.242105
1223	1224	0.216981
1223	1322	4.289504
1223	1323	1.787298
1223	1324	21.447151
1224	963	1.183917
1224	964	3.574589
1224	965	21.447151
1224	983	3.063935
1224	984	21.447151
1224	985	5.361874
1224	986	2.144756
1224	987	4.498869
1224	988	0.974890
1224	1223	0.216981
1224	1225	0.264785
1224	1323	1.649813
1224	1324	3.063935
1225	964	2.857135
1225	965	1.249998
1225	981	0.676650
1225	983	3.999984
1225	985	3.999984
1225	986	1.111110
1225	987	20.975737
1225	1224	0.264785
1225	1226	0.446825
1225	1227	2.996588
1225	1324	19.999600
1226	386	1.261623
1226	981	0.535582
1226	982	7.498092
1226	1225	0.446825
1226	1227	0.833127
1226	1324	0.549938
1226	1325	11.499868
1227	958	5.623579
1227	959	1.311009
1227	960	0.912007
1227	964	0.308473
1227	1225	2.996588
1227	1226	0.833127
1227	1228	0.322710
1228	958	1.531970
1228	959	19.999600
1228	1227	0.322710
1228	1229	1.104008
1228	1230	3.333322
1229	958	3.749060
1229	959	1.906922
1229	1228	1.104008
1229	1230	0.403388
1230	957	0.932504
1230	958	0.932504
1230	1228	3.333322
1230	1229	0.403388
1230	1231	0.374574
1231	956	1.498296
1231	957	0.401686
1231	1230	0.374574
1231	1232	0.279682
1232	955	1.261623
1232	956	1.428569
1232	974	19.999600
1232	1231	0.279682
1232	1233	0.420541
1233	953	22.493938
1233	954	1.128820
1233	955	0.343283
1233	974	0.893650
1233	975	4.599979
1233	1232	0.420541
1233	1234	0.249391
1234	947	6.666622
1234	953	1.498296
1234	954	1.999996
1234	975	5.361874
1234	1233	0.249391
1234	1235	0.376274
1235	948	22.999471
1235	951	3.285703
1235	952	1.021314
1235	953	0.368761
1235	975	22.999471
1235	1234	0.376274
1235	1236	0.255329
1235	1365	1.787298
1235	1366	2.874992
1236	950	20.975737
1236	951	1.072379
1236	952	2.222217
1236	1235	0.255329
1236	1237	0.322581
1236	1365	0.740740
1236	1366	4.289504
1237	99	8.944192
1237	100	0.958314
1237	101	2.981415
1237	950	1.748012
1237	951	1.072379
1237	1236	0.322581
1237	1238	0.338325
1237	1306	21.447151
1237	1307	2.383062
1238	99	2.345202
1238	100	0.879452
1238	947	20.975737
1238	949	1.606743
1238	950	0.647058
1238	1237	0.338325
1238	1239	0.235687
1238	1306	1.183917
1238	1307	3.749060
1238	1336	5.623579
1238	1339	4.498869
1239	949	10.723690
1239	1238	0.235687
1239	1240	0.487818
1239	1302	2.144756
1239	1303	19.999600
1239	1305	1.818179
1239	1306	7.149152
1239	1336	1.072379
1239	1337	2.222217
1239	1338	0.454545
1239	1339	1.261623
1240	1239	0.487818
1240	1241	0.523809
1240	1243	0.937268
1240	1244	1.906922
1240	1298	20.975737
1240	1301	1.466665
1240	1302	5.623579
1240	1303	1.104008
1240	1305	0.566923
1240	1337	1.748012
1240	1338	10.487978
1241	1240	0.523809
1241	1242	0.953462
1241	1243	0.340825
1241	1298	1.233891
1241	1299	0.874007
1241	1300	0.537850
1241	1301	1.833330
1242	1241	0.953462
1242	1243	0.794355
1243	1240	0.937268
1243	1241	0.340825
1243	1242	0.794355
1243	1244	0.285968
1243	1297	22.999471
1243	1298	1.261623
1244	99	8.944192
1244	1240	1.906922
1244	1243	0.285968
1244	1245	0.307692
1244	1297	1.531970
1244	1298	9.999900
1244	1304	9.999900
1244	1305	3.999984
1244	1306	2.680944
1245	99	8.944192
1245	1244	0.307692
1245	1246	0.333333
1245	1296	1.261623
1245	1297	0.794355
1245	1304	19.999600
1246	1245	0.333333
1246	1247	0.304002
1246	1295	1.340474
1246	1296	0.794355
1247	1246	0.304002
1247	1248	0.214043
1247	1293	5.623579
1247	1294	2.996588
1247	1295	0.449889
1248	1247	0.214043
1248	1249	0.338983
1248	1293	1.949779
1248	1294	19.999600
1249	1248	0.338983
1249	1250	0.524404
1249	1292	1.021314
1249	1293	0.714920
1250	1249	0.524404
1250	1251	0.313077
1250	1290	10.999879
1250	1291	3.666653
1250	1292	0.374907
1251	1250	0.313077
1251	1252	1.048808
1251	1289	2.622015
1251	1290	1.613549
1251	1291	5.244017
1252	1251	1.048808
1252	1253	0.229167
1252	1289	0.309859
1252	1355	4.498869
1252	1356	2.330681
1252	1370	20.975737
1252	1371	1.323201
1252	1372	22.493938
1253	1252	0.229167
1253	1254	0.209524
1253	1287	4.399981
1253	1356	1.748012
1253	1370	1.104008
1253	1371	1.183917
1254	1253	0.209524
1254	1255	0.249938
1254	1287	2.749992
1254	1356	10.487978
1254	1357	2.249439
1254	1369	22.493938
1254	1370	2.996588
1255	1254	0.249938
1255	1256	0.216642
1255	1285	22.999471
1255	1286	1.261623
1255	1287	1.405901
1255	1357	1.352939
1255	1358	3.833319
1256	1255	0.216642
1256	1257	0.476613
1256	1285	1.261623
1256	1286	2.857135
1256	1358	2.144756
1256	1359	10.487978
1257	1256	0.476613
1257	1258	1.071163
1257	1260	0.741935
1257	1261	1.021314
1257	1278	22.999471
1257	1279	7.149152
1257	1281	0.277709
1257	1284	1.261623
1257	1285	0.315068
1258	1257	1.071163
1258	1259	1.311009
1258	1260	0.607958
1258	1279	0.635641
1258	1280	0.428085
1258	1281	3.142847
1259	1258	1.311009
1259	1260	0.857904
1260	1257	0.741935
1260	1258	0.607958
1260	1259	0.857904
1260	1261	0.235688
1260	1278	5.749967
1260	1279	1.340474
1260	1281	4.498869
1261	1257	1.021314
1261	1260	0.235688
1261	1262	0.370370
1261	1278	1.429839
1261	1279	19.999600
1261	1285	0.765986
1261	1286	1.333332
1262	1261	0.370370
1262	1263	0.699205
1262	1275	21.447151
1262	1276	1.191533
1262	1277	2.996588
1262	1278	21.447151
1262	1285	1.787298
1262	1286	0.952380
1263	1262	0.699205
1263	1264	0.203652
1263	1275	5.623579
1263	1276	1.249690
1263	1277	0.314286
1263	1285	1.249690
1263	1286	3.496017
1264	1263	0.203652
1264	1265	0.327869
1264	1275	1.429839
1264	1276	5.361874
1265	1264	0.327869
1265	1266	0.312500
1265	1274	1.191533
1265	1275	0.670237
1266	1265	0.312500
1266	1267	0.324964
1266	1273	1.261623
1266	1274	0.739572
1267	1266	0.324964
1267	1268	0.277108
1267	1272	1.128820
1267	1273	0.418182
1268	1267	0.277108
1268	1269	0.824907
1268	1270	0.432585
1268	1271	1.874533
1268	1272	0.765986
1269	1268	0.824907
1269	1270	0.308473
1269	1329	1.818179
1270	1268	0.432585
1270	1269	0.308473
1270	1271	0.231579
1270	1313	11.247095
1270	1314	7.498092
1270	1328	1.165342
1270	1329	4.195218
1271	1268	1.874533
1271	1270	0.231579
1271	1272	0.395777
1271	1314	1.183917
1271	1315	0.776895
1271	1327	6.992010
1271	1328	1.613549
1272	1267	1.128820
1272	1268	0.765986
1272	1271	0.395777
1272	1273	0.420541
1272	1315	1.333332
1272	1316	1.428569
1273	1266	1.261623
1273	1267	0.418182
1273	1272	0.420541
1273	1274	0.283951
1273	1316	1.949779
1274	1265	1.191533
1274	1266	0.739572
1274	1273	0.283951
1274	1275	0.225490
1275	1262	21.447151
1275	1263	5.623579
1275	1264	1.429839
1275	1265	0.670237
1275	1274	0.225490
1275	1276	0.203540
1276	1262	1.191533
1276	1263	1.249690
1276	1264	5.361874
1276	1275	0.203540
1276	1277	0.511237
1277	1262	2.996588
1277	1263	0.314286
1277	1276	0.511237
1277	1278	0.229535
1277	1284	10.487978
1278	1257	22.999471
1278	1260	5.749967
1278	1261	1.429839
1278	1262	21.447151
1278	1277	0.229535
1278	1279	0.235688
1278	1284	1.191533
1278	1285	7.666608
1279	1257	7.149152
1279	1258	0.635641
1279	1260	1.340474
1279	1261	19.999600
1279	1278	0.235688
1279	1280	0.909090
1279	1281	1.233891
1279	1284	0.799999
1280	1258	0.428085
1280	1279	0.909090
1280	1281	0.368003
1281	1257	0.277709
1281	1258	3.142847
1281	1260	4.498869
1281	1279	1.233891
1281	1280	0.368003
1281	1282	0.846153
1281	1283	2.996588
1281	1284	3.496017
1282	1127	22.493938
1282	1129	0.676650
1282	1152	1.311009
1282	1153	1.398410
1282	1281	0.846153
1282	1283	0.874007
1283	1128	4.999975
1283	1129	3.999984
1283	1281	2.996588
1283	1282	0.874007
1283	1284	0.416666
1284	1257	1.261623
1284	1277	10.487978
1284	1278	1.191533
1284	1279	0.799999
1284	1281	3.496017
1284	1283	0.416666
1284	1285	0.420541
1285	1255	22.999471
1285	1256	1.261623
1285	1257	0.315068
1285	1261	0.765986
1285	1262	1.787298
1285	1263	1.249690
1285	1278	7.666608
1285	1284	0.420541
1285	1286	0.293803
1286	1255	1.261623
1286	1256	2.857135
1286	1261	1.333332
1286	1262	0.952380
1286	1263	3.496017
1286	1285	0.293803
1286	1287	0.272418
1286	1288	10.487978
1287	1253	4.399981
1287	1254	2.749992
1287	1255	1.405901
1287	1286	0.272418
1287	1288	0.407407
1287	1289	21.999516
1287	1357	11.247095
1288	1286	10.487978
1288	1287	0.407407
1288	1289	0.550000
1288	1290	3.666653
1288	1356	2.996588
1288	1357	22.493938
1289	1251	2.622015
1289	1252	0.309859
1289	1287	21.999516
1289	1288	0.550000
1289	1290	0.231579
1289	1355	0.937268
1289	1356	5.244017
1289	1371	2.499376
1289	1372	2.811798
1290	1250	10.999879
1290	1251	1.613549
1290	1288	3.666653
1290	1289	0.231579
1290	1291	0.226804
1290	1354	0.912007
1290	1355	0.775670
1290	1371	7.498092
1290	1372	1.022474
1291	1250	3.666653
1291	1251	5.244017
1291	1290	0.226804
1291	1292	0.468634
1291	1354	1.748012
1291	1372	2.044945
1291	1373	4.195218
1292	1249	1.021314
1292	1250	0.374907
1292	1291	0.468634
1292	1293	0.232323
1293	1247	5.623579
1293	1248	1.949779
1293	1249	0.714920
1293	1292	0.232323
1293	1294	0.238307
1294	1247	2.996588
1294	1248	19.999600
1294	1293	0.238307
1294	1295	0.389956
1295	1246	1.340474
1295	1247	0.449889
1295	1294	0.389956
1295	1296	0.258427
1296	1245	1.261623
1296	1246	0.794355
1296	1295	0.258427
1296	1297	0.252747
1297	1243	22.999471
1297	1244	1.531970
1297	1245	0.794355
1297	1296	0.252747
1297	1298	0.289832
1297	1304	5.361874
1298	1240	20.975737
1298	1241	1.233891
1298	1243	1.261623
1298	1244	9.999900
1298	1297	0.289832
1298	1299	0.307692
1298	1304	0.869564
1299	1241	0.874007
1299	1298	0.307692
1299	1300	0.526316
1299	1301	20.975737
1300	1241	0.537850
1300	1299	0.526316
1300	1301	0.238366
1301	1240	1.466665
1301	1241	1.833330
1301	1299	20.975737
1301	1300	0.238366
1301	1302	0.725627
1301	1303	0.322710
1302	1239	2.144756
1302	1240	5.623579
1302	1301	0.725627
1302	1303	0.456332
1302	1305	2.144756
1302	1336	0.333333
1302	1337	0.498781
1303	1239	19.999600
1303	1240	1.104008
1303	1301	0.322710
1303	1302	0.456332
1303	1304	0.833333
1303	1305	0.294118
1303	1306	21.447151
1304	1244	9.999900
1304	1245	19.999600
1304	1297	5.361874
1304	1298	0.869564
1304	1303	0.833333
1304	1305	0.909090
1305	1239	1.818179
1305	1240	0.566923
1305	1244	3.999984
1305	1302	2.144756
1305	1303	0.294118
1305	1304	0.909090
1305	1306	0.238307
1305	1307	7.149152
1305	1336	1.261623
1306	99	2.397910
1306	102	13.564476
1306	1237	21.447151
1306	1238	1.183917
1306	1239	7.149152
1306	1244	2.680944
1306	1303	21.447151
1306	1305	0.238307
1306	1307	0.250000
1306	1334	0.899777
1306	1335	1.405901
1306	1336	1.277776
1307	99	1.370236
1307	100	14.387288
1307	101	0.532870
1307	102	0.904310
1307	1237	2.383062
1307	1238	3.749060
1307	1305	7.149152
1307	1306	0.250000
1307	1308	0.749814
1307	1333	0.479166
1307	1334	2.044945
1308	101	9.380744
1308	951	2.499376
1308	952	2.330681
1308	1307	0.749814
1308	1309	0.192442
1308	1332	5.244017
1308	1333	0.937268
1308	1334	0.305555
1309	952	3.999984
1309	1308	0.192442
1309	1310	0.285714
1309	1332	1.538459
1309	1333	5.361874
1310	1309	0.285714
1310	1311	0.456332
1310	1331	1.906922
1310	1332	1.999996
1311	1310	0.456332
1311	1312	0.283951
1311	1330	1.021314
1311	1331	0.449889
1312	1311	0.283951
1312	1313	0.223301
1312	1329	1.261623
1312	1330	0.691858
1313	1270	11.247095
1313	1312	0.223301
1313	1314	0.255555
1313	1328	1.531970
1313	1329	0.691858
1314	1270	7.498092
1314	1271	1.183917
1314	1313	0.255555
1314	1315	0.351600
1314	1327	1.021314
1314	1328	0.974890
1315	1271	0.776895
1315	1272	1.333332
1315	1314	0.351600
1315	1316	0.303030
1315	1325	21.447151
1315	1326	1.311009
1315	1327	6.666622
1316	1272	1.428569
1316	1273	1.949779
1316	1315	0.303030
1316	1317	0.377358
1316	1325	1.429839
1316	1326	2.622015
1317	1316	0.377358
1317	1318	0.238307
1317	1321	1.398410
1317	1325	1.649813
1317	1362	0.953462
1317	1363	3.063935
1318	982	1.730339
1318	1317	0.238307
1318	1319	0.974890
1318	1320	0.459070
1318	1321	1.183917
1318	1362	1.874533
1319	983	3.999984
1319	1318	0.974890
1319	1320	0.437003
1320	982	0.372881
1320	983	0.699205
1320	1318	0.459070
1320	1319	0.437003
1320	1321	0.879999
1320	1362	10.999879
1321	982	0.328358
1321	1317	1.398410
1321	1318	1.183917
1321	1320	0.879999
1321	1322	1.104008
1321	1323	20.975737
1321	1324	5.244017
1321	1325	0.247192
1321	1362	5.499970
1321	1363	1.730339
1322	1222	21.447151
1322	1223	4.289504
1322	1321	1.104008
1322	1323	0.246914
1323	982	10.487978
1323	1223	1.787298
1323	1224	1.649813
1323	1321	20.975737
1323	1322	0.246914
1323	1324	0.253164
1323	1325	21.447151
1324	982	0.839046
1324	983	19.999600
1324	1223	21.447151
1324	1224	3.063935
1324	1225	19.999600
1324	1226	0.549938
1324	1321	5.244017
1324	1323	0.253164
1324	1325	0.932504
1325	385	3.063935
1325	386	0.794355
1325	1226	11.499868
1325	1315	21.447151
1325	1316	1.429839
1325	1317	1.649813
1325	1321	0.247192
1325	1323	21.447151
1325	1324	0.932504
1325	1326	0.210228
1325	1363	11.499868
1326	385	0.953462
1326	386	1.104008
1326	1315	1.311009
1326	1316	2.622015
1326	1325	0.210228
1326	1327	0.249716
1327	1271	6.992010
1327	1314	1.021314
1327	1315	6.666622
1327	1326	0.249716
1327	1328	0.338983
1328	103	7.416143
1328	1270	1.165342
1328	1271	1.613549
1328	1313	1.531970
1328	1314	0.974890
1328	1327	0.338983
1328	1329	0.277778
1329	103	7.416143
1329	1269	1.818179
1329	1270	4.195218
1329	1312	1.261623
1329	1313	0.691858
1329	1328	0.277778
1329	1330	0.294118
1330	103	3.708085
1330	104	2.472060
1330	1311	1.021314
1330	1312	0.691858
1330	1329	0.294118
1330	1331	0.283462
1331	103	7.778114
1331	104	2.222331
1331	1310	1.906922
1331	1311	0.449889
1331	1330	0.283462
1331	1332	0.235687
1332	104	14.832177
1332	1308	5.244017
1332	1309	1.538459
1332	1310	1.999996
1332	1331	0.235687
1332	1333	0.324964
1333	104	7.952924
1333	1307	0.479166
1333	1308	0.937268
1333	1309	5.361874
1333	1332	0.324964
1333	1334	1.022474
1334	951	3.213482
1334	1306	0.899777
1334	1307	2.044945
1334	1308	0.305555
1334	1333	1.022474
1334	1335	0.258823
1335	950	1.466665
1335	951	11.247095
1335	1306	1.405901
1335	1334	0.258823
1335	1336	0.239303
1336	949	3.833319
1336	950	7.498092
1336	1238	5.623579
1336	1239	1.072379
1336	1302	0.333333
1336	1305	1.261623
1336	1306	1.277776
1336	1335	0.239303
1336	1337	0.893650
1336	1339	11.499868
1337	1239	2.222217
1337	1240	1.748012
1337	1302	0.498781
1337	1336	0.893650
1337	1338	0.740740
1337	1339	3.063935
1338	1239	0.454545
1338	1240	10.487978
1338	1337	0.740740
1338	1339	0.274969
1339	947	21.447151
1339	948	2.299995
1339	949	0.264368
1339	1238	4.498869
1339	1239	1.261623
1339	1336	11.499868
1339	1337	3.063935
1339	1338	0.274969
1339	1340	1.045453
1340	948	0.884615
1340	949	22.999471
1340	1339	1.045453
1340	1341	0.212212
1341	948	1.183917
1341	1340	0.212212
1341	1342	0.289474
1342	947	1.748012
1342	948	0.535582
1342	1341	0.289474
1342	1343	0.327753
1343	946	1.949779
1343	947	1.818179
1343	1342	0.327753
1343	1344	0.666666
1344	945	1.261623
1344	946	0.476613
1344	1343	0.666666
1344	1345	0.397178
1345	943	3.833319
1345	944	1.261623
1345	945	0.433962
1345	1344	0.397178
1345	1346	0.255329
1345	1351	22.493938
1346	938	0.434782
1346	943	0.974890
1346	944	4.999975
1346	1345	0.255329
1346	1347	0.869564
1346	1350	3.999984
1346	1351	2.097613
1347	938	0.526316
1347	941	4.195218
1347	942	1.748012
1347	1346	0.869564
1347	1348	0.912007
1347	1350	19.999600
1347	1376	1.311009
1347	1377	1.538459
1347	1378	0.381385
1348	1347	0.912007
1348	1349	0.833127
1348	1350	0.332955
1348	1375	0.758620
1348	1376	1.374998
1348	1377	5.244017
1349	1348	0.833127
1349	1350	0.612788
1349	1374	0.302631
1349	1375	1.874533
1350	1346	3.999984
1350	1347	19.999600
1350	1348	0.332955
1350	1349	0.612788
1350	1351	0.381385
1350	1374	1.072379
1350	1375	1.233891
1351	944	20.975737
1351	1345	22.493938
1351	1346	2.097613
1351	1350	0.381385
1351	1352	0.244444
1351	1374	1.606743
1351	1375	0.360656
1352	945	7.498092
1352	1351	0.244444
1352	1353	0.196039
1352	1372	5.623579
1352	1373	1.498296
1352	1374	4.498869
1353	1352	0.196039
1353	1354	0.363636
1353	1372	1.649813
1353	1373	4.999975
1354	100	2.236063
1354	1290	0.912007
1354	1291	1.748012
1354	1353	0.363636
1354	1355	0.285968
1354	1371	1.261623
1354	1372	0.579665
1355	100	4.795809
1355	1252	4.498869
1355	1289	0.937268
1355	1290	0.775670
1355	1354	0.285968
1355	1356	0.315406
1355	1370	1.191533
1355	1371	0.560975
1356	1252	2.330681
1356	1253	1.748012
1356	1254	10.487978
1356	1288	2.996588
1356	1289	5.244017
1356	1355	0.315406
1356	1357	0.428952
1356	1369	1.340474
1356	1370	1.052630
1357	1254	2.249439
1357	1255	1.352939
1357	1287	11.247095
1357	1288	22.493938
1357	1356	0.428952
1357	1358	0.221154
1357	1367	10.723690
1357	1368	1.261623
1357	1369	0.315068
1358	1255	3.833319
1358	1256	2.144756
1358	1357	0.221154
1358	1359	0.227217
1358	1366	5.749967
1358	1367	1.261623
1358	1368	1.261623
1359	979	0.999999
1359	1256	10.487978
1359	1358	0.227217
1359	1360	0.258965
1359	1361	4.195218
1359	1364	5.499970
1359	1366	1.606743
1359	1367	5.244017
1360	979	1.398410
1360	980	0.446825
1360	1359	0.258965
1360	1361	0.277778
1360	1364	1.906922
1361	385	3.333322
1361	980	2.383062
1361	1359	4.195218
1361	1360	0.277778
1361	1362	0.998865
1361	1363	2.383062
1362	982	1.833330
1362	983	10.487978
1362	1317	0.953462
1362	1318	1.874533
1362	1320	10.999879
1362	1321	5.499970
1362	1361	0.998865
1362	1363	0.208282
1363	385	0.293803
1363	980	11.499868
1363	982	1.499627
1363	984	21.447151
1363	1317	3.063935
1363	1321	1.730339
1363	1325	11.499868
1363	1361	2.383062
1363	1362	0.208282
1364	386	0.635641
1364	953	21.999516
1364	954	10.487978
1364	975	1.606743
1364	979	3.666653
1364	980	0.478605
1364	1359	5.499970
1364	1360	1.906922
1364	1365	0.776895
1364	1366	0.261563
1365	952	19.999600
1365	953	0.776895
1365	975	1.787298
1365	1235	1.787298
1365	1236	0.740740
1365	1364	0.776895
1365	1366	0.824907
1366	975	0.489361
1366	976	10.723690
1366	979	3.213482
1366	1235	2.874992
1366	1236	4.289504
1366	1358	5.749967
1366	1359	1.606743
1366	1364	0.261563
1366	1365	0.824907
1366	1367	0.218853
1367	975	10.723690
1367	976	3.999984
1367	979	2.097613
1367	1357	10.723690
1367	1358	1.261623
1367	1359	5.244017
1367	1366	0.218853
1367	1368	0.259740
1368	979	4.195218
1368	1357	1.261623
1368	1358	1.261623
1368	1367	0.259740
1368	1369	0.315406
1369	1254	22.493938
1369	1356	1.340474
1369	1357	0.315068
1369	1368	0.315406
1369	1370	0.278540
1370	1252	20.975737
1370	1253	1.104008
1370	1254	2.996588
1370	1355	1.191533
1370	1356	1.052630
1370	1369	0.278540
1370	1371	0.340438
1371	1252	1.323201
1371	1253	1.183917
1371	1289	2.499376
1371	1290	7.498092
1371	1354	1.261623
1371	1355	0.560975
1371	1370	0.340438
1371	1372	0.302631
1372	1252	22.493938
1372	1289	2.811798
1372	1290	1.022474
1372	1291	2.044945
1372	1352	5.623579
1372	1353	1.649813
1372	1354	0.579665
1372	1371	0.302631
1372	1373	0.214476
1373	1291	4.195218
1373	1352	1.498296
1373	1353	4.999975
1373	1372	0.214476
1373	1374	0.255329
1374	1349	0.302631
1374	1350	1.072379
1374	1351	1.606743
1374	1352	4.498869
1374	1373	0.255329
1374	1375	0.899777
1375	944	2.622015
1375	1348	0.758620
1375	1349	1.874533
1375	1350	1.233891
1375	1351	0.360656
1375	1374	0.899777
1375	1376	0.255814
1376	938	10.487978
1376	942	21.999516
1376	943	1.022474
1376	944	5.244017
1376	1347	1.311009
1376	1348	1.374998
1376	1375	0.255814
1376	1377	0.185630
1377	942	1.233891
1377	943	1.429839
1377	1347	1.538459
1377	1348	5.244017
1377	1376	0.185630
1377	1378	0.368003
1378	941	3.142847
1378	942	10.999879
1378	1347	0.381385
1378	1377	0.368003
1378	1379	0.998865
1378	1380	4.498869
1379	941	2.330681
1379	1378	0.998865
1379	1380	0.315406
1380	939	22.493938
1380	940	1.340474
1380	941	0.749814
1380	1378	4.498869
1380	1379	0.315406
1380	1381	0.271489
1380	1382	10.723690
1380	1383	21.447151
1381	939	1.498296
1381	940	2.499994
1381	1380	0.271489
1381	1382	0.952380
1381	1383	6.666622
1382	1380	10.723690
1382	1381	0.952380
1382	1383	0.350877
1383	939	20.975737
1383	940	1.666664
1383	1380	21.447151
1383	1381	6.666622
1383	1382	0.350877
1383	1384	0.408163
1384	939	2.097613
1384	940	1.538459
1384	1383	0.408163
1384	1385	0.370370
1385	937	1.261623
1385	939	0.953462
1385	1384	0.370370
1385	1386	0.324964
1386	936	1.128820
1386	937	0.442307
1386	1066	21.447151
1386	1067	5.749967
1386	1385	0.324964
1386	1387	0.239583
1387	935	1.261623
1387	936	0.595767
1387	1067	2.090905
1387	1069	21.447151
1387	1386	0.239583
1387	1388	0.302631
1388	933	22.999471
1388	934	1.261623
1388	935	0.579665
1388	1069	7.149152
1388	1070	11.247095
1388	1071	2.874992
1388	1387	0.302631
1388	1389	0.228166
1389	933	1.261623
1389	934	2.499994
1389	1071	3.574589
1389	1072	6.666622
1389	1090	10.723690
1389	1388	0.228166
1389	1390	0.322581
1390	932	1.261623
1390	933	0.670237
1390	1089	3.999984
1390	1090	3.063935
1390	1389	0.322581
1390	1391	0.266667
1391	931	1.191533
1391	932	0.765986
1391	1390	0.266667
1391	1392	0.344827
1392	928	19.999600
1392	929	1.128820
1392	931	0.536190
1392	1391	0.344827
1392	1393	0.329963
1393	927	4.498869
1393	928	1.261623
1393	929	0.433962
1393	1392	0.329963
1393	1394	0.271489
1393	1498	1.071163
1393	1499	5.623579
1393	1527	22.493938
1394	926	7.149152
1394	927	1.613549
1394	928	19.999600
1394	1393	0.271489
1394	1395	0.874007
1394	1396	1.428569
1394	1497	1.818179
1394	1498	1.613549
1394	1526	21.447151
1395	1394	0.874007
1395	1396	0.776895
1395	1402	22.493938
1395	1403	20.975737
1395	1496	1.692305
1395	1497	0.411297
1396	926	1.021314
1396	927	1.748012
1396	1394	1.428569
1396	1395	0.776895
1396	1397	0.403388
1396	1399	1.906922
1396	1400	3.333322
1396	1402	1.021314
1396	1403	2.499994
1397	924	20.975737
1397	925	1.498296
1397	926	0.441067
1397	1396	0.403388
1397	1398	0.912007
1397	1399	1.157893
1397	1402	5.623579
1398	209	3.651470
1398	1397	0.912007
1398	1399	0.635641
1399	926	1.183917
1399	927	0.846153
1399	1396	1.906922
1399	1397	1.157893
1399	1398	0.635641
1399	1400	0.839046
1399	1402	7.498092
1400	927	4.195218
1400	928	0.740740
1400	929	21.447151
1400	1396	3.333322
1400	1399	0.839046
1400	1401	0.833333
1400	1402	0.302079
1400	1497	19.999600
1400	1498	0.723316
1400	1500	1.340474
1401	208	4.999975
1401	970	10.723690
1401	1400	0.833333
1401	1402	0.893650
1402	1395	22.493938
1402	1396	1.021314
1402	1397	5.623579
1402	1399	7.498092
1402	1400	0.302079
1402	1401	0.893650
1402	1403	0.214476
1402	1496	22.493938
1402	1497	1.261623
1402	1500	2.299995
1403	1395	20.975737
1403	1396	2.499994
1403	1402	0.214476
1403	1404	0.240964
1403	1496	1.748012
1403	1497	3.999984
1404	1403	0.240964
1404	1405	0.487805
1404	1494	19.999600
1404	1495	1.613549
1404	1496	0.953462
1405	1404	0.487805
1405	1406	0.310835
1405	1493	1.261623
1405	1494	19.999600
1405	1495	0.566923
1405	1515	1.906922
1405	1516	10.723690
1406	1405	0.310835
1406	1407	0.261556
1406	1492	1.261623
1406	1493	0.621621
1406	1513	22.999471
1406	1514	0.775670
1406	1515	0.725627
1407	1406	0.261556
1407	1408	0.273973
1407	1484	7.149152
1407	1491	3.333322
1407	1492	1.428569
1407	1513	3.574589
1407	1514	0.912007
1407	3450	6.992010
1408	1407	0.273973
1408	1409	0.374574
1408	1490	1.261623
1408	1491	1.538459
1408	3443	1.498296
1408	3450	1.233891
1409	1408	0.374574
1409	1410	0.276002
1409	1487	22.493938
1409	1489	10.999879
1409	1490	0.408990
1409	3443	0.814814
1409	3447	1.692305
1409	3448	10.487978
1410	1409	0.276002
1410	1411	0.335119
1410	1487	1.261623
1410	3444	3.496017
1410	3445	4.999975
1410	3446	2.222217
1410	3447	1.906922
1411	1410	0.335119
1411	1412	0.238307
1411	1485	5.749967
1411	1486	1.072379
1411	1487	0.433962
1412	1411	0.238307
1412	1413	0.289855
1412	1484	21.447151
1412	1485	1.191533
1412	1486	2.222217
1413	914	19.999600
1413	1412	0.289855
1413	1414	0.279682
1413	1484	1.261623
1413	1485	0.739572
1414	913	1.157893
1414	914	4.195218
1414	1413	0.279682
1414	1415	0.233069
1414	1483	1.730339
1414	1484	0.661601
1415	912	10.487978
1415	913	2.996588
1415	1414	0.233069
1415	1416	0.446825
1415	1482	1.649813
1415	1483	1.787298
1416	896	1.874533
1416	897	3.574589
1416	1415	0.446825
1416	1417	0.261364
1416	1481	1.128820
1416	1482	0.306667
1417	897	4.289504
1417	1416	0.261364
1417	1418	0.209091
1417	1480	1.261623
1417	1481	0.670237
1418	1417	0.209091
1418	1419	0.749814
1418	1478	0.343283
1418	1479	1.323201
1418	1480	1.261623
1418	3490	22.999471
1419	1418	0.749814
1419	1420	0.416564
1419	1478	1.405901
1419	1479	0.488889
1419	3479	1.405901
1419	3480	4.498869
1419	3489	6.992010
1419	3490	0.702951
1420	1419	0.416564
1420	1421	0.212353
1420	1476	7.666608
1420	1477	1.429839
1420	1478	0.396552
1420	3480	3.833319
1421	1420	0.212353
1421	1422	0.397178
1421	1476	1.261623
1421	1477	3.999984
1421	3480	10.723690
1421	3481	4.289504
1422	1421	0.397178
1422	1423	0.294872
1422	1475	1.261623
1422	1476	0.365079
1423	1422	0.294872
1423	1424	0.270588
1423	1473	21.447151
1423	1474	1.261623
1423	1475	0.739572
1424	1423	0.270588
1424	1425	0.208229
1424	1472	5.749967
1424	1473	1.261623
1424	1474	0.739572
1425	1424	0.208229
1425	1426	0.285714
1425	1472	1.261623
1425	1473	4.999975
1426	1425	0.285714
1426	1427	0.377358
1426	1471	1.649813
1426	1472	0.893650
1427	1426	0.377358
1427	1428	0.294118
1427	1470	1.261623
1427	1471	0.579665
1428	1427	0.294118
1428	1429	0.304002
1428	1469	1.498296
1428	1470	0.932504
1429	1428	0.304002
1429	1430	0.218502
1429	1467	22.493938
1429	1468	1.498296
1429	1469	0.687500
1430	1429	0.218502
1430	1431	0.377358
1430	1467	1.191533
1430	1468	2.857135
1430	3259	1.949779
1430	3260	4.289504
1431	1430	0.377358
1431	1432	0.307692
1431	1466	1.072379
1431	1467	0.765986
1431	3260	3.063935
1432	1431	0.307692
1432	1433	0.240984
1432	1465	1.340474
1432	1466	0.714920
1433	1432	0.240984
1433	1434	0.725627
1433	1463	0.605263
1433	1464	2.044945
1433	1465	1.095237
1434	1433	0.725627
1434	1435	0.244444
1434	1463	1.249690
1434	1464	0.349206
1435	1434	0.244444
1435	1436	0.299926
1435	1462	10.487978
1435	1463	1.323201
1436	1435	0.299926
1436	1437	0.255329
1436	1461	5.361874
1436	1462	1.261623
1436	1463	5.749967
1437	1436	0.255329
1437	1438	0.240964
1437	1460	10.723690
1437	1461	3.333322
1438	26	13.416228
1438	1437	0.240964
1438	1439	0.345929
1438	1460	1.261623
1438	1461	6.666622
1439	26	1.798434
1439	1438	0.345929
1439	1440	0.228166
1439	1458	22.999471
1439	1459	1.261623
1439	1460	0.425926
1440	30	4.472116
1440	1439	0.228166
1440	1441	0.338983
1440	1458	1.128820
1440	1459	9.999900
1441	30	13.416228
1441	1440	0.338983
1441	1442	0.261556
1441	1443	5.361874
1441	1457	1.261623
1441	1458	0.649927
1442	1441	0.261556
1442	1443	0.450980
1442	1455	3.063935
1442	1456	1.323201
1442	1457	1.095237
1443	1441	5.361874
1443	1442	0.450980
1443	1444	0.919999
1443	1445	1.022474
1443	1457	5.749967
1444	1443	0.919999
1444	1445	0.642698
1444	4381	5.361874
1444	4382	4.599979
1445	1443	1.022474
1445	1444	0.642698
1445	1446	0.803372
1446	1445	0.803372
1446	1447	0.261556
1446	1454	22.999471
1446	1455	1.261623
1446	1456	0.432585
1447	1446	0.261556
1447	1448	0.377358
1447	1454	1.261623
1447	1455	2.499994
1448	1447	0.377358
1448	1449	0.253164
1448	1453	1.261623
1448	1454	0.579665
1449	1448	0.253164
1449	1450	0.511614
1449	1451	0.645161
1449	1452	1.649813
1449	1453	0.857904
1450	1449	0.511614
1450	1451	0.723316
1450	1452	1.499627
1450	1453	22.493938
1451	1449	0.645161
1451	1450	0.723316
1451	1452	0.246524
1452	28	13.564476
1452	31	2.055352
1452	1449	1.649813
1452	1450	1.499627
1452	1451	0.246524
1452	1453	0.353846
1453	24	3.574589
1453	27	6.344249
1453	28	6.782284
1453	31	2.397910
1453	1448	1.261623
1453	1449	0.857904
1453	1450	22.493938
1453	1452	0.353846
1453	1454	0.283951
1454	20	1.787298
1454	23	1.174733
1454	24	1.787298
1454	27	1.812651
1454	1446	22.999471
1454	1447	1.261623
1454	1448	0.579665
1454	1453	0.283951
1454	1455	0.233126
1455	16	4.216352
1455	19	1.118033
1455	20	1.999996
1455	23	2.190885
1455	1442	3.063935
1455	1446	1.261623
1455	1447	2.499994
1455	1454	0.233126
1455	1456	0.355528
1456	15	15.556107
1456	19	2.345202
1456	1442	1.323201
1456	1446	0.432585
1456	1455	0.355528
1456	1457	0.234317
1457	1441	1.261623
1457	1442	1.095237
1457	1443	5.749967
1457	1456	0.234317
1457	1458	0.310811
1458	1439	22.999471
1458	1440	1.128820
1458	1441	0.649927
1458	1457	0.310811
1458	1459	0.235688
1459	1439	1.261623
1459	1440	9.999900
1459	1458	0.235688
1459	1460	0.306394
1460	1437	10.723690
1460	1438	1.261623
1460	1439	0.425926
1460	1459	0.306394
1460	1461	0.293803
1461	1436	5.361874
1461	1437	3.333322
1461	1438	6.666622
1461	1460	0.293803
1461	1462	0.289855
1462	1435	10.487978
1462	1436	1.261623
1462	1461	0.289855
1462	1463	0.233126
1463	1433	0.605263
1463	1434	1.249690
1463	1435	1.323201
1463	1436	5.749967
1463	1462	0.233126
1463	1464	0.775670
1464	1433	2.044945
1464	1434	0.349206
1464	1463	0.775670
1464	1465	0.252746
1465	1432	1.340474
1465	1433	1.095237
1465	1464	0.252746
1465	1466	0.247312
1466	1431	1.072379
1466	1432	0.714920
1466	1465	0.247312
1466	1467	0.234694
1467	1429	22.493938
1467	1430	1.191533
1467	1431	0.765986
1467	1466	0.234694
1467	1468	0.230619
1468	1429	1.498296
1468	1430	2.857135
1468	1467	0.230619
1468	1469	0.327753
1469	1428	1.498296
1469	1429	0.687500
1469	1468	0.327753
1469	1470	0.244505
1469	3258	2.249439
1470	1427	1.261623
1470	1428	0.932504
1470	1469	0.244505
1470	1471	0.310811
1470	3256	22.493938
1470	3257	2.249439
1471	1426	1.649813
1471	1427	0.579665
1471	1470	0.310811
1471	1472	0.280488
1471	3245	2.044945
1471	3256	11.247095
1472	1424	5.749967
1472	1425	1.261623
1472	1426	0.893650
1472	1471	0.280488
1472	1473	0.246524
1472	3245	11.247095
1472	3246	22.493938
1473	1423	21.447151
1473	1424	1.261623
1473	1425	4.999975
1473	1472	0.246524
1473	1474	0.259740
1474	1423	1.261623
1474	1424	0.739572
1474	1473	0.259740
1474	1475	0.317460
1475	1422	1.261623
1475	1423	0.739572
1475	1474	0.317460
1475	1476	0.404672
1476	1420	7.666608
1476	1421	1.261623
1476	1422	0.365079
1476	1475	0.404672
1476	1477	0.191496
1477	1420	1.429839
1477	1421	3.999984
1477	1476	0.191496
1477	1478	0.389956
1478	1418	0.343283
1478	1419	1.405901
1478	1420	0.396552
1478	1477	0.389956
1478	1479	0.681649
1478	3479	22.999471
1479	1418	1.323201
1479	1419	0.488889
1479	1478	0.681649
1479	1480	0.283462
1479	3478	1.613549
1479	3479	1.124721
1479	3490	1.071163
1479	3491	3.666653
1480	1417	1.261623
1480	1418	1.261623
1480	1479	0.283462
1480	1481	0.277778
1480	3491	1.748012
1480	3492	2.499994
1481	1416	1.128820
1481	1417	0.670237
1481	1480	0.277778
1481	1482	0.649927
1481	3492	1.999996
1482	1415	1.649813
1482	1416	0.306667
1482	1481	0.649927
1482	1483	0.191667
1483	893	22.493938
1483	1414	1.730339
1483	1415	1.787298
1483	1482	0.191667
1483	1484	0.270588
1484	892	1.352939
1484	893	11.247095
1484	1407	7.149152
1484	1412	21.447151
1484	1413	1.261623
1484	1414	0.661601
1484	1483	0.270588
1484	1485	0.255555
1485	891	7.666608
1485	892	7.666608
1485	915	4.289504
1485	1411	5.749967
1485	1412	1.191533
1485	1413	0.739572
1485	1484	0.255555
1485	1486	0.208229
1486	915	9.999900
1486	1411	1.072379
1486	1412	2.222217
1486	1485	0.208229
1486	1487	0.404672
1487	1409	22.493938
1487	1410	1.261623
1487	1411	0.433962
1487	1486	0.404672
1487	1488	0.749814
1488	135	10.487978
1488	318	0.408138
1488	528	10.487978
1488	540	4.498869
1488	1487	0.749814
1488	1489	0.785714
1488	3444	21.999516
1489	134	2.345202
1489	135	1.165342
1489	136	1.563469
1489	137	0.781735
1489	1409	10.999879
1489	1488	0.785714
1489	1490	0.499876
1489	3444	0.209524
1490	137	9.591571
1490	1408	1.261623
1490	1409	0.408990
1490	1489	0.499876
1490	1491	0.252325
1490	3443	1.022474
1490	3444	2.811798
1491	1407	3.333322
1491	1408	1.538459
1491	1490	0.252325
1491	1492	0.317460
1491	3443	1.233891
1491	3450	1.748012
1492	1406	1.261623
1492	1407	1.428569
1492	1491	0.317460
1492	1493	0.261556
1492	1513	1.649813
1492	1514	20.975737
1492	3450	4.195218
1492	3451	1.666664
1493	800	2.811798
1493	801	2.555549
1493	1405	1.261623
1493	1406	0.621621
1493	1492	0.261556
1493	1494	0.285968
1493	1513	22.999471
1493	1514	2.249439
1493	1515	1.730339
1493	3451	21.447151
1494	800	2.330681
1494	801	2.383062
1494	802	10.487978
1494	1404	19.999600
1494	1405	19.999600
1494	1493	0.285968
1494	1495	0.582671
1494	1496	20.975737
1494	1515	2.996588
1495	1404	1.613549
1495	1405	0.566923
1495	1494	0.582671
1495	1496	0.268293
1495	1501	7.498092
1495	1515	2.199995
1495	1516	1.071163
1495	1517	11.247095
1496	1395	1.692305
1496	1402	22.493938
1496	1403	1.748012
1496	1404	0.953462
1496	1494	20.975737
1496	1495	0.268293
1496	1497	0.299660
1496	1500	2.811798
1496	1501	2.499376
1496	1504	2.249439
1496	1505	6.992010
1497	1394	1.818179
1497	1395	0.411297
1497	1400	19.999600
1497	1402	1.261623
1497	1403	3.999984
1497	1496	0.299660
1497	1498	0.912007
1497	1500	0.274969
1497	1503	20.975737
1497	1504	2.680944
1498	928	1.748012
1498	929	0.562361
1498	931	22.493938
1498	1393	1.071163
1498	1394	1.613549
1498	1400	0.723316
1498	1497	0.912007
1498	1499	0.879999
1498	1500	0.284740
1498	1501	2.044945
1499	929	7.498092
1499	931	2.249439
1499	1393	5.623579
1499	1498	0.879999
1499	1500	0.833127
1499	1501	22.493938
1499	1503	4.399981
1500	1400	1.340474
1500	1402	2.299995
1500	1496	2.811798
1500	1497	0.274969
1500	1498	0.284740
1500	1499	0.833127
1500	1501	0.377049
1500	1503	1.730339
1500	1504	7.666608
1501	929	7.666608
1501	930	0.232323
1501	931	5.749967
1501	1495	7.498092
1501	1496	2.499376
1501	1498	2.044945
1501	1499	22.493938
1501	1500	0.377049
1501	1502	0.794355
1501	1504	11.499868
1502	804	1.613549
1502	805	0.512820
1502	1501	0.794355
1502	1503	0.839046
1502	1504	5.361874
1502	1517	4.289504
1502	1518	2.222217
1503	1497	20.975737
1503	1499	4.399981
1503	1500	1.730339
1503	1502	0.839046
1503	1504	0.252746
1503	1523	20.975737
1503	1524	1.498296
1503	1526	0.346068
1504	825	2.249439
1504	1496	2.249439
1504	1497	2.680944
1504	1500	7.666608
1504	1501	11.499868
1504	1502	5.361874
1504	1503	0.252746
1504	1505	0.204263
1504	1522	4.599979
1504	1523	1.261623
1504	1524	1.340474
1505	825	1.165342
1505	1496	6.992010
1505	1504	0.204263
1505	1506	0.270270
1505	1522	1.261623
1505	1523	4.999975
1506	824	6.992010
1506	825	10.487978
1506	1505	0.270270
1506	1507	0.397178
1506	1521	1.649813
1506	1522	0.893650
1507	776	7.498092
1507	777	1.405901
1507	778	11.247095
1507	823	1.949779
1507	824	1.874533
1507	1506	0.397178
1507	1508	0.206227
1507	1519	3.833319
1507	1520	1.072379
1507	1521	0.547619
1508	777	3.496017
1508	778	0.998865
1508	779	21.447151
1508	823	19.999600
1508	907	21.447151
1508	1507	0.206227
1508	1509	0.322710
1508	1519	1.261623
1508	1520	9.999900
1509	778	3.666653
1509	779	1.874533
1509	791	4.399981
1509	905	3.142847
1509	1508	0.322710
1509	1510	0.233069
1509	1517	3.749060
1509	1518	1.498296
1509	1519	0.489009
1510	791	1.233891
1510	792	1.906922
1510	1509	0.233069
1510	1511	0.285714
1510	1516	21.447151
1510	1517	1.128820
1510	1518	19.999600
1511	792	1.165342
1511	793	2.222217
1511	1510	0.285714
1511	1512	0.382993
1511	1516	1.072379
1511	1517	1.128820
1512	793	21.447151
1512	803	0.649927
1512	1511	0.382993
1512	1513	0.884615
1512	1514	0.702951
1512	1515	2.044945
1512	1516	0.418182
1513	803	1.649813
1513	1406	22.999471
1513	1407	3.574589
1513	1492	1.649813
1513	1493	22.999471
1513	1512	0.884615
1513	1514	0.212212
1513	3450	0.978018
1513	3451	0.974890
1514	1406	0.775670
1514	1407	0.912007
1514	1492	20.975737
1514	1493	2.249439
1514	1512	0.702951
1514	1513	0.212212
1514	1515	0.244444
1515	1405	1.906922
1515	1406	0.725627
1515	1493	1.730339
1515	1494	2.996588
1515	1495	2.199995
1515	1512	2.044945
1515	1514	0.244444
1515	1516	0.511237
1516	1405	10.723690
1516	1495	1.071163
1516	1510	21.447151
1516	1511	1.072379
1516	1512	0.418182
1516	1515	0.511237
1516	1517	0.280488
1517	791	5.623579
1517	792	3.749060
1517	804	1.249690
1517	805	21.447151
1517	1495	11.247095
1517	1502	4.289504
1517	1509	3.749060
1517	1510	1.128820
1517	1511	1.128820
1517	1516	0.280488
1517	1518	0.210271
1518	791	1.048808
1518	792	4.195218
1518	804	5.244017
1518	805	2.857135
1518	1502	2.222217
1518	1509	1.498296
1518	1510	19.999600
1518	1517	0.210271
1518	1519	0.412454
1519	778	2.811798
1519	790	1.730339
1519	791	1.124721
1519	1507	3.833319
1519	1508	1.261623
1519	1509	0.489009
1519	1518	0.412454
1519	1520	0.230619
1520	777	1.613549
1520	778	2.330681
1520	789	19.999600
1520	790	20.975737
1520	1507	1.072379
1520	1508	9.999900
1520	1519	0.230619
1520	1521	0.261556
1521	776	1.249690
1521	777	1.499627
1521	1506	1.649813
1521	1507	0.547619
1521	1520	0.261556
1521	1522	0.247312
1522	741	11.499868
1522	776	11.247095
1522	825	3.749060
1522	826	5.623579
1522	1504	4.599979
1522	1505	1.261623
1522	1506	0.893650
1522	1521	0.247312
1522	1523	0.252325
1523	825	0.655505
1523	826	3.496017
1523	827	3.999984
1523	1503	20.975737
1523	1504	1.261623
1523	1505	4.999975
1523	1522	0.252325
1523	1524	0.333333
1523	1525	21.447151
1524	825	1.748012
1524	827	9.999900
1524	1503	1.498296
1524	1504	1.340474
1524	1523	0.333333
1524	1525	0.630812
1524	1526	0.630812
1525	825	0.303979
1525	827	1.191533
1525	829	0.432585
1525	1523	21.447151
1525	1524	0.630812
1525	1526	0.851851
1526	1394	21.447151
1526	1503	0.346068
1526	1524	0.630812
1526	1525	0.851851
1526	1527	0.258557
1527	1393	22.493938
1527	1526	0.258557
1529	3711	1.666664
1529	3712	5.361874
1530	1531	0.376844
1530	1532	3.674221
1530	1537	5.477196
1530	1539	5.999964
1530	1566	6.480699
1530	1568	3.464090
1530	2924	1.067939
1530	2925	2.297820
1531	1530	0.376844
1531	1532	0.315789
1531	1533	2.211078
1531	1535	1.414212
1531	1537	0.894426
1531	1568	2.828419
1531	1583	3.316614
1532	1530	3.674221
1532	1531	0.315789
1532	1533	0.292643
1532	1535	4.242623
1532	1583	3.316614
1533	1531	2.211078
1533	1532	0.292643
1533	1534	0.324999
1533	1535	0.625388
1533	1536	2.193736
1533	1581	8.774887
1533	1582	0.785714
1533	1583	0.500000
1533	1584	1.253565
1533	1613	0.994986
1534	1533	0.324999
1534	1535	0.356348
1534	1536	1.166665
1534	1582	2.924980
1534	1584	3.499988
1534	1588	4.183283
1534	1592	6.999951
1534	1595	3.741643
1535	1531	1.414212
1535	1532	4.242623
1535	1533	0.625388
1535	1534	0.356348
1535	1536	0.249444
1535	1537	0.574959
1535	1583	9.380744
1535	1584	1.247218
1535	1585	0.790569
1535	1587	6.928155
1535	1588	0.745355
1536	1533	2.193736
1536	1534	1.166665
1536	1535	0.249444
1536	1537	0.394405
1536	1538	3.741643
1537	1530	5.477196
1537	1531	0.894426
1537	1535	0.574959
1537	1536	0.394405
1537	1538	0.332871
1537	1539	2.738605
1537	1566	2.958031
1537	1960	10.723690
1538	1536	3.741643
1538	1537	0.332871
1538	1539	0.346410
1538	1540	7.999936
1538	1566	1.247218
1538	2925	6.633206
1539	1530	5.999964
1539	1537	2.738605
1539	1538	0.346410
1539	1540	0.407541
1539	1541	3.674221
1539	1563	2.708005
1539	1564	2.449484
1539	1565	2.828419
1539	1566	2.160242
1539	1714	11.747202
1539	2925	11.488993
1540	1538	7.999936
1540	1539	0.407541
1540	1541	0.499134
1540	1542	0.781735
1540	1562	9.380744
1540	1563	4.690394
1540	1564	0.424264
1540	1714	13.564476
1540	1960	1.356464
1541	1539	3.674221
1541	1540	0.499134
1541	1542	0.663325
1541	1543	4.974912
1541	1562	3.316614
1541	1563	0.552770
1541	1714	2.397910
1541	1715	1.598608
1542	1540	0.781735
1542	1541	0.663325
1542	1543	0.611111
1542	1544	3.316614
1542	1562	0.916666
1542	1943	3.976478
1542	1944	0.927024
1542	1945	3.976478
1542	1958	3.111260
1542	1959	1.140952
1542	1960	7.952924
1543	1541	4.974912
1543	1542	0.611111
1543	1544	0.510250
1543	1545	4.974912
1543	1559	2.345202
1543	1560	1.354005
1543	1561	0.621867
1543	1562	2.749992
1543	1731	3.976478
1543	1944	0.988825
1543	1945	1.325496
1544	1542	3.316614
1544	1543	0.510250
1544	1545	0.461538
1544	1546	2.236063
1544	1559	2.828419
1544	1560	0.489898
1544	1562	6.633206
1544	1944	8.944192
1545	1543	4.974912
1545	1544	0.461538
1545	1546	0.447213
1545	1547	1.124999
1545	1558	0.857142
1545	1559	0.942808
1545	1944	3.354091
1545	1945	2.397910
1546	1544	2.236063
1546	1545	0.447213
1546	1547	0.447213
1546	1556	5.916045
1546	1557	1.479018
1546	1558	0.447213
1546	3612	9.999900
1547	1545	1.124999
1547	1546	0.447213
1547	1548	0.663325
1547	1549	0.899999
1547	1556	0.992156
1547	1557	1.984310
1547	1951	6.708159
1548	1547	0.663325
1548	1549	0.343099
1548	1555	3.316614
1548	1556	0.731246
1548	3610	1.854046
1548	3611	5.301963
1549	1547	0.899999
1549	1548	0.343099
1549	1550	0.300000
1549	1551	5.999964
1549	1554	2.249995
1549	1555	0.409091
1550	1549	0.300000
1550	1551	0.400000
1550	1552	1.763831
1550	1554	0.999999
1550	1555	2.999991
1551	1549	5.999964
1551	1550	0.400000
1551	1552	0.352767
1551	1553	0.999999
1551	1554	1.199999
1551	1952	2.397910
1552	1550	1.763831
1552	1551	0.352767
1552	1553	0.440958
1552	1554	3.968611
1552	3917	2.537709
1552	3918	6.344249
1553	1551	0.999999
1553	1552	0.440958
1553	1554	0.375000
1553	3916	2.981415
1553	3917	1.065739
1554	1549	2.249995
1554	1550	0.999999
1554	1551	1.199999
1554	1552	3.968611
1554	1553	0.375000
1554	1555	0.375000
1554	1556	1.587448
1554	1774	14.387288
1554	1952	7.193696
1554	3916	6.708159
1554	3953	2.814242
1555	1548	3.316614
1555	1549	0.409091
1555	1550	2.999991
1555	1554	0.375000
1555	1556	0.396863
1555	1951	1.490710
1555	1952	1.307952
1556	1546	5.916045
1556	1547	0.992156
1556	1548	0.731246
1556	1554	1.587448
1556	1555	0.396863
1556	1557	0.318182
1556	3953	0.477295
1557	1546	1.479018
1557	1547	1.984310
1557	1556	0.318182
1557	1558	0.377964
1557	1726	1.314683
1557	1951	11.832020
1557	3953	1.772807
1558	1545	0.857142
1558	1546	0.447213
1558	1557	0.377964
1558	1559	0.435142
1559	1543	2.345202
1559	1544	2.828419
1559	1545	0.942808
1559	1558	0.435142
1559	1560	0.407541
1559	1726	6.324515
1559	1727	3.162268
1559	1945	13.564476
1560	1543	1.354005
1560	1544	0.489898
1560	1559	0.407541
1560	1561	0.319499
1560	1562	2.708005
1560	3612	10.954331
1561	1543	0.621867
1561	1560	0.319499
1561	1562	0.710705
1561	1715	0.899218
1561	1716	2.345202
1561	1731	3.596861
1562	1540	9.380744
1562	1541	3.316614
1562	1542	0.916666
1562	1543	2.749992
1562	1544	6.633206
1562	1560	2.708005
1562	1561	0.710705
1562	1563	0.407407
1562	1564	0.710705
1562	1943	15.905721
1562	3752	2.472060
1562	3753	1.648041
1563	1539	2.708005
1563	1540	4.690394
1563	1541	0.552770
1563	1562	0.407407
1563	1564	0.585286
1563	1565	0.675830
1563	2925	0.777817
1563	3752	14.832177
1564	1539	2.449484
1564	1540	0.424264
1564	1562	0.710705
1564	1563	0.585286
1564	1565	0.649519
1564	1566	2.645744
1564	1943	1.106729
1564	1960	0.757236
1564	3752	3.354091
1564	3753	4.472116
1565	1539	2.828419
1565	1563	0.675830
1565	1564	0.649519
1565	1566	0.416598
1565	1567	4.898955
1565	1960	2.373315
1565	1961	16.612972
1565	2925	16.247813
1565	3348	15.491693
1565	3751	0.791106
1565	3752	1.032794
1566	1530	6.480699
1566	1537	2.958031
1566	1538	1.247218
1566	1539	2.160242
1566	1564	2.645744
1566	1565	0.416598
1566	1567	0.440195
1566	1568	0.831479
1566	1960	1.812651
1566	1961	1.586070
1566	3751	2.114758
1567	1565	4.898955
1567	1566	0.440195
1567	1568	0.363636
1567	1569	1.697053
1567	1585	1.264909
1567	1586	0.702728
1567	1960	13.564476
1567	1961	1.043434
1567	1962	3.391153
1567	3621	0.968903
1567	3751	0.398960
1568	1530	3.464090
1568	1531	2.828419
1568	1566	0.831479
1568	1567	0.363636
1568	1569	0.292596
1568	1583	0.938082
1568	1584	0.831479
1568	1585	2.108181
1568	1586	3.162268
1568	3751	13.564476
1569	1567	1.697053
1569	1568	0.292596
1569	1570	0.450000
1569	1571	3.968611
1569	1582	3.316614
1569	1583	1.658310
1569	1584	0.661437
1569	3621	14.387288
1569	3622	0.706126
1569	3749	3.596861
1569	3750	3.354091
1570	1569	0.450000
1570	1571	0.466897
1570	1572	1.105540
1570	1582	1.989971
1570	1583	1.989971
1570	3731	13.416228
1570	3732	2.236063
1571	1569	3.968611
1571	1570	0.466897
1571	1572	0.438748
1571	1573	3.499988
1571	1580	2.494432
1571	1581	0.999999
1571	1582	0.487498
1571	1584	6.999951
1571	1589	3.741643
1571	1592	6.999951
1571	1593	3.055041
1572	1570	1.105540
1572	1571	0.438748
1572	1573	0.516174
1572	1579	1.658310
1572	1580	4.690394
1572	1581	0.974995
1572	1593	11.488993
1572	3731	1.854046
1572	3732	14.832177
1573	1571	3.499988
1573	1572	0.516174
1573	1574	0.398862
1573	1575	2.333328
1573	1578	7.937191
1573	1579	1.587448
1573	1580	0.440195
1573	1582	8.774887
1573	1596	1.399998
1574	1573	0.398862
1574	1575	0.417855
1574	1576	1.854046
1574	1577	2.211078
1574	1578	1.989971
1574	1579	1.243733
1574	1580	3.126934
1575	1573	2.333328
1575	1574	0.417855
1575	1576	0.311373
1575	1577	0.881916
1575	1578	7.937191
1575	1580	3.741643
1575	1596	1.749997
1575	1600	2.645744
1575	1612	3.741643
1575	1616	2.494432
1576	1574	1.854046
1576	1575	0.311373
1576	1577	0.263067
1576	1578	2.236063
1576	1600	3.354091
1577	1574	2.211078
1577	1575	0.881916
1577	1576	0.263067
1577	1578	0.315789
1577	1579	2.999991
1578	1573	7.937191
1578	1574	1.989971
1578	1575	7.937191
1578	1576	2.236063
1578	1577	0.315789
1578	1579	0.450000
1578	1580	8.485209
1578	1607	2.828419
1578	1608	7.348415
1578	1609	3.968611
1579	1572	1.658310
1579	1573	1.587448
1579	1574	1.243733
1579	1577	2.999991
1579	1578	0.450000
1579	1580	0.424264
1580	1571	2.494432
1580	1572	4.690394
1580	1573	0.440195
1580	1574	3.126934
1580	1575	3.741643
1580	1578	8.485209
1580	1579	0.424264
1580	1581	0.374166
1580	1582	1.340117
1580	1609	7.483259
1580	1612	2.666660
1580	1613	1.060659
1580	1616	7.999936
1581	1533	8.774887
1581	1571	0.999999
1581	1572	0.974995
1581	1580	0.374166
1581	1582	0.365623
1581	1583	8.774887
1581	1613	1.322874
1582	1533	0.785714
1582	1534	2.924980
1582	1569	3.316614
1582	1570	1.989971
1582	1571	0.487498
1582	1573	8.774887
1582	1580	1.340117
1582	1581	0.365623
1582	1583	0.733333
1582	1584	1.096869
1582	1592	1.096869
1582	1613	1.243733
1583	1531	3.316614
1583	1532	3.316614
1583	1533	0.500000
1583	1535	9.380744
1583	1568	0.938082
1583	1569	1.658310
1583	1570	1.989971
1583	1581	8.774887
1583	1582	0.733333
1583	1584	0.548435
1583	1585	3.708085
1583	2923	7.416143
1584	1533	1.253565
1584	1534	3.499988
1584	1535	1.247218
1584	1568	0.831479
1584	1569	0.661437
1584	1571	6.999951
1584	1582	1.096869
1584	1583	0.548435
1584	1585	0.219114
1584	1586	2.958031
1584	1588	2.788859
1584	1589	2.494432
1584	1592	3.499988
1585	1535	0.790569
1585	1567	1.264909
1585	1568	2.108181
1585	1583	3.708085
1585	1584	0.219114
1585	1586	0.312500
1585	1587	0.547722
1585	1588	1.414212
1585	1589	1.581136
1586	1567	0.702728
1586	1568	3.162268
1586	1584	2.958031
1586	1585	0.312500
1586	1587	0.322190
1586	1588	3.535521
1586	1589	0.527046
1586	1962	5.361874
1586	3621	10.723690
1587	1535	6.928155
1587	1585	0.547722
1587	1586	0.322190
1587	1588	0.249870
1587	1589	3.464090
1587	1590	2.160242
1587	1936	3.915765
1588	1534	4.183283
1588	1535	0.745355
1588	1584	2.788859
1588	1585	1.414212
1588	1586	3.535521
1588	1587	0.249870
1588	1589	0.526133
1588	1590	0.597614
1588	1591	0.948682
1588	1592	2.788859
1588	1936	1.895715
1588	1937	14.141936
1589	1571	3.741643
1589	1584	2.494432
1589	1585	1.581136
1589	1586	0.527046
1589	1587	3.464090
1589	1588	0.526133
1589	1590	0.267261
1589	1591	1.414212
1589	1592	0.935413
1589	1593	1.959588
1589	3622	6.324515
1590	1587	2.160242
1590	1588	0.597614
1590	1589	0.267261
1590	1591	0.417750
1590	1592	0.874999
1590	1593	1.527523
1590	1594	1.587448
1590	1936	6.344249
1591	1588	0.948682
1591	1589	1.414212
1591	1590	0.417750
1591	1592	0.417750
1591	1593	1.484613
1591	1594	0.500000
1591	1595	1.060659
1591	1936	2.055352
1592	1534	6.999951
1592	1571	6.999951
1592	1582	1.096869
1592	1584	3.499988
1592	1588	2.788859
1592	1589	0.935413
1592	1590	0.874999
1592	1591	0.417750
1592	1593	0.458257
1592	1594	0.992156
1592	1595	0.575639
1592	1596	1.399998
1593	1571	3.055041
1593	1572	11.488993
1593	1589	1.959588
1593	1590	1.527523
1593	1591	1.484613
1593	1592	0.458257
1593	1594	0.611312
1593	1595	1.224743
1593	1596	0.916514
1593	1597	2.598069
1594	1590	1.587448
1594	1591	0.500000
1594	1592	0.992156
1594	1593	0.611312
1594	1595	0.424264
1594	1596	1.587448
1594	1597	1.124999
1594	1598	0.829156
1595	1534	3.741643
1595	1591	1.060659
1595	1592	0.575639
1595	1593	1.224743
1595	1594	0.424264
1595	1596	0.415740
1595	1597	1.060659
1595	1598	1.172603
1595	1599	1.581136
1595	1616	1.142856
1595	1617	3.999984
1596	1573	1.399998
1596	1575	1.749997
1596	1592	1.399998
1596	1593	0.916514
1596	1594	1.587448
1596	1595	0.415740
1596	1597	0.417750
1596	1598	1.253565
1596	1599	0.657342
1596	1600	0.992156
1597	1593	2.598069
1597	1594	1.124999
1597	1595	1.060659
1597	1596	0.417750
1597	1598	0.523677
1597	1599	0.958314
1597	1600	1.499998
1597	1601	5.999964
1598	1594	0.829156
1598	1595	1.172603
1598	1596	1.253565
1598	1597	0.523677
1598	1599	0.494413
1598	1600	2.487462
1598	1601	1.658310
1598	1602	4.690394
1598	1814	5.301963
1598	1815	3.976478
1599	1595	1.581136
1599	1596	0.657342
1599	1597	0.958314
1599	1598	0.494413
1599	1600	0.372678
1599	1601	0.559017
1599	1602	0.574959
1599	1604	6.324515
1599	1616	6.324515
1600	1575	2.645744
1600	1576	3.354091
1600	1596	0.992156
1600	1597	1.499998
1600	1598	2.487462
1600	1599	0.372678
1600	1601	0.428571
1600	1602	0.942808
1600	1805	14.387288
1600	1806	4.795809
1601	1597	5.999964
1601	1598	1.658310
1601	1599	0.559017
1601	1600	0.428571
1601	1602	0.353553
1601	1603	3.316614
1601	1805	3.197211
1601	1814	0.799305
1601	1815	3.197211
1602	1598	4.690394
1602	1599	0.574959
1602	1600	0.942808
1602	1601	0.353553
1602	1603	0.551813
1602	1604	0.666666
1602	1615	8.485209
1602	1805	6.782284
1602	1815	13.564476
1603	1601	3.316614
1603	1602	0.551813
1603	1604	0.426401
1603	1804	2.118909
1603	1805	1.060397
1604	1599	6.324515
1604	1602	0.666666
1604	1603	0.426401
1604	1605	0.471404
1604	1612	1.999996
1605	1604	0.471404
1605	1606	0.352941
1605	1607	2.121316
1605	1608	1.049780
1605	1612	4.242623
1606	1605	0.352941
1606	1607	0.332756
1606	1608	0.445362
1606	1611	1.999996
1606	1693	2.236063
1607	1578	2.828419
1607	1605	2.121316
1607	1606	0.332756
1607	1608	0.407541
1607	1609	1.247218
1607	1611	1.212182
1608	1578	7.348415
1608	1605	1.049780
1608	1606	0.445362
1608	1607	0.407541
1608	1609	0.281771
1608	1610	1.837114
1608	1611	0.229640
1608	1612	0.461880
1609	1578	3.968611
1609	1580	7.483259
1609	1607	1.247218
1609	1608	0.281771
1609	1610	0.396863
1609	1611	0.793725
1609	1612	1.496661
1609	1613	7.937191
1610	1608	1.837114
1610	1609	0.396863
1610	1611	0.391304
1610	1612	1.060659
1610	1613	1.499998
1610	1614	1.499998
1611	1606	1.999996
1611	1607	1.212182
1611	1608	0.229640
1611	1609	0.793725
1611	1610	0.391304
1611	1612	0.471404
1611	1613	2.999991
1611	1614	0.999999
1611	1615	1.499998
1612	1575	3.741643
1612	1580	2.666660
1612	1604	1.999996
1612	1605	4.242623
1612	1608	0.461880
1612	1609	1.496661
1612	1610	1.060659
1612	1611	0.471404
1612	1613	0.424264
1612	1614	0.942808
1612	1615	0.942808
1612	1616	0.615384
1613	1533	0.994986
1613	1580	1.060659
1613	1581	1.322874
1613	1582	1.243733
1613	1609	7.937191
1613	1610	1.499998
1613	1611	2.999991
1613	1612	0.424264
1613	1614	0.500000
1613	1615	1.799997
1613	1616	0.530330
1613	1617	4.242623
1614	1610	1.499998
1614	1611	0.999999
1614	1612	0.942808
1614	1613	0.500000
1614	1615	0.360000
1614	1616	0.942808
1614	1617	1.697053
1614	1687	1.916626
1614	1688	14.387288
1615	1602	8.485209
1615	1611	1.499998
1615	1612	0.942808
1615	1613	1.799997
1615	1614	0.360000
1615	1616	0.565685
1615	1617	1.414212
1615	1688	14.387288
1616	1575	2.494432
1616	1580	7.999936
1616	1595	1.142856
1616	1599	6.324515
1616	1612	0.615384
1616	1613	0.530330
1616	1614	0.942808
1616	1615	0.565685
1616	1617	0.444444
1617	1595	3.999984
1617	1613	4.242623
1617	1614	1.697053
1617	1615	1.414212
1617	1616	0.444444
1618	1619	0.257130
1618	1620	0.999999
1618	1621	0.769800
1618	1622	0.530330
1618	1627	3.391153
1618	1629	4.521533
1619	1618	0.257130
1619	1620	0.499134
1619	1621	1.837114
1619	1622	0.360000
1619	1623	1.587448
1619	1626	6.708159
1619	1627	2.397910
1620	1618	0.999999
1620	1619	0.499134
1620	1621	0.329914
1620	1622	0.771389
1620	1623	1.247218
1620	1624	1.172603
1621	1618	0.769800
1621	1619	1.837114
1621	1620	0.329914
1621	1622	0.386761
1621	1623	1.620183
1621	1624	1.624805
1622	1618	0.530330
1622	1619	0.360000
1622	1620	0.771389
1622	1621	0.386761
1622	1623	0.330719
1622	1624	1.421409
1623	1619	1.587448
1623	1620	1.247218
1623	1621	1.620183
1623	1622	0.330719
1623	1624	0.461840
1624	1620	1.172603
1624	1621	1.624805
1624	1622	1.421409
1624	1623	0.461840
1625	1626	0.268095
1626	1619	6.708159
1626	1625	0.268095
1626	1627	0.345929
1626	1631	20.975737
1627	1618	3.391153
1627	1619	2.397910
1627	1626	0.345929
1627	1628	1.021314
1627	1630	22.999471
1627	1631	1.606743
1628	1627	1.021314
1628	1629	0.714920
1628	1630	0.363519
1629	1618	4.521533
1629	1628	0.714920
1629	1630	0.919999
1630	1627	22.999471
1630	1628	0.363519
1630	1629	0.919999
1630	1631	0.803372
1631	1626	20.975737
1631	1627	1.606743
1631	1630	0.803372
1631	1632	0.238366
1632	1631	0.238366
1632	1633	0.270270
1633	1632	0.270270
1633	1634	0.357143
1634	1633	0.357143
1634	1635	0.350877
1634	1855	1.748012
1634	1856	10.723690
1635	1634	0.350877
1635	1636	0.317460
1635	1854	1.428569
1635	1855	0.699205
1635	1906	10.487978
1635	1907	20.975737
1636	1635	0.317460
1636	1637	0.315406
1636	1854	1.666664
1636	1908	1.398410
1636	1909	2.383062
1637	1636	0.315406
1637	1638	0.227723
1637	1908	7.498092
1637	1909	2.090905
1638	1637	0.227723
1638	1639	0.281180
1639	1638	0.281180
1639	1640	0.211881
1640	1639	0.211881
1640	1641	0.282205
1641	1640	0.282205
1641	1642	0.857904
1642	1641	0.857904
1642	1644	0.294118
1643	2581	1.498296
1643	2582	2.749992
1643	2583	7.333280
1643	2584	5.623579
1643	2585	5.244017
1643	2586	11.247095
1643	2702	0.487818
1643	2703	0.635641
1643	2704	0.564102
1643	2705	0.264640
1644	1642	0.294118
1644	1645	0.408163
1644	1657	1.906922
1644	1658	4.999975
1645	1644	0.408163
1645	1646	0.243723
1645	1654	10.723690
1645	1656	0.874007
1645	1657	0.676650
1645	1658	1.818179
1646	1645	0.243723
1646	1647	0.803372
1646	1648	0.394639
1646	1654	3.285703
1646	1656	2.499376
1647	1646	0.803372
1647	1648	0.244444
1647	1649	1.748012
1647	1703	3.749060
1647	1704	0.681649
1648	1646	0.394639
1648	1647	0.244444
1648	1649	0.524404
1649	1647	1.748012
1649	1648	0.524404
1649	1650	0.932504
1649	1651	3.574589
1649	1654	7.149152
1649	1682	0.283462
1649	1703	2.383062
1650	1649	0.932504
1650	1651	0.252747
1650	1659	21.447151
1650	1660	1.261623
1650	1661	0.298701
1650	1681	0.630812
1650	1682	1.874533
1651	1649	3.574589
1651	1650	0.252747
1651	1653	0.273809
1651	1659	1.261623
1651	1660	0.670237
1651	1682	1.730339
1652	2781	0.370370
1652	2782	0.344827
1652	2788	1.340474
1652	2789	0.579665
1653	1651	0.273809
1653	1654	0.221154
1653	1658	1.021314
1653	1659	0.630812
1653	2935	10.723690
1653	2936	3.574589
1654	1645	10.723690
1654	1646	3.285703
1654	1649	7.149152
1654	1653	0.221154
1654	1655	0.793103
1654	1656	2.811798
1654	1657	7.498092
1654	1658	4.289504
1654	2936	1.649813
1655	1654	0.793103
1655	1656	0.865170
1655	2938	22.493938
1656	1645	0.874007
1656	1646	2.499376
1656	1654	2.811798
1656	1655	0.865170
1656	1657	0.289474
1657	1644	1.906922
1657	1645	0.676650
1657	1654	7.498092
1657	1656	0.289474
1657	1658	0.524404
1658	1644	4.999975
1658	1645	1.818179
1658	1653	1.021314
1658	1654	4.289504
1658	1657	0.524404
1658	1659	0.344827
1659	1650	21.447151
1659	1651	1.261623
1659	1653	0.630812
1659	1658	0.344827
1659	1660	0.307692
1659	2908	21.447151
1659	3155	3.333322
1659	3156	9.999900
1660	1650	1.261623
1660	1651	0.670237
1660	1659	0.307692
1660	1661	0.498781
1660	2908	7.149152
1660	2909	1.613549
1660	3154	19.999600
1660	3155	3.999984
1661	1650	0.298701
1661	1660	0.498781
1661	1662	0.365079
1661	1681	1.340474
1661	2909	3.213482
1662	1661	0.365079
1662	1663	0.230619
1662	1679	7.666608
1662	1680	1.340474
1662	1681	0.595767
1663	1662	0.230619
1663	1664	0.333333
1663	1679	1.261623
1663	1680	2.857135
1664	1663	0.333333
1664	1665	0.306394
1664	1678	1.021314
1664	1679	0.739572
1665	1664	0.306394
1665	1666	0.250000
1665	1676	1.021314
1665	1678	0.433962
1666	1665	0.250000
1666	1667	0.258405
1666	1674	22.999471
1666	1675	1.340474
1666	1676	0.612788
1667	1666	0.258405
1667	1668	0.369786
1667	1674	1.191533
1668	1667	0.369786
1668	1669	0.766666
1668	1670	0.280488
1668	1671	22.493938
1668	1673	1.261623
1668	1674	0.522727
1669	1668	0.766666
1669	1670	0.370968
1669	1672	22.493938
1669	3152	3.213482
1670	1668	0.280488
1670	1669	0.370968
1670	1671	0.661601
1670	1672	1.323201
1670	1673	1.949779
1670	3152	3.749060
1670	3153	22.493938
1671	1668	22.493938
1671	1670	0.661601
1671	1672	0.333333
1671	2968	1.048808
1671	2969	1.906922
1671	3150	22.493938
1671	3151	7.498092
1672	1669	22.493938
1672	1670	1.323201
1672	1671	0.333333
1672	1673	0.446301
1672	2967	1.906922
1672	2968	0.806775
1672	3151	1.606743
1672	3152	0.814814
1673	1668	1.261623
1673	1670	1.949779
1673	1672	0.446301
1673	1674	0.293803
1673	3152	3.496017
1673	3153	1.906922
1673	3154	3.999984
1674	1666	22.999471
1674	1667	1.191533
1674	1668	0.522727
1674	1673	0.293803
1674	1675	0.210271
1674	3154	1.949779
1675	1666	1.340474
1675	1674	0.210271
1675	1676	0.338983
1676	1665	1.021314
1676	1666	0.612788
1676	1675	0.338983
1676	1678	0.320113
1677	3004	0.607958
1677	3005	0.582671
1677	3019	0.523809
1678	1664	1.021314
1678	1665	0.433962
1678	1676	0.320113
1678	1679	0.250000
1679	1662	7.666608
1679	1663	1.261623
1679	1664	0.739572
1679	1678	0.250000
1679	1680	0.210271
1680	1662	1.340474
1680	1663	2.857135
1680	1679	0.210271
1680	1681	0.363636
1681	1650	0.630812
1681	1661	1.340474
1681	1662	0.595767
1681	1680	0.363636
1681	1682	0.806775
1682	1649	0.283462
1682	1650	1.874533
1682	1651	1.730339
1682	1681	0.806775
1682	1684	0.207685
1682	1702	7.498092
1682	1703	3.213482
1683	3008	0.408990
1683	3009	0.244505
1683	3022	4.195218
1683	3086	0.611111
1683	3087	2.499376
1684	1682	0.207685
1684	1685	0.266667
1684	1702	1.072379
1685	1684	0.266667
1685	1686	0.376274
1685	1701	1.429839
1685	1702	0.893650
1686	1685	0.376274
1686	1687	0.264785
1686	1699	22.999471
1686	1700	1.649813
1686	1701	0.410714
1687	1614	1.916626
1687	1686	0.264785
1687	1688	0.345929
1687	1699	1.072379
1687	1700	6.666622
1688	1614	14.387288
1688	1615	14.387288
1688	1687	0.345929
1688	1690	0.255329
1688	1697	22.999471
1688	1698	1.261623
1688	1699	0.418182
1689	3025	1.531970
1689	3026	0.909090
1689	3083	1.191533
1689	3084	2.680944
1689	3103	0.304002
1689	3104	0.645161
1690	1688	0.255329
1690	1691	0.270270
1690	1697	1.261623
1690	1698	3.333322
1691	1690	0.270270
1691	1692	0.540540
1691	1693	0.999999
1691	1695	4.999975
1691	1696	1.818179
1691	1697	0.595767
1692	1691	0.540540
1692	1693	0.392157
1692	1695	1.428569
1693	1606	2.236063
1693	1691	0.999999
1693	1692	0.392157
1693	1695	0.246914
1693	1696	4.999975
1694	3186	0.252325
1694	3187	1.165342
1694	3188	3.496017
1694	3191	1.261623
1694	3192	6.666622
1694	3297	9.999900
1694	3300	5.244017
1694	3301	19.999600
1695	1691	4.999975
1695	1692	1.428569
1695	1693	0.246914
1695	1696	0.224719
1696	1691	1.818179
1696	1693	4.999975
1696	1695	0.224719
1696	1697	0.357460
1697	1688	22.999471
1697	1690	1.261623
1697	1691	0.595767
1697	1696	0.357460
1697	1698	0.228166
1698	1688	1.261623
1698	1690	3.333322
1698	1697	0.228166
1698	1699	0.335119
1699	1686	22.999471
1699	1687	1.072379
1699	1688	0.418182
1699	1698	0.335119
1699	1700	0.225764
1700	1686	1.649813
1700	1687	6.666622
1700	1699	0.225764
1700	1701	0.420541
1701	1685	1.429839
1701	1686	0.410714
1701	1700	0.420541
1701	1702	0.294872
1702	1682	7.498092
1702	1684	1.072379
1702	1685	0.893650
1702	1701	0.294872
1702	1703	0.196581
1703	1647	3.749060
1703	1649	2.383062
1703	1682	3.213482
1703	1702	0.196581
1703	1704	0.547619
1704	1647	0.681649
1704	1703	0.547619
1704	1705	0.270588
1705	1704	0.270588
1705	1706	0.242105
1706	1705	0.242105
1706	1707	0.661601
1706	1739	7.498092
1706	1740	1.210525
1706	1741	3.833319
1707	1706	0.661601
1707	1708	0.207547
1707	1741	5.623579
1707	1997	20.975737
1707	1998	2.097613
1707	1999	0.361658
1708	1707	0.207547
1708	1709	0.209762
1708	1740	2.499376
1708	1741	1.606743
1708	1997	0.839046
1708	1998	5.244017
1709	1708	0.209762
1709	1710	0.606060
1709	1739	6.992010
1709	1740	1.261623
1709	1741	5.361874
1709	1742	6.992010
1709	1996	1.165342
1709	1997	0.952380
1710	1709	0.606060
1710	1711	0.285714
1710	1738	1.261623
1710	1739	1.233891
1710	1742	2.330681
1710	1743	0.824907
1710	1744	20.975737
1710	1996	10.487978
1711	1710	0.285714
1711	1712	0.324964
1711	1737	1.498296
1711	1738	0.857904
1711	1743	4.289504
1711	1744	1.311009
1712	1711	0.324964
1712	1713	0.270588
1712	1736	1.128820
1712	1737	0.468634
1713	1712	0.270588
1713	1714	0.264368
1713	1735	1.072379
1713	1736	0.824907
1713	2925	0.978018
1714	1539	11.747202
1714	1540	13.564476
1714	1541	2.397910
1714	1713	0.264368
1714	1715	0.234694
1714	1733	22.493938
1714	1734	1.021314
1714	1735	0.649927
1714	2925	1.071163
1715	1541	1.598608
1715	1561	0.899218
1715	1714	0.234694
1715	1716	0.681649
1715	1731	0.353846
1715	1732	0.932504
1715	1733	1.499627
1715	1734	3.574589
1716	1561	2.345202
1716	1715	0.681649
1716	1717	0.224490
1716	1730	3.666653
1716	1731	1.874533
1716	1732	1.398410
1716	1733	0.354839
1716	2241	1.165342
1716	2242	7.498092
1716	2362	2.044945
1717	1716	0.224490
1717	1718	0.265521
1717	1729	5.244017
1717	1730	1.294116
1717	1732	6.992010
1717	2240	2.097613
1717	2241	1.311009
1717	2362	2.811798
1718	1717	0.265521
1718	1719	0.263158
1718	1729	1.538459
1718	2239	10.487978
1718	2240	3.333322
1718	2362	10.723690
1718	2363	4.195218
1718	2365	0.953462
1718	3764	6.666622
1719	1718	0.263158
1719	1720	0.397178
1719	1728	1.333332
1719	1729	1.428569
1719	2365	2.330681
1719	2366	1.176469
1720	1719	0.397178
1720	1721	0.206371
1720	1725	22.493938
1720	1727	1.128820
1720	1728	0.487445
1720	1776	22.999471
1720	1777	2.811798
1720	1778	22.999471
1720	2366	3.063935
1721	1720	0.206371
1721	1722	0.488889
1721	1723	1.571426
1721	1724	0.456004
1721	1725	5.499970
1721	1726	5.244017
1721	1727	1.906922
1721	1774	5.623579
1721	1776	2.249439
1721	1777	0.846153
1722	1721	0.488889
1722	1723	0.999999
1722	1776	22.493938
1722	2368	0.284740
1722	2391	10.487978
1722	2394	1.874533
1722	2395	22.493938
1722	3599	4.195218
1723	1721	1.571426
1723	1722	0.999999
1723	1724	0.209762
1723	1774	11.247095
1723	3599	0.749149
1723	3600	22.493938
1723	3765	2.622015
1723	3951	0.305555
1723	3952	2.330681
1723	3955	21.999516
1724	1721	0.456004
1724	1723	0.209762
1724	1725	0.582671
1724	1774	1.128820
1724	3764	0.799999
1724	3765	1.999996
1724	3952	19.999600
1724	3955	3.496017
1725	1720	22.493938
1725	1721	5.499970
1725	1724	0.582671
1725	1726	0.616946
1725	1727	20.975737
1725	1774	22.493938
1725	3609	2.330681
1725	3610	4.195218
1725	3763	3.213482
1725	3764	4.195218
1725	3952	1.906922
1725	3953	21.999516
1725	3954	0.261905
1725	3955	0.415094
1726	1557	1.314683
1726	1559	6.324515
1726	1721	5.244017
1726	1725	0.616946
1726	1727	0.229885
1726	1774	0.612788
1726	1776	1.787298
1726	1950	3.063935
1726	3953	10.487978
1727	1559	3.162268
1727	1720	1.128820
1727	1721	1.906922
1727	1725	20.975737
1727	1726	0.229885
1727	1728	0.350877
1727	1776	1.429839
1727	1777	1.748012
1727	1950	0.765986
1728	1719	1.333332
1728	1720	0.487445
1728	1727	0.350877
1728	1729	0.285714
1728	1777	6.992010
1728	1778	7.149152
1729	1717	5.244017
1729	1718	1.538459
1729	1719	1.428569
1729	1728	0.285714
1729	1730	0.216249
1729	1731	21.447151
1729	1779	19.999600
1730	1716	3.666653
1730	1717	1.294116
1730	1729	0.216249
1730	1731	0.702951
1730	1732	0.295439
1731	1543	3.976478
1731	1561	3.596861
1731	1715	0.353846
1731	1716	1.874533
1731	1729	21.447151
1731	1730	0.702951
1731	1732	0.649927
1731	1780	22.999471
1732	1715	0.932504
1732	1716	1.398410
1732	1717	6.992010
1732	1730	0.295439
1732	1731	0.649927
1732	1733	0.537850
1733	1714	22.493938
1733	1715	1.499627
1733	1716	0.354839
1733	1732	0.537850
1733	1734	0.238366
1733	2242	2.499376
1733	2361	11.247095
1733	2362	2.044945
1734	1714	1.021314
1734	1715	3.574589
1734	1733	0.238366
1734	1735	0.392157
1734	2242	4.289504
1734	2243	7.149152
1734	2361	10.723690
1735	1713	1.072379
1735	1714	0.649927
1735	1734	0.392157
1735	1736	0.303030
1735	2243	2.144756
1735	2926	20.975737
1736	1712	1.128820
1736	1713	0.824907
1736	1735	0.303030
1736	1737	0.327753
1736	2926	1.165342
1736	2927	1.398410
1737	1711	1.498296
1737	1712	0.468634
1737	1736	0.327753
1737	1738	0.244505
1737	2926	5.499970
1737	2927	3.666653
1738	1710	1.261623
1738	1711	0.857904
1738	1737	0.244505
1738	1739	0.277709
1738	1743	22.999471
1739	1706	7.498092
1739	1709	6.992010
1739	1710	1.233891
1739	1738	0.277709
1739	1740	0.284740
1739	1743	2.249439
1740	1706	1.210525
1740	1708	2.499376
1740	1709	1.261623
1740	1739	0.284740
1740	1741	0.298701
1740	1742	1.071163
1740	1743	3.833319
1740	1996	11.247095
1741	1706	3.833319
1741	1707	5.623579
1741	1708	1.606743
1741	1709	5.361874
1741	1740	0.298701
1741	1742	0.624845
1741	1996	5.623579
1741	1997	5.361874
1742	1709	6.992010
1742	1710	2.330681
1742	1740	1.071163
1742	1741	0.624845
1742	1743	0.220534
1742	1995	1.233891
1742	1996	0.275000
1743	1710	0.824907
1743	1711	4.289504
1743	1738	22.999471
1743	1739	2.249439
1743	1740	3.833319
1743	1742	0.220534
1743	1744	0.214233
1743	1995	3.063935
1744	1710	20.975737
1744	1711	1.311009
1744	1743	0.214233
1744	1745	0.241876
1744	1761	2.996588
1744	1994	22.493938
1745	1744	0.241876
1745	1746	0.209091
1745	1760	0.893650
1745	1761	5.361874
1745	1992	4.498869
1745	1993	22.493938
1745	1994	4.599979
1746	1745	0.209091
1746	1747	0.661601
1746	1759	0.937268
1746	1760	0.857904
1746	1991	0.369786
1746	1992	1.730339
1746	1993	11.247095
1747	1746	0.661601
1747	1748	0.666666
1747	1759	0.379310
1747	1791	1.692305
1747	1792	0.340825
1747	1990	20.975737
1747	1991	1.398410
1747	1992	21.999516
1748	1747	0.666666
1748	1749	0.709677
1748	1750	0.264640
1748	1757	20.975737
1748	1758	1.606743
1748	1759	1.999996
1748	1760	10.487978
1748	1984	4.195218
1748	1985	1.613549
1749	1748	0.709677
1749	1750	1.124721
1749	1938	2.749992
1749	1971	1.124721
1749	1972	0.576780
1749	1984	1.233891
1749	1985	1.906922
1749	1986	0.314286
1750	1748	0.264640
1750	1749	1.124721
1750	1751	0.204495
1750	1757	1.261623
1750	1758	2.299995
1750	1972	5.749967
1750	1973	21.447151
1750	1983	2.680944
1750	1984	1.021314
1751	1750	0.204495
1751	1752	0.292136
1751	1754	2.749992
1751	1756	1.613549
1751	1757	1.165342
1751	1782	21.999516
1751	1783	2.199995
1751	1983	2.097613
1752	1751	0.292136
1752	1753	0.295979
1752	1754	1.249690
1752	1756	7.149152
1752	1782	5.623579
1752	1783	2.044945
1752	1973	21.447151
1752	1974	1.437498
1752	1982	5.749967
1752	1983	2.680944
1753	1752	0.295979
1753	1754	0.309859
1753	1974	1.405901
1753	3928	0.661601
1754	1751	2.749992
1754	1752	1.249690
1754	1753	0.309859
1754	1755	1.047618
1754	1756	0.374574
1755	1754	1.047618
1755	1756	0.953462
1756	1751	1.613549
1756	1752	7.149152
1756	1754	0.374574
1756	1755	0.953462
1756	1757	0.384615
1756	1983	9.999900
1757	1748	20.975737
1757	1750	1.261623
1757	1751	1.165342
1757	1756	0.384615
1757	1758	0.306394
1757	1784	7.149152
1757	1983	19.999600
1757	1984	19.999600
1758	1748	1.606743
1758	1750	2.299995
1758	1757	0.306394
1758	1759	1.071163
1758	1983	10.723690
1758	1984	2.383062
1759	1746	0.937268
1759	1747	0.379310
1759	1748	1.999996
1759	1758	1.071163
1759	1760	0.220802
1759	1790	20.975737
1759	1791	10.999879
1759	1992	4.399981
1759	1993	2.199995
1759	1994	22.493938
1760	1745	0.893650
1760	1746	0.857904
1760	1748	10.487978
1760	1759	0.220802
1760	1761	0.250000
1760	1993	5.244017
1760	1994	1.649813
1761	1744	2.996588
1761	1745	5.361874
1761	1760	0.250000
1761	1762	0.263158
1761	1788	1.398410
1761	1994	0.765986
1762	1761	0.263158
1762	1763	0.370370
1762	1787	1.340474
1762	1788	0.998865
1762	1995	1.249998
1763	1762	0.370370
1763	1764	0.338983
1763	1786	1.261623
1763	1787	0.579665
1763	2169	1.613549
1764	1763	0.338983
1764	1765	0.270270
1764	1785	1.261623
1764	1786	0.579665
1764	2168	1.048808
1764	2169	1.233891
1764	2183	4.195218
1765	1764	0.270270
1765	1766	0.225764
1765	1784	1.429839
1765	1785	0.714920
1765	2183	2.622015
1765	2184	1.787298
1766	1765	0.225764
1766	1767	0.281180
1766	1768	11.499868
1766	1782	2.044945
1766	1783	1.249690
1766	1784	0.884615
1766	2184	3.833319
1766	2185	3.833319
1767	1766	0.281180
1767	1768	0.661601
1767	1769	0.295439
1767	1781	1.692305
1767	1782	1.294116
1768	1766	11.499868
1768	1767	0.661601
1768	1769	0.649927
1768	1780	0.403509
1768	1781	4.498869
1769	1767	0.295439
1769	1768	0.649927
1769	1770	0.411297
1769	1771	21.447151
1769	1780	0.932504
1769	1781	1.398410
1769	1782	6.992010
1770	1769	0.411297
1770	1771	0.258557
1770	1780	1.730339
1770	1781	0.360656
1770	1948	0.874007
1771	1769	21.447151
1771	1770	0.258557
1771	1772	0.246524
1771	1779	1.261623
1771	1780	0.851851
1771	1948	1.787298
1772	1771	0.246524
1772	1773	0.351600
1772	1775	4.999975
1772	1778	1.340474
1772	1779	1.818179
1772	1948	2.857135
1772	1949	0.869564
1772	1950	7.149152
1772	1952	21.447151
1773	1772	0.351600
1773	1774	0.999999
1773	1775	0.456332
1773	1776	1.210525
1773	1777	1.730339
1773	1778	0.605263
1773	1949	21.447151
1773	1950	0.489361
1773	1952	5.749967
1774	1554	14.387288
1774	1721	5.623579
1774	1723	11.247095
1774	1724	1.128820
1774	1725	22.493938
1774	1726	0.612788
1774	1773	0.999999
1774	1775	0.794355
1774	1776	0.522727
1774	1950	3.833319
1774	3952	0.794355
1774	3953	3.749060
1774	3954	22.493938
1775	1772	4.999975
1775	1773	0.456332
1775	1774	0.794355
1775	1776	0.974890
1775	3915	2.222217
1775	3916	4.999975
1775	3953	20.975737
1776	1720	22.999471
1776	1721	2.249439
1776	1722	22.493938
1776	1726	1.787298
1776	1727	1.429839
1776	1773	1.210525
1776	1774	0.522727
1776	1775	0.974890
1776	1777	0.208282
1776	1950	3.285703
1776	3915	7.149152
1777	1720	2.811798
1777	1721	0.846153
1777	1727	1.748012
1777	1728	6.992010
1777	1773	1.730339
1777	1776	0.208282
1777	1778	0.277709
1777	1950	3.749060
1778	1720	22.999471
1778	1728	7.149152
1778	1772	1.340474
1778	1773	0.605263
1778	1777	0.277709
1778	1779	0.243723
1778	1950	22.999471
1779	1729	19.999600
1779	1771	1.261623
1779	1772	1.818179
1779	1778	0.243723
1779	1780	0.271489
1780	1731	22.999471
1780	1768	0.403509
1780	1769	0.932504
1780	1770	1.730339
1780	1771	0.851851
1780	1779	0.271489
1780	1781	0.803372
1780	1948	2.680944
1781	1767	1.692305
1781	1768	4.498869
1781	1769	1.398410
1781	1770	0.360656
1781	1780	0.803372
1781	1782	0.231579
1781	1947	10.487978
1781	1948	1.104008
1782	1751	21.999516
1782	1752	5.623579
1782	1766	2.044945
1782	1767	1.294116
1782	1769	6.992010
1782	1781	0.231579
1782	1783	0.265060
1783	1751	2.199995
1783	1752	2.044945
1783	1766	1.249690
1783	1782	0.265060
1783	1784	0.210228
1784	1757	7.149152
1784	1765	1.429839
1784	1766	0.884615
1784	1783	0.210228
1784	1785	0.258427
1785	1764	1.261623
1785	1765	0.714920
1785	1784	0.258427
1785	1786	0.294872
1785	2183	1.071163
1785	2184	22.999471
1786	1763	1.261623
1786	1764	0.579665
1786	1785	0.294872
1786	1787	0.270588
1786	2168	2.249439
1786	2169	1.874533
1786	2183	1.124721
1787	1762	1.340474
1787	1763	0.579665
1787	1786	0.270588
1787	1788	0.258557
1787	2169	1.874533
1787	2170	2.090905
1788	1761	1.398410
1788	1762	0.998865
1788	1787	0.258557
1788	1789	0.209762
1788	1994	0.833127
1788	2170	3.749060
1788	2171	2.996588
1789	1788	0.209762
1789	1790	0.281690
1789	1993	1.104008
1789	1994	0.670237
1790	1759	20.975737
1790	1789	0.281690
1790	1791	0.874007
1790	1992	1.748012
1790	1993	2.622015
1791	1747	1.692305
1791	1759	10.999879
1791	1790	0.874007
1791	1792	0.523126
1791	1844	0.536585
1791	1991	2.330681
1791	1992	0.258823
1792	1747	0.340825
1792	1791	0.523126
1792	1793	0.240984
1792	1844	1.499627
1792	1990	1.261623
1792	1991	0.857904
1793	1792	0.240984
1793	1794	0.350877
1793	1989	1.261623
1793	1990	1.666664
1794	1793	0.350877
1794	1795	0.357143
1794	1921	21.447151
1794	1922	10.723690
1794	1988	1.261623
1794	1989	0.536190
1795	1794	0.357143
1795	1796	0.552004
1795	1821	2.680944
1795	1822	0.357143
1795	1934	1.649813
1795	1988	0.498781
1796	1795	0.552004
1796	1797	0.229167
1796	1820	11.247095
1796	1821	2.499376
1796	1822	1.498296
1796	1823	20.975737
1796	1933	1.398410
1796	1934	0.303979
1797	1796	0.229167
1797	1798	0.536585
1797	1821	2.499376
1797	1822	2.097613
1797	1827	11.247095
1797	1932	1.104008
1797	1933	2.622015
1798	1797	0.536585
1798	1799	0.361658
1798	1820	2.249439
1798	1821	3.213482
1798	1828	1.183917
1798	1829	0.775670
1798	1931	1.748012
1798	1932	1.233891
1799	1798	0.361658
1799	1800	0.322581
1799	1819	1.340474
1799	1820	1.340474
1799	1829	4.289504
1799	1830	6.666622
1800	1799	0.322581
1800	1801	0.456332
1800	1818	1.787298
1800	1819	0.612788
1801	1800	0.456332
1801	1802	0.218853
1801	1816	22.999471
1801	1817	1.261623
1801	1818	0.365079
1802	1801	0.218853
1802	1803	0.338983
1802	1816	1.787298
1802	1817	2.499994
1803	1802	0.338983
1803	1804	0.263158
1803	1814	21.447151
1803	1815	1.340474
1803	1816	0.649927
1804	1603	2.118909
1804	1803	0.263158
1804	1805	0.357460
1804	1814	1.340474
1804	1815	0.932504
1805	1600	14.387288
1805	1601	3.197211
1805	1602	6.782284
1805	1603	1.060397
1805	1804	0.357460
1805	1806	0.252747
1805	1812	21.447151
1805	1813	1.261623
1805	1814	0.479166
1806	1600	4.795809
1806	1805	0.252747
1806	1807	0.230619
1806	1810	2.299995
1806	1812	1.021314
1806	1813	1.429839
1807	1806	0.230619
1807	1808	0.606060
1807	1809	1.666664
1807	1810	1.429839
1808	1807	0.606060
1808	1809	0.999999
1808	1810	10.723690
1809	1807	1.666664
1809	1808	0.999999
1809	1810	0.285968
1810	1806	2.299995
1810	1807	1.429839
1810	1808	10.723690
1810	1809	0.285968
1810	1811	0.612788
1810	1812	0.369786
1811	1810	0.612788
1811	1812	0.952380
1812	1805	21.447151
1812	1806	1.021314
1812	1810	0.369786
1812	1811	0.952380
1812	1813	0.229885
1813	1805	1.261623
1813	1806	1.429839
1813	1812	0.229885
1813	1814	0.289832
1814	1598	5.301963
1814	1601	0.799305
1814	1803	21.447151
1814	1804	1.340474
1814	1805	0.479166
1814	1813	0.289832
1814	1815	0.287500
1815	1598	3.976478
1815	1601	3.197211
1815	1602	13.564476
1815	1803	1.340474
1815	1804	0.932504
1815	1814	0.287500
1815	1816	0.239583
1816	1801	22.999471
1816	1802	1.787298
1816	1803	0.649927
1816	1815	0.239583
1816	1817	0.235688
1817	1801	1.261623
1817	1802	2.499994
1817	1816	0.235688
1817	1818	0.340438
1818	1800	1.787298
1818	1801	0.365079
1818	1817	0.340438
1818	1819	0.283951
1819	1799	1.340474
1819	1800	0.612788
1819	1818	0.283951
1819	1820	0.205357
1820	1796	11.247095
1820	1798	2.249439
1820	1799	1.340474
1820	1819	0.205357
1820	1821	0.306667
1820	1829	22.999471
1821	1795	2.680944
1821	1796	2.499376
1821	1797	2.499376
1821	1798	3.213482
1821	1820	0.306667
1821	1822	0.363519
1821	1828	1.277776
1821	1829	4.599979
1822	1795	0.357143
1822	1796	1.498296
1822	1797	2.097613
1822	1821	0.363519
1822	1823	0.666666
1822	1827	10.723690
1822	1828	4.289504
1822	1923	19.999600
1823	1796	20.975737
1823	1822	0.666666
1823	1824	0.564410
1823	1826	2.144756
1823	1827	1.191533
1823	1933	4.999975
1824	1823	0.564410
1824	1825	0.714920
1824	1826	0.383333
1824	1968	1.261623
1824	1970	4.599979
1824	1984	21.447151
1824	1985	0.261556
1825	1824	0.714920
1825	1826	0.857904
1825	1827	5.361874
1825	1984	9.999900
1826	1823	2.144756
1826	1824	0.383333
1826	1825	0.857904
1826	1827	0.310811
1826	1933	1.261623
1826	1968	0.670237
1827	1797	11.247095
1827	1822	10.723690
1827	1823	1.191533
1827	1825	5.361874
1827	1826	0.310811
1827	1828	0.234694
1827	1932	1.261623
1827	1933	0.579665
1828	1798	1.183917
1828	1821	1.277776
1828	1822	4.289504
1828	1827	0.234694
1828	1829	0.270588
1828	1931	1.191533
1828	1932	0.536190
1829	1798	0.775670
1829	1799	4.289504
1829	1820	22.999471
1829	1821	4.599979
1829	1828	0.270588
1829	1830	0.218853
1829	1928	5.749967
1829	1929	1.787298
1829	1931	0.498781
1830	1799	6.666622
1830	1829	0.218853
1830	1831	0.350877
1830	1928	1.340474
1830	1929	9.999900
1831	1830	0.350877
1831	1832	0.317460
1831	1927	1.128820
1831	1928	0.765986
1832	1831	0.317460
1832	1833	0.392157
1832	1926	1.340474
1832	1927	1.072379
1833	1832	0.392157
1833	1834	0.370370
1833	1925	1.613549
1833	1926	0.579665
1834	1833	0.370370
1834	1835	0.476613
1834	1836	0.765986
1834	1924	1.191533
1834	1925	0.839046
1835	1834	0.476613
1835	1836	0.223301
1836	1834	0.765986
1836	1835	0.223301
1836	1837	0.312423
1836	1924	0.958332
1837	1836	0.312423
1837	1838	0.246778
1838	1837	0.246778
1838	1839	0.456004
1839	1838	0.456004
1839	1840	0.209762
1839	1923	1.748012
1840	1839	0.209762
1840	1841	0.370370
1840	1922	1.261623
1840	1923	1.999996
1841	1840	0.370370
1841	1842	0.293803
1841	1921	1.261623
1841	1922	0.498781
1842	1841	0.293803
1842	1843	0.681649
1842	1919	2.383062
1842	1920	1.405901
1842	1921	0.676470
1843	1842	0.681649
1843	1844	0.846153
1843	1845	0.287345
1843	1913	11.247095
1843	1918	10.999879
1843	1919	1.498296
1843	1920	0.431372
1844	1791	0.536585
1844	1792	1.499627
1844	1843	0.846153
1844	1845	0.599319
1844	1913	22.493938
1844	1991	1.165342
1845	1843	0.287345
1845	1844	0.599319
1845	1846	0.322581
1845	1918	1.906922
1845	1919	9.999900
1846	1845	0.322581
1846	1847	0.322581
1846	1913	21.447151
1846	1917	1.340474
1846	1918	1.233891
1847	1846	0.322581
1847	1848	0.281690
1847	1916	1.261623
1847	1917	0.691858
1848	1847	0.281690
1848	1849	0.277778
1848	1915	1.261623
1848	1916	0.691858
1849	1848	0.277778
1849	1850	0.428085
1849	1912	1.649813
1849	1914	1.261623
1849	1915	0.595767
1850	1849	0.428085
1850	1851	0.200843
1850	1912	1.183917
1850	1914	0.362813
1851	1850	0.200843
1851	1852	0.208229
1851	1911	1.649813
1851	1912	0.884615
1852	1851	0.208229
1852	1853	0.425532
1852	1910	1.261623
1852	1911	1.333332
1853	1852	0.425532
1853	1854	0.333333
1853	1909	1.261623
1853	1910	0.630812
1854	1635	1.428569
1854	1636	1.666664
1854	1853	0.333333
1854	1855	0.874007
1854	1906	0.998865
1854	1908	1.498296
1854	1909	0.612788
1855	1634	1.748012
1855	1635	0.699205
1855	1854	0.874007
1855	1856	0.642698
1855	1905	3.213482
1855	1906	0.379310
1855	1907	4.399981
1856	1634	10.723690
1856	1855	0.642698
1856	1857	0.274969
1856	1904	1.261623
1856	1905	0.348485
1857	1856	0.274969
1857	1858	0.377358
1857	1903	1.261623
1857	1904	1.333332
1858	1857	0.377358
1858	1859	0.233126
1858	1900	19.999600
1858	1902	1.072379
1858	1903	0.739572
1859	1858	0.233126
1859	1860	0.865170
1859	1883	3.749060
1859	1899	2.874992
1859	1900	0.974890
1859	1901	1.874533
1859	1902	3.285703
1860	1859	0.865170
1860	1861	0.250000
1860	1880	0.953462
1860	1881	3.142847
1860	1883	0.247191
1860	1884	11.247095
1860	1894	22.493938
1860	1899	4.498869
1860	1900	10.487978
1861	1860	0.250000
1861	1862	0.899777
1861	1878	22.493938
1861	1879	1.233891
1861	1880	0.723316
1861	1884	22.493938
1861	1894	1.124721
1861	1895	0.395777
1861	1899	11.247095
1862	1861	0.899777
1862	1863	0.249391
1862	1876	7.666608
1862	1877	1.261623
1862	1878	0.294872
1862	1895	1.128820
1862	1896	3.063935
1863	1862	0.249391
1863	1864	0.289855
1863	1875	20.975737
1863	1876	1.261623
1863	1877	3.999984
1863	1896	4.999975
1864	1863	0.289855
1864	1865	0.302079
1864	1875	1.498296
1864	1876	0.649927
1865	1864	0.302079
1865	1866	0.214476
1865	1873	3.285703
1865	1874	1.261623
1865	1875	0.468634
1866	1865	0.214476
1866	1867	0.370370
1866	1873	1.649813
1866	1874	19.999600
1867	1866	0.370370
1867	1868	0.271489
1867	1871	1.311009
1867	1873	1.429839
1867	2771	9.999900
1868	1867	0.271489
1868	1869	1.045453
1868	1870	0.547619
1868	1871	1.323201
1868	1891	3.749060
1869	1868	1.045453
1869	1870	0.211009
1869	1890	1.277776
1869	2040	2.811798
1869	2063	0.258557
1870	1868	0.547619
1870	1869	0.211009
1870	1871	1.022474
1870	1890	0.396552
1870	1891	0.357055
1870	2770	11.247095
1871	1867	1.311009
1871	1868	1.323201
1871	1870	1.022474
1871	1872	0.647058
1871	1873	0.274322
1871	1891	0.392857
1871	1892	21.999516
1872	1871	0.647058
1872	1873	0.749814
1872	1889	0.411297
1872	1890	11.247095
1872	1891	3.142847
1872	1892	1.374998
1872	1893	0.354839
1873	1865	3.285703
1873	1866	1.649813
1873	1867	1.429839
1873	1871	0.274322
1873	1872	0.749814
1873	1874	0.230619
1873	1892	1.249690
1873	1893	7.498092
1874	1865	1.261623
1874	1866	19.999600
1874	1873	0.230619
1874	1875	0.368003
1875	1863	20.975737
1875	1864	1.498296
1875	1865	0.468634
1875	1874	0.368003
1875	1876	0.316823
1876	1862	7.666608
1876	1863	1.261623
1876	1864	0.649927
1876	1875	0.316823
1876	1877	0.221109
1877	1862	1.261623
1877	1863	3.999984
1877	1876	0.221109
1877	1878	0.564410
1878	1861	22.493938
1878	1862	0.294872
1878	1877	0.564410
1878	1879	0.240984
1878	1894	22.999471
1878	1895	1.261623
1879	1861	1.233891
1879	1878	0.240984
1879	1880	0.416666
1879	1894	1.340474
1879	1895	2.499994
1880	1860	0.953462
1880	1861	0.723316
1880	1879	0.416666
1880	1881	0.243909
1880	1884	1.261623
1880	1894	0.649927
1881	1860	3.142847
1881	1880	0.243909
1881	1882	0.702951
1881	1883	0.999999
1881	1884	0.937268
1882	1881	0.702951
1882	1883	1.022474
1882	1901	1.323201
1882	1902	0.696969
1882	1903	4.599979
1883	1859	3.749060
1883	1860	0.247191
1883	1881	0.999999
1883	1882	1.022474
1883	1884	0.899777
1883	1900	0.998865
1883	1901	0.250000
1884	1860	11.247095
1884	1861	22.493938
1884	1880	1.261623
1884	1881	0.937268
1884	1883	0.899777
1884	1885	0.642698
1884	1894	0.343283
1884	1899	7.666608
1884	1900	1.649813
1884	2765	1.191533
1885	1884	0.642698
1885	1886	0.210228
1885	1899	1.249690
1885	1900	0.839046
1885	2765	2.330681
1886	1885	0.210228
1886	1887	0.283951
1886	1898	1.340474
1886	1899	2.299995
1887	1886	0.283951
1887	1888	0.264368
1887	1897	1.261623
1887	1898	0.670237
1888	1887	0.264368
1888	1889	0.210271
1888	1893	3.213482
1888	1896	1.261623
1888	1897	0.649927
1889	1872	0.411297
1889	1888	0.210271
1889	1890	1.021314
1889	1893	1.398410
1889	1896	6.666622
1890	1869	1.277776
1890	1870	0.396552
1890	1872	11.247095
1890	1889	1.021314
1890	1891	0.833127
1890	2040	0.548645
1890	2063	22.493938
1891	1868	3.749060
1891	1870	0.357055
1891	1871	0.392857
1891	1872	3.142847
1891	1890	0.833127
1891	1892	0.578947
1891	2040	5.499970
1891	2769	22.493938
1891	2770	0.687500
1892	1871	21.999516
1892	1872	1.374998
1892	1873	1.249690
1892	1891	0.578947
1892	1893	0.879999
1892	2769	0.299926
1892	2770	1.294116
1892	2797	21.999516
1892	2798	22.493938
1893	1872	0.354839
1893	1873	7.498092
1893	1888	3.213482
1893	1889	1.398410
1893	1892	0.879999
1893	1894	0.865170
1893	1895	2.097613
1893	1896	0.368003
1894	1860	22.493938
1894	1861	1.124721
1894	1878	22.999471
1894	1879	1.340474
1894	1880	0.649927
1894	1884	0.343283
1894	1893	0.865170
1894	1895	0.238307
1895	1861	0.395777
1895	1862	1.128820
1895	1878	1.261623
1895	1879	2.499994
1895	1893	2.097613
1895	1894	0.238307
1895	1896	0.588235
1895	1897	4.999975
1896	1862	3.063935
1896	1863	4.999975
1896	1888	1.261623
1896	1889	6.666622
1896	1893	0.368003
1896	1895	0.588235
1896	1897	0.333333
1897	1887	1.261623
1897	1888	0.649927
1897	1895	4.999975
1897	1896	0.333333
1897	1898	0.312500
1898	1886	1.340474
1898	1887	0.670237
1898	1897	0.312500
1898	1899	0.285968
1899	1859	2.874992
1899	1860	4.498869
1899	1861	11.247095
1899	1884	7.666608
1899	1885	1.249690
1899	1886	2.299995
1899	1898	0.285968
1899	1900	0.223413
1900	1858	19.999600
1900	1859	0.974890
1900	1860	10.487978
1900	1883	0.998865
1900	1884	1.649813
1900	1885	0.839046
1900	1899	0.223413
1900	1901	0.524404
1901	1859	1.874533
1901	1882	1.323201
1901	1883	0.250000
1901	1900	0.524404
1901	1902	0.239303
1902	1858	1.072379
1902	1859	3.285703
1902	1882	0.696969
1902	1901	0.239303
1902	1903	0.214953
1903	1857	1.261623
1903	1858	0.739572
1903	1882	4.599979
1903	1902	0.214953
1903	1904	0.293803
1904	1856	1.261623
1904	1857	1.333332
1904	1903	0.293803
1904	1905	0.382993
1905	1855	3.213482
1905	1856	0.348485
1905	1904	0.382993
1905	1906	0.681649
1906	1635	10.487978
1906	1854	0.998865
1906	1855	0.379310
1906	1905	0.681649
1906	1907	0.578947
1906	1908	1.047618
1907	1635	20.975737
1907	1855	4.399981
1907	1906	0.578947
1907	1908	0.285714
1908	1636	1.398410
1908	1637	7.498092
1908	1854	1.498296
1908	1906	1.047618
1908	1907	0.285714
1908	1909	0.288390
1909	1636	2.383062
1909	1637	2.090905
1909	1853	1.261623
1909	1854	0.612788
1909	1908	0.288390
1909	1910	0.252747
1910	1852	1.261623
1910	1853	0.630812
1910	1909	0.252747
1910	1911	0.212353
1911	1851	1.649813
1911	1852	1.333332
1911	1910	0.212353
1911	1912	0.246524
1912	1849	1.649813
1912	1850	1.183917
1912	1851	0.884615
1912	1911	0.246524
1912	1913	0.999999
1912	1914	1.642854
1913	1843	11.247095
1913	1844	22.493938
1913	1846	21.447151
1913	1912	0.999999
1913	1914	0.489361
1913	1915	1.352939
1913	1916	1.045453
1913	1917	1.769228
1913	1918	22.493938
1914	1849	1.261623
1914	1850	0.362813
1914	1912	1.642854
1914	1913	0.489361
1914	1915	0.252747
1915	1848	1.261623
1915	1849	0.595767
1915	1913	1.352939
1915	1914	0.252747
1915	1916	0.211009
1916	1847	1.261623
1916	1848	0.691858
1916	1913	1.045453
1916	1915	0.211009
1916	1917	0.247312
1917	1846	1.340474
1917	1847	0.691858
1917	1913	1.769228
1917	1916	0.247312
1917	1918	0.252746
1918	1843	10.999879
1918	1845	1.906922
1918	1846	1.233891
1918	1913	22.493938
1918	1917	0.252746
1918	1919	0.246778
1919	1842	2.383062
1919	1843	1.498296
1919	1845	9.999900
1919	1918	0.246778
1919	1920	0.411297
1920	1842	1.405901
1920	1843	0.431372
1920	1919	0.411297
1920	1921	0.244505
1921	1794	21.447151
1921	1841	1.261623
1921	1842	0.676470
1921	1920	0.244505
1921	1922	0.230000
1922	1794	10.723690
1922	1840	1.261623
1922	1841	0.498781
1922	1921	0.230000
1922	1923	0.345929
1923	1822	19.999600
1923	1839	1.748012
1923	1840	1.999996
1923	1922	0.345929
1923	1924	0.974890
1924	1834	1.191533
1924	1836	0.958332
1924	1923	0.974890
1924	1925	0.295979
1925	1833	1.613549
1925	1834	0.839046
1925	1924	0.295979
1925	1926	0.321349
1926	1832	1.340474
1926	1833	0.579665
1926	1925	0.321349
1926	1927	0.230000
1927	1831	1.128820
1927	1832	1.072379
1927	1926	0.230000
1927	1928	0.250000
1928	1829	5.749967
1928	1830	1.340474
1928	1831	0.765986
1928	1927	0.250000
1928	1929	0.238307
1929	1829	1.787298
1929	1830	9.999900
1929	1928	0.238307
1929	1930	0.511614
1929	1931	9.999900
1930	1929	0.511614
1930	1931	0.446301
1930	1932	20.975737
1931	1798	1.748012
1931	1828	1.191533
1931	1829	0.498781
1931	1929	9.999900
1931	1930	0.446301
1931	1932	0.408163
1932	1797	1.104008
1932	1798	1.233891
1932	1827	1.261623
1932	1828	0.536190
1932	1930	20.975737
1932	1931	0.408163
1932	1933	0.289855
1932	1968	6.666622
1933	1796	1.398410
1933	1797	2.622015
1933	1823	4.999975
1933	1826	1.261623
1933	1827	0.579665
1933	1932	0.289855
1933	1934	0.893650
1933	1967	0.666666
1933	1968	0.952380
1934	1795	1.649813
1934	1796	0.303979
1934	1933	0.893650
1934	1935	0.978018
1934	1967	2.383062
1934	1986	22.493938
1934	1987	0.681649
1934	1988	0.460000
1935	1934	0.978018
1935	1936	0.725627
1935	1937	0.304002
1935	1965	1.999996
1935	1966	1.692305
1935	1987	1.466665
1935	1988	22.493938
1936	1587	3.915765
1936	1588	1.895715
1936	1590	6.344249
1936	1591	2.055352
1936	1935	0.725627
1936	1937	0.579665
1936	1964	0.338235
1936	1965	3.749060
1937	1588	14.141936
1937	1935	0.304002
1937	1936	0.579665
1937	1938	0.313077
1937	1964	1.021314
1937	1965	1.233891
1937	1966	20.975737
1937	1986	4.195218
1937	1987	0.998865
1938	1749	2.749992
1938	1937	0.313077
1938	1939	0.199773
1938	1963	22.493938
1938	1964	1.499627
1938	1965	0.328358
1938	1971	11.247095
1938	1972	5.623579
1938	1986	2.199995
1939	1938	0.199773
1939	1940	0.285714
1939	1963	1.191533
1939	1964	4.289504
1939	1972	3.063935
1939	1973	9.999900
1940	1939	0.285714
1940	1941	0.294118
1940	1962	1.128820
1940	1963	0.932504
1941	1940	0.294118
1941	1942	0.363636
1941	1961	1.261623
1941	1962	0.630812
1941	3412	19.999600
1942	1941	0.363636
1942	1943	0.397178
1942	1960	1.261623
1942	1961	0.564410
1942	3752	19.999600
1942	3753	2.499994
1943	1542	3.976478
1943	1562	15.905721
1943	1564	1.106729
1943	1942	0.397178
1943	1944	0.255329
1943	1958	22.493938
1943	1959	1.531970
1943	1960	0.348485
1943	3753	1.191533
1943	3754	21.447151
1944	1542	0.927024
1944	1543	0.988825
1944	1544	8.944192
1944	1545	3.354091
1944	1943	0.255329
1944	1945	0.404672
1944	1958	1.311009
1944	1959	2.222217
1945	1542	3.976478
1945	1543	1.325496
1945	1545	2.397910
1945	1559	13.564476
1945	1944	0.404672
1945	1946	0.244681
1945	1957	1.340474
1945	1958	0.416564
1946	1945	0.244681
1946	1947	0.302079
1946	1955	22.999471
1946	1956	1.191533
1946	1957	0.857904
1947	1781	10.487978
1947	1946	0.302079
1947	1948	0.769230
1947	1949	0.312500
1947	1950	7.149152
1947	1955	2.680944
1947	1956	2.499994
1948	1770	0.874007
1948	1771	1.787298
1948	1772	2.857135
1948	1780	2.680944
1948	1781	1.104008
1948	1947	0.769230
1948	1949	0.303030
1948	1975	7.149152
1949	1772	0.869564
1949	1773	21.447151
1949	1947	0.312500
1949	1948	0.303030
1949	1950	1.021314
1949	1952	2.383062
1949	1954	1.613549
1949	1955	2.144756
1949	1975	1.261623
1950	1726	3.063935
1950	1727	0.765986
1950	1772	7.149152
1950	1773	0.489361
1950	1774	3.833319
1950	1776	3.285703
1950	1777	3.749060
1950	1778	22.999471
1950	1947	7.149152
1950	1949	1.021314
1950	1951	0.932504
1950	1952	1.210525
1951	1547	6.708159
1951	1555	1.490710
1951	1557	11.832020
1951	1950	0.932504
1951	1952	0.223413
1951	1954	20.975737
1952	1551	2.397910
1952	1554	7.193696
1952	1555	1.307952
1952	1772	21.447151
1952	1773	5.749967
1952	1949	2.383062
1952	1950	1.210525
1952	1951	0.223413
1952	1953	0.741935
1952	1954	0.258557
1953	1952	0.741935
1953	1954	0.499876
1953	1975	22.999471
1953	1976	2.044945
1953	3933	1.124721
1953	3934	1.642854
1954	1949	1.613549
1954	1951	20.975737
1954	1952	0.258557
1954	1953	0.499876
1954	1955	0.499876
1954	1975	4.498869
1954	1976	2.749992
1955	1946	22.999471
1955	1947	2.680944
1955	1949	2.144756
1955	1954	0.499876
1955	1956	0.210271
1955	1973	21.447151
1955	1974	4.599979
1955	1975	0.287500
1955	1976	2.249439
1956	1946	1.191533
1956	1947	2.499994
1956	1955	0.210271
1956	1957	0.357143
1956	1973	1.666664
1956	1974	5.361874
1957	1945	1.340474
1957	1946	0.857904
1957	1956	0.357143
1957	1958	0.381385
1957	1972	21.447151
1957	1973	9.999900
1958	1542	3.111260
1958	1943	22.493938
1958	1944	1.311009
1958	1945	0.416564
1958	1957	0.381385
1958	1959	0.272418
1959	1542	1.140952
1959	1943	1.531970
1959	1944	2.222217
1959	1958	0.272418
1959	1960	0.487445
1960	1537	10.723690
1960	1540	1.356464
1960	1542	7.952924
1960	1564	0.757236
1960	1565	2.373315
1960	1566	1.812651
1960	1567	13.564476
1960	1942	1.261623
1960	1943	0.348485
1960	1959	0.487445
1960	1961	0.298701
1960	3751	22.999471
1960	3752	5.361874
1961	1565	16.612972
1961	1566	1.586070
1961	1567	1.043434
1961	1941	1.261623
1961	1942	0.564410
1961	1960	0.298701
1961	1962	0.261364
1961	3751	2.555549
1961	3752	0.739572
1962	1567	3.391153
1962	1586	5.361874
1962	1940	1.128820
1962	1941	0.630812
1962	1961	0.261364
1962	1963	0.234694
1962	3620	10.723690
1962	3621	1.437498
1962	3751	7.666608
1963	1938	22.493938
1963	1939	1.191533
1963	1940	0.932504
1963	1962	0.234694
1963	1964	0.255555
1963	3621	5.749967
1964	1936	0.338235
1964	1937	1.021314
1964	1938	1.499627
1964	1939	4.289504
1964	1963	0.255555
1964	1965	0.833127
1965	1935	1.999996
1965	1936	3.749060
1965	1937	1.233891
1965	1938	0.328358
1965	1964	0.833127
1965	1966	0.213592
1965	1971	7.498092
1965	1986	5.499970
1965	1987	10.999879
1966	1935	1.692305
1966	1937	20.975737
1966	1965	0.213592
1966	1967	0.368003
1966	1970	1.606743
1966	1971	7.498092
1966	1986	3.666653
1966	1987	2.444438
1967	1933	0.666666
1967	1934	2.383062
1967	1966	0.368003
1967	1968	0.869564
1967	1970	2.383062
1967	1987	4.195218
1968	1824	1.261623
1968	1826	0.670237
1968	1932	6.666622
1968	1933	0.952380
1968	1967	0.869564
1968	1969	0.833333
1968	1970	0.271489
1968	1985	6.666622
1969	1968	0.833333
1969	1970	0.932504
1970	1824	4.599979
1970	1966	1.606743
1970	1967	2.383062
1970	1968	0.271489
1970	1969	0.932504
1970	1971	0.216981
1970	1985	1.340474
1971	1749	1.124721
1971	1938	11.247095
1971	1965	7.498092
1971	1966	7.498092
1971	1970	0.216981
1971	1972	0.291139
1971	1984	1.261623
1971	1985	0.857904
1971	1986	11.247095
1972	1749	0.576780
1972	1750	5.749967
1972	1938	5.623579
1972	1939	3.063935
1972	1957	21.447151
1972	1971	0.291139
1972	1973	0.235688
1972	1983	1.261623
1972	1984	0.612788
1973	1750	21.447151
1973	1752	21.447151
1973	1939	9.999900
1973	1955	21.447151
1973	1956	1.666664
1973	1957	9.999900
1973	1972	0.235688
1973	1974	0.487445
1973	1982	1.072379
1973	1983	1.538459
1974	1752	1.437498
1974	1753	1.405901
1974	1955	4.599979
1974	1956	5.361874
1974	1973	0.487445
1974	1975	0.958332
1974	1980	21.447151
1974	1981	1.261623
1974	1982	0.377049
1974	3928	0.589743
1975	1948	7.149152
1975	1949	1.261623
1975	1953	22.999471
1975	1954	4.498869
1975	1955	0.287500
1975	1974	0.958332
1975	1976	0.978018
1975	3927	1.531970
1975	3928	2.555549
1976	1953	2.044945
1976	1954	2.749992
1976	1955	2.249439
1976	1975	0.978018
1976	1977	0.211881
1976	3932	1.466665
1976	3933	0.879999
1977	1976	0.211881
1977	1978	0.338983
1977	3403	10.723690
1977	3411	1.176469
1977	3931	1.340474
1977	3932	2.622015
1978	1977	0.338983
1978	1979	0.295439
1978	3403	5.361874
1978	3404	1.111110
1978	3405	21.447151
1978	3409	5.361874
1978	3410	1.818179
1978	3411	3.999984
1978	3930	1.261623
1978	3931	0.794355
1979	1978	0.295439
1979	1980	0.238366
1979	3404	20.975737
1979	3405	1.874533
1979	3409	7.498092
1979	3928	22.493938
1979	3929	1.233891
1979	3930	0.624845
1980	1974	21.447151
1980	1979	0.238366
1980	1981	0.253164
1980	3928	1.072379
1980	3929	2.499994
1981	1974	1.261623
1981	1980	0.253164
1981	1982	0.357460
1981	3928	0.824907
1982	1752	5.749967
1982	1973	1.072379
1982	1974	0.377049
1982	1981	0.357460
1982	1983	0.255329
1983	1750	2.680944
1983	1751	2.097613
1983	1752	2.680944
1983	1756	9.999900
1983	1757	19.999600
1983	1758	10.723690
1983	1972	1.261623
1983	1973	1.538459
1983	1982	0.255329
1983	1984	0.273973
1984	1748	4.195218
1984	1749	1.233891
1984	1750	1.021314
1984	1757	19.999600
1984	1758	2.383062
1984	1824	21.447151
1984	1825	9.999900
1984	1971	1.261623
1984	1972	0.612788
1984	1983	0.273973
1984	1985	0.307692
1985	1748	1.613549
1985	1749	1.906922
1985	1824	0.261556
1985	1968	6.666622
1985	1970	1.340474
1985	1971	0.857904
1985	1984	0.307692
1985	1986	0.874007
1986	1749	0.314286
1986	1934	22.493938
1986	1937	4.195218
1986	1938	2.199995
1986	1965	5.499970
1986	1966	3.666653
1986	1971	11.247095
1986	1985	0.874007
1986	1987	0.215686
1987	1934	0.681649
1987	1935	1.466665
1987	1937	0.998865
1987	1965	10.999879
1987	1966	2.444438
1987	1967	4.195218
1987	1986	0.215686
1987	1988	0.899777
1987	1989	22.493938
1988	1794	1.261623
1988	1795	0.498781
1988	1934	0.460000
1988	1935	22.493938
1988	1987	0.899777
1988	1989	0.261364
1989	1793	1.261623
1989	1794	0.536190
1989	1987	22.493938
1989	1988	0.261364
1989	1990	0.261556
1990	1747	20.975737
1990	1792	1.261623
1990	1793	1.666664
1990	1989	0.261556
1990	1991	0.294118
1991	1746	0.369786
1991	1747	1.398410
1991	1791	2.330681
1991	1792	0.857904
1991	1844	1.165342
1991	1990	0.294118
1991	1992	0.599319
1992	1745	4.498869
1992	1746	1.730339
1992	1747	21.999516
1992	1759	4.399981
1992	1790	1.748012
1992	1791	0.258823
1992	1991	0.599319
1992	1993	0.220000
1993	1745	22.493938
1993	1746	11.247095
1993	1759	2.199995
1993	1760	5.244017
1993	1789	1.104008
1993	1790	2.622015
1993	1992	0.220000
1993	1994	0.234317
1994	1744	22.493938
1994	1745	4.599979
1994	1759	22.493938
1994	1760	1.649813
1994	1761	0.765986
1994	1788	0.833127
1994	1789	0.670237
1994	1993	0.234317
1994	1995	0.649927
1995	1742	1.233891
1995	1743	3.063935
1995	1762	1.249998
1995	1994	0.649927
1995	1996	0.466137
1996	1709	1.165342
1996	1710	10.487978
1996	1740	11.247095
1996	1741	5.623579
1996	1742	0.275000
1996	1995	0.466137
1996	1997	0.233069
1997	1707	20.975737
1997	1708	0.839046
1997	1709	0.952380
1997	1741	5.361874
1997	1996	0.233069
1997	1998	0.363636
1998	1707	2.097613
1998	1708	5.244017
1998	1997	0.363636
1998	1999	0.625000
1998	2000	1.666664
1999	1707	0.361658
1999	1998	0.625000
1999	2000	0.298507
2000	1998	1.666664
2000	1999	0.298507
2000	2001	0.487445
2001	2000	0.487445
2001	2002	0.252747
2002	2001	0.252747
2002	2003	0.264368
2003	2002	0.264368
2003	2004	0.221109
2004	2003	0.221109
2004	2005	0.351600
2005	2004	0.351600
2005	2006	1.071163
2005	2007	0.357460
2005	2176	11.499868
2006	2005	1.071163
2006	2007	0.839046
2006	2176	2.249439
2006	2760	1.311009
2006	2761	0.599319
2006	2805	1.730339
2006	2806	4.399981
2007	2005	0.357460
2007	2006	0.839046
2007	2008	0.392157
2007	2808	21.447151
2008	2007	0.392157
2008	2009	0.271489
2008	2012	1.104008
2008	2013	1.261623
2008	2759	19.999600
2008	2808	3.574589
2009	2008	0.271489
2009	2010	0.833127
2009	2012	1.499627
2009	2017	1.730339
2010	2009	0.833127
2010	2011	1.048808
2010	2012	0.733333
2010	2017	0.338461
2010	2018	5.244017
2010	2036	0.249938
2011	2010	1.048808
2011	2012	0.699205
2011	2035	10.487978
2011	2142	4.289504
2011	2143	0.691858
2011	2144	3.333322
2011	2818	2.857135
2012	2008	1.104008
2012	2009	1.499627
2012	2010	0.733333
2012	2011	0.699205
2012	2013	0.210228
2012	2017	1.999996
2012	2808	2.044945
2013	2008	1.261623
2013	2012	0.210228
2013	2014	0.649927
2013	2016	1.531970
2013	2017	1.323201
2013	2808	1.769228
2014	2013	0.649927
2014	2015	0.857904
2014	2016	0.434782
2014	2017	4.195218
2015	2014	0.857904
2015	2016	0.297883
2015	2020	1.071163
2015	2021	0.315068
2015	2033	2.044945
2016	2013	1.531970
2016	2014	0.434782
2016	2015	0.297883
2016	2017	0.953462
2016	2018	19.999600
2016	2020	0.635641
2016	2021	21.447151
2016	2034	10.487978
2016	2035	2.097613
2017	2009	1.730339
2017	2010	0.338461
2017	2012	1.999996
2017	2013	1.323201
2017	2014	4.195218
2017	2016	0.953462
2017	2018	0.566923
2018	2010	5.244017
2018	2016	19.999600
2018	2017	0.566923
2018	2019	0.769230
2018	2020	20.975737
2018	2035	0.295439
2018	2036	1.191533
2019	2018	0.769230
2019	2020	0.998865
2020	2015	1.071163
2020	2016	0.635641
2020	2018	20.975737
2020	2019	0.998865
2020	2021	0.725627
2020	2022	0.327753
2020	2033	1.374998
2020	2034	1.374998
2020	2035	2.444438
2021	2015	0.315068
2021	2016	21.447151
2021	2020	0.725627
2021	2022	0.523112
2021	2032	0.410714
2021	2033	3.749060
2022	2020	0.327753
2022	2021	0.523112
2022	2023	0.403388
2022	2031	21.447151
2022	2032	0.691858
2022	2033	1.311009
2023	2022	0.403388
2023	2024	0.203652
2023	2032	1.405901
2023	2033	0.372881
2024	2023	0.203652
2024	2025	0.416666
2024	2031	1.261623
2024	2032	3.574589
2025	2024	0.416666
2025	2026	0.310835
2025	2030	1.128820
2025	2031	0.630812
2026	2025	0.310835
2026	2027	0.824907
2026	2028	0.433962
2026	2029	1.606743
2026	2030	0.403509
2027	2026	0.824907
2027	2028	0.233126
2027	2246	1.531970
2027	2248	1.649813
2027	2351	0.322710
2028	2026	0.433962
2028	2027	0.233126
2028	2029	0.255619
2028	2245	1.128820
2028	2246	2.299995
2028	2357	22.999471
2028	2358	10.723690
2029	2026	1.606743
2029	2028	0.255619
2029	2030	0.394639
2029	2244	7.498092
2029	2245	0.582671
2029	2358	1.906922
2029	2359	1.498296
2030	2025	1.128820
2030	2026	0.403509
2030	2029	0.394639
2030	2031	0.255555
2030	2359	1.649813
2030	2360	3.574589
2031	2022	21.447151
2031	2024	1.261623
2031	2025	0.630812
2031	2030	0.255555
2031	2032	0.239583
2031	2360	3.063935
2032	2021	0.410714
2032	2022	0.691858
2032	2023	1.405901
2032	2024	3.574589
2032	2031	0.239583
2032	2033	0.681649
2033	2015	2.044945
2033	2020	1.374998
2033	2021	3.749060
2033	2022	1.311009
2033	2023	0.372881
2033	2032	0.681649
2033	2034	0.211538
2034	2016	10.487978
2034	2020	1.374998
2034	2033	0.211538
2034	2035	0.224490
2035	2011	10.487978
2035	2016	2.097613
2035	2018	0.295439
2035	2020	2.444438
2035	2034	0.224490
2035	2036	0.937268
2035	2070	2.044945
2036	2010	0.249938
2036	2018	1.191533
2036	2035	0.937268
2036	2037	0.365079
2036	2070	11.499868
2037	2036	0.365079
2037	2038	0.739572
2037	2039	22.999471
2037	2070	5.749967
2037	2072	0.893650
2038	2037	0.739572
2038	2039	0.249391
2038	2042	1.498296
2038	2044	0.739572
2038	2067	1.165342
2038	2071	0.392157
2038	2072	4.999975
2039	2037	22.999471
2039	2038	0.249391
2039	2040	0.937268
2039	2041	0.374907
2039	2042	0.661601
2039	2043	1.499627
2039	2063	5.623579
2039	2064	1.606743
2039	2067	1.499627
2039	2072	3.574589
2040	1869	2.811798
2040	1890	0.548645
2040	1891	5.499970
2040	2039	0.937268
2040	2041	0.215686
2040	2062	3.213482
2040	2063	1.466665
2040	2064	21.999516
2041	2039	0.374907
2041	2040	0.215686
2041	2042	0.846153
2041	2043	0.328358
2041	2062	1.874533
2041	2064	7.333280
2041	2067	10.999879
2042	2038	1.498296
2042	2039	0.661601
2042	2041	0.846153
2042	2043	0.239130
2042	2044	0.299926
2042	2065	1.999996
2042	2067	10.999879
2042	2068	2.249439
2043	2039	1.499627
2043	2041	0.328358
2043	2042	0.239130
2043	2044	0.937268
2043	2061	0.998865
2043	2062	3.749060
2043	2065	3.142847
2043	2067	2.444438
2044	2038	0.739572
2044	2042	0.299926
2044	2043	0.937268
2044	2045	0.725627
2044	2068	1.210525
2044	2069	0.326006
2044	2071	1.191533
2045	2044	0.725627
2045	2046	0.846153
2045	2059	2.199995
2045	2060	1.071163
2045	2068	0.299926
2045	2069	2.749992
2046	2045	0.846153
2046	2047	0.199773
2046	2058	11.247095
2046	2059	1.294116
2046	2060	22.493938
2047	2046	0.199773
2047	2048	0.303030
2047	2058	1.261623
2047	2059	2.996588
2048	2047	0.303030
2048	2049	0.307692
2048	2057	1.072379
2048	2058	0.691858
2049	2048	0.307692
2049	2050	0.408163
2049	2056	1.261623
2049	2057	0.579665
2050	2049	0.408163
2050	2051	0.297883
2050	2055	1.261623
2050	2056	0.794355
2051	2050	0.297883
2051	2052	0.793103
2051	2053	0.696969
2051	2054	1.606743
2051	2055	1.277776
2052	2051	0.793103
2052	2053	0.205357
2052	2844	0.303979
2052	2881	5.623579
2053	2051	0.696969
2053	2052	0.205357
2053	2054	0.208282
2053	2881	22.493938
2054	2051	1.606743
2054	2053	0.208282
2054	2055	0.214233
2055	2050	1.261623
2055	2051	1.277776
2055	2054	0.214233
2055	2056	0.244681
2056	2049	1.261623
2056	2050	0.794355
2056	2055	0.244681
2056	2057	0.319444
2057	2048	1.072379
2057	2049	0.579665
2057	2056	0.319444
2057	2058	0.270588
2058	2046	11.247095
2058	2047	1.261623
2058	2048	0.691858
2058	2057	0.270588
2058	2059	0.229535
2059	2045	2.199995
2059	2046	1.294116
2059	2047	2.996588
2059	2058	0.229535
2059	2060	0.218393
2060	2045	1.071163
2060	2046	22.493938
2060	2059	0.218393
2060	2061	0.306394
2060	2068	2.874992
2061	2043	0.998865
2061	2060	0.306394
2061	2062	0.285968
2061	2065	1.613549
2061	2067	20.975737
2061	2068	5.361874
2062	2040	3.213482
2062	2041	1.874533
2062	2043	3.749060
2062	2061	0.285968
2062	2063	0.749814
2062	2064	0.340825
2062	2065	0.642698
2062	2067	1.606743
2063	1869	0.258557
2063	1890	22.493938
2063	2039	5.623579
2063	2040	1.466665
2063	2062	0.749814
2063	2064	0.201835
2064	2039	1.606743
2064	2040	21.999516
2064	2041	7.333280
2064	2062	0.340825
2064	2063	0.201835
2064	2065	0.999999
2064	2067	0.440000
2065	2042	1.999996
2065	2043	3.142847
2065	2061	1.613549
2065	2062	0.642698
2065	2064	0.999999
2065	2066	0.806775
2065	2067	0.323529
2065	2068	0.258557
2066	2065	0.806775
2066	2067	1.048808
2066	2068	10.723690
2066	2073	19.999600
2066	2795	21.447151
2067	2038	1.165342
2067	2039	1.499627
2067	2041	10.999879
2067	2042	10.999879
2067	2043	2.444438
2067	2061	20.975737
2067	2062	1.606743
2067	2064	0.440000
2067	2065	0.323529
2067	2066	1.048808
2067	2068	1.071163
2067	2071	2.330681
2067	2072	20.975737
2067	2073	6.992010
2067	2795	7.498092
2068	2042	2.249439
2068	2044	1.210525
2068	2045	0.299926
2068	2060	2.874992
2068	2061	5.361874
2068	2065	0.258557
2068	2066	10.723690
2068	2067	1.071163
2068	2069	0.523126
2068	2071	1.531970
2069	2044	0.326006
2069	2045	2.749992
2069	2068	0.523126
2069	2070	1.022474
2069	2071	0.552004
2070	2035	2.044945
2070	2036	11.499868
2070	2037	5.749967
2070	2069	1.022474
2070	2071	0.857904
2071	2038	0.392157
2071	2044	1.191533
2071	2067	2.330681
2071	2068	1.531970
2071	2069	0.552004
2071	2070	0.857904
2071	2072	0.869564
2071	2073	19.999600
2071	2074	21.447151
2072	2037	0.893650
2072	2038	4.999975
2072	2039	3.574589
2072	2067	20.975737
2072	2071	0.869564
2072	2073	0.259740
2072	2074	2.383062
2072	2795	21.447151
2072	2796	3.574589
2073	2066	19.999600
2073	2067	6.992010
2073	2071	19.999600
2073	2072	0.259740
2073	2074	0.282205
2073	2774	20.975737
2073	2775	3.063935
2073	2795	1.429839
2073	2796	7.149152
2074	2071	21.447151
2074	2072	2.383062
2074	2073	0.282205
2074	2075	0.725627
2074	2775	4.599979
2074	2776	22.999471
2074	2794	4.289504
2074	2795	2.874992
2075	2074	0.725627
2075	2076	0.278481
2075	2142	5.623579
2075	2776	1.730339
2075	2777	1.906922
2076	2075	0.278481
2076	2077	0.244444
2076	2141	0.998865
2076	2142	11.247095
2076	2777	6.992010
2076	2819	11.247095
2077	2076	0.244444
2077	2078	0.308473
2077	2140	2.097613
2077	2141	1.398410
2077	2820	1.249690
2077	2821	2.622015
2078	2077	0.308473
2078	2079	0.416666
2078	2821	1.999996
2078	2822	1.748012
2079	2078	0.416666
2079	2080	0.428952
2080	2079	0.428952
2080	2081	0.278540
2081	2080	0.278540
2081	2082	0.324964
2082	2081	0.324964
2082	2083	0.242105
2083	2082	0.242105
2083	2084	0.273809
2084	2083	0.273809
2084	2085	0.208229
2084	2103	1.649813
2084	2113	22.999471
2084	2114	5.361874
2085	2084	0.208229
2085	2086	0.317460
2085	2101	5.361874
2085	2102	1.999996
2085	2103	1.999996
2085	2113	3.574589
2085	2114	0.909090
2086	2085	0.317460
2086	2087	0.363636
2086	2101	5.361874
2086	2102	4.999975
2086	2114	9.999900
2086	2115	1.052630
2086	2116	4.289504
2087	2086	0.363636
2087	2088	0.874007
2087	2116	2.383062
2088	2087	0.874007
2088	2089	0.839046
2088	3574	1.311009
2088	3575	1.498296
2088	4146	1.183917
2088	4147	0.998865
2088	4300	6.992010
2089	2088	0.839046
2089	2090	0.381385
2089	3574	0.999999
2089	4298	5.361874
2089	4300	0.294118
2090	2089	0.381385
2090	2091	0.846153
2090	3573	0.293333
2090	3574	1.165342
2091	2090	0.846153
2091	2092	0.661601
2091	3554	0.459070
2091	3572	1.398410
2091	3573	0.448979
2092	2091	0.661601
2092	2093	1.191533
2092	2094	3.749060
2092	2121	22.999471
2092	3552	0.932504
2092	3553	0.564410
2092	3554	2.090905
2092	3565	21.447151
2092	3567	10.723690
2093	2092	1.191533
2093	2094	0.395777
2093	2121	1.429839
2093	2122	19.999600
2093	2123	0.630812
2093	2132	10.487978
2093	3549	1.261623
2093	3550	2.622015
2093	3566	0.536190
2093	3567	6.666622
2094	2092	3.749060
2094	2093	0.395777
2094	2095	0.489009
2094	2121	4.498869
2094	3550	4.399981
2094	3551	0.956521
2094	3552	0.511614
2094	3566	4.498869
2095	2094	0.489009
2095	2096	0.223413
2095	2119	5.749967
2095	2120	1.261623
2095	2121	0.589743
2095	3552	21.447151
2096	2095	0.223413
2096	2097	0.327869
2096	2118	21.447151
2096	2119	1.429839
2096	2120	6.666622
2097	2096	0.327869
2097	2098	0.322710
2097	2118	1.261623
2097	2119	0.857904
2098	2097	0.322710
2098	2099	0.218502
2098	2116	4.498869
2098	2117	1.498296
2098	2118	0.499876
2098	2557	10.487978
2099	2098	0.218502
2099	2100	0.302079
2099	2116	1.128820
2099	2117	9.999900
2099	2557	3.999984
2100	2099	0.302079
2100	2101	0.280488
2100	2114	21.447151
2100	2115	1.531970
2100	2116	0.410714
2101	2085	5.361874
2101	2086	5.361874
2101	2100	0.280488
2101	2102	0.225764
2101	2113	4.599979
2101	2114	1.340474
2101	2115	1.649813
2102	2085	1.999996
2102	2086	4.999975
2102	2101	0.225764
2102	2103	0.338983
2102	2112	21.447151
2102	2113	1.261623
2103	2084	1.649813
2103	2085	1.999996
2103	2102	0.338983
2103	2104	0.327869
2103	2111	21.447151
2103	2112	1.072379
2103	2113	0.932504
2104	2103	0.327869
2104	2105	0.370370
2104	2111	1.261623
2104	2112	0.794355
2105	2104	0.370370
2105	2106	0.382993
2105	2110	1.128820
2105	2111	0.612788
2105	2780	6.992010
2106	2105	0.382993
2106	2107	1.021314
2106	2108	0.535582
2106	2109	1.499627
2106	2110	0.638888
2107	2106	1.021314
2107	2108	0.196039
2108	2106	0.535582
2108	2107	0.196039
2108	2109	0.205607
2109	2106	1.499627
2109	2108	0.205607
2109	2110	0.312423
2110	2105	1.128820
2110	2106	0.638888
2110	2109	0.312423
2110	2111	0.283951
2111	2103	21.447151
2111	2104	1.261623
2111	2105	0.612788
2111	2110	0.283951
2111	2112	0.273809
2111	2780	1.124721
2112	2102	21.447151
2112	2103	1.072379
2112	2104	0.794355
2112	2111	0.273809
2112	2113	0.252747
2112	2780	0.607958
2113	2084	22.999471
2113	2085	3.574589
2113	2101	4.599979
2113	2102	1.261623
2113	2103	0.932504
2113	2112	0.252747
2113	2114	0.210271
2114	2084	5.361874
2114	2085	0.909090
2114	2086	9.999900
2114	2100	21.447151
2114	2101	1.340474
2114	2113	0.210271
2114	2115	0.317460
2115	2086	1.052630
2115	2100	1.531970
2115	2101	1.649813
2115	2114	0.317460
2115	2116	0.466252
2116	2086	4.289504
2116	2087	2.383062
2116	2098	4.498869
2116	2099	1.128820
2116	2100	0.410714
2116	2115	0.466252
2116	2117	0.235688
2117	2098	1.498296
2117	2099	9.999900
2117	2116	0.235688
2117	2118	0.297883
2118	2096	21.447151
2118	2097	1.261623
2118	2098	0.499876
2118	2117	0.297883
2118	2119	0.310811
2119	2095	5.749967
2119	2096	1.429839
2119	2097	0.857904
2119	2118	0.310811
2119	2120	0.238307
2119	2570	21.447151
2120	2095	1.261623
2120	2096	6.666622
2120	2119	0.238307
2120	2121	0.302079
2121	2092	22.999471
2121	2093	1.429839
2121	2094	4.498869
2121	2095	0.589743
2121	2120	0.302079
2121	2122	0.857904
2121	3568	22.999471
2122	2093	19.999600
2122	2121	0.857904
2122	2123	1.072379
2122	2132	0.361658
2122	2544	9.999900
2122	3564	1.498296
2122	3566	10.723690
2122	3567	0.588235
2123	2093	0.630812
2123	2122	1.072379
2123	2124	0.246524
2123	2132	2.811798
2123	2137	22.999471
2123	2138	1.606743
2123	2812	22.999471
2123	3549	0.283951
2124	2123	0.246524
2124	2125	0.285714
2124	2132	20.975737
2124	2133	5.361874
2124	2136	19.999600
2124	2137	1.340474
2124	2138	2.622015
2124	2812	2.144756
2124	2813	2.330681
2125	2124	0.285714
2125	2126	0.240964
2125	2133	7.149152
2125	2135	20.975737
2125	2136	1.249998
2125	2137	0.794355
2125	2372	21.447151
2125	2373	19.999600
2125	2813	0.874007
2126	2125	0.240964
2126	2127	0.268925
2126	2131	20.975737
2126	2135	1.233891
2126	2136	1.999996
2126	2371	10.723690
2126	2372	1.340474
2126	2373	19.999600
2127	2126	0.268925
2127	2128	0.265521
2127	2131	3.142847
2127	2135	1.999996
2127	2371	3.749060
2127	3561	10.999879
2127	3968	22.493938
2128	2127	0.265521
2128	2129	1.052630
2128	2130	0.536190
2128	2131	3.496017
2128	2506	1.498296
2128	2534	5.244017
2128	3561	5.244017
2129	2128	1.052630
2129	2130	0.243723
2129	2384	4.195218
2129	2506	1.498296
2129	2507	1.021314
2129	2508	1.261623
2129	2533	21.447151
2129	2545	1.906922
2129	3969	20.975737
2129	4019	2.499994
2129	4020	9.999900
2130	2128	0.536190
2130	2129	0.243723
2130	2131	0.978018
2130	2533	2.874992
2130	2534	11.247095
2130	2536	21.447151
2130	2545	1.071163
2130	3561	0.303979
2130	3969	7.498092
2130	4019	1.531970
2130	4020	1.787298
2131	2126	20.975737
2131	2127	3.142847
2131	2128	3.496017
2131	2130	0.978018
2131	2132	0.999999
2131	2133	0.432585
2131	2135	0.415094
2131	2536	4.195218
2131	3561	0.289474
2131	4020	1.906922
2131	4021	6.992010
2132	2093	10.487978
2132	2122	0.361658
2132	2123	2.811798
2132	2124	20.975737
2132	2131	0.999999
2132	2133	0.218393
2132	2536	6.992010
2132	3560	1.874533
2132	3564	0.846153
2133	2124	5.361874
2133	2125	7.149152
2133	2131	0.432585
2133	2132	0.218393
2133	2134	0.691858
2133	2135	2.044945
2133	2136	21.447151
2133	3560	0.999999
2133	3561	0.775670
2133	3562	2.499376
2134	2133	0.691858
2134	2135	0.912007
2134	3563	7.149152
2134	3564	2.996588
2134	3565	3.999984
2134	3584	21.447151
2134	3585	1.906922
2134	3586	0.327869
2135	2125	20.975737
2135	2126	1.233891
2135	2127	1.999996
2135	2131	0.415094
2135	2133	2.044945
2135	2134	0.912007
2135	2136	0.349603
2135	3586	1.906922
2135	4020	2.996588
2135	4021	1.165342
2135	4022	5.244017
2136	2124	19.999600
2136	2125	1.249998
2136	2126	1.999996
2136	2133	21.447151
2136	2135	0.349603
2136	2137	0.264785
2136	4022	19.999600
2136	4023	1.072379
2136	4024	6.992010
2137	2123	22.999471
2137	2124	1.340474
2137	2125	0.794355
2137	2136	0.264785
2137	2138	0.239303
2137	2813	5.623579
2137	2814	3.213482
2137	2815	3.574589
2137	4023	1.277776
2138	2123	1.606743
2138	2124	2.622015
2138	2137	0.239303
2138	2139	0.865170
2138	2140	2.622015
2138	2812	11.247095
2138	2813	21.999516
2138	2814	3.142847
2138	2815	1.906922
2138	3549	0.607958
2139	2138	0.865170
2139	2140	0.228166
2139	2820	7.666608
2139	2821	1.261623
2139	2822	0.303979
2139	3548	0.579665
2139	3549	2.299995
2139	3550	2.249439
2140	2077	2.097613
2140	2138	2.622015
2140	2139	0.228166
2140	2141	0.307692
2140	2820	1.340474
2140	2821	3.999984
2140	3549	2.383062
2141	2076	0.998865
2141	2077	1.398410
2141	2140	0.307692
2141	2142	0.297883
2141	2819	1.261623
2141	2820	0.794355
2142	2011	4.289504
2142	2075	5.623579
2142	2076	11.247095
2142	2141	0.297883
2142	2143	0.207207
2142	2817	21.447151
2142	2818	1.191533
2142	2819	0.425926
2143	2011	0.691858
2143	2142	0.207207
2143	2144	0.289832
2143	2816	22.999471
2143	2817	1.261623
2143	2818	0.691858
2144	2011	3.333322
2144	2143	0.289832
2144	2145	0.297883
2144	2816	1.261623
2144	2817	1.666664
2145	2144	0.297883
2145	2146	0.511237
2145	2808	22.999471
2145	2811	0.363519
2145	2813	1.730339
2145	2814	1.323201
2145	2816	0.884615
2146	2145	0.511237
2146	2147	0.749149
2146	2233	1.498296
2146	2234	1.498296
2146	2372	1.022474
2146	2373	1.498296
2146	2374	2.622015
2146	2809	20.975737
2146	2811	1.498296
2146	2814	0.578947
2147	2146	0.749149
2147	2148	0.606060
2147	2233	0.303030
2147	2373	3.999984
2147	2374	19.999600
2148	2147	0.606060
2148	2149	0.259740
2148	2230	21.447151
2148	2232	1.048808
2148	2233	9.999900
2149	2148	0.259740
2149	2150	0.327753
2149	2230	1.261623
2149	2232	1.498296
2149	2807	20.975737
2150	2149	0.327753
2150	2151	0.225550
2150	2228	3.749060
2150	2229	1.398410
2150	2230	0.642698
2151	2150	0.225550
2151	2152	0.357460
2151	2228	1.261623
2151	2229	19.999600
2152	2151	0.357460
2152	2153	0.273809
2152	2227	1.191533
2152	2228	0.433962
2153	2152	0.273809
2153	2154	0.228166
2153	2225	5.749967
2153	2226	1.072379
2153	2227	0.612788
2154	2153	0.228166
2154	2155	0.263158
2154	2224	21.447151
2154	2225	1.128820
2154	2226	4.999975
2155	2154	0.263158
2155	2156	0.310835
2155	2224	1.261623
2155	2225	0.794355
2155	2499	10.723690
2155	2500	1.787298
2156	2155	0.310835
2156	2157	0.212353
2156	2222	5.749967
2156	2223	1.261623
2156	2224	0.389830
2157	2156	0.212353
2157	2158	0.487445
2157	2222	1.261623
2157	2223	2.857135
2158	2157	0.487445
2158	2159	0.232323
2158	2221	1.072379
2158	2222	0.396552
2159	2158	0.232323
2159	2160	0.338235
2159	2219	21.447151
2159	2220	1.261623
2159	2221	0.824907
2160	2159	0.338235
2160	2161	0.218853
2160	2165	2.680944
2160	2166	3.574589
2160	2218	7.666608
2160	2219	1.429839
2160	2220	0.765986
2161	2160	0.218853
2161	2162	0.310835
2161	2164	10.723690
2161	2165	1.176469
2161	2218	1.261623
2161	2219	9.999900
2162	2161	0.310835
2162	2163	0.725627
2162	2164	0.999999
2162	2165	2.383062
2162	2217	2.811798
2162	2218	0.511111
2163	2162	0.725627
2163	2164	0.607958
2163	2187	11.247095
2163	2188	4.195218
2163	2217	0.338461
2163	2218	2.499376
2164	2161	10.723690
2164	2162	0.999999
2164	2163	0.607958
2164	2165	0.249391
2164	2185	7.666608
2164	2186	1.261623
2164	2187	0.469388
2164	2218	7.666608
2164	2219	4.289504
2165	2160	2.680944
2165	2161	1.176469
2165	2162	2.383062
2165	2164	0.249391
2165	2166	0.312500
2165	2185	1.261623
2165	2186	4.999975
2165	2218	7.149152
2165	2219	0.869564
2165	2220	4.999975
2166	2160	3.574589
2166	2165	0.312500
2166	2167	0.487805
2166	2182	3.063935
2166	2184	1.261623
2166	2185	0.893650
2166	2219	19.999600
2166	2220	0.666666
2167	2166	0.487805
2167	2168	0.499433
2167	2181	0.824907
2167	2182	0.382993
2167	2183	1.165342
2167	2184	1.949779
2168	1764	1.048808
2168	1786	2.249439
2168	2167	0.499433
2168	2169	0.203704
2168	2181	1.499627
2168	2183	0.318840
2169	1763	1.613549
2169	1764	1.233891
2169	1786	1.874533
2169	1787	1.874533
2169	2168	0.203704
2169	2170	0.267791
2169	2181	1.249690
2170	1787	2.090905
2170	1788	3.749060
2170	2169	0.267791
2170	2171	0.243723
2170	2179	7.666608
2170	2180	1.261623
2170	2181	0.884615
2171	1788	2.996588
2171	2170	0.243723
2171	2172	0.307692
2171	2179	1.261623
2171	2180	2.222217
2172	2171	0.307692
2172	2173	0.271489
2172	2178	1.261623
2172	2179	0.691858
2173	2172	0.271489
2173	2174	0.214476
2173	2177	1.499627
2173	2178	0.396552
2174	2173	0.214476
2174	2175	0.350877
2174	2177	0.699205
2175	2174	0.350877
2175	2176	0.794355
2175	2177	6.992010
2176	2005	11.499868
2176	2006	2.249439
2176	2175	0.794355
2176	2177	0.833127
2176	2762	21.447151
2177	2173	1.499627
2177	2174	0.699205
2177	2175	6.992010
2177	2176	0.833127
2177	2178	0.449889
2178	2172	1.261623
2178	2173	0.396552
2178	2177	0.449889
2178	2179	0.227723
2179	2170	7.666608
2179	2171	1.261623
2179	2172	0.691858
2179	2178	0.227723
2179	2180	0.223413
2180	2170	1.261623
2180	2171	2.222217
2180	2179	0.223413
2180	2181	0.255329
2181	2167	0.824907
2181	2168	1.499627
2181	2169	1.249690
2181	2170	0.884615
2181	2180	0.255329
2181	2182	0.511111
2182	2166	3.063935
2182	2167	0.382993
2182	2181	0.511111
2182	2183	0.803372
2182	2184	7.666608
2183	1764	4.195218
2183	1765	2.622015
2183	1785	1.071163
2183	1786	1.124721
2183	2167	1.165342
2183	2168	0.318840
2183	2182	0.803372
2183	2184	0.303979
2184	1765	1.787298
2184	1766	3.833319
2184	1785	22.999471
2184	2166	1.261623
2184	2167	1.949779
2184	2182	7.666608
2184	2183	0.303979
2184	2185	0.261364
2185	1766	3.833319
2185	2164	7.666608
2185	2165	1.261623
2185	2166	0.893650
2185	2184	0.261364
2185	2186	0.233126
2185	2219	10.723690
2185	2220	4.289504
2186	2164	1.261623
2186	2165	4.999975
2186	2185	0.233126
2186	2187	0.329963
2186	2219	1.111110
2187	2163	11.247095
2187	2164	0.469388
2187	2186	0.329963
2187	2188	0.351600
2187	2218	1.277776
2187	2219	1.949779
2188	2163	4.195218
2188	2187	0.351600
2188	2189	1.048808
2188	2190	21.447151
2189	2188	1.048808
2189	2190	0.408990
2189	2198	0.702951
2189	2199	0.282051
2190	2188	21.447151
2190	2189	0.408990
2190	2191	0.219048
2190	2197	1.128820
2190	2198	0.605263
2190	2199	2.249439
2190	2200	3.833319
2190	2201	3.063935
2190	2213	1.149999
2191	2190	0.219048
2191	2192	0.232323
2191	2196	1.261623
2191	2197	0.932504
2191	2200	5.749967
2191	2201	0.794355
2191	2202	3.063935
2191	2211	11.499868
2191	2212	1.429839
2191	2213	3.285703
2192	2191	0.232323
2192	2193	0.803372
2192	2194	0.459070
2192	2195	2.811798
2192	2196	0.857904
2192	2201	21.447151
2192	2202	1.949779
2193	2192	0.803372
2193	2194	0.226804
2193	3923	20.975737
2193	3924	2.097613
2193	3936	1.022474
2193	3937	0.912007
2194	2192	0.459070
2194	2193	0.226804
2194	2195	0.265060
2194	2202	20.975737
2194	2203	5.244017
2194	3923	4.195218
2194	3924	0.874007
2194	3925	6.992010
2195	2192	2.811798
2195	2194	0.265060
2195	2196	0.368003
2195	2202	10.487978
2195	3923	5.244017
2195	3924	0.806775
2195	3925	1.311009
2196	2191	1.261623
2196	2192	0.857904
2196	2195	0.368003
2196	2197	0.285714
2196	2202	19.999600
2197	2190	1.128820
2197	2191	0.932504
2197	2196	0.285714
2197	2198	0.261556
2197	2200	21.447151
2197	2201	1.249998
2198	2189	0.702951
2198	2190	0.605263
2198	2197	0.261556
2198	2199	0.775670
2198	2200	0.884615
2198	2201	2.383062
2199	2189	0.282051
2199	2190	2.249439
2199	2198	0.775670
2199	2200	0.489009
2199	2213	1.323201
2199	2214	0.552004
2200	2190	3.833319
2200	2191	5.749967
2200	2197	21.447151
2200	2198	0.884615
2200	2199	0.489009
2200	2201	0.206227
2200	2211	5.749967
2200	2212	1.261623
2200	2213	0.328571
2201	2190	3.063935
2201	2191	0.794355
2201	2192	21.447151
2201	2197	1.249998
2201	2198	2.383062
2201	2200	0.206227
2201	2202	0.285714
2201	2210	21.447151
2201	2211	1.128820
2201	2212	4.999975
2202	2191	3.063935
2202	2192	1.949779
2202	2194	20.975737
2202	2195	10.487978
2202	2196	19.999600
2202	2201	0.285714
2202	2203	0.281690
2202	2209	21.447151
2202	2210	1.072379
2202	2211	0.670237
2203	2194	5.244017
2203	2202	0.281690
2203	2204	0.335119
2203	2209	1.340474
2203	2210	1.649813
2203	3870	21.447151
2203	3871	2.857135
2203	3923	2.222217
2204	2203	0.335119
2204	2205	0.899777
2204	2206	0.749814
2204	2207	5.361874
2204	2208	3.749060
2204	3870	1.277776
2204	3871	21.447151
2204	3923	10.723690
2205	2204	0.899777
2205	2206	0.241758
2205	3870	22.493938
2205	3890	1.692305
2205	3891	5.623579
2206	2204	0.749814
2206	2205	0.241758
2206	2207	0.582671
2206	2208	0.293333
2206	3870	1.183917
2206	3890	1.294116
2207	2204	5.361874
2207	2206	0.582671
2207	2208	0.839046
2208	2204	3.749060
2208	2206	0.293333
2208	2207	0.839046
2208	2209	0.255619
2208	3870	3.749060
2208	3871	20.975737
2208	3889	2.330681
2209	2202	21.447151
2209	2203	1.340474
2209	2208	0.255619
2209	2210	0.250000
2209	3871	1.261623
2209	3872	2.874992
2209	3888	22.999471
2210	2201	21.447151
2210	2202	1.072379
2210	2203	1.649813
2210	2209	0.250000
2210	2211	0.310811
2210	3872	0.919999
2210	3873	2.249439
2211	2191	11.499868
2211	2200	5.749967
2211	2201	1.128820
2211	2202	0.670237
2211	2210	0.310811
2211	2212	0.210271
2212	2191	1.429839
2212	2200	1.261623
2212	2201	4.999975
2212	2211	0.210271
2212	2213	0.389956
2213	2190	1.149999
2213	2191	3.285703
2213	2199	1.323201
2213	2200	0.328571
2213	2212	0.389956
2213	2214	0.320113
2214	2199	0.552004
2214	2213	0.320113
2214	2215	0.327869
2215	2214	0.327869
2215	2216	0.606060
2216	2215	0.606060
2216	2217	0.403388
2217	2162	2.811798
2217	2163	0.338461
2217	2216	0.403388
2217	2218	0.607958
2218	2160	7.666608
2218	2161	1.261623
2218	2162	0.511111
2218	2163	2.499376
2218	2164	7.666608
2218	2165	7.149152
2218	2187	1.277776
2218	2217	0.607958
2218	2219	0.238307
2219	2159	21.447151
2219	2160	1.429839
2219	2161	9.999900
2219	2164	4.289504
2219	2165	0.869564
2219	2166	19.999600
2219	2185	10.723690
2219	2186	1.111110
2219	2187	1.949779
2219	2218	0.238307
2219	2220	0.357143
2220	2159	1.261623
2220	2160	0.765986
2220	2165	4.999975
2220	2166	0.666666
2220	2185	4.289504
2220	2219	0.357143
2220	2221	0.289855
2221	2158	1.072379
2221	2159	0.824907
2221	2220	0.289855
2221	2222	0.351600
2222	2156	5.749967
2222	2157	1.261623
2222	2158	0.396552
2222	2221	0.351600
2222	2223	0.208229
2223	2156	1.261623
2223	2157	2.857135
2223	2222	0.208229
2223	2224	0.329963
2223	2806	20.975737
2224	2154	21.447151
2224	2155	1.261623
2224	2156	0.389830
2224	2223	0.329963
2224	2225	0.252747
2225	2153	5.749967
2225	2154	1.128820
2225	2155	0.794355
2225	2224	0.252747
2225	2226	0.206227
2225	2500	4.599979
2225	2501	5.749967
2225	2752	22.999471
2226	2153	1.072379
2226	2154	4.999975
2226	2225	0.206227
2226	2227	0.370370
2226	2501	1.531970
2226	2502	1.906922
2227	2152	1.191533
2227	2153	0.612788
2227	2226	0.370370
2227	2228	0.357460
2227	2502	10.487978
2228	2150	3.749060
2228	2151	1.261623
2228	2152	0.433962
2228	2227	0.357460
2228	2229	0.261556
2229	2150	1.398410
2229	2151	19.999600
2229	2228	0.261556
2229	2230	0.310835
2230	2148	21.447151
2230	2149	1.261623
2230	2150	0.642698
2230	2229	0.310835
2230	2231	1.210525
2230	2232	0.274322
2231	2230	1.210525
2231	2232	0.351476
2231	2234	21.447151
2231	2364	0.277108
2231	2366	7.149152
2232	2148	1.048808
2232	2149	1.498296
2232	2230	0.274322
2232	2231	0.351476
2232	2233	0.749149
2232	2234	6.992010
2233	2146	1.498296
2233	2147	0.303030
2233	2148	9.999900
2233	2232	0.749149
2233	2234	0.333333
2233	2371	21.447151
2233	2372	1.261623
2233	2373	4.999975
2234	2146	1.498296
2234	2231	21.447151
2234	2232	6.992010
2234	2233	0.333333
2234	2235	0.307692
2234	2364	3.063935
2234	2371	1.261623
2234	2372	0.739572
2234	2814	4.195218
2235	2234	0.307692
2235	2236	0.466252
2235	2364	4.289504
2235	2370	4.999975
2235	2371	0.974890
2235	2814	20.975737
2236	2235	0.466252
2236	2237	0.749814
2236	2367	0.416564
2236	2369	1.340474
2236	2370	1.072379
2236	3965	4.599979
2236	3966	5.749967
2237	2236	0.749814
2237	2238	0.231579
2237	2365	4.399981
2237	2366	1.311009
2237	2367	0.343750
2237	3598	11.247095
2237	3600	5.623579
2237	3964	0.998865
2237	3965	2.811798
2238	2237	0.231579
2238	2239	0.415094
2238	2365	1.999996
2238	2366	6.992010
2238	3600	1.499627
2238	3601	2.811798
2238	3963	1.906922
2238	3964	0.806775
2239	1718	10.487978
2239	2238	0.415094
2239	2240	0.276002
2239	2363	2.199995
2239	2365	0.440000
2239	3601	1.874533
2239	3602	3.142847
2240	1717	2.097613
2240	1718	3.333322
2240	2239	0.276002
2240	2241	0.285714
2240	2356	20.975737
2240	2361	21.447151
2240	2362	1.128820
2240	2363	1.906922
2240	3602	2.622015
2240	3603	21.447151
2241	1716	1.165342
2241	1717	1.311009
2241	2240	0.285714
2241	2242	0.412454
2241	2361	1.191533
2241	2362	0.932504
2241	3763	21.447151
2242	1716	7.498092
2242	1733	2.499376
2242	1734	4.289504
2242	2241	0.412454
2242	2243	0.244681
2242	2359	21.447151
2242	2360	1.261623
2242	2361	0.418182
2243	1734	7.149152
2243	1735	2.144756
2243	2242	0.244681
2243	2244	0.225490
2243	2359	1.261623
2243	2360	1.072379
2244	2029	7.498092
2244	2243	0.225490
2244	2245	0.249391
2244	2357	3.285703
2244	2358	1.340474
2244	2359	0.739572
2245	2028	1.128820
2245	2029	0.582671
2245	2244	0.249391
2245	2246	0.397178
2245	2357	1.261623
2245	2358	2.857135
2246	2027	1.531970
2246	2028	2.299995
2246	2245	0.397178
2246	2247	1.071163
2246	2248	22.999471
2246	2337	0.312423
2246	2338	1.642854
2246	2350	3.063935
2246	2351	1.405901
2246	2354	21.447151
2246	2357	0.489361
2247	2246	1.071163
2247	2248	0.702951
2247	2249	2.330681
2247	2250	1.048808
2247	2251	0.523809
2247	2335	20.975737
2247	2336	0.874007
2247	2337	0.500000
2247	2341	1.499627
2247	2350	1.398410
2247	2351	3.142847
2248	2027	1.649813
2248	2246	22.999471
2248	2247	0.702951
2248	2249	0.739572
2248	2351	1.323201
2249	2247	2.330681
2249	2248	0.739572
2249	2250	0.222222
2249	2350	1.666664
2249	2351	0.566923
2249	3320	1.498296
2250	2247	1.048808
2250	2249	0.222222
2250	2251	0.446301
2250	2349	2.222217
2250	2350	3.333322
2250	3320	0.839046
2251	2247	0.523809
2251	2250	0.446301
2251	2252	0.252746
2251	2335	20.975737
2251	2336	1.498296
2251	2341	22.493938
2251	2342	1.233891
2251	2343	5.623579
2251	2348	11.247095
2252	2251	0.252746
2252	2253	0.228166
2252	2334	22.999471
2252	2335	1.128820
2252	2336	1.021314
2252	2342	1.261623
2252	2343	1.352939
2252	2344	22.493938
2253	2252	0.228166
2253	2254	0.350877
2253	2334	1.261623
2253	2335	3.999984
2254	2253	0.350877
2254	2255	0.400000
2254	2333	1.261623
2254	2334	0.649927
2254	2914	1.906922
2255	2254	0.400000
2255	2256	0.238095
2255	2332	1.261623
2255	2333	0.523112
2255	2913	1.233891
2255	2914	1.233891
2256	2255	0.238095
2256	2257	0.466252
2256	2331	1.649813
2256	2332	0.932504
2256	2913	10.487978
2256	2938	2.330681
2256	2940	1.787298
2256	3126	1.906922
2257	2256	0.466252
2257	2258	0.250000
2257	2330	1.649813
2257	2331	0.328571
2257	2940	1.769228
2257	3126	7.498092
2258	2257	0.250000
2258	2259	0.230619
2258	2328	22.999471
2258	2329	1.261623
2258	2330	0.691858
2258	3179	7.666608
2259	2258	0.230619
2259	2260	0.317460
2259	2298	20.975737
2259	2328	1.261623
2259	2329	3.333322
2259	3179	21.447151
2259	3180	10.723690
2260	2259	0.317460
2260	2261	0.998865
2260	2297	2.330681
2260	2298	1.748012
2260	2324	20.975737
2260	2325	0.833333
2260	2326	1.261623
2260	2328	1.128820
2260	3111	5.244017
2260	3190	3.496017
2261	2260	0.998865
2261	2262	0.284740
2261	2296	1.249690
2261	2297	0.268293
2261	3111	2.444438
2261	3189	0.899777
2261	3190	0.709677
2261	3191	5.623579
2262	2261	0.284740
2262	2263	0.242105
2262	2295	1.261623
2262	2296	1.045453
2262	3111	7.498092
2262	3188	1.071163
2262	3189	1.352939
2263	2262	0.242105
2263	2264	0.353846
2263	2294	1.340474
2263	2295	0.649927
2263	3187	4.498869
2263	3188	4.498869
2264	2263	0.353846
2264	2265	0.218853
2264	2291	11.499868
2264	2293	1.128820
2264	2294	0.487445
2265	2264	0.218853
2265	2266	0.271489
2265	2290	2.996588
2265	2291	1.429839
2265	2293	3.999984
2266	2265	0.271489
2266	2267	1.022474
2266	2288	3.833319
2266	2289	0.323944
2266	2290	1.405901
2266	2291	11.499868
2267	2266	1.022474
2267	2268	0.224490
2267	2288	2.044945
2267	2289	1.183917
2267	2290	0.305555
2268	2267	0.224490
2268	2269	0.247192
2268	2288	1.249690
2269	2268	0.247192
2269	2270	0.212353
2269	2286	5.749967
2269	2287	1.128820
2269	2288	1.352939
2270	2269	0.212353
2270	2271	0.344827
2270	2285	20.975737
2270	2286	1.021314
2270	2287	3.333322
2271	2270	0.344827
2271	2272	0.306394
2271	2285	1.311009
2271	2286	0.932504
2272	2271	0.306394
2272	2273	0.221154
2272	2284	1.261623
2272	2285	0.478605
2273	2272	0.221154
2273	2274	0.261364
2273	2283	1.429839
2273	2284	1.072379
2274	2273	0.261364
2274	2276	0.216981
2274	2282	1.340474
2274	2283	0.765986
2275	2833	10.487978
2275	3215	1.906922
2275	3216	2.330681
2275	3532	5.499970
2275	3533	2.811798
2275	4210	20.975737
2275	4231	20.975737
2275	4232	1.999996
2275	4233	0.403388
2275	4234	0.879999
2275	4235	7.498092
2276	2274	0.216981
2276	2277	0.310835
2276	2280	5.749967
2276	2281	2.499376
2276	2282	2.680944
2277	2276	0.310835
2277	2278	0.794355
2277	2279	0.428085
2277	2280	1.261623
2278	2277	0.794355
2278	2279	0.202653
2279	2277	0.428085
2279	2278	0.202653
2279	2280	0.346068
2280	2276	5.749967
2280	2277	1.261623
2280	2279	0.346068
2280	2281	0.229535
2281	2276	2.499376
2281	2280	0.229535
2281	2282	0.216249
2282	2274	1.340474
2282	2276	2.680944
2282	2281	0.216249
2282	2283	0.338983
2283	2273	1.429839
2283	2274	0.765986
2283	2282	0.338983
2283	2284	0.285714
2284	2272	1.261623
2284	2273	1.072379
2284	2283	0.285714
2284	2285	0.304002
2285	2270	20.975737
2285	2271	1.311009
2285	2272	0.478605
2285	2284	0.304002
2285	2286	0.224944
2286	2269	5.749967
2286	2270	1.021314
2286	2271	0.932504
2286	2285	0.224944
2286	2287	0.208229
2287	2269	1.128820
2287	2270	3.333322
2287	2286	0.208229
2287	2288	0.240984
2288	2266	3.833319
2288	2267	2.044945
2288	2268	1.249690
2288	2269	1.352939
2288	2287	0.240984
2288	2289	0.244681
2289	2266	0.323944
2289	2267	1.183917
2289	2288	0.244681
2289	2290	0.937268
2289	2992	3.063935
2290	2265	2.996588
2290	2266	1.405901
2290	2267	0.305555
2290	2289	0.937268
2290	2291	0.261563
2290	2991	2.996588
2290	2992	4.195218
2291	2264	11.499868
2291	2265	1.429839
2291	2266	11.499868
2291	2290	0.261563
2291	2292	0.884615
2291	2293	0.264785
2291	2325	21.447151
2291	2326	3.285703
2292	2291	0.884615
2292	2293	0.932504
2292	2326	0.919999
2292	2327	1.499627
2292	3314	1.128820
2292	3315	0.302079
2292	3330	21.447151
2293	2264	1.128820
2293	2265	3.999984
2293	2291	0.264785
2293	2292	0.932504
2293	2294	0.377358
2293	2324	6.992010
2293	2326	4.289504
2293	3315	2.857135
2294	2263	1.340474
2294	2264	0.487445
2294	2293	0.377358
2294	2295	0.425532
2294	2324	4.195218
2295	2262	1.261623
2295	2263	0.649927
2295	2294	0.425532
2295	2296	0.255329
2295	2324	20.975737
2296	2261	1.249690
2296	2262	1.045453
2296	2295	0.255329
2296	2297	0.681649
2296	2324	0.408990
2296	2325	5.361874
2297	2260	2.330681
2297	2261	0.268293
2297	2296	0.681649
2297	2298	0.268293
2297	2324	2.749992
2297	3190	3.666653
2297	3191	11.247095
2298	2259	20.975737
2298	2260	1.748012
2298	2297	0.268293
2298	2299	0.180829
2298	2323	22.493938
2298	2324	2.199995
2298	3190	21.999516
2299	2298	0.180829
2299	2300	0.344827
2299	2323	1.191533
2299	2324	2.996588
2299	2329	9.999900
2300	2299	0.344827
2300	2301	0.437706
2300	2322	1.261623
2300	2323	0.739572
2300	2329	1.538459
2300	2330	9.999900
2300	3177	19.999600
2300	3178	21.447151
2301	2300	0.437706
2301	2302	0.203540
2301	2303	10.723690
2301	2321	1.261623
2301	2322	0.333333
2301	3512	3.749060
2302	2301	0.203540
2302	2303	0.691858
2302	2320	5.361874
2302	2321	4.289504
2302	3324	7.498092
2303	2301	10.723690
2303	2302	0.691858
2303	2304	0.306394
2303	2319	19.999600
2303	2320	1.428569
2303	2321	0.588235
2303	3323	20.975737
2303	3324	1.165342
2303	3325	6.992010
2303	3512	0.419523
2304	2303	0.306394
2304	2305	0.255555
2304	2319	1.261623
2304	2320	0.765986
2304	3231	21.447151
2304	3232	5.623579
2304	3324	7.498092
2305	2304	0.255555
2305	2306	0.227723
2305	2318	1.261623
2305	2319	1.021314
2305	3231	5.361874
2305	3232	1.323201
2306	2305	0.227723
2306	2307	0.255555
2306	2317	1.261623
2306	2318	0.765986
2306	3215	5.361874
2307	2306	0.255555
2307	2308	0.212963
2307	2312	7.149152
2307	2316	1.261623
2307	2317	0.476613
2307	3214	5.361874
2307	3215	3.063935
2308	2307	0.212963
2308	2309	0.387835
2308	2311	1.769228
2308	2312	21.447151
2308	2313	1.499627
2308	2316	2.680944
2309	2308	0.387835
2309	2310	1.048808
2309	2311	1.071163
2309	4131	4.195218
2309	4132	1.048808
2309	4133	0.582671
2310	2309	1.048808
2310	2311	0.974890
2310	3544	5.244017
2310	3545	0.998865
2310	3546	20.975737
2310	4132	19.999600
2310	4133	2.857135
2310	4134	0.606060
2311	2308	1.769228
2311	2309	1.071163
2311	2310	0.974890
2311	2312	0.630812
2311	2313	0.236784
2311	2314	2.249439
2311	4133	3.063935
2311	4134	21.447151
2312	2307	7.149152
2312	2308	21.447151
2312	2311	0.630812
2312	2313	0.327753
2312	2316	1.666664
2312	2317	9.999900
2312	2831	1.787298
2312	3171	19.999600
2312	3173	6.666622
2312	3174	0.241105
2313	2308	1.499627
2313	2311	0.236784
2313	2312	0.327753
2313	2314	0.916666
2313	2315	1.833330
2313	2316	0.446301
2313	2831	7.498092
2313	3171	3.496017
2313	3173	6.992010
2314	2311	2.249439
2314	2313	0.916666
2314	2315	0.879999
2314	2352	0.265060
2314	3170	7.333280
2315	2313	1.833330
2315	2314	0.879999
2315	2316	0.635641
2315	2352	3.142847
2315	3321	0.349603
2315	3322	20.975737
2315	4130	1.498296
2316	2307	1.261623
2316	2308	2.680944
2316	2312	1.666664
2316	2313	0.446301
2316	2315	0.635641
2316	2317	0.333333
2316	3174	6.992010
2316	3175	3.574589
2317	2306	1.261623
2317	2307	0.476613
2317	2312	9.999900
2317	2316	0.333333
2317	2318	0.322581
2317	2832	1.311009
2317	3174	2.097613
2317	3175	3.574589
2318	2305	1.261623
2318	2306	0.765986
2318	2317	0.322581
2318	2319	0.281690
2318	2832	10.487978
2319	2303	19.999600
2319	2304	1.261623
2319	2305	1.021314
2319	2318	0.281690
2319	2320	0.256410
2319	3233	20.975737
2320	2302	5.361874
2320	2303	1.428569
2320	2304	0.765986
2320	2319	0.256410
2320	2321	0.277778
2321	2301	1.261623
2321	2302	4.289504
2321	2303	0.588235
2321	2320	0.277778
2321	2322	0.630812
2321	3512	1.498296
2322	2300	1.261623
2322	2301	0.333333
2322	2321	0.630812
2322	2323	0.250000
2322	3512	1.071163
2323	2298	22.493938
2323	2299	1.191533
2323	2300	0.739572
2323	2322	0.250000
2323	2324	0.274322
2323	3316	3.833319
2324	2260	20.975737
2324	2293	6.992010
2324	2294	4.195218
2324	2295	20.975737
2324	2296	0.408990
2324	2297	2.749992
2324	2298	2.199995
2324	2299	2.996588
2324	2323	0.274322
2324	2325	0.912007
2324	2326	11.247095
2325	2260	0.833333
2325	2291	21.447151
2325	2296	5.361874
2325	2324	0.912007
2325	2326	0.246524
2325	2990	19.999600
2325	2991	2.222217
2326	2260	1.261623
2326	2291	3.285703
2326	2292	0.919999
2326	2293	4.289504
2326	2324	11.247095
2326	2325	0.246524
2326	2327	0.803372
2326	2328	0.230000
2327	2292	1.499627
2327	2326	0.803372
2327	2328	0.899777
2327	2344	0.468085
2327	3315	1.398410
2327	3316	1.730339
2327	3329	2.444438
2327	3330	5.244017
2328	2258	22.999471
2328	2259	1.261623
2328	2260	1.128820
2328	2326	0.230000
2328	2327	0.899777
2328	2329	0.221109
2329	2258	1.261623
2329	2259	3.333322
2329	2299	9.999900
2329	2300	1.538459
2329	2328	0.221109
2329	2330	0.303030
2330	2257	1.649813
2330	2258	0.691858
2330	2300	9.999900
2330	2329	0.303030
2330	2331	0.612788
2330	3178	5.361874
2331	2256	1.649813
2331	2257	0.328571
2331	2330	0.612788
2331	2332	0.216981
2331	2939	1.071163
2331	3178	1.437498
2332	2255	1.261623
2332	2256	0.932504
2332	2331	0.216981
2332	2333	0.255555
2332	2939	0.803372
2333	2254	1.261623
2333	2255	0.523112
2333	2332	0.255555
2333	2334	0.255555
2333	2913	7.498092
2333	2914	1.405901
2333	2937	22.999471
2334	2252	22.999471
2334	2253	1.261623
2334	2254	0.649927
2334	2333	0.255555
2334	2335	0.271489
2334	2914	11.247095
2334	2915	1.916663
2335	2247	20.975737
2335	2251	20.975737
2335	2252	1.128820
2335	2253	3.999984
2335	2334	0.271489
2335	2336	0.408163
2335	2915	2.680944
2335	2916	3.063935
2336	2247	0.874007
2336	2251	1.498296
2336	2252	1.021314
2336	2335	0.408163
2336	2337	0.776895
2336	2341	1.261623
2336	2342	3.333322
2337	2246	0.312423
2337	2247	0.500000
2337	2336	0.776895
2337	2338	0.548645
2337	2340	1.047618
2337	2341	1.323201
2337	2350	2.097613
2338	2246	1.642854
2338	2337	0.548645
2338	2339	0.884615
2338	2340	0.267791
2338	2350	0.691858
2338	2354	1.072379
2338	2356	1.874533
2338	2357	0.328571
2339	2338	0.884615
2339	2340	0.681649
2339	2356	0.247192
2339	3603	2.874992
2339	3604	10.723690
2339	3761	21.447151
2339	3762	2.811798
2340	2337	1.047618
2340	2338	0.267791
2340	2339	0.681649
2340	2341	0.303979
2340	2350	1.498296
2340	2356	5.499970
2341	2247	1.499627
2341	2251	22.493938
2341	2336	1.261623
2341	2337	1.323201
2341	2340	0.303979
2341	2342	0.198589
2341	2348	7.666608
2341	2349	1.261623
2341	2350	0.670237
2342	2251	1.233891
2342	2252	1.261623
2342	2336	3.333322
2342	2341	0.198589
2342	2343	0.315406
2342	2348	1.429839
2342	2349	3.999984
2343	2251	5.623579
2343	2252	1.352939
2343	2342	0.315406
2343	2344	0.865170
2343	2345	0.351476
2343	2346	1.249690
2343	2348	0.741935
2344	2252	22.493938
2344	2327	0.468085
2344	2343	0.865170
2344	2345	0.999999
2344	3316	0.865170
2344	3317	0.635641
2344	3328	1.748012
2344	3329	1.157893
2345	2343	0.351476
2345	2344	0.999999
2345	2346	0.366667
2345	3317	4.195218
2345	3318	4.195218
2345	3328	0.953462
2346	2343	1.249690
2346	2345	0.366667
2346	2347	0.511628
2346	2348	0.335738
2346	3318	6.992010
2346	3319	1.048808
2346	3323	21.999516
2346	3325	21.999516
2346	3327	3.666653
2346	3328	20.975737
2346	4109	1.606743
2346	4110	2.749992
2347	2346	0.511628
2347	2348	0.775670
2347	2355	0.357055
2347	2356	3.142847
2347	3603	2.811798
2347	3604	10.487978
2347	4109	2.249439
2347	4110	2.444438
2348	2251	11.247095
2348	2341	7.666608
2348	2342	1.429839
2348	2343	0.741935
2348	2346	0.335738
2348	2347	0.775670
2348	2349	0.206227
2348	3319	4.289504
2348	4108	22.493938
2349	2250	2.222217
2349	2341	1.261623
2349	2342	3.999984
2349	2348	0.206227
2349	2350	0.303030
2349	2354	9.999900
2349	3320	2.996588
2350	2246	3.063935
2350	2247	1.398410
2350	2249	1.666664
2350	2250	3.333322
2350	2337	2.097613
2350	2338	0.691858
2350	2340	1.498296
2350	2341	0.670237
2350	2349	0.303030
2350	2351	0.749149
2350	2353	19.999600
2350	2354	0.606060
2350	3320	6.992010
2351	2027	0.322710
2351	2246	1.405901
2351	2247	3.142847
2351	2248	1.323201
2351	2249	0.566923
2351	2350	0.749149
2351	2352	1.047618
2351	2354	5.244017
2351	2357	22.493938
2352	2314	0.265060
2352	2315	3.142847
2352	2351	1.047618
2352	2353	0.874007
2352	3169	7.498092
2352	3170	5.499970
2352	3321	2.622015
2353	2350	19.999600
2353	2352	0.874007
2353	2354	0.689655
2353	3321	3.999984
2354	2246	21.447151
2354	2338	1.072379
2354	2349	9.999900
2354	2350	0.606060
2354	2351	5.244017
2354	2353	0.689655
2354	2355	0.932504
2354	2356	6.992010
2354	2357	0.765986
2355	2347	0.357055
2355	2354	0.932504
2355	2356	0.702951
2355	3602	22.493938
2355	3603	0.766666
2355	3604	5.361874
2355	3961	0.264785
2356	2240	20.975737
2356	2338	1.874533
2356	2339	0.247192
2356	2340	5.499970
2356	2347	3.142847
2356	2354	6.992010
2356	2355	0.702951
2356	2357	0.978018
2356	3602	3.666653
2356	3603	1.606743
2356	3604	5.244017
2357	2028	22.999471
2357	2244	3.285703
2357	2245	1.261623
2357	2246	0.489361
2357	2338	0.328571
2357	2351	22.493938
2357	2354	0.765986
2357	2356	0.978018
2357	2358	0.218853
2358	2028	10.723690
2358	2029	1.906922
2358	2244	1.340474
2358	2245	2.857135
2358	2357	0.218853
2358	2359	0.303030
2359	2029	1.498296
2359	2030	1.649813
2359	2242	21.447151
2359	2243	1.261623
2359	2244	0.739572
2359	2358	0.303030
2359	2360	0.250000
2360	2030	3.574589
2360	2031	3.063935
2360	2242	1.261623
2360	2243	1.072379
2360	2359	0.250000
2360	2361	0.274969
2361	1733	11.247095
2361	1734	10.723690
2361	2240	21.447151
2361	2241	1.191533
2361	2242	0.418182
2361	2360	0.274969
2361	2362	0.302631
2362	1716	2.044945
2362	1717	2.811798
2362	1718	10.723690
2362	1733	2.044945
2362	2240	1.128820
2362	2241	0.932504
2362	2361	0.302631
2362	2363	0.224944
2363	1718	4.195218
2363	2239	2.199995
2363	2240	1.906922
2363	2362	0.224944
2363	2364	0.591959
2363	2365	0.440000
2364	2231	0.277108
2364	2234	3.063935
2364	2235	4.289504
2364	2363	0.591959
2364	2365	0.937268
2364	2366	10.723690
2365	1718	0.953462
2365	1719	2.330681
2365	2237	4.399981
2365	2238	1.999996
2365	2239	0.440000
2365	2363	0.440000
2365	2364	0.937268
2365	2366	0.214043
2366	1719	1.176469
2366	1720	3.063935
2366	2231	7.149152
2366	2237	1.311009
2366	2238	6.992010
2366	2364	10.723690
2366	2365	0.214043
2366	2367	0.361658
2367	2236	0.416564
2367	2237	0.343750
2367	2366	0.361658
2367	2368	0.899777
2367	2369	0.998865
2367	3965	7.498092
2368	1722	0.284740
2368	2367	0.899777
2368	2369	0.612788
2368	2391	1.787298
2368	2392	5.623579
2368	2394	1.149999
2368	3599	0.564410
2369	2236	1.340474
2369	2367	0.998865
2369	2368	0.612788
2369	2370	0.400000
2369	2393	7.149152
2369	2394	5.361874
2369	3965	2.680944
2369	3966	1.429839
2370	2235	4.999975
2370	2236	1.072379
2370	2369	0.400000
2370	2371	0.320113
2370	2393	4.289504
2370	3591	1.906922
2370	3966	0.691858
2370	3967	3.063935
2370	3969	20.975737
2370	4023	21.447151
2371	2126	10.723690
2371	2127	3.749060
2371	2233	21.447151
2371	2234	1.261623
2371	2235	0.974890
2371	2370	0.320113
2371	2372	0.234694
2371	2814	1.499627
2371	3591	11.247095
2371	4023	7.666608
2372	2125	21.447151
2372	2126	1.340474
2372	2146	1.022474
2372	2233	1.261623
2372	2234	0.739572
2372	2371	0.234694
2372	2373	0.223413
2372	2813	22.493938
2372	2814	0.803372
2373	2125	19.999600
2373	2126	19.999600
2373	2146	1.498296
2373	2147	3.999984
2373	2233	4.999975
2373	2372	0.223413
2373	2374	0.689655
2373	2813	3.496017
2374	2146	2.622015
2374	2147	19.999600
2374	2373	0.689655
2374	2375	0.833333
2374	2810	0.649927
2374	2811	0.285714
2375	2374	0.833333
2375	2376	0.408163
2375	2755	1.128820
2375	2756	1.333332
2375	2786	2.330681
2375	2810	0.376274
2375	2811	3.999984
2375	2812	21.447151
2376	2375	0.408163
2376	2377	0.285714
2376	2754	1.311009
2376	2755	0.498781
2376	2785	1.072379
2376	2786	0.776895
2377	2376	0.285714
2377	2378	0.344827
2377	2753	1.261623
2377	2754	1.398410
2377	2784	1.538459
2377	2785	1.949779
2378	2377	0.344827
2378	2379	0.476190
2378	2726	19.999600
2378	2752	1.261623
2378	2753	0.595767
2379	2378	0.476190
2379	2380	0.344827
2379	2403	19.999600
2379	2493	3.574589
2379	2744	21.447151
2379	2745	3.333322
2379	2751	1.261623
2379	2752	0.630812
2380	2379	0.344827
2380	2381	0.240984
2380	2402	1.052630
2380	2493	0.595767
2380	2744	21.447151
2380	2745	6.666622
2380	2750	1.261623
2380	2751	0.670237
2381	2380	0.240984
2381	2382	0.681649
2381	2401	0.932504
2381	2402	2.680944
2381	2493	11.499868
2381	2747	0.348485
2381	2748	1.787298
2381	2749	1.405901
2381	2750	0.793103
2382	2381	0.681649
2382	2383	0.247191
2382	2400	1.906922
2382	2401	1.613549
2382	2503	1.874533
2382	2504	2.330681
2382	2534	1.571426
2382	2747	3.749060
2382	2748	1.233891
2382	2749	0.333333
2383	2382	0.247191
2383	2384	0.239130
2383	2385	20.975737
2383	2399	3.749060
2383	2400	2.330681
2383	2503	7.498092
2383	2504	0.912007
2383	2505	22.493938
2383	2533	5.623579
2383	2534	2.199995
2384	2129	4.195218
2384	2383	0.239130
2384	2385	0.599319
2384	2504	10.487978
2384	2505	2.811798
2384	2506	2.444438
2384	2507	0.288390
2384	2533	1.249690
2385	2383	20.975737
2385	2384	0.599319
2385	2386	0.428952
2385	2398	1.311009
2385	2399	1.261623
2385	2504	19.999600
2385	2505	3.063935
2385	2507	2.144756
2386	2385	0.428952
2386	2387	0.239303
2386	2396	21.447151
2386	2397	1.261623
2386	2398	0.441067
2386	3879	3.285703
2387	2386	0.239303
2387	2388	0.223151
2387	2395	3.749060
2387	2396	1.398410
2387	2397	1.398410
2387	3879	0.978018
2387	3880	20.975737
2387	3949	22.493938
2388	2387	0.223151
2388	2389	0.281690
2388	2395	1.261623
2388	3879	10.723690
2388	3949	0.794355
2389	2388	0.281690
2389	2390	0.909090
2389	2391	0.454545
2389	2392	3.496017
2389	2394	1.649813
2389	2395	0.893650
2389	3948	19.999600
2389	3949	1.128820
2389	3950	2.680944
2390	2389	0.909090
2390	2391	0.408163
2390	3599	0.769230
2390	3766	9.999900
2390	3767	1.128820
2390	3947	6.992010
2390	3948	19.999600
2390	3950	3.063935
2390	3951	0.395777
2391	1722	10.487978
2391	2368	1.787298
2391	2389	0.454545
2391	2390	0.408163
2391	2392	0.308473
2391	2394	0.579665
2391	3599	1.333332
2391	3767	21.447151
2391	3768	1.398410
2392	2368	5.623579
2392	2389	3.496017
2392	2391	0.308473
2392	2393	1.022474
2392	2394	1.183917
2392	3768	1.374998
2392	3769	1.048808
2393	2369	7.149152
2393	2370	4.289504
2393	2392	1.022474
2393	2394	0.851851
2393	3966	5.749967
2393	3967	1.149999
2393	3969	0.239303
2393	3970	5.361874
2394	1722	1.874533
2394	2368	1.149999
2394	2369	5.361874
2394	2389	1.649813
2394	2391	0.579665
2394	2392	1.183917
2394	2393	0.851851
2394	2395	0.255555
2394	2505	4.599979
2395	1722	22.493938
2395	2387	3.749060
2395	2388	1.261623
2395	2389	0.893650
2395	2394	0.255555
2395	2396	0.274969
2395	2505	2.555549
2396	2386	21.447151
2396	2387	1.398410
2396	2395	0.274969
2396	2397	0.266667
2396	2505	21.447151
2397	2386	1.261623
2397	2387	1.398410
2397	2396	0.266667
2397	2398	0.299660
2397	2505	21.447151
2397	3879	0.714920
2397	3880	19.999600
2398	2385	1.311009
2398	2386	0.441067
2398	2397	0.299660
2398	2399	0.244505
2398	2505	11.247095
2398	3879	1.124721
2399	2383	3.749060
2399	2385	1.261623
2399	2398	0.244505
2399	2400	0.233126
2399	2503	3.833319
2399	2504	1.649813
2400	2382	1.906922
2400	2383	2.330681
2400	2399	0.233126
2400	2401	0.833333
2400	2502	2.622015
2400	2503	1.261623
2401	2381	0.932504
2401	2382	1.613549
2401	2400	0.833333
2401	2402	0.289855
2401	2501	1.072379
2401	2502	0.456004
2401	2749	20.975737
2401	2750	21.447151
2402	2380	1.052630
2402	2381	2.680944
2402	2401	0.289855
2402	2403	0.285714
2402	2493	3.574589
2402	2499	21.447151
2402	2500	1.649813
2402	2501	0.649927
2402	2750	10.723690
2402	2751	0.739572
2402	2752	21.447151
2403	2379	19.999600
2403	2402	0.285714
2403	2404	0.349603
2403	2493	1.949779
2403	2499	1.261623
2403	2500	0.579665
2403	2751	3.574589
2403	2752	1.649813
2404	2403	0.349603
2404	2405	0.261563
2404	2497	20.975737
2404	2498	1.311009
2404	2499	0.489009
2405	2404	0.261563
2405	2406	0.273809
2405	2497	1.340474
2405	2498	1.021314
2406	2405	0.273809
2406	2407	0.252325
2406	2496	1.261623
2406	2497	0.739572
2407	2406	0.252325
2407	2408	0.233126
2407	2495	1.340474
2407	2496	1.538459
2408	2407	0.233126
2408	2409	0.765986
2408	2410	3.574589
2409	2408	0.765986
2409	2410	0.322581
2409	2411	21.447151
2409	2490	2.383062
2409	2491	0.454545
2409	2492	1.261623
2409	2494	1.906922
2410	2408	3.574589
2410	2409	0.322581
2410	2411	0.714920
2410	2490	2.680944
2410	2494	2.622015
2410	2495	1.261623
2411	2409	21.447151
2411	2410	0.714920
2411	2412	0.220534
2411	2490	1.045453
2411	2491	10.723690
2411	2492	1.095237
2411	2494	0.562361
2411	2495	1.149999
2412	2411	0.220534
2412	2413	0.265521
2412	2489	22.493938
2412	2490	1.874533
2413	2412	0.265521
2413	2414	0.338983
2413	2489	1.072379
2413	2490	21.447151
2414	2413	0.338983
2414	2415	0.466252
2414	2488	1.398410
2414	2489	0.824907
2415	2414	0.466252
2415	2416	0.291139
2415	2487	1.021314
2415	2488	0.432585
2416	2415	0.291139
2416	2417	0.232323
2416	2485	21.447151
2416	2486	1.261623
2416	2487	0.714920
2417	2416	0.232323
2417	2418	0.255555
2417	2485	1.072379
2417	2486	1.021314
2418	2417	0.255555
2418	2419	0.216642
2418	2483	3.833319
2418	2484	1.429839
2418	2485	0.974890
2419	2418	0.216642
2419	2420	0.377358
2419	2483	1.261623
2420	2419	0.377358
2420	2421	0.317460
2420	2482	1.261623
2420	2483	0.932504
2421	2420	0.317460
2421	2422	0.428952
2421	2481	1.429839
2421	2482	1.429839
2421	3789	0.428085
2421	3790	10.487978
2422	2421	0.428952
2422	2423	0.456332
2422	2478	0.718749
2422	2479	5.623579
2422	3789	0.607958
2422	3791	22.999471
2423	2422	0.456332
2423	2424	0.419523
2423	2477	19.999600
2423	2478	0.857904
2423	2479	1.498296
2423	3788	2.097613
2423	3789	0.349603
2424	2423	0.419523
2424	2425	0.264640
2424	2478	2.249439
2424	2479	0.431372
2425	2424	0.264640
2425	2426	0.218393
2425	2477	1.072379
2425	2478	1.352939
2425	4417	2.874992
2426	2425	0.218393
2426	2427	0.244505
2426	2474	20.975737
2426	2475	1.498296
2426	2476	10.487978
2426	2477	1.906922
2426	4417	0.865170
2427	2426	0.244505
2427	2428	0.289832
2427	2429	1.323201
2427	2430	21.447151
2427	2471	11.247095
2427	2474	1.261623
2427	2475	0.765986
2427	2476	1.949779
2427	4417	2.874992
2428	2427	0.289832
2428	2429	0.676650
2428	2430	9.999900
2428	2431	19.999600
2428	2432	5.361874
2428	2469	19.999600
2428	2470	1.666664
2428	2471	1.748012
2428	2474	9.999900
2429	2427	1.323201
2429	2428	0.676650
2429	2430	0.456004
2429	2475	2.996588
2429	2476	0.381385
2430	2427	21.447151
2430	2428	9.999900
2430	2429	0.456004
2430	2431	0.363636
2430	2471	20.975737
2430	2474	2.222217
2430	2475	1.666664
2430	2476	9.999900
2431	2428	19.999600
2431	2430	0.363636
2431	2432	0.268095
2431	2471	1.498296
2431	2474	1.666664
2432	2428	5.361874
2432	2431	0.268095
2432	2433	0.244505
2432	2470	1.429839
2432	2471	0.478605
2433	2432	0.244505
2433	2434	0.252725
2433	2469	1.613549
2433	2470	0.616946
2434	2433	0.252725
2434	2435	0.524404
2434	2468	1.787298
2434	2469	2.499994
2435	2434	0.524404
2435	2436	0.284740
2435	2467	1.233891
2435	2468	0.441067
2436	2435	0.284740
2436	2437	0.247312
2436	2466	1.191533
2436	2467	0.824907
2437	2436	0.247312
2437	2438	0.261364
2437	2465	1.340474
2437	2466	0.739572
2438	2437	0.261364
2438	2439	0.200445
2438	2464	1.531970
2438	2465	0.630812
2439	2438	0.200445
2439	2440	0.263158
2439	2461	10.487978
2439	2463	2.996588
2439	2464	6.666622
2440	2439	0.263158
2440	2441	0.776895
2440	2461	1.498296
2440	2462	2.622015
2440	2463	1.498296
2441	2440	0.776895
2441	2442	0.231901
2441	2461	2.199995
2441	2462	0.309859
2442	2441	0.231901
2442	2443	0.323944
2442	2460	1.261623
2442	2461	1.323201
2443	2442	0.323944
2443	2444	0.294872
2443	2459	1.072379
2443	2460	0.446825
2444	2443	0.294872
2444	2445	0.209091
2444	2457	1.787298
2444	2459	0.564410
2445	2444	0.209091
2445	2446	0.264368
2445	2456	1.340474
2445	2457	1.531970
2446	2445	0.264368
2446	2447	0.297883
2446	2455	2.144756
2446	2456	0.739572
2447	2446	0.297883
2447	2448	0.217391
2447	2454	2.144756
2447	2455	3.999984
2448	2447	0.217391
2448	2449	0.434782
2448	2453	4.195218
2448	2454	1.649813
2449	2448	0.434782
2449	2450	0.446301
2449	2452	19.999600
2449	2453	1.748012
2450	2449	0.446301
2450	2451	0.676650
2450	2452	0.723316
2451	2450	0.676650
2451	2452	0.277778
2452	2449	19.999600
2452	2450	0.723316
2452	2451	0.277778
2452	2453	0.411297
2453	2448	4.195218
2453	2449	1.748012
2453	2452	0.411297
2453	2454	0.255619
2454	2447	2.144756
2454	2448	1.649813
2454	2453	0.255619
2454	2455	0.249391
2455	2446	2.144756
2455	2447	3.999984
2455	2454	0.249391
2455	2456	0.289855
2456	2445	1.340474
2456	2446	0.739572
2456	2455	0.289855
2456	2457	0.250000
2457	2444	1.787298
2457	2445	1.531970
2457	2456	0.250000
2457	2458	0.806775
2457	2459	1.176469
2458	2457	0.806775
2458	2459	0.776895
2459	2443	1.072379
2459	2444	0.564410
2459	2457	1.176469
2459	2458	0.776895
2459	2460	0.476190
2460	2442	1.261623
2460	2443	0.446825
2460	2459	0.476190
2460	2461	0.252725
2461	2439	10.487978
2461	2440	1.498296
2461	2441	2.199995
2461	2442	1.323201
2461	2460	0.252725
2461	2462	0.687500
2462	2440	2.622015
2462	2441	0.309859
2462	2461	0.687500
2462	2463	0.201835
2463	2439	2.996588
2463	2440	1.498296
2463	2462	0.201835
2463	2464	0.203652
2464	2438	1.531970
2464	2439	6.666622
2464	2463	0.203652
2464	2465	0.317460
2465	2437	1.340474
2465	2438	0.630812
2465	2464	0.317460
2465	2466	0.327869
2466	2436	1.191533
2466	2437	0.739572
2466	2465	0.327869
2466	2467	0.312500
2467	2435	1.233891
2467	2436	0.824907
2467	2466	0.312500
2467	2468	0.302079
2468	2434	1.787298
2468	2435	0.441067
2468	2467	0.302079
2468	2469	0.261556
2469	2428	19.999600
2469	2433	1.613549
2469	2434	2.499994
2469	2468	0.261556
2469	2470	0.425532
2470	2428	1.666664
2470	2432	1.429839
2470	2433	0.616946
2470	2469	0.425532
2470	2471	0.446301
2471	2427	11.247095
2471	2428	1.748012
2471	2430	20.975737
2471	2431	1.498296
2471	2432	0.478605
2471	2470	0.446301
2471	2472	0.814814
2471	2473	10.999879
2471	2474	0.313077
2472	2471	0.814814
2472	2473	0.211538
2472	2474	6.992010
2472	3785	0.998865
2472	3786	4.195218
2472	3797	11.247095
2472	3798	1.323201
2473	2471	10.999879
2473	2472	0.211538
2473	2474	0.616946
2473	3784	3.496017
2473	3785	0.998865
2473	3798	1.606743
2473	3799	21.999516
2474	2426	20.975737
2474	2427	1.261623
2474	2428	9.999900
2474	2430	2.222217
2474	2431	1.666664
2474	2471	0.313077
2474	2472	6.992010
2474	2473	0.616946
2474	2475	0.338983
2475	2426	1.498296
2475	2427	0.765986
2475	2429	2.996588
2475	2430	1.666664
2475	2474	0.338983
2475	2476	0.689655
2475	2477	1.249998
2476	2426	10.487978
2476	2427	1.949779
2476	2429	0.381385
2476	2430	9.999900
2476	2475	0.689655
2476	2477	0.322581
2477	2423	19.999600
2477	2425	1.072379
2477	2426	1.906922
2477	2475	1.249998
2477	2476	0.322581
2477	2478	0.243723
2477	4417	1.649813
2478	2422	0.718749
2478	2423	0.857904
2478	2424	2.249439
2478	2425	1.352939
2478	2477	0.243723
2478	2479	0.749814
2478	4417	7.666608
2479	2422	5.623579
2479	2423	1.498296
2479	2424	0.431372
2479	2478	0.749814
2479	2480	0.250000
2479	3789	1.833330
2480	2479	0.250000
2480	2481	0.299926
2480	3789	1.047618
2481	2421	1.429839
2481	2480	0.299926
2481	2482	0.214953
2481	3789	0.368761
2481	3790	4.498869
2482	2420	1.261623
2482	2421	1.429839
2482	2481	0.214953
2482	2483	0.250000
2482	3790	4.498869
2483	2418	3.833319
2483	2419	1.261623
2483	2420	0.932504
2483	2482	0.250000
2483	2484	0.238307
2483	3790	0.702951
2484	2418	1.429839
2484	2483	0.238307
2484	2485	0.344827
2485	2416	21.447151
2485	2417	1.072379
2485	2418	0.974890
2485	2484	0.344827
2485	2486	0.317460
2486	2416	1.261623
2486	2417	1.021314
2486	2485	0.317460
2486	2487	0.273973
2487	2415	1.021314
2487	2416	0.714920
2487	2486	0.273973
2487	2488	0.322710
2488	2414	1.398410
2488	2415	0.432585
2488	2487	0.322710
2488	2489	0.362813
2489	2412	22.493938
2489	2413	1.072379
2489	2414	0.824907
2489	2488	0.362813
2489	2490	0.252747
2490	2409	2.383062
2490	2410	2.680944
2490	2411	1.045453
2490	2412	1.874533
2490	2413	21.447151
2490	2489	0.252747
2490	2491	0.932504
2491	2409	0.454545
2491	2411	10.723690
2491	2490	0.932504
2491	2492	0.285968
2492	2409	1.261623
2492	2411	1.095237
2492	2491	0.285968
2492	2493	1.045453
2492	2494	0.255619
2493	2379	3.574589
2493	2380	0.595767
2493	2381	11.499868
2493	2402	3.574589
2493	2403	1.949779
2493	2492	1.045453
2493	2494	0.803372
2494	2409	1.906922
2494	2410	2.622015
2494	2411	0.562361
2494	2492	0.255619
2494	2493	0.803372
2494	2495	0.236784
2495	2407	1.340474
2495	2410	1.261623
2495	2411	1.149999
2495	2494	0.236784
2495	2496	0.258405
2496	2406	1.261623
2496	2407	1.538459
2496	2495	0.258405
2496	2497	0.377358
2497	2404	20.975737
2497	2405	1.340474
2497	2406	0.739572
2497	2496	0.377358
2497	2498	0.289855
2498	2404	1.311009
2498	2405	1.021314
2498	2497	0.289855
2498	2499	0.302079
2499	2155	10.723690
2499	2402	21.447151
2499	2403	1.261623
2499	2404	0.489009
2499	2498	0.302079
2499	2500	0.389830
2500	2155	1.787298
2500	2225	4.599979
2500	2402	1.649813
2500	2403	0.579665
2500	2499	0.389830
2500	2501	0.244681
2500	2751	5.749967
2500	2752	22.999471
2501	2225	5.749967
2501	2226	1.531970
2501	2401	1.072379
2501	2402	0.649927
2501	2500	0.244681
2501	2502	0.330801
2501	2750	22.999471
2501	2751	1.352939
2501	2752	11.499868
2502	2226	1.906922
2502	2227	10.487978
2502	2400	2.622015
2502	2401	0.456004
2502	2501	0.330801
2502	2503	0.187454
2502	2749	10.999879
2502	2750	1.499627
2502	2751	4.498869
2503	2382	1.874533
2503	2383	7.498092
2503	2399	3.833319
2503	2400	1.261623
2503	2502	0.187454
2503	2504	0.235688
2503	2749	1.183917
2503	2750	2.874992
2504	2382	2.330681
2504	2383	0.912007
2504	2384	10.487978
2504	2385	19.999600
2504	2399	1.649813
2504	2503	0.235688
2504	2505	0.397178
2504	2749	6.992010
2505	2383	22.493938
2505	2384	2.811798
2505	2385	3.063935
2505	2394	4.599979
2505	2395	2.555549
2505	2396	21.447151
2505	2397	21.447151
2505	2398	11.247095
2505	2504	0.397178
2505	2506	0.899777
2505	2507	22.999471
2506	2128	1.498296
2506	2129	1.498296
2506	2384	2.444438
2506	2505	0.899777
2506	2507	0.535582
2506	3969	0.314286
2507	2129	1.021314
2507	2384	0.288390
2507	2385	2.144756
2507	2505	22.999471
2507	2506	0.535582
2507	2508	0.252747
2507	2532	1.261623
2507	2533	1.352939
2507	2545	22.493938
2508	2129	1.261623
2508	2507	0.252747
2508	2509	0.267442
2508	2530	21.447151
2508	2531	1.340474
2508	2532	0.714920
2508	2545	7.498092
2508	2546	1.183917
2509	2508	0.267442
2509	2510	0.228166
2509	2522	21.447151
2509	2523	4.599979
2509	2524	7.149152
2509	2529	22.999471
2509	2530	1.261623
2509	2531	1.021314
2509	2546	0.749814
2509	2547	3.574589
2510	2509	0.228166
2510	2511	0.446825
2510	2529	1.261623
2510	2530	3.999984
2510	2547	4.999975
2511	2510	0.446825
2511	2512	0.212353
2511	2527	7.666608
2511	2528	1.261623
2511	2529	0.377049
2512	2511	0.212353
2512	2513	0.397178
2512	2527	1.340474
2512	2528	2.857135
2513	2512	0.397178
2513	2514	0.321349
2513	2526	1.191533
2513	2527	0.383333
2513	3788	1.874533
2514	2513	0.321349
2514	2515	0.284740
2514	2525	1.613549
2514	2526	0.806775
2514	3786	10.487978
2514	3787	2.199995
2514	3794	7.333280
2515	2514	0.284740
2515	2516	0.230619
2515	2523	22.999471
2515	2524	1.649813
2515	2525	0.595767
2515	3786	5.361874
2515	3794	4.498869
2515	3795	1.249690
2515	3797	4.599979
2516	2515	0.230619
2516	2517	0.310835
2516	2523	1.261623
2516	2524	1.818179
2516	3771	21.447151
2516	3795	10.487978
2516	3797	7.149152
2517	2516	0.310835
2517	2518	0.607958
2517	2519	4.289504
2517	2520	1.022474
2517	2521	2.249439
2517	2523	1.533331
2518	2517	0.607958
2518	2519	0.839046
2518	2520	0.293333
2518	3978	20.975737
2518	3979	3.749060
2518	3980	0.785714
2518	4015	11.247095
2519	2517	4.289504
2519	2518	0.839046
2519	2520	1.048808
2519	4416	1.906922
2520	2517	1.022474
2520	2518	0.293333
2520	2519	1.048808
2520	2521	0.271605
2520	3978	1.165342
2520	3979	7.498092
2520	4015	7.498092
2520	4016	2.249439
2521	2517	2.249439
2521	2520	0.271605
2521	2522	0.723316
2521	2523	0.416564
2521	3977	2.622015
2521	3978	1.233891
2521	4016	1.499627
2521	4017	2.996588
2522	2509	21.447151
2522	2521	0.723316
2522	2523	0.857904
2522	3562	0.338325
2522	3976	7.149152
2522	3977	3.333322
2523	2509	4.599979
2523	2515	22.999471
2523	2516	1.261623
2523	2517	1.533331
2523	2521	0.416564
2523	2522	0.857904
2523	2524	0.196767
2523	3771	3.833319
2523	4017	1.949779
2523	4018	7.498092
2524	2509	7.149152
2524	2515	1.649813
2524	2516	1.818179
2524	2523	0.196767
2524	2525	0.312500
2524	3771	1.531970
2524	4018	6.992010
2525	2514	1.613549
2525	2515	0.595767
2525	2524	0.312500
2525	2526	0.338983
2525	3794	0.953462
2525	3795	4.195218
2526	2513	1.191533
2526	2514	0.806775
2526	2525	0.338983
2526	2527	0.369786
2526	3793	2.499994
2526	3794	0.599319
2527	2511	7.666608
2527	2512	1.340474
2527	2513	0.383333
2527	2526	0.369786
2527	2528	0.264785
2527	3788	1.183917
2527	3792	3.285703
2527	3793	2.144756
2528	2511	1.261623
2528	2512	2.857135
2528	2527	0.264785
2528	2529	0.297883
2528	3792	7.149152
2529	2509	22.999471
2529	2510	1.261623
2529	2511	0.377049
2529	2528	0.297883
2529	2530	0.221109
2530	2508	21.447151
2530	2509	1.261623
2530	2510	3.999984
2530	2529	0.221109
2530	2531	0.303030
2531	2508	1.340474
2531	2509	1.021314
2531	2530	0.303030
2531	2532	0.408163
2531	2546	1.398410
2531	2551	7.149152
2532	2507	1.261623
2532	2508	0.714920
2532	2531	0.408163
2532	2533	0.246524
2532	2534	20.975737
2532	2535	1.261623
2532	2536	19.999600
2532	2545	0.998865
2532	2546	1.906922
2532	2551	1.949779
2533	2129	21.447151
2533	2130	2.874992
2533	2383	5.623579
2533	2384	1.249690
2533	2507	1.352939
2533	2532	0.246524
2533	2534	0.236784
2533	2535	1.437498
2533	2536	7.149152
2533	2746	22.999471
2534	2128	5.244017
2534	2130	11.247095
2534	2382	1.571426
2534	2383	2.199995
2534	2532	20.975737
2534	2533	0.236784
2534	2535	0.978018
2534	2746	3.749060
2534	2747	2.499376
2534	2748	0.313077
2535	2532	1.261623
2535	2533	1.437498
2535	2534	0.978018
2535	2536	0.974890
2535	2537	1.210525
2535	2551	0.273809
2535	2552	1.405901
2535	2746	0.247312
2535	2747	2.874992
2536	2130	21.447151
2536	2131	4.195218
2536	2132	6.992010
2536	2532	19.999600
2536	2533	7.149152
2536	2535	0.974890
2536	2537	0.670237
2536	2544	19.999600
2536	2545	1.311009
2537	2535	1.210525
2537	2536	0.670237
2537	2538	0.268095
2537	2550	5.623579
2537	2551	3.833319
2537	2552	0.312423
2537	2717	1.022474
2538	2537	0.268095
2538	2539	0.446825
2538	2549	1.261623
2538	2550	2.996588
2538	2716	2.097613
2538	2717	0.499433
2539	2538	0.446825
2539	2540	0.302631
2539	2548	1.649813
2539	2549	0.348485
2539	2562	1.874533
2539	2563	1.249690
2539	2715	22.999471
2539	2716	1.730339
2540	2539	0.302631
2540	2541	0.219048
2540	2547	1.072379
2540	2548	0.549938
2540	2563	2.499376
2540	2564	2.090905
2541	2540	0.219048
2541	2542	0.978018
2541	2543	1.022474
2541	2544	0.549938
2541	2546	22.493938
2541	2547	1.949779
2541	2564	22.999471
2542	2541	0.978018
2542	2543	0.265060
2542	2697	0.449889
2542	3558	5.623579
2542	3568	1.022474
2542	3569	3.749060
2543	2541	1.022474
2543	2542	0.265060
2543	2544	0.446301
2543	3558	1.124721
2543	3559	1.498296
2543	3567	2.622015
2543	3568	0.803372
2544	2122	9.999900
2544	2536	19.999600
2544	2541	0.549938
2544	2543	0.446301
2544	2545	0.953462
2544	3559	19.999600
2544	3560	3.063935
2544	3567	19.999600
2545	2129	1.906922
2545	2130	1.071163
2545	2507	22.493938
2545	2508	7.498092
2545	2532	0.998865
2545	2536	1.311009
2545	2544	0.953462
2545	2546	0.236559
2545	3561	21.999516
2546	2508	1.183917
2546	2509	0.749814
2546	2531	1.398410
2546	2532	1.906922
2546	2541	22.493938
2546	2545	0.236559
2546	2547	0.676650
2547	2509	3.574589
2547	2510	4.999975
2547	2540	1.072379
2547	2541	1.949779
2547	2546	0.676650
2547	2548	0.370370
2548	2539	1.649813
2548	2540	0.549938
2548	2547	0.370370
2548	2549	0.420541
2548	2563	1.906922
2549	2538	1.261623
2549	2539	0.348485
2549	2548	0.420541
2549	2550	0.216293
2549	2562	0.937268
2549	2563	1.606743
2549	2716	2.811798
2550	2537	5.623579
2550	2538	2.996588
2550	2549	0.216293
2550	2551	0.661601
2550	2562	10.999879
2550	2716	1.833330
2550	2718	1.323201
2551	2531	7.149152
2551	2532	1.949779
2551	2535	0.273809
2551	2537	3.833319
2551	2550	0.661601
2551	2552	1.124721
2551	2718	1.533331
2552	2535	1.405901
2552	2537	0.312423
2552	2551	1.124721
2552	2553	0.616946
2552	2554	2.330681
2552	2717	1.571426
2552	2718	3.213482
2552	2719	10.487978
2552	2746	0.803372
2553	2552	0.616946
2553	2554	0.370370
2553	2724	1.261623
2553	2725	0.579665
2553	2745	0.555555
2553	2746	3.063935
2554	2552	2.330681
2554	2553	0.370370
2554	2555	0.437706
2554	2723	1.191533
2554	2724	0.714920
2555	2554	0.437706
2555	2556	0.289832
2555	2721	22.999471
2555	2722	1.261623
2555	2723	0.383333
2556	2555	0.289832
2556	2557	0.625000
2556	2558	1.165342
2556	2721	1.261623
2556	2722	2.857135
2557	2098	10.487978
2557	2099	3.999984
2557	2556	0.625000
2557	2558	1.048808
2558	2556	1.165342
2558	2557	1.048808
2558	2559	0.351476
2558	2720	1.498296
2558	2721	0.374907
2559	2558	0.351476
2559	2560	0.289832
2559	2718	22.999471
2559	2719	1.261623
2559	2720	0.649927
2560	2559	0.289832
2560	2561	0.303030
2560	2718	1.261623
2560	2719	1.538459
2561	2560	0.303030
2561	2562	0.511614
2561	2713	19.999600
2561	2714	19.999600
2561	2715	0.670237
2561	2716	1.498296
2561	2718	0.932504
2562	2539	1.874533
2562	2549	0.937268
2562	2550	10.999879
2562	2561	0.511614
2562	2563	0.236559
2562	2714	20.975737
2562	2715	1.022474
2562	2716	0.278481
2563	2539	1.249690
2563	2540	2.499376
2563	2548	1.906922
2563	2549	1.606743
2563	2562	0.236559
2563	2564	0.312423
2563	2715	1.405901
2564	2540	2.090905
2564	2541	22.999471
2564	2563	0.312423
2564	2565	0.237113
2564	2571	11.247095
2564	2572	22.493938
2564	2714	1.261623
2564	2715	1.210525
2565	2564	0.237113
2565	2566	0.258405
2565	2571	7.498092
2565	2572	1.249690
2565	2712	5.749967
2565	2713	1.261623
2565	2714	0.670237
2566	2565	0.258405
2566	2567	0.999999
2566	2568	19.999600
2566	2572	0.511614
2566	2573	0.794355
2566	2712	1.261623
2566	2713	2.222217
2567	2566	0.999999
2567	2568	0.312500
2567	2573	4.289504
2567	2574	0.555555
2567	2699	1.261623
2567	2704	0.276002
2568	2566	19.999600
2568	2567	0.312500
2568	2569	0.312500
2568	2698	1.261623
2568	2699	0.765986
2569	2568	0.312500
2569	2570	0.273973
2569	2571	3.496017
2569	2697	1.340474
2569	2698	0.630812
2570	2119	21.447151
2570	2569	0.273973
2570	2571	0.635641
2570	2572	20.975737
2570	2697	2.144756
2571	2564	11.247095
2571	2565	7.498092
2571	2569	3.496017
2571	2570	0.635641
2571	2572	0.236559
2571	2714	0.912007
2571	2715	2.811798
2572	2564	22.493938
2572	2565	1.249690
2572	2566	0.511614
2572	2570	20.975737
2572	2571	0.236559
2572	2573	1.071163
2572	2712	22.493938
2572	2713	1.613549
2572	2714	0.655505
2573	2566	0.794355
2573	2567	4.289504
2573	2572	1.071163
2573	2574	0.893650
2573	2575	0.278540
2573	2711	1.429839
2573	2712	0.338235
2574	2567	0.555555
2574	2573	0.893650
2574	2575	0.833333
2574	2704	0.998865
2575	2573	0.278540
2575	2574	0.833333
2575	2576	0.270270
2575	2710	1.261623
2575	2711	6.666622
2576	2575	0.270270
2576	2577	0.351600
2576	2709	1.233891
2576	2710	0.974890
2577	2576	0.351600
2577	2578	0.261364
2577	2708	1.021314
2577	2709	0.441067
2578	2577	0.261364
2578	2579	0.250000
2578	2707	1.340474
2578	2708	0.649927
2579	2578	0.250000
2579	2580	0.249391
2579	2706	1.340474
2579	2707	0.630812
2580	2579	0.249391
2580	2581	0.317460
2580	2598	3.574589
2580	2682	2.680944
2580	2683	6.666622
2580	2705	1.340474
2580	2706	2.222217
2581	1643	1.498296
2581	2580	0.317460
2581	2582	0.403388
2581	2583	1.398410
2581	2585	9.999900
2581	2596	5.361874
2581	2597	1.666664
2581	2598	3.063935
2581	2682	5.361874
2581	2683	1.052630
2581	2684	3.063935
2581	2703	19.999600
2581	2705	0.794355
2582	1643	2.749992
2582	2581	0.403388
2582	2583	0.318840
2582	2596	4.498869
2582	2684	11.247095
2582	2702	0.599319
2582	2703	3.496017
2583	1643	7.333280
2583	2581	1.398410
2583	2582	0.318840
2583	2584	0.642698
2583	2585	0.299660
2583	2684	2.811798
2583	2685	2.097613
2583	2702	1.498296
2584	1643	5.623579
2584	2583	0.642698
2584	2585	0.595767
2584	2586	0.741935
2584	2587	7.666608
2584	2701	0.412454
2584	2702	0.437706
2585	1643	5.244017
2585	2581	9.999900
2585	2583	0.299660
2585	2584	0.595767
2585	2586	0.282205
2585	2587	4.289504
2585	2588	19.999600
2585	2684	1.261623
2585	2685	1.818179
2585	2702	19.999600
2585	2705	21.447151
2586	1643	11.247095
2586	2584	0.741935
2586	2585	0.282205
2586	2587	0.242105
2586	2588	3.063935
2586	2701	1.261623
2586	2704	22.493938
2586	2705	1.210525
2586	2706	10.723690
2587	2584	7.666608
2587	2585	4.289504
2587	2586	0.242105
2587	2588	0.714920
2587	2696	0.420541
2587	2700	1.533331
2587	2701	1.649813
2588	2585	19.999600
2588	2586	3.063935
2588	2587	0.714920
2588	2589	0.953462
2589	2588	0.953462
2589	2590	0.564102
2589	2688	0.282051
2589	4008	4.498869
2589	4009	2.444438
2590	2589	0.564102
2590	2591	0.297297
2590	2687	0.803372
2590	2688	1.157893
2590	4007	0.978018
2590	4008	0.749814
2591	2590	0.297297
2591	2592	0.277709
2591	2687	1.124721
2591	3986	2.330681
2591	3987	2.622015
2591	4006	7.498092
2591	4007	1.071163
2592	2591	0.277709
2592	2593	0.280488
2592	2686	1.191533
2592	2687	0.958332
2592	3987	1.531970
2592	3988	21.447151
2593	2592	0.280488
2593	2594	0.261563
2593	2685	1.072379
2593	2686	0.612788
2594	2593	0.261563
2594	2595	0.998865
2594	2596	7.498092
2594	2684	2.811798
2594	2685	2.330681
2595	2594	0.998865
2595	2596	0.893650
2595	2597	19.999600
2595	4271	0.676650
2596	2581	5.361874
2596	2582	4.498869
2596	2594	7.498092
2596	2595	0.893650
2596	2597	0.228166
2596	2682	7.666608
2596	2683	1.261623
2596	2684	0.359375
2597	2581	1.666664
2597	2595	19.999600
2597	2596	0.228166
2597	2598	0.345929
2597	2682	1.128820
2597	2683	6.666622
2598	2580	3.574589
2598	2581	3.063935
2598	2597	0.345929
2598	2599	0.277108
2598	2681	1.261623
2598	2682	0.353846
2599	2598	0.277108
2599	2600	0.271489
2599	2680	1.429839
2599	2681	0.857904
2600	2599	0.271489
2600	2601	0.369786
2600	2679	1.340474
2600	2680	1.428569
2601	2600	0.369786
2601	2602	0.249391
2601	2677	2.874992
2601	2678	1.021314
2601	2679	0.410714
2602	2601	0.249391
2602	2603	0.256410
2602	2677	1.191533
2602	2678	2.857135
2603	2602	0.256410
2603	2604	0.363519
2603	2676	1.429839
2603	2677	0.857904
2604	2603	0.363519
2604	2605	0.261556
2604	2675	1.787298
2604	2676	0.433962
2605	2604	0.261556
2605	2606	0.357460
2605	2610	1.906922
2605	2674	1.261623
2605	2675	1.666664
2606	2605	0.357460
2606	2607	0.803372
2606	2609	3.833319
2606	2610	1.323201
2606	2673	2.499376
2606	2674	0.621621
2607	2606	0.803372
2607	2608	0.611111
2607	2609	0.330801
2607	2673	0.400000
2608	2607	0.611111
2608	2609	0.749814
2609	2606	3.833319
2609	2607	0.330801
2609	2608	0.749814
2609	2610	0.899777
2609	2671	3.574589
2609	2672	0.425926
2609	2673	1.499627
2610	2605	1.906922
2610	2606	1.323201
2610	2609	0.899777
2610	2611	0.313077
2610	2671	3.496017
2610	2672	3.213482
2610	2673	0.354839
2610	2674	1.124721
2610	2675	20.975737
2610	4272	22.493938
2611	2610	0.313077
2611	2612	0.317821
2611	2675	1.333332
2611	2676	10.723690
2611	4272	1.429839
2612	2611	0.317821
2612	2613	0.288390
2612	2671	6.992010
2612	4272	0.387835
2612	4273	4.195218
2613	2612	0.288390
2613	2614	0.210271
2613	2669	22.999471
2613	2670	2.144756
2613	2671	21.447151
2613	4272	11.499868
2613	4273	2.383062
2614	2613	0.210271
2614	2615	0.408163
2614	2669	1.429839
2614	2670	6.666622
2615	2614	0.408163
2615	2616	0.313077
2615	2668	1.261623
2615	2669	0.739572
2616	2615	0.313077
2616	2617	0.281180
2616	2667	1.311009
2616	2668	0.591959
2617	2616	0.281180
2617	2618	0.211009
2617	2647	1.499627
2617	2648	2.811798
2617	2666	1.531970
2617	2667	0.932504
2618	2617	0.211009
2618	2619	0.478605
2618	2648	0.833127
2618	2663	7.149152
2618	2664	1.429839
2618	2665	0.937268
2618	2666	1.340474
2619	2618	0.478605
2619	2620	0.292136
2619	2643	2.330681
2619	2644	1.311009
2619	2648	0.488889
2619	2649	4.498869
2619	2651	7.498092
2620	2619	0.292136
2620	2621	0.323944
2620	2623	7.149152
2620	2642	1.340474
2620	2643	0.932504
2621	2620	0.323944
2621	2622	0.369786
2621	2623	7.149152
2621	2641	1.261623
2621	2642	2.144756
2622	2621	0.369786
2622	2623	0.425532
2622	2624	0.691858
2622	2641	2.857135
2622	2650	2.097613
2623	2620	7.149152
2623	2621	7.149152
2623	2622	0.425532
2623	2624	0.857904
2623	2625	5.361874
2623	2632	1.613549
2623	2633	10.723690
2624	2622	0.691858
2624	2623	0.857904
2624	2625	0.287500
2624	2632	1.499627
2624	2633	3.833319
2624	2634	3.574589
2624	2638	1.261623
2624	2639	1.124721
2624	2650	0.548645
2624	2651	2.555549
2625	2623	5.361874
2625	2624	0.287500
2625	2626	0.258405
2625	2637	1.649813
2625	2638	0.893650
2626	2625	0.258405
2626	2627	0.350877
2626	2631	20.975737
2626	2632	6.992010
2626	2636	1.261623
2626	2637	4.999975
2627	2626	0.350877
2627	2628	0.273973
2627	2631	2.996588
2627	2632	20.975737
2627	2635	4.195218
2627	2636	2.383062
2628	2627	0.273973
2628	2629	0.806775
2628	2630	0.579665
2628	2631	0.912007
2629	2628	0.806775
2629	2630	0.277709
2630	2628	0.579665
2630	2629	0.277709
2630	2631	0.321349
2630	2657	7.498092
2630	2658	3.749060
2631	2626	20.975737
2631	2627	2.996588
2631	2628	0.912007
2631	2630	0.321349
2631	2632	1.047618
2631	2635	0.282051
2631	2636	11.247095
2632	2623	1.613549
2632	2624	1.499627
2632	2626	6.992010
2632	2627	20.975737
2632	2631	1.047618
2632	2633	1.124721
2632	2634	2.330681
2632	2658	1.374998
2632	2659	0.313077
2632	2660	3.666653
2633	2623	10.723690
2633	2624	3.833319
2633	2632	1.124721
2633	2634	0.335119
2633	2650	22.493938
2633	2651	0.306667
2633	2652	1.261623
2633	2653	1.642854
2633	2654	7.149152
2633	2660	4.498869
2633	2661	11.499868
2633	2662	21.447151
2633	2663	5.361874
2634	2624	3.574589
2634	2632	2.330681
2634	2633	0.335119
2634	2635	1.104008
2634	2651	10.723690
2634	2653	10.723690
2634	2654	2.499994
2634	2655	0.824907
2634	2659	3.999984
2634	2660	6.992010
2634	2661	7.149152
2635	2627	4.195218
2635	2631	0.282051
2635	2634	1.104008
2635	2636	0.239303
2635	3995	20.975737
2635	3996	10.487978
2636	2626	1.261623
2636	2627	2.383062
2636	2631	11.247095
2636	2635	0.239303
2636	2637	0.252325
2636	3996	10.723690
2637	2625	1.649813
2637	2626	4.999975
2637	2636	0.252325
2637	2638	0.454545
2638	2624	1.261623
2638	2625	0.893650
2638	2637	0.454545
2638	2639	0.343872
2639	2624	1.124721
2639	2638	0.343872
2639	2640	0.749149
2639	2650	0.687500
2639	2651	5.623579
2640	2639	0.749149
2640	2641	1.052630
2640	2650	1.613549
2641	2621	1.261623
2641	2622	2.857135
2641	2640	1.052630
2641	2642	0.363636
2641	2650	1.748012
2642	2620	1.340474
2642	2621	2.144756
2642	2641	0.363636
2642	2643	0.338983
2643	2619	2.330681
2643	2620	0.932504
2643	2642	0.338983
2643	2644	0.392157
2643	2645	6.666622
2644	2619	1.311009
2644	2643	0.392157
2644	2645	0.357143
2644	2648	1.613549
2645	2643	6.666622
2645	2644	0.357143
2645	2646	0.635641
2645	2647	0.487818
2645	2648	1.311009
2646	2645	0.635641
2646	2647	0.282051
2646	2667	1.233891
2646	2668	22.493938
2647	2617	1.499627
2647	2645	0.487818
2647	2646	0.282051
2647	2648	0.252873
2647	2666	1.906922
2647	2667	1.048808
2648	2617	2.811798
2648	2618	0.833127
2648	2619	0.488889
2648	2644	1.613549
2648	2645	1.311009
2648	2647	0.252873
2648	2649	0.833127
2648	2665	1.571426
2648	2666	1.165342
2649	2619	4.498869
2649	2648	0.833127
2649	2650	1.183917
2649	2651	0.353846
2649	2652	2.383062
2649	2664	1.340474
2649	2665	0.478605
2650	2622	2.097613
2650	2624	0.548645
2650	2633	22.493938
2650	2639	0.687500
2650	2640	1.613549
2650	2641	1.748012
2650	2649	1.183917
2650	2651	0.702951
2651	2619	7.498092
2651	2624	2.555549
2651	2633	0.306667
2651	2634	10.723690
2651	2639	5.623579
2651	2649	0.353846
2651	2650	0.702951
2651	2652	0.765986
2651	2663	21.447151
2651	2664	21.447151
2652	2633	1.261623
2652	2649	2.383062
2652	2651	0.765986
2652	2653	0.282205
2652	2663	1.052630
2652	2664	0.645161
2653	2633	1.642854
2653	2634	10.723690
2653	2652	0.282205
2653	2654	0.223413
2653	2661	11.499868
2653	2662	1.128820
2653	2663	0.765986
2654	2633	7.149152
2654	2634	2.499994
2654	2653	0.223413
2654	2655	0.282205
2654	2661	1.261623
2654	2662	2.222217
2655	2634	0.824907
2655	2654	0.282205
2655	2656	0.357460
2655	2659	5.361874
2655	2660	2.044945
2655	2661	1.437498
2656	2655	0.357460
2656	2657	0.806775
2656	2658	0.446301
2656	2659	0.799999
2656	2660	20.975737
2657	2630	7.498092
2657	2656	0.806775
2657	2658	0.194690
2658	2630	3.749060
2658	2632	1.374998
2658	2656	0.446301
2658	2657	0.194690
2658	2659	0.355528
2659	2632	0.313077
2659	2634	3.999984
2659	2655	5.361874
2659	2656	0.799999
2659	2658	0.355528
2659	2660	0.214043
2660	2632	3.666653
2660	2633	4.498869
2660	2634	6.992010
2660	2655	2.044945
2660	2656	20.975737
2660	2659	0.214043
2660	2661	0.229535
2661	2633	11.499868
2661	2634	7.149152
2661	2653	11.499868
2661	2654	1.261623
2661	2655	1.437498
2661	2660	0.229535
2661	2662	0.238307
2662	2633	21.447151
2662	2653	1.128820
2662	2654	2.222217
2662	2661	0.238307
2662	2663	0.273973
2663	2618	7.149152
2663	2633	5.361874
2663	2651	21.447151
2663	2652	1.052630
2663	2653	0.765986
2663	2662	0.273973
2663	2664	0.307692
2664	2618	1.429839
2664	2649	1.340474
2664	2651	21.447151
2664	2652	0.645161
2664	2663	0.307692
2664	2665	0.255807
2664	2666	3.999984
2665	2618	0.937268
2665	2648	1.571426
2665	2649	0.478605
2665	2664	0.255807
2665	2666	0.230507
2666	2617	1.531970
2666	2618	1.340474
2666	2647	1.906922
2666	2648	1.165342
2666	2664	3.999984
2666	2665	0.230507
2666	2667	0.338983
2667	2616	1.311009
2667	2617	0.932504
2667	2646	1.233891
2667	2647	1.048808
2667	2666	0.338983
2667	2668	0.310835
2668	2615	1.261623
2668	2616	0.591959
2668	2646	22.493938
2668	2667	0.310835
2668	2669	0.291139
2669	2613	22.999471
2669	2614	1.429839
2669	2615	0.739572
2669	2668	0.291139
2669	2670	0.230619
2670	2613	2.144756
2670	2614	6.666622
2670	2669	0.230619
2670	2671	0.277778
2671	2609	3.574589
2671	2610	3.496017
2671	2612	6.992010
2671	2613	21.447151
2671	2670	0.277778
2671	2672	0.258405
2672	2609	0.425926
2672	2610	3.213482
2672	2671	0.258405
2672	2673	0.511237
2673	2606	2.499376
2673	2607	0.400000
2673	2609	1.499627
2673	2610	0.354839
2673	2672	0.511237
2673	2674	0.478605
2674	2605	1.261623
2674	2606	0.621621
2674	2610	1.124721
2674	2673	0.478605
2674	2675	0.228166
2675	2604	1.787298
2675	2605	1.666664
2675	2610	20.975737
2675	2611	1.333332
2675	2674	0.228166
2675	2676	0.363519
2675	4271	20.975737
2675	4272	21.447151
2676	2603	1.429839
2676	2604	0.433962
2676	2611	10.723690
2676	2675	0.363519
2676	2677	0.267442
2677	2601	2.874992
2677	2602	1.191533
2677	2603	0.857904
2677	2676	0.267442
2677	2678	0.216642
2678	2601	1.021314
2678	2602	2.857135
2678	2677	0.216642
2678	2679	0.282205
2679	2600	1.340474
2679	2601	0.410714
2679	2678	0.282205
2679	2680	0.335119
2680	2599	1.429839
2680	2600	1.428569
2680	2679	0.335119
2680	2681	0.357143
2681	2598	1.261623
2681	2599	0.857904
2681	2680	0.357143
2681	2682	0.523112
2682	2580	2.680944
2682	2581	5.361874
2682	2596	7.666608
2682	2597	1.128820
2682	2598	0.353846
2682	2681	0.523112
2682	2683	0.230619
2683	2580	6.666622
2683	2581	1.052630
2683	2596	1.261623
2683	2597	6.666622
2683	2682	0.230619
2683	2684	0.329963
2684	2581	3.063935
2684	2582	11.247095
2684	2583	2.811798
2684	2585	1.261623
2684	2594	2.811798
2684	2596	0.359375
2684	2683	0.329963
2684	2685	0.310835
2685	2583	2.097613
2685	2585	1.818179
2685	2593	1.072379
2685	2594	2.330681
2685	2684	0.310835
2685	2686	0.333333
2686	2592	1.191533
2686	2593	0.612788
2686	2685	0.333333
2686	2687	0.235688
2687	2590	0.803372
2687	2591	1.124721
2687	2592	0.958332
2687	2686	0.235688
2687	2688	0.351476
2687	3986	21.447151
2688	2589	0.282051
2688	2590	1.157893
2688	2687	0.351476
2688	2689	0.879999
2688	3985	10.487978
2689	2688	0.879999
2689	2690	0.846153
2689	3984	1.613549
2689	3985	20.975737
2689	4008	22.493938
2689	4009	1.571426
2689	4010	7.498092
2689	4038	10.487978
2689	4039	0.261905
2690	2689	0.846153
2690	2691	0.282051
2690	4010	2.249439
2690	4011	2.811798
2690	4037	0.978018
2690	4038	5.244017
2690	4039	0.550000
2691	2690	0.282051
2691	2692	0.998865
2691	2694	21.999516
2691	4011	11.247095
2691	4012	3.496017
2691	4036	1.498296
2691	4037	0.865170
2691	4090	1.249690
2691	4091	0.499876
2692	2691	0.998865
2692	2693	0.670237
2692	3555	21.447151
2692	3556	0.952380
2692	3557	1.249998
2692	4036	1.666664
2692	4091	7.149152
2693	2692	0.670237
2693	2694	0.227217
2693	3555	4.599979
2693	3556	1.021314
2693	3557	21.447151
2693	3571	1.787298
2693	4036	2.383062
2694	2691	21.999516
2694	2693	0.227217
2694	2695	0.295439
2694	3555	22.493938
2694	3556	3.496017
2694	3557	20.975737
2694	3569	7.498092
2694	3570	2.097613
2695	2694	0.295439
2695	2696	0.625000
2695	2698	1.649813
2695	2699	21.447151
2695	3557	1.818179
2695	3569	4.289504
2696	2587	0.420541
2696	2695	0.625000
2696	2697	0.893650
2696	2698	0.595767
2696	2699	3.063935
2696	2700	1.261623
2697	2542	0.449889
2697	2569	1.340474
2697	2570	2.144756
2697	2696	0.893650
2697	2698	0.270588
2697	3569	1.437498
2697	3570	10.723690
2698	2568	1.261623
2698	2569	0.630812
2698	2695	1.649813
2698	2696	0.595767
2698	2697	0.270588
2698	2699	0.237113
2698	3569	4.599979
2698	3570	1.429839
2699	2567	1.261623
2699	2568	0.765986
2699	2695	21.447151
2699	2696	3.063935
2699	2698	0.237113
2699	2700	0.267442
2699	2704	3.213482
2700	2587	1.533331
2700	2696	1.261623
2700	2699	0.267442
2700	2701	0.268095
2700	2704	1.730339
2701	2584	0.412454
2701	2586	1.261623
2701	2587	1.649813
2701	2700	0.268095
2701	2702	0.799999
2701	2704	0.524404
2702	1643	0.487818
2702	2582	0.599319
2702	2583	1.498296
2702	2584	0.437706
2702	2585	19.999600
2702	2701	0.799999
2702	2703	0.999999
2703	1643	0.635641
2703	2581	19.999600
2703	2582	3.496017
2703	2702	0.999999
2704	1643	0.564102
2704	2567	0.276002
2704	2574	0.998865
2704	2586	22.493938
2704	2699	3.213482
2704	2700	1.730339
2704	2701	0.524404
2704	2705	0.865170
2705	1643	0.264640
2705	2580	1.340474
2705	2581	0.794355
2705	2585	21.447151
2705	2586	1.210525
2705	2704	0.865170
2705	2706	0.225764
2706	2579	1.340474
2706	2580	2.222217
2706	2586	10.723690
2706	2705	0.225764
2706	2707	0.344827
2707	2578	1.340474
2707	2579	0.630812
2707	2706	0.344827
2707	2708	0.363636
2708	2577	1.021314
2708	2578	0.649927
2708	2707	0.363636
2708	2709	0.332955
2709	2576	1.233891
2709	2577	0.441067
2709	2708	0.332955
2709	2710	0.244505
2710	2575	1.261623
2710	2576	0.974890
2710	2709	0.244505
2710	2711	0.278540
2711	2573	1.429839
2711	2575	6.666622
2711	2710	0.278540
2711	2712	0.420541
2712	2565	5.749967
2712	2566	1.261623
2712	2572	22.493938
2712	2573	0.338235
2712	2711	0.420541
2712	2713	0.218853
2713	2561	19.999600
2713	2565	1.261623
2713	2566	2.222217
2713	2572	1.613549
2713	2712	0.218853
2713	2714	0.384615
2714	2561	19.999600
2714	2562	20.975737
2714	2564	1.261623
2714	2565	0.670237
2714	2571	0.912007
2714	2572	0.655505
2714	2713	0.384615
2714	2715	0.218853
2715	2539	22.999471
2715	2561	0.670237
2715	2562	1.022474
2715	2563	1.405901
2715	2564	1.210525
2715	2571	2.811798
2715	2714	0.218853
2715	2716	0.865170
2716	2538	2.097613
2716	2539	1.730339
2716	2549	2.811798
2716	2550	1.833330
2716	2561	1.498296
2716	2562	0.278481
2716	2715	0.865170
2716	2717	0.758620
2716	2718	0.330801
2717	2537	1.022474
2717	2538	0.499433
2717	2552	1.571426
2717	2716	0.758620
2717	2718	0.937268
2718	2550	1.323201
2718	2551	1.533331
2718	2552	3.213482
2718	2559	22.999471
2718	2560	1.261623
2718	2561	0.932504
2718	2716	0.330801
2718	2717	0.937268
2718	2719	0.218853
2719	2552	10.487978
2719	2559	1.261623
2719	2560	1.538459
2719	2718	0.218853
2719	2720	0.370370
2720	2558	1.498296
2720	2559	0.649927
2720	2719	0.370370
2720	2721	0.340438
2721	2555	22.999471
2721	2556	1.261623
2721	2558	0.374907
2721	2720	0.340438
2721	2722	0.258405
2722	2555	1.261623
2722	2556	2.857135
2722	2721	0.258405
2722	2723	0.437706
2723	2554	1.191533
2723	2555	0.383333
2723	2722	0.437706
2723	2724	0.280488
2724	2553	1.261623
2724	2554	0.714920
2724	2723	0.280488
2724	2725	0.283951
2725	2553	0.579665
2725	2724	0.283951
2725	2726	0.206227
2725	2744	7.666608
2725	2745	1.072379
2726	2378	19.999600
2726	2725	0.206227
2726	2727	0.270270
2726	2743	7.149152
2726	2744	1.021314
2726	2745	3.333322
2727	2726	0.270270
2727	2728	0.273973
2727	2742	20.975737
2727	2743	1.340474
2727	2744	0.974890
2728	2727	0.273973
2728	2729	0.315406
2728	2742	1.311009
2728	2743	0.932504
2729	2728	0.315406
2729	2730	0.247312
2729	2741	1.261623
2729	2742	0.478605
2730	2729	0.247312
2730	2731	0.232323
2730	2739	21.447151
2730	2740	1.261623
2730	2741	0.739572
2731	2730	0.232323
2731	2732	0.298701
2731	2739	1.261623
2731	2740	0.857904
2732	2731	0.298701
2732	2733	0.207207
2732	2737	22.493938
2732	2738	1.949779
2732	2739	0.498781
2733	2732	0.207207
2733	2734	0.978018
2733	2735	0.974890
2733	2736	0.958332
2733	2737	1.124721
2733	2738	1.261623
2734	2733	0.978018
2734	2735	0.252725
2735	2733	0.974890
2735	2734	0.252725
2735	2736	0.235688
2735	2737	2.622015
2736	2733	0.958332
2736	2735	0.235688
2736	2737	0.255619
2737	2732	22.493938
2737	2733	1.124721
2737	2735	2.622015
2737	2736	0.255619
2737	2738	0.243909
2738	2732	1.949779
2738	2733	1.261623
2738	2737	0.243909
2738	2739	0.370370
2739	2730	21.447151
2739	2731	1.261623
2739	2732	0.498781
2739	2738	0.370370
2739	2740	0.307692
2740	2730	1.261623
2740	2731	0.857904
2740	2739	0.307692
2740	2741	0.273973
2741	2729	1.261623
2741	2730	0.739572
2741	2740	0.273973
2741	2742	0.338325
2742	2727	20.975737
2742	2728	1.311009
2742	2729	0.478605
2742	2741	0.338325
2742	2743	0.271017
2743	2726	7.149152
2743	2727	1.340474
2743	2728	0.932504
2743	2742	0.271017
2743	2744	0.261364
2744	2379	21.447151
2744	2380	21.447151
2744	2725	7.666608
2744	2726	1.021314
2744	2727	0.974890
2744	2743	0.261364
2744	2745	0.240984
2745	2379	3.333322
2745	2380	6.666622
2745	2553	0.555555
2745	2725	1.072379
2745	2726	3.333322
2745	2744	0.240984
2745	2746	0.739572
2746	2533	22.999471
2746	2534	3.749060
2746	2535	0.247312
2746	2552	0.803372
2746	2553	3.063935
2746	2745	0.739572
2746	2747	0.221154
2747	2381	0.348485
2747	2382	3.749060
2747	2534	2.499376
2747	2535	2.874992
2747	2746	0.221154
2747	2748	0.691858
2748	2381	1.787298
2748	2382	1.233891
2748	2534	0.313077
2748	2747	0.691858
2748	2749	0.355528
2748	2750	21.447151
2749	2381	1.405901
2749	2382	0.333333
2749	2401	20.975737
2749	2502	10.999879
2749	2503	1.183917
2749	2504	6.992010
2749	2748	0.355528
2749	2750	0.258557
2750	2380	1.261623
2750	2381	0.793103
2750	2401	21.447151
2750	2402	10.723690
2750	2501	22.999471
2750	2502	1.499627
2750	2503	2.874992
2750	2748	21.447151
2750	2749	0.258557
2750	2751	0.319444
2751	2379	1.261623
2751	2380	0.670237
2751	2402	0.739572
2751	2403	3.574589
2751	2500	5.749967
2751	2501	1.352939
2751	2502	4.498869
2751	2750	0.319444
2751	2752	0.277108
2752	2225	22.999471
2752	2378	1.261623
2752	2379	0.630812
2752	2402	21.447151
2752	2403	1.649813
2752	2500	22.999471
2752	2501	11.499868
2752	2751	0.277108
2752	2753	0.258427
2753	2377	1.261623
2753	2378	0.595767
2753	2752	0.258427
2753	2754	0.236784
2754	2376	1.311009
2754	2377	1.398410
2754	2753	0.236784
2754	2755	0.284740
2754	2785	11.247095
2755	2375	1.128820
2755	2376	0.498781
2755	2754	0.284740
2755	2756	0.268095
2755	2785	3.833319
2755	2786	1.249690
2756	2375	1.333332
2756	2755	0.268095
2756	2757	0.274969
2756	2786	0.582671
2756	2787	1.531970
2756	2810	1.261623
2757	2756	0.274969
2757	2758	0.340438
2757	2787	1.437498
2757	2788	2.555549
2757	2807	22.493938
2757	2809	1.949779
2757	2810	0.547619
2758	2757	0.340438
2758	2759	0.312500
2758	2806	20.975737
2758	2807	1.311009
2758	2809	1.333332
2759	2008	19.999600
2759	2758	0.312500
2759	2760	0.266667
2759	2806	1.498296
2759	2807	1.048808
2760	2006	1.311009
2760	2759	0.266667
2760	2761	0.370370
2760	2805	1.261623
2760	2806	0.953462
2761	2006	0.599319
2761	2760	0.370370
2761	2762	0.408163
2761	2804	1.261623
2761	2805	0.564410
2762	2176	21.447151
2762	2761	0.408163
2762	2763	0.261556
2762	2803	1.261623
2762	2804	0.630812
2763	2762	0.261556
2763	2764	0.271017
2763	2800	21.447151
2763	2801	0.833127
2763	2802	1.405901
2763	2803	1.916663
2764	2763	0.271017
2764	2765	0.912007
2764	2766	0.299926
2764	2800	1.104008
2764	2801	1.692305
2765	1884	1.191533
2765	1885	2.330681
2765	2764	0.912007
2765	2766	0.630812
2766	2764	0.299926
2766	2765	0.630812
2766	2767	0.212353
2766	2799	5.749967
2766	2800	1.531970
2766	2801	11.247095
2767	2766	0.212353
2767	2768	0.344827
2767	2799	1.261623
2767	2800	6.666622
2768	2767	0.344827
2768	2769	0.285968
2768	2798	1.340474
2768	2799	0.649927
2769	1891	22.493938
2769	1892	0.299926
2769	2768	0.285968
2769	2770	0.681649
2769	2772	2.555549
2769	2773	11.247095
2769	2797	1.499627
2769	2798	0.657142
2770	1870	11.247095
2770	1891	0.687500
2770	1892	1.294116
2770	2769	0.681649
2770	2771	0.466137
2770	2772	0.408990
2770	2797	0.407407
2771	1867	9.999900
2771	2770	0.466137
2771	2772	0.893650
2772	2769	2.555549
2772	2770	0.408990
2772	2771	0.893650
2772	2773	1.071163
2772	2795	3.833319
2772	2796	0.315068
2772	2797	1.323201
2773	2769	11.247095
2773	2772	1.071163
2773	2774	0.239130
2773	2795	2.044945
2773	2796	1.405901
2773	2797	0.309859
2773	2798	0.624845
2773	2799	2.811798
2774	2073	20.975737
2774	2773	0.239130
2774	2775	0.241876
2774	2795	1.183917
2774	2798	11.247095
2774	2799	2.811798
2775	2073	3.063935
2775	2074	4.599979
2775	2774	0.241876
2775	2776	0.237113
2775	2794	1.429839
2775	2795	1.095237
2776	2074	22.999471
2776	2075	1.730339
2776	2775	0.237113
2776	2777	0.246524
2776	2793	1.340474
2776	2794	0.498781
2777	2075	1.906922
2777	2076	6.992010
2777	2776	0.246524
2777	2778	0.327869
2777	2792	1.261623
2777	2793	1.249998
2778	2777	0.327869
2778	2779	0.404672
2778	2791	1.072379
2778	2792	0.794355
2779	2778	0.404672
2779	2780	0.803372
2779	2781	0.932504
2779	2789	7.666608
2779	2790	1.072379
2779	2791	0.450980
2780	2105	6.992010
2780	2111	1.124721
2780	2112	0.607958
2780	2779	0.803372
2780	2781	0.874007
2781	1652	0.370370
2781	2779	0.932504
2781	2780	0.874007
2781	2789	1.072379
2781	2790	2.857135
2782	1652	0.344827
2782	2783	0.412454
2782	2787	1.340474
2782	2788	0.739572
2783	2782	0.412454
2783	2784	0.824907
2783	2785	0.534883
2783	2786	1.874533
2783	2787	0.396552
2784	2377	1.538459
2784	2783	0.824907
2784	2785	0.302079
2785	2376	1.072379
2785	2377	1.949779
2785	2754	11.247095
2785	2755	3.833319
2785	2783	0.534883
2785	2784	0.302079
2785	2786	0.244505
2786	2375	2.330681
2786	2376	0.776895
2786	2755	1.249690
2786	2756	0.582671
2786	2783	1.874533
2786	2785	0.244505
2786	2787	0.562361
2786	2810	22.493938
2787	2756	1.531970
2787	2757	1.437498
2787	2782	1.340474
2787	2783	0.396552
2787	2786	0.562361
2787	2788	0.264368
2788	1652	1.340474
2788	2757	2.555549
2788	2782	0.739572
2788	2787	0.264368
2788	2789	0.280488
2789	1652	0.579665
2789	2779	7.666608
2789	2781	1.072379
2789	2788	0.280488
2789	2790	0.208229
2790	2779	1.072379
2790	2781	2.857135
2790	2789	0.208229
2790	2791	0.315406
2791	2778	1.072379
2791	2779	0.450980
2791	2790	0.315406
2791	2792	0.255555
2792	2777	1.261623
2792	2778	0.794355
2792	2791	0.255555
2792	2793	0.240984
2793	2776	1.340474
2793	2777	1.249998
2793	2792	0.240984
2793	2794	0.338983
2794	2074	4.289504
2794	2775	1.429839
2794	2776	0.498781
2794	2793	0.338983
2794	2795	0.238307
2795	2066	21.447151
2795	2067	7.498092
2795	2072	21.447151
2795	2073	1.429839
2795	2074	2.874992
2795	2772	3.833319
2795	2773	2.044945
2795	2774	1.183917
2795	2775	1.095237
2795	2794	0.238307
2795	2796	0.283951
2796	2072	3.574589
2796	2073	7.149152
2796	2772	0.315068
2796	2773	1.405901
2796	2795	0.283951
2796	2797	0.833127
2797	1892	21.999516
2797	2769	1.499627
2797	2770	0.407407
2797	2772	1.323201
2797	2773	0.309859
2797	2796	0.833127
2797	2798	0.432585
2798	1892	22.493938
2798	2768	1.340474
2798	2769	0.657142
2798	2773	0.624845
2798	2774	11.247095
2798	2797	0.432585
2798	2799	0.283951
2799	2766	5.749967
2799	2767	1.261623
2799	2768	0.649927
2799	2773	2.811798
2799	2774	2.811798
2799	2798	0.283951
2799	2800	0.218853
2800	2763	21.447151
2800	2764	1.104008
2800	2766	1.531970
2800	2767	6.666622
2800	2799	0.218853
2800	2801	0.749149
2801	2763	0.833127
2801	2764	1.692305
2801	2766	11.247095
2801	2800	0.749149
2801	2802	0.265060
2802	2763	1.405901
2802	2801	0.265060
2802	2803	0.459070
2803	2762	1.261623
2803	2763	1.916663
2803	2802	0.459070
2803	2804	0.267442
2804	2761	1.261623
2804	2762	0.630812
2804	2803	0.267442
2804	2805	0.250000
2805	2006	1.730339
2805	2760	1.261623
2805	2761	0.564410
2805	2804	0.250000
2805	2806	0.295979
2806	2006	4.399981
2806	2223	20.975737
2806	2758	20.975737
2806	2759	1.498296
2806	2760	0.953462
2806	2805	0.295979
2806	2807	0.265060
2807	2149	20.975737
2807	2757	22.493938
2807	2758	1.311009
2807	2759	1.048808
2807	2806	0.265060
2807	2808	0.865170
2807	2809	0.361658
2808	2007	21.447151
2808	2008	3.574589
2808	2012	2.044945
2808	2013	1.769228
2808	2145	22.999471
2808	2807	0.865170
2808	2809	0.857904
2809	2146	20.975737
2809	2757	1.949779
2809	2758	1.333332
2809	2807	0.361658
2809	2808	0.857904
2809	2810	0.523112
2810	2374	0.649927
2810	2375	0.376274
2810	2756	1.261623
2810	2757	0.547619
2810	2786	22.493938
2810	2809	0.523112
2810	2811	0.857904
2811	2145	0.363519
2811	2146	1.498296
2811	2374	0.285714
2811	2375	3.999984
2811	2810	0.857904
2811	2812	0.670237
2811	2813	4.195218
2812	2123	22.999471
2812	2124	2.144756
2812	2138	11.247095
2812	2375	21.447151
2812	2811	0.670237
2812	2813	0.261563
2813	2124	2.330681
2813	2125	0.874007
2813	2137	5.623579
2813	2138	21.999516
2813	2145	1.730339
2813	2372	22.493938
2813	2373	3.496017
2813	2811	4.195218
2813	2812	0.261563
2813	2814	0.785714
2813	2816	4.498869
2814	2137	3.213482
2814	2138	3.142847
2814	2145	1.323201
2814	2146	0.578947
2814	2234	4.195218
2814	2235	20.975737
2814	2371	1.499627
2814	2372	0.803372
2814	2813	0.785714
2814	2815	0.723316
2814	2816	0.681649
2815	2137	3.574589
2815	2138	1.906922
2815	2814	0.723316
2815	2816	0.714920
2815	3591	0.874007
2815	4023	1.949779
2816	2143	22.999471
2816	2144	1.261623
2816	2145	0.884615
2816	2813	4.498869
2816	2814	0.681649
2816	2815	0.714920
2816	2817	0.228166
2817	2142	21.447151
2817	2143	1.261623
2817	2144	1.666664
2817	2816	0.228166
2817	2818	0.338983
2818	2011	2.857135
2818	2142	1.191533
2818	2143	0.691858
2818	2817	0.338983
2818	2819	0.306394
2819	2076	11.247095
2819	2141	1.261623
2819	2142	0.425926
2819	2818	0.306394
2819	2820	0.230000
2820	2077	1.249690
2820	2139	7.666608
2820	2140	1.340474
2820	2141	0.794355
2820	2819	0.230000
2820	2821	0.218853
2821	2077	2.622015
2821	2078	1.999996
2821	2139	1.261623
2821	2140	3.999984
2821	2820	0.218853
2821	2822	0.466137
2822	2078	1.748012
2822	2139	0.303979
2822	2821	0.466137
2822	2823	0.241105
2822	3547	6.992010
2822	3548	1.498296
2823	2822	0.241105
2823	2824	0.233126
2823	3547	1.538459
2823	3548	2.499994
2824	2823	0.233126
2824	2825	0.321349
2824	3545	1.323201
2824	3546	1.183917
2824	3547	2.680944
2824	4136	3.574589
2825	2824	0.321349
2825	2826	0.803372
2825	2827	0.295439
2825	3544	1.571426
2825	3545	1.294116
2825	4136	2.330681
2826	2825	0.803372
2826	2827	0.510657
2826	3543	0.450980
2826	3544	4.498869
2827	2825	0.295439
2827	2826	0.510657
2827	2828	0.524404
2827	3543	0.564410
2827	3544	1.233891
2827	3545	10.487978
2828	2827	0.524404
2828	2829	0.229167
2828	3536	21.999516
2828	3537	2.996588
2828	3543	1.499627
2828	3544	0.305555
2828	4134	1.165342
2829	2828	0.229167
2829	2830	0.283462
2829	2885	1.730339
2829	3535	11.247095
2829	3536	3.666653
2829	3541	22.493938
2829	3542	1.498296
2829	3543	1.405901
2830	2829	0.283462
2830	2831	0.691858
2830	2885	0.670237
2830	3204	0.666666
2830	3541	1.191533
2830	3542	3.999984
2831	2312	1.787298
2831	2313	7.498092
2831	2830	0.691858
2831	2832	0.642698
2831	2885	2.555549
2831	3171	1.649813
2831	3173	1.261623
2831	3174	1.323201
2831	3203	22.999471
2831	3204	2.680944
2832	2317	1.311009
2832	2318	10.487978
2832	2831	0.642698
2832	2833	0.806775
2832	2834	5.499970
2832	3174	0.305555
2832	3202	1.398410
2832	3203	3.749060
2832	3204	20.975737
2833	2275	10.487978
2833	2832	0.806775
2833	2834	0.776895
2833	2835	1.311009
2833	3202	4.999975
2833	3214	19.999600
2833	3533	2.383062
2833	3534	0.714920
2834	2832	5.499970
2834	2833	0.776895
2834	2835	0.916666
2834	2856	5.623579
2834	2857	0.582671
2834	2862	0.733333
2834	3200	1.748012
2834	3201	1.249690
2834	3202	0.582671
2835	2833	1.311009
2835	2834	0.916666
2835	2836	0.415094
2835	2855	1.748012
2835	2856	0.833127
2835	3201	1.405901
2835	3202	5.244017
2836	2835	0.415094
2836	2837	0.374907
2836	2854	1.498296
2836	2855	0.749149
2836	3201	0.865170
2836	3202	6.992010
2837	2836	0.374907
2837	2838	0.212212
2837	2853	1.072379
2837	2854	0.523112
2837	3206	22.999471
2838	2837	0.212212
2838	2839	0.281180
2838	2852	1.498296
2838	2853	1.104008
2839	2838	0.281180
2839	2840	0.234694
2839	2851	1.191533
2839	2852	0.649927
2840	2839	0.234694
2840	2841	0.244681
2840	2850	1.191533
2840	2851	0.765986
2841	2840	0.244681
2841	2842	0.218853
2841	2849	1.261623
2841	2850	0.649927
2842	2841	0.218853
2842	2843	0.255329
2842	2846	1.498296
2842	2849	19.999600
2842	2889	9.999900
2843	2842	0.255329
2843	2844	0.865170
2843	2845	0.560975
2843	2846	0.865170
2843	2889	1.128820
2844	2052	0.303979
2844	2843	0.865170
2844	2845	0.222717
2844	2889	20.975737
2845	2843	0.560975
2845	2844	0.222717
2845	2846	0.978018
2845	2888	2.555549
2845	2889	0.324964
2846	2842	1.498296
2846	2843	0.865170
2846	2845	0.978018
2846	2847	0.879999
2846	2848	1.906922
2846	2849	0.388448
2846	2888	11.247095
2846	2889	0.338325
2847	2846	0.879999
2847	2848	0.238366
2847	2886	5.244017
2847	3204	2.622015
2847	3205	0.775670
2847	3540	22.493938
2848	2846	1.906922
2848	2847	0.238366
2848	2849	0.606060
2848	2850	19.999600
2848	2886	1.333332
2848	2887	0.465116
2848	2888	21.447151
2848	3203	1.949779
2848	3204	19.999600
2849	2841	1.261623
2849	2842	19.999600
2849	2846	0.388448
2849	2848	0.606060
2849	2850	0.350877
2849	2889	6.666622
2849	2890	1.176469
2849	3203	2.680944
2850	2840	1.191533
2850	2841	0.649927
2850	2848	19.999600
2850	2849	0.350877
2850	2851	0.350877
2850	3092	9.999900
2851	2839	1.191533
2851	2840	0.765986
2851	2850	0.350877
2851	2852	0.285714
2851	3092	3.999984
2851	3093	10.487978
2852	2838	1.498296
2852	2839	0.649927
2852	2851	0.285714
2852	2853	0.273973
2852	3093	20.975737
2853	2837	1.072379
2853	2838	1.104008
2853	2852	0.273973
2853	2854	0.333333
2854	2836	1.498296
2854	2837	0.523112
2854	2853	0.333333
2854	2855	0.312500
2855	2835	1.748012
2855	2836	0.749149
2855	2854	0.312500
2855	2856	0.376274
2855	3201	1.261623
2856	2834	5.623579
2856	2835	0.833127
2856	2855	0.376274
2856	2857	0.271489
2856	3199	22.999471
2856	3200	1.261623
2856	3201	0.348485
2856	4230	1.916663
2856	4231	21.447151
2857	2834	0.582671
2857	2856	0.271489
2857	2858	0.370370
2857	2862	1.748012
2857	3195	19.999600
2857	3199	1.261623
2857	3200	1.333332
2857	4230	21.447151
2857	4231	2.222217
2857	4232	10.487978
2858	2857	0.370370
2858	2859	0.255329
2858	2861	6.992010
2858	2862	0.499433
2858	3195	19.999600
2858	3196	19.999600
2858	3198	1.261623
2858	3199	0.670237
2859	2858	0.255329
2859	2860	0.794355
2859	2861	0.591959
2859	3183	5.749967
2859	3195	0.536190
2859	3196	1.128820
2859	3197	1.405901
2859	3198	1.916663
2860	2859	0.794355
2860	2861	0.599319
2860	3182	0.335119
2860	3183	7.149152
2860	3184	21.447151
2860	3190	0.466137
2860	3191	3.063935
2860	3195	6.666622
2861	2858	6.992010
2861	2859	0.591959
2861	2860	0.599319
2861	2862	0.594594
2861	2863	0.277709
2861	3182	1.183917
2861	3196	20.975737
2861	3197	2.444438
2861	3198	11.247095
2862	2834	0.733333
2862	2857	1.748012
2862	2858	0.499433
2862	2861	0.594594
2862	2863	0.937268
2862	3163	10.487978
2862	3164	4.399981
2862	3198	22.493938
2862	3199	11.247095
2862	3200	10.487978
2863	2861	0.277709
2863	2862	0.937268
2863	2864	0.225764
2863	3164	22.493938
2863	3181	1.261623
2863	3182	1.916663
2863	3197	2.249439
2863	3198	1.045453
2863	3199	2.090905
2864	2863	0.225764
2864	2865	0.363636
2864	3180	1.340474
2864	3181	1.249998
2864	3198	7.149152
2865	2864	0.363636
2865	2866	0.400000
2865	3163	19.999600
2865	3179	1.340474
2865	3180	0.487445
2866	2865	0.400000
2866	2867	0.388448
2866	3163	19.999600
2866	3178	1.340474
2866	3179	0.510657
2867	2866	0.388448
2867	2868	0.285714
2867	2939	5.499970
2867	3162	1.323201
2867	3178	0.478605
2868	2867	0.285714
2868	2869	0.208282
2868	3162	1.405901
2868	3164	2.199995
2868	3167	4.195218
2869	2868	0.208282
2869	2870	0.258427
2869	3161	1.261623
2869	3162	2.090905
2869	3164	11.247095
2869	3166	22.493938
2869	3167	0.893650
2870	2869	0.258427
2870	2871	0.353846
2870	2873	1.649813
2870	3159	7.498092
2870	3160	1.261623
2870	3161	0.794355
2870	3166	4.498869
2870	3167	1.429839
2870	3168	21.447151
2871	2870	0.353846
2871	2872	0.612788
2871	2873	4.289504
2871	3158	10.723690
2871	3159	3.213482
2871	3160	21.447151
2872	2871	0.612788
2872	2873	0.408163
2872	2874	1.666664
2872	2899	3.063935
2872	2900	2.499994
2872	3159	0.446301
2873	2870	1.649813
2873	2871	4.289504
2873	2872	0.408163
2873	2874	0.769230
2873	2892	1.787298
2873	2893	1.538459
2873	3159	1.311009
2873	3160	3.999984
2873	3166	0.699205
2874	2872	1.666664
2874	2873	0.769230
2874	2875	0.317460
2874	2892	3.063935
2874	2898	1.261623
2874	2899	0.691858
2874	2953	20.975737
2874	3159	2.097613
2874	3160	0.999999
2874	3166	20.975737
2875	2874	0.317460
2875	2876	0.294118
2875	2892	21.447151
2875	2897	1.021314
2875	2898	0.630812
2875	2952	1.233891
2875	2953	1.906922
2876	2875	0.294118
2876	2877	0.304002
2876	2896	1.311009
2876	2897	0.739572
2876	2952	3.496017
2877	2876	0.304002
2877	2878	0.238366
2877	2894	22.493938
2877	2895	1.311009
2877	2896	0.564102
2878	2877	0.238366
2878	2879	0.397178
2878	2894	1.261623
2878	2895	2.499994
2879	2878	0.397178
2879	2880	0.302079
2879	2881	22.493938
2879	2882	22.493938
2879	2890	21.447151
2879	2891	22.493938
2879	2893	1.261623
2879	2894	0.343283
2880	2879	0.302079
2880	2881	0.953462
2880	2882	3.496017
2880	2883	6.666622
2880	2884	21.447151
2880	2889	1.538459
2880	2890	1.333332
2880	2891	1.613549
2880	2893	2.222217
2881	2052	5.623579
2881	2053	22.493938
2881	2879	22.493938
2881	2880	0.953462
2881	2882	0.220000
2881	2894	5.623579
2882	2879	22.493938
2882	2880	3.496017
2882	2881	0.220000
2882	2883	0.287345
2882	2891	10.999879
2882	2893	1.613549
2883	2880	6.666622
2883	2882	0.287345
2883	2884	0.351600
2883	2891	1.498296
2883	2893	2.857135
2884	2880	21.447151
2884	2883	0.351600
2884	2885	0.884615
2884	2886	7.149152
2884	2888	0.442307
2884	2890	1.261623
2884	2891	0.489009
2884	3172	0.511237
2884	3203	11.499868
2885	2829	1.730339
2885	2830	0.670237
2885	2831	2.555549
2885	2884	0.884615
2885	2886	1.128820
2885	3172	0.978018
2885	3203	2.555549
2885	3204	7.149152
2885	3542	21.447151
2885	3543	5.749967
2886	2847	5.244017
2886	2848	1.333332
2886	2884	7.149152
2886	2885	1.128820
2886	2887	0.266667
2886	3203	1.340474
2886	3204	0.571428
2886	3541	1.261623
2886	3542	2.499994
2887	2848	0.465116
2887	2886	0.266667
2887	2888	0.246524
2887	3203	1.531970
2887	3541	7.149152
2888	2845	2.555549
2888	2846	11.247095
2888	2848	21.447151
2888	2884	0.442307
2888	2887	0.246524
2888	2889	0.549938
2888	2890	0.630812
2888	3203	1.769228
2889	2842	9.999900
2889	2843	1.128820
2889	2844	20.975737
2889	2845	0.324964
2889	2846	0.338325
2889	2849	6.666622
2889	2880	1.538459
2889	2888	0.549938
2889	2890	0.465116
2890	2849	1.176469
2890	2879	21.447151
2890	2880	1.333332
2890	2884	1.261623
2890	2888	0.630812
2890	2889	0.465116
2890	2891	0.308473
2891	2879	22.493938
2891	2880	1.613549
2891	2882	10.999879
2891	2883	1.498296
2891	2884	0.489009
2891	2890	0.308473
2891	2892	0.725627
2891	2893	0.308473
2892	2873	1.787298
2892	2874	3.063935
2892	2875	21.447151
2892	2891	0.725627
2892	2893	0.630812
2892	3165	0.284740
2892	3166	1.405901
2893	2873	1.538459
2893	2879	1.261623
2893	2880	2.222217
2893	2882	1.613549
2893	2883	2.857135
2893	2891	0.308473
2893	2892	0.630812
2893	2894	0.612788
2894	2877	22.493938
2894	2878	1.261623
2894	2879	0.343283
2894	2881	5.623579
2894	2893	0.612788
2894	2895	0.261556
2895	2877	1.311009
2895	2878	2.499994
2895	2894	0.261556
2895	2896	0.268925
2896	2876	1.311009
2896	2877	0.564102
2896	2895	0.268925
2896	2897	0.261563
2897	2875	1.021314
2897	2876	0.739572
2897	2896	0.261563
2897	2898	0.214953
2898	2874	1.261623
2898	2875	0.630812
2898	2897	0.214953
2898	2899	0.247312
2898	2952	22.493938
2898	2953	1.323201
2899	2872	3.063935
2899	2874	0.691858
2899	2898	0.247312
2899	2900	0.446825
2899	2953	0.978018
2899	3159	2.249439
2900	2872	2.499994
2900	2899	0.446825
2900	2901	0.714285
2900	2954	1.818179
2900	3158	1.999996
2900	3159	0.466137
2901	2900	0.714285
2901	2902	0.749149
2901	2954	2.222217
2901	2955	2.622015
2901	2957	0.487805
2901	2958	4.999975
2901	3158	0.999999
2902	2901	0.749149
2902	2903	0.865170
2902	2904	2.499376
2902	2905	0.395777
2902	2956	6.992010
2902	2957	0.317821
2902	2958	5.244017
2902	3157	11.247095
2902	3158	1.165342
2903	2902	0.865170
2903	2904	0.359375
2903	2944	1.124721
2903	2964	1.261623
2903	2965	0.595767
2903	3153	0.548645
2903	3154	21.447151
2904	2902	2.499376
2904	2903	0.359375
2904	2905	0.765986
2904	2906	22.999471
2904	2944	0.478605
2904	2945	0.377049
2904	2963	1.261623
2904	2964	0.595767
2905	2902	0.395777
2905	2904	0.765986
2905	2906	0.412454
2905	2943	19.999600
2905	2944	5.244017
2905	2945	21.447151
2905	2956	2.222217
2905	3157	1.128820
2906	2904	22.999471
2906	2905	0.412454
2906	2907	0.242105
2906	3156	1.191533
2906	3157	0.338235
2907	2906	0.242105
2907	2908	0.247312
2907	2942	22.999471
2907	3155	1.261623
2907	3156	0.549938
2908	1659	21.447151
2908	1660	7.149152
2908	2907	0.247312
2908	2909	0.247192
2908	2910	2.144756
2908	2911	21.447151
2908	3154	1.191533
2908	3155	0.630812
2909	1660	1.613549
2909	1661	3.213482
2909	2908	0.247192
2909	2910	0.699205
2909	3154	1.104008
2910	2908	2.144756
2910	2909	0.699205
2910	2911	0.416666
2910	2941	1.261623
2910	2942	0.974890
2910	3129	20.975737
2911	2908	21.447151
2911	2910	0.416666
2911	2912	0.253164
2911	2940	1.261623
2911	2941	0.498781
2911	3128	0.998865
2911	3129	1.104008
2912	2911	0.253164
2912	2913	0.912007
2912	2935	19.999600
2912	2936	19.999600
2912	2937	0.824907
2912	2938	1.398410
2912	2940	1.261623
2912	3126	20.975737
2912	3127	1.104008
2912	3128	1.048808
2913	2255	1.233891
2913	2256	10.487978
2913	2333	7.498092
2913	2912	0.912007
2913	2914	0.252873
2913	2915	22.493938
2913	2936	20.975737
2913	2937	0.803372
2913	2938	0.323529
2913	3126	3.666653
2913	3127	5.499970
2914	2254	1.906922
2914	2255	1.233891
2914	2333	1.405901
2914	2334	11.247095
2914	2913	0.252873
2914	2915	0.249938
2914	2937	1.183917
2915	2334	1.916663
2915	2335	2.680944
2915	2913	22.493938
2915	2914	0.249938
2915	2916	0.225490
2915	2936	1.261623
2915	2937	1.045453
2916	2335	3.063935
2916	2915	0.225490
2916	2917	0.202336
2916	2934	7.666608
2916	2935	1.261623
2916	2936	0.714920
2917	2916	0.202336
2917	2918	0.218853
2917	2932	19.999600
2917	2934	1.429839
2917	2935	2.499994
2918	2917	0.218853
2918	2919	0.978018
2918	2931	0.560975
2918	2932	1.429839
2918	2933	1.730339
2918	2934	1.352939
2919	2918	0.978018
2919	2920	0.440000
2919	2921	22.493938
2919	2931	2.499376
2919	2932	1.398410
2919	2933	0.647058
2920	2919	0.440000
2920	2921	0.292136
2920	2931	1.249690
2920	2932	0.374574
2921	2919	22.493938
2921	2920	0.292136
2921	2922	0.238307
2921	2930	1.261623
2921	2931	0.958332
2922	2921	0.238307
2922	2923	0.322581
2922	2929	1.261623
2922	2930	1.176469
2922	3350	1.906922
2923	1583	7.416143
2923	2922	0.322581
2923	2924	0.404672
2923	2928	1.340474
2923	2929	0.536190
2923	3349	1.165342
2923	3350	0.998865
2924	1530	1.067939
2924	2923	0.404672
2924	2925	1.071163
2924	2926	0.865170
2924	2927	1.874533
2924	2928	0.338235
2924	3348	1.340474
2924	3349	3.749060
2925	1530	2.297820
2925	1538	6.633206
2925	1539	11.488993
2925	1563	0.777817
2925	1565	16.247813
2925	1713	0.978018
2925	1714	1.071163
2925	2924	1.071163
2925	2926	0.278481
2926	1735	20.975737
2926	1736	1.165342
2926	1737	5.499970
2926	2924	0.865170
2926	2925	0.278481
2926	2927	0.222222
2927	1736	1.398410
2927	1737	3.666653
2927	2924	1.874533
2927	2926	0.222222
2927	2928	0.351476
2928	2923	1.340474
2928	2924	0.338235
2928	2927	0.351476
2928	2929	0.280488
2928	3349	11.247095
2929	2922	1.261623
2929	2923	0.536190
2929	2928	0.280488
2929	2930	0.238307
2929	3349	2.499376
2929	3350	1.183917
2930	2921	1.261623
2930	2922	1.176469
2930	2929	0.238307
2930	2931	0.271489
2930	3350	2.996588
2930	3351	3.574589
2931	2918	0.560975
2931	2919	2.499376
2931	2920	1.249690
2931	2921	0.958332
2931	2930	0.271489
2931	2932	0.765986
2932	2917	19.999600
2932	2918	1.429839
2932	2919	1.398410
2932	2920	0.374574
2932	2931	0.765986
2932	2933	0.287345
2933	2918	1.730339
2933	2919	0.647058
2933	2932	0.287345
2933	2934	0.218393
2934	2916	7.666608
2934	2917	1.429839
2934	2918	1.352939
2934	2933	0.218393
2934	2935	0.202336
2935	1653	10.723690
2935	2912	19.999600
2935	2916	1.261623
2935	2917	2.499994
2935	2934	0.202336
2935	2936	0.338983
2936	1653	3.574589
2936	1654	1.649813
2936	2912	19.999600
2936	2913	20.975737
2936	2915	1.261623
2936	2916	0.714920
2936	2935	0.338983
2936	2937	0.249391
2937	2333	22.999471
2937	2912	0.824907
2937	2913	0.803372
2937	2914	1.183917
2937	2915	1.045453
2937	2936	0.249391
2937	2938	0.899777
2938	1655	22.493938
2938	2256	2.330681
2938	2912	1.398410
2938	2913	0.323529
2938	2937	0.899777
2938	2939	0.611111
2938	2940	0.277709
2938	3126	4.399981
2938	3127	21.999516
2939	2331	1.071163
2939	2332	0.803372
2939	2867	5.499970
2939	2938	0.611111
2939	2940	0.899777
2940	2256	1.787298
2940	2257	1.769228
2940	2911	1.261623
2940	2912	1.261623
2940	2938	0.277709
2940	2939	0.899777
2940	2941	0.291139
2940	3126	1.405901
2940	3127	2.811798
2940	3128	7.498092
2941	2910	1.261623
2941	2911	0.498781
2941	2940	0.291139
2941	2942	0.250000
2941	2986	11.499868
2941	3126	22.493938
2941	3127	3.213482
2941	3128	1.183917
2941	3129	1.874533
2942	2907	22.999471
2942	2910	0.974890
2942	2941	0.250000
2942	2943	0.340438
2942	3129	2.811798
2942	3130	1.352939
2943	2905	19.999600
2943	2942	0.340438
2943	2944	0.599319
2943	3130	10.723690
2944	2903	1.124721
2944	2904	0.478605
2944	2905	5.244017
2944	2943	0.599319
2944	2945	1.071163
2944	2964	1.498296
2944	2965	0.776895
2945	2904	0.377049
2945	2905	21.447151
2945	2944	1.071163
2945	2946	0.246524
2945	2956	1.261623
2945	2961	5.749967
2945	2962	1.340474
2945	2963	0.523112
2946	2945	0.246524
2946	2947	0.294118
2946	2956	1.999996
2946	2960	21.447151
2946	2961	1.128820
2946	3028	2.330681
2947	2946	0.294118
2947	2948	0.302079
2947	2960	1.261623
2947	2961	1.128820
2947	3027	2.222217
2947	3028	0.998865
2947	3081	21.447151
2948	2947	0.302079
2948	2949	0.291139
2948	2959	1.340474
2948	2960	0.389830
2948	3027	10.723690
2948	3082	1.916663
2948	3083	4.599979
2949	2948	0.291139
2949	2950	0.221109
2949	2955	7.498092
2949	2957	21.447151
2949	2958	1.261623
2949	2959	0.630812
2949	3083	3.285703
2949	3084	22.999471
2950	2949	0.221109
2950	2951	0.740740
2950	2954	6.666622
2950	2955	1.233891
2950	2958	3.999984
2951	2950	0.740740
2951	2952	0.749149
2951	2953	0.749149
2951	2954	0.476190
2952	2875	1.233891
2952	2876	3.496017
2952	2898	22.493938
2952	2951	0.749149
2952	2953	0.231579
2953	2874	20.975737
2953	2875	1.906922
2953	2898	1.323201
2953	2899	0.978018
2953	2951	0.749149
2953	2952	0.231579
2953	2954	0.839046
2953	3159	21.999516
2953	3160	20.975737
2954	2900	1.818179
2954	2901	2.222217
2954	2950	6.666622
2954	2951	0.476190
2954	2953	0.839046
2954	2955	0.233069
2954	2957	6.666622
2954	3158	19.999600
2954	3159	4.195218
2954	3160	3.333322
2955	2901	2.622015
2955	2949	7.498092
2955	2950	1.233891
2955	2954	0.233069
2955	2956	0.749149
2955	2957	0.699205
2955	2958	0.322710
2955	3158	20.975737
2955	3159	3.666653
2955	3160	5.244017
2956	2902	6.992010
2956	2905	2.222217
2956	2945	1.261623
2956	2946	1.999996
2956	2955	0.749149
2956	2957	0.714285
2957	2901	0.487805
2957	2902	0.317821
2957	2949	21.447151
2957	2954	6.666622
2957	2955	0.699205
2957	2956	0.714285
2957	2958	0.500000
2957	2959	4.999975
2957	3158	1.666664
2958	2901	4.999975
2958	2902	5.244017
2958	2949	1.261623
2958	2950	3.999984
2958	2955	0.322710
2958	2957	0.500000
2958	2959	0.377358
2959	2948	1.340474
2959	2949	0.630812
2959	2957	4.999975
2959	2958	0.377358
2959	2960	0.369786
2960	2946	21.447151
2960	2947	1.261623
2960	2948	0.389830
2960	2959	0.369786
2960	2961	0.211009
2961	2945	5.749967
2961	2946	1.128820
2961	2947	1.128820
2961	2960	0.211009
2961	2962	0.194978
2961	3028	22.493938
2961	3080	21.447151
2961	3081	2.874992
2962	2945	1.340474
2962	2961	0.194978
2962	2963	0.465116
2962	3029	4.289504
2962	3079	2.383062
2963	2904	1.261623
2963	2945	0.523112
2963	2962	0.465116
2963	2964	0.344827
2963	3030	0.723316
2963	3079	3.063935
2964	2903	1.261623
2964	2904	0.595767
2964	2944	1.498296
2964	2963	0.344827
2964	2965	0.392157
2964	3030	6.992010
2965	2903	0.595767
2965	2944	0.776895
2965	2964	0.392157
2965	2966	0.263158
2965	3153	1.311009
2966	2965	0.263158
2966	2967	0.270270
2966	3152	1.398410
2966	3153	1.165342
2967	1672	1.906922
2967	2966	0.270270
2967	2968	0.350877
2967	3151	1.429839
2967	3152	0.912007
2968	1671	1.048808
2968	1672	0.806775
2968	2967	0.350877
2968	2969	0.327869
2968	3149	21.447151
2968	3150	1.261623
2968	3151	0.794355
2969	1671	1.906922
2969	2968	0.327869
2969	2970	0.282205
2969	3149	1.261623
2969	3150	0.765986
2970	2969	0.282205
2970	2971	0.243723
2970	3147	22.999471
2970	3148	1.191533
2970	3149	0.425926
2971	2970	0.243723
2971	2972	0.332955
2971	3147	1.128820
2971	3148	1.818179
2972	2971	0.332955
2972	2973	0.236784
2972	3146	1.498296
2972	3147	0.478605
2973	2972	0.236784
2973	2974	0.244681
2973	3145	1.072379
2973	3146	0.670237
2974	2973	0.244681
2974	2975	0.271489
2974	3143	11.247095
2974	3144	1.261623
2974	3145	0.670237
2975	2974	0.271489
2975	2976	0.794355
2975	2977	3.999984
2975	3143	1.498296
2975	3144	6.666622
2976	2975	0.794355
2976	2977	0.264785
2976	3138	2.299995
2976	3139	1.072379
2976	3140	0.661601
2976	3142	11.247095
2977	2975	3.999984
2977	2976	0.264785
2977	2978	0.214476
2977	3138	0.974890
2977	3139	3.999984
2977	3142	2.330681
2977	3143	1.311009
2977	3144	1.333332
2978	2977	0.214476
2978	2979	0.937268
2978	3135	1.340474
2978	3136	0.899777
2978	3137	1.071163
2978	3138	0.851851
2978	3143	7.498092
2978	3144	1.787298
2979	2978	0.937268
2979	2980	0.749149
2979	2981	0.241876
2979	3053	3.666653
2979	3135	1.398410
2979	3136	0.305555
2980	2979	0.749149
2980	2981	0.794355
2981	2979	0.241876
2981	2980	0.794355
2981	2982	0.359375
2981	3053	2.499376
2981	3134	1.531970
2981	3135	3.063935
2982	2981	0.359375
2982	2983	0.216981
2982	3050	2.299995
2982	3051	1.949779
2982	3053	5.623579
2982	3054	2.811798
2982	3056	3.063935
2982	3133	1.021314
2982	3134	0.595767
2983	2982	0.216981
2983	2984	0.273809
2983	3050	1.437498
2983	3056	21.447151
2983	3057	1.787298
2983	3132	1.261623
2983	3133	0.691858
2984	2983	0.273809
2984	2985	0.212963
2984	3057	21.447151
2984	3131	1.261623
2984	3132	0.549938
2985	2984	0.212963
2985	2986	0.200000
2985	3116	22.999471
2985	3129	4.498869
2985	3130	2.555549
2985	3131	2.383062
2986	2941	11.499868
2986	2985	0.200000
2986	2987	0.234317
2986	3116	3.285703
2986	3128	2.044945
2986	3129	1.183917
2986	3130	3.833319
2987	2986	0.234317
2987	2988	0.258965
2987	3127	0.956521
2987	3128	1.692305
2988	2987	0.258965
2988	2989	0.893650
2988	3125	7.149152
2988	3126	0.912007
2988	3127	2.622015
2989	2988	0.893650
2989	2990	0.228166
2989	3120	4.599979
2989	3121	1.261623
2989	3122	2.383062
2989	3125	0.237113
2990	2325	19.999600
2990	2989	0.228166
2990	2991	0.259740
2990	3119	10.487978
2990	3120	1.261623
2990	3121	19.999600
2991	2290	2.996588
2991	2325	2.222217
2991	2990	0.259740
2991	2992	0.253164
2991	3118	21.447151
2991	3119	1.498296
2991	3120	1.191533
2992	2289	3.063935
2992	2290	4.195218
2992	2991	0.253164
2992	2993	0.256410
2992	3118	1.261623
2992	3119	1.398410
2993	2992	0.256410
2993	2994	0.806775
2993	3117	1.649813
2993	3118	0.691858
2994	2993	0.806775
2994	2995	0.229535
2994	3114	20.975737
2994	3115	3.666653
2994	3117	0.702951
2995	2994	0.229535
2995	2996	0.230000
2995	3036	5.623579
2995	3037	2.874992
2995	3113	21.447151
2995	3114	1.340474
2995	3115	5.623579
2996	2995	0.230000
2996	2997	0.240984
2996	3036	1.606743
2996	3112	22.999471
2996	3113	1.261623
2996	3114	0.857904
2997	2996	0.240984
2997	2998	0.289855
2997	3075	1.818179
2997	3110	20.975737
2997	3112	1.261623
2997	3113	1.999996
2998	2997	0.289855
2998	2999	0.403388
2998	3075	1.999996
2998	3076	2.680944
2998	3109	1.949779
2998	3110	1.398410
2998	3112	1.429839
2999	2998	0.403388
2999	3000	0.299926
2999	3027	20.975737
2999	3109	1.874533
2999	3110	0.379310
3000	2999	0.299926
3000	3001	0.230000
3000	3108	1.021314
3000	3109	0.999999
3001	3000	0.230000
3001	3002	0.280488
3001	3107	1.261623
3001	3108	0.523112
3001	3183	2.874992
3001	3184	1.642854
3002	3001	0.280488
3002	3003	0.270588
3002	3106	1.340474
3002	3107	0.714920
3002	3183	22.999471
3002	3184	3.285703
3002	3185	7.149152
3003	3002	0.270588
3003	3004	0.273809
3003	3105	1.340474
3003	3106	0.670237
3004	1677	0.607958
3004	3003	0.273809
3004	3005	0.487445
3004	3025	0.884615
3004	3104	1.261623
3004	3105	0.691858
3005	1677	0.582671
3005	3004	0.487445
3005	3006	0.338983
3005	3025	1.261623
3005	3104	19.999600
3006	3005	0.338983
3006	3007	0.363519
3006	3024	1.649813
3006	3025	0.739572
3006	3103	1.906922
3007	3006	0.363519
3007	3008	0.230000
3007	3023	1.261623
3007	3024	0.389830
3007	3085	3.213482
3007	3102	0.833127
3007	3103	1.323201
3008	1683	0.408990
3008	3007	0.230000
3008	3021	21.447151
3008	3022	1.429839
3008	3023	0.739572
3008	3085	1.183917
3008	3086	1.499627
3008	3100	7.498092
3008	3102	7.498092
3009	1683	0.244505
3009	3010	0.228166
3009	3020	11.499868
3009	3021	1.261623
3010	3009	0.228166
3010	3011	0.344827
3010	3012	5.244017
3010	3020	1.261623
3010	3021	4.999975
3011	3010	0.344827
3011	3012	0.537850
3011	3016	1.498296
3011	3017	0.666666
3011	3018	2.680944
3011	3020	1.787298
3012	3010	5.244017
3012	3011	0.537850
3012	3013	0.723316
3012	3016	3.666653
3012	4223	0.552004
3012	4224	2.330681
3013	3012	0.723316
3013	3014	0.649927
3013	4223	1.538459
3013	4226	10.487978
3013	4227	21.447151
3014	3013	0.649927
3014	3015	0.258427
3014	4225	1.261623
3014	4226	1.405901
3014	4370	1.916663
3014	4371	2.383062
3015	3014	0.258427
3015	3016	0.258557
3015	4224	1.340474
3015	4225	0.549938
3015	4371	21.447151
3016	3011	1.498296
3016	3012	3.666653
3016	3015	0.258557
3016	3017	0.776895
3016	3018	5.623579
3016	4224	0.776895
3017	3011	0.666666
3017	3016	0.776895
3017	3018	0.282205
3018	3011	2.680944
3018	3016	5.623579
3018	3017	0.282205
3018	3019	0.775670
3018	3020	0.258427
3019	1677	0.523809
3019	3018	0.775670
3019	3020	0.865170
3020	3009	11.499868
3020	3010	1.261623
3020	3011	1.787298
3020	3018	0.258427
3020	3019	0.865170
3020	3021	0.243723
3020	4224	7.149152
3021	3008	21.447151
3021	3009	1.261623
3021	3010	4.999975
3021	3020	0.243723
3021	3022	0.259740
3021	4224	1.538459
3022	1683	4.195218
3022	3008	1.429839
3022	3021	0.259740
3022	3023	0.377358
3022	3086	10.487978
3023	3007	1.261623
3023	3008	0.739572
3023	3022	0.377358
3023	3024	0.297883
3023	3085	0.839046
3023	3086	0.953462
3024	3006	1.649813
3024	3007	0.389830
3024	3023	0.297883
3024	3025	0.250000
3024	3084	22.999471
3024	3085	1.249690
3024	3102	3.749060
3024	3103	1.249690
3025	1689	1.531970
3025	3004	0.884615
3025	3005	1.261623
3025	3006	0.739572
3025	3024	0.250000
3025	3026	0.974890
3025	3103	2.044945
3025	3104	0.670237
3026	1689	0.909090
3026	3025	0.974890
3026	3027	0.392157
3026	3082	1.261623
3026	3083	0.974890
3026	3104	2.857135
3027	2947	2.222217
3027	2948	10.723690
3027	2999	20.975737
3027	3026	0.392157
3027	3028	0.322710
3027	3081	1.128820
3027	3082	0.487445
3028	2946	2.330681
3028	2947	0.998865
3028	2961	22.493938
3028	3027	0.322710
3028	3029	0.220534
3028	3080	1.613549
3028	3081	0.535582
3029	2962	4.289504
3029	3028	0.220534
3029	3030	0.661601
3029	3078	0.522727
3029	3079	1.437498
3029	3080	1.340474
3030	2963	0.723316
3030	2964	6.992010
3030	3029	0.661601
3030	3031	0.252873
3030	3078	0.978018
3030	3079	0.374907
3031	3030	0.252873
3031	3032	0.206371
3031	3078	1.183917
3032	3031	0.206371
3032	3033	0.204263
3032	3076	3.833319
3032	3077	1.128820
3032	3078	4.599979
3033	3032	0.204263
3033	3034	0.340438
3033	3076	0.974890
3033	3077	19.999600
3034	3033	0.340438
3034	3035	0.278540
3034	3074	7.666608
3034	3075	1.261623
3034	3076	0.396552
3035	3034	0.278540
3035	3036	0.374574
3035	3074	1.340474
3035	3075	3.333322
3036	2995	5.623579
3036	2996	1.606743
3036	3035	0.374574
3036	3037	0.222717
3036	3073	1.311009
3036	3074	0.489009
3036	3114	10.487978
3037	2995	2.874992
3037	3036	0.222717
3037	3038	0.280488
3037	3071	21.447151
3037	3072	1.072379
3037	3073	0.630812
3037	3114	1.021314
3037	3115	2.249439
3038	3037	0.280488
3038	3039	0.225490
3038	3071	1.649813
3038	3072	0.670237
3038	3114	21.447151
3038	3115	1.022474
3038	3116	5.749967
3038	3117	2.874992
3039	3038	0.225490
3039	3040	0.261556
3039	3069	7.666608
3039	3070	1.261623
3039	3071	1.191533
3039	3116	4.599979
3039	3117	5.749967
3039	3118	22.999471
3040	3039	0.261556
3040	3041	0.765986
3040	3069	1.649813
3040	3070	9.999900
3041	3040	0.765986
3041	3042	0.277108
3041	3064	1.429839
3041	3065	0.681649
3041	3067	11.247095
3042	3041	0.277108
3042	3043	0.258427
3042	3063	1.340474
3042	3064	0.739572
3043	3042	0.258427
3043	3044	0.227217
3043	3062	1.021314
3043	3063	0.612788
3044	3043	0.227217
3044	3045	0.264640
3044	3061	1.498296
3044	3062	0.874007
3045	3044	0.264640
3045	3046	0.255555
3045	3060	1.261623
3045	3061	0.739572
3046	3045	0.255555
3046	3047	0.208229
3046	3058	22.999471
3046	3059	1.261623
3046	3060	0.691858
3047	3046	0.208229
3047	3048	0.616946
3047	3049	21.447151
3047	3058	1.649813
3047	3059	2.499994
3048	3047	0.616946
3048	3049	0.865170
3048	3052	2.749992
3049	3047	21.447151
3049	3048	0.865170
3049	3050	0.298701
3049	3052	1.499627
3049	3057	1.191533
3049	3058	0.403509
3050	2982	2.299995
3050	2983	1.437498
3050	3049	0.298701
3050	3051	0.739572
3050	3052	22.493938
3050	3054	0.865170
3050	3056	1.191533
3050	3057	0.612788
3051	2982	1.949779
3051	3050	0.739572
3051	3052	0.998865
3051	3736	0.974890
3052	3048	2.749992
3052	3049	1.499627
3052	3050	22.493938
3052	3051	0.998865
3052	3053	0.733333
3053	2979	3.666653
3053	2981	2.499376
3053	2982	5.623579
3053	3052	0.733333
3053	3054	0.305555
3053	3135	2.330681
3053	3136	10.999879
3054	2982	2.811798
3054	3050	0.865170
3054	3053	0.305555
3054	3055	0.476731
3054	3056	0.524404
3054	3134	1.048808
3054	3135	1.233891
3055	3054	0.476731
3055	3056	0.540540
3055	3134	19.999600
3055	3135	0.909090
3056	2982	3.063935
3056	2983	21.447151
3056	3050	1.191533
3056	3054	0.524404
3056	3055	0.540540
3056	3057	0.281690
3056	3133	2.222217
3056	3134	0.625000
3057	2983	1.787298
3057	2984	21.447151
3057	3049	1.191533
3057	3050	0.612788
3057	3056	0.281690
3057	3058	0.261556
3058	3046	22.999471
3058	3047	1.649813
3058	3049	0.403509
3058	3057	0.261556
3058	3059	0.238307
3059	3046	1.261623
3059	3047	2.499994
3059	3058	0.238307
3059	3060	0.317460
3060	3045	1.261623
3060	3046	0.691858
3060	3059	0.317460
3060	3061	0.344827
3061	3044	1.498296
3061	3045	0.739572
3061	3060	0.344827
3061	3062	0.312500
3062	3043	1.021314
3062	3044	0.874007
3062	3061	0.312500
3062	3063	0.281690
3063	3042	1.340474
3063	3043	0.612788
3063	3062	0.281690
3063	3064	0.277778
3064	3041	1.429839
3064	3042	0.739572
3064	3063	0.277778
3064	3065	0.279682
3065	3041	0.681649
3065	3064	0.279682
3065	3066	0.323529
3065	3067	1.571426
3066	3065	0.323529
3066	3067	0.252873
3067	3041	11.247095
3067	3065	1.571426
3067	3066	0.252873
3067	3068	0.215686
3068	3067	0.215686
3068	3069	0.182882
3069	3039	7.666608
3069	3040	1.649813
3069	3068	0.182882
3069	3070	0.225764
3070	3039	1.261623
3070	3040	9.999900
3070	3069	0.225764
3070	3071	0.250000
3071	3037	21.447151
3071	3038	1.649813
3071	3039	1.191533
3071	3070	0.250000
3071	3072	0.338983
3072	3037	1.072379
3072	3038	0.670237
3072	3071	0.338983
3072	3073	0.317460
3072	3115	20.975737
3073	3036	1.311009
3073	3037	0.630812
3073	3072	0.317460
3073	3074	0.351600
3073	3114	1.538459
3073	3115	1.613549
3074	3034	7.666608
3074	3035	1.340474
3074	3036	0.489009
3074	3073	0.351600
3074	3075	0.198589
3074	3113	1.949779
3074	3114	1.531970
3075	2997	1.818179
3075	2998	1.999996
3075	3034	1.261623
3075	3035	3.333322
3075	3074	0.198589
3075	3076	0.549938
3076	2998	2.680944
3076	3032	3.833319
3076	3033	0.974890
3076	3034	0.396552
3076	3075	0.549938
3076	3077	0.208229
3077	3032	1.128820
3077	3033	19.999600
3077	3076	0.208229
3077	3078	0.235688
3078	3029	0.522727
3078	3030	0.978018
3078	3031	1.183917
3078	3032	4.599979
3078	3077	0.235688
3078	3079	0.793103
3079	2962	2.383062
3079	2963	3.063935
3079	3029	1.437498
3079	3030	0.374907
3079	3078	0.793103
3079	3080	0.428952
3080	2961	21.447151
3080	3028	1.613549
3080	3029	1.340474
3080	3079	0.428952
3080	3081	0.310835
3081	2947	21.447151
3081	2961	2.874992
3081	3027	1.128820
3081	3028	0.535582
3081	3080	0.310835
3081	3082	0.261364
3082	2948	1.916663
3082	3026	1.261623
3082	3027	0.487445
3082	3081	0.261364
3082	3083	0.219048
3083	1689	1.191533
3083	2948	4.599979
3083	2949	3.285703
3083	3026	0.974890
3083	3082	0.219048
3083	3084	0.203540
3083	3103	5.623579
3084	1689	2.680944
3084	2949	22.999471
3084	3024	22.999471
3084	3083	0.203540
3084	3085	0.865170
3084	3099	22.999471
3084	3100	2.811798
3084	3102	0.803372
3084	3103	1.405901
3085	3007	3.213482
3085	3008	1.183917
3085	3023	0.839046
3085	3024	1.249690
3085	3084	0.865170
3085	3086	0.275000
3085	3099	1.606743
3085	3100	3.142847
3085	3102	0.564102
3086	1683	0.611111
3086	3008	1.499627
3086	3022	10.487978
3086	3023	0.953462
3086	3085	0.275000
3086	3087	0.295979
3086	3099	5.623579
3087	1683	2.499376
3087	3086	0.295979
3087	3088	0.225764
3087	3097	22.999471
3087	3098	1.191533
3087	3099	1.437498
3088	3087	0.225764
3088	3089	0.408163
3088	3096	21.447151
3088	3097	1.531970
3088	3098	3.333322
3089	3088	0.408163
3089	3090	0.281690
3089	3096	1.261623
3089	3097	0.630812
3090	3089	0.281690
3090	3091	0.261556
3090	3095	1.021314
3090	3096	0.974890
3091	3090	0.261556
3091	3092	0.857904
3091	3093	0.803372
3091	3094	1.787298
3091	3095	0.638888
3092	2850	9.999900
3092	2851	3.999984
3092	3091	0.857904
3092	3093	0.228002
3092	3094	19.999600
3093	2851	10.487978
3093	2852	20.975737
3093	3091	0.803372
3093	3092	0.228002
3093	3094	0.287345
3094	3091	1.787298
3094	3092	19.999600
3094	3093	0.287345
3094	3095	0.306394
3095	3090	1.021314
3095	3091	0.638888
3095	3094	0.306394
3095	3096	0.247312
3096	3088	21.447151
3096	3089	1.261623
3096	3090	0.974890
3096	3095	0.247312
3096	3097	0.319444
3097	3087	22.999471
3097	3088	1.531970
3097	3089	0.630812
3097	3096	0.319444
3097	3098	0.191496
3098	3087	1.191533
3098	3088	3.333322
3098	3097	0.191496
3098	3099	0.302079
3098	3100	1.498296
3099	3084	22.999471
3099	3085	1.606743
3099	3086	5.623579
3099	3087	1.437498
3099	3098	0.302079
3099	3100	0.200843
3100	3008	7.498092
3100	3084	2.811798
3100	3085	3.142847
3100	3098	1.498296
3100	3099	0.200843
3100	3101	0.676650
3100	3102	0.278481
3101	3100	0.676650
3101	3102	0.723316
3101	3103	20.975737
3102	3007	0.833127
3102	3008	7.498092
3102	3024	3.749060
3102	3084	0.803372
3102	3085	0.564102
3102	3100	0.278481
3102	3101	0.723316
3102	3103	0.250000
3103	1689	0.304002
3103	3006	1.906922
3103	3007	1.323201
3103	3024	1.249690
3103	3025	2.044945
3103	3083	5.623579
3103	3084	1.405901
3103	3101	20.975737
3103	3102	0.250000
3104	1689	0.645161
3104	3004	1.261623
3104	3005	19.999600
3104	3025	0.670237
3104	3026	2.857135
3104	3105	0.327869
3105	3003	1.340474
3105	3004	0.691858
3105	3104	0.327869
3105	3106	0.281690
3106	3002	1.340474
3106	3003	0.670237
3106	3105	0.281690
3106	3107	0.384615
3106	3280	3.063935
3106	3281	6.666622
3107	3001	1.261623
3107	3002	0.714920
3107	3106	0.384615
3107	3108	0.434782
3107	3273	21.447151
3107	3274	2.499994
3107	3275	10.723690
3107	3280	3.574589
3107	3281	1.818179
3107	3282	6.666622
3108	3000	1.021314
3108	3001	0.523112
3108	3107	0.434782
3108	3109	0.246524
3108	3273	4.289504
3108	3274	6.666622
3108	3282	9.999900
3109	2998	1.949779
3109	2999	1.874533
3109	3000	0.999999
3109	3108	0.246524
3109	3110	0.749814
3110	2997	20.975737
3110	2998	1.398410
3110	2999	0.379310
3110	3109	0.749814
3110	3111	0.846153
3110	3112	0.288390
3111	2260	5.244017
3111	2261	2.444438
3111	2262	7.498092
3111	3110	0.846153
3111	3112	0.661601
3111	3190	1.999996
3112	2996	22.999471
3112	2997	1.261623
3112	2998	1.429839
3112	3110	0.288390
3112	3111	0.661601
3112	3113	0.228166
3113	2995	21.447151
3113	2996	1.261623
3113	2997	1.999996
3113	3074	1.949779
3113	3112	0.228166
3113	3114	0.317460
3114	2994	20.975737
3114	2995	1.340474
3114	2996	0.857904
3114	3036	10.487978
3114	3037	1.021314
3114	3038	21.447151
3114	3073	1.538459
3114	3074	1.531970
3114	3113	0.317460
3114	3115	0.295439
3115	2994	3.666653
3115	2995	5.623579
3115	3037	2.249439
3115	3038	1.022474
3115	3072	20.975737
3115	3073	1.613549
3115	3114	0.295439
3115	3116	0.607958
3115	3117	0.702951
3116	2985	22.999471
3116	2986	3.285703
3116	3038	5.749967
3116	3039	4.599979
3116	3115	0.607958
3116	3117	0.919999
3117	2993	1.649813
3117	2994	0.702951
3117	3038	2.874992
3117	3039	5.749967
3117	3115	0.702951
3117	3116	0.919999
3117	3118	0.252747
3118	2991	21.447151
3118	2992	1.261623
3118	2993	0.691858
3118	3039	22.999471
3118	3117	0.252747
3118	3119	0.247192
3119	2990	10.487978
3119	2991	1.498296
3119	2992	1.398410
3119	3118	0.247192
3119	3120	0.255619
3120	2989	4.599979
3120	2990	1.261623
3120	2991	1.191533
3120	3119	0.255619
3120	3121	0.235688
3121	2989	1.261623
3121	2990	19.999600
3121	3120	0.235688
3121	3122	0.327869
3121	3125	21.447151
3122	2989	2.383062
3122	3121	0.327869
3122	3123	0.524404
3122	3124	0.338325
3122	3125	1.261623
3123	3122	0.524404
3123	3124	0.709677
3123	3125	11.247095
3124	3122	0.338325
3124	3123	0.709677
3124	3125	0.381262
3125	2988	7.149152
3125	2989	0.237113
3125	3121	21.447151
3125	3122	1.261623
3125	3123	11.247095
3125	3124	0.381262
3125	3126	1.249690
3126	2256	1.906922
3126	2257	7.498092
3126	2912	20.975737
3126	2913	3.666653
3126	2938	4.399981
3126	2940	1.405901
3126	2941	22.493938
3126	2988	0.912007
3126	3125	1.249690
3126	3127	0.211538
3127	2912	1.104008
3127	2913	5.499970
3127	2938	21.999516
3127	2940	2.811798
3127	2941	3.213482
3127	2987	0.956521
3127	2988	2.622015
3127	3126	0.211538
3127	3128	0.239130
3128	2911	0.998865
3128	2912	1.048808
3128	2940	7.498092
3128	2941	1.183917
3128	2986	2.044945
3128	2987	1.692305
3128	3127	0.239130
3128	3129	0.271605
3129	2910	20.975737
3129	2911	1.104008
3129	2941	1.874533
3129	2942	2.811798
3129	2985	4.498869
3129	2986	1.183917
3129	3128	0.271605
3129	3130	0.292136
3130	2942	1.352939
3130	2943	10.723690
3130	2985	2.555549
3130	2986	3.833319
3130	3129	0.292136
3130	3131	0.335119
3131	2984	1.261623
3131	2985	2.383062
3131	3130	0.335119
3131	3132	0.377358
3132	2983	1.261623
3132	2984	0.549938
3132	3131	0.377358
3132	3133	0.270270
3133	2982	1.021314
3133	2983	0.691858
3133	3056	2.222217
3133	3132	0.270270
3133	3134	0.298507
3134	2981	1.531970
3134	2982	0.595767
3134	3054	1.048808
3134	3055	19.999600
3134	3056	0.625000
3134	3133	0.298507
3134	3135	0.250000
3135	2978	1.340474
3135	2979	1.398410
3135	2981	3.063935
3135	3053	2.330681
3135	3054	1.233891
3135	3055	0.909090
3135	3134	0.250000
3135	3136	0.616946
3136	2978	0.899777
3136	2979	0.305555
3136	3053	10.999879
3136	3135	0.616946
3136	3137	0.226804
3137	2978	1.071163
3137	3136	0.226804
3137	3138	0.303979
3138	2976	2.299995
3138	2977	0.974890
3138	2978	0.851851
3138	3137	0.303979
3138	3139	0.212353
3139	2976	1.072379
3139	2977	3.999984
3139	3138	0.212353
3139	3140	0.272418
3139	3142	1.498296
3140	2976	0.661601
3140	3139	0.272418
3140	3141	0.953462
3140	3142	0.478261
3141	3140	0.953462
3141	3142	0.776895
3142	2976	11.247095
3142	2977	2.330681
3142	3139	1.498296
3142	3140	0.478261
3142	3141	0.776895
3142	3143	0.209524
3143	2974	11.247095
3143	2975	1.498296
3143	2977	1.311009
3143	2978	7.498092
3143	3142	0.209524
3143	3144	0.225550
3144	2974	1.261623
3144	2975	6.666622
3144	2977	1.333332
3144	2978	1.787298
3144	3143	0.225550
3144	3145	0.298507
3145	2973	1.072379
3145	2974	0.670237
3145	3144	0.298507
3145	3146	0.281690
3146	2972	1.498296
3146	2973	0.670237
3146	3145	0.281690
3146	3147	0.329963
3147	2970	22.999471
3147	2971	1.128820
3147	2972	0.478605
3147	3146	0.329963
3147	3148	0.233126
3148	2970	1.191533
3148	2971	1.818179
3148	3147	0.233126
3148	3149	0.320113
3149	2968	21.447151
3149	2969	1.261623
3149	2970	0.425926
3149	3148	0.320113
3149	3150	0.234694
3150	1671	22.493938
3150	2968	1.261623
3150	2969	0.765986
3150	3149	0.234694
3150	3151	0.216981
3151	1671	7.498092
3151	1672	1.606743
3151	2967	1.429839
3151	2968	0.794355
3151	3150	0.216981
3151	3152	0.295979
3152	1669	3.213482
3152	1670	3.749060
3152	1672	0.814814
3152	1673	3.496017
3152	2966	1.398410
3152	2967	0.912007
3152	3151	0.295979
3152	3153	0.239130
3153	1670	22.493938
3153	1673	1.906922
3153	2903	0.548645
3153	2965	1.311009
3153	2966	1.165342
3153	3152	0.239130
3153	3154	0.655505
3154	1660	19.999600
3154	1673	3.999984
3154	1674	1.949779
3154	2903	21.447151
3154	2908	1.191533
3154	2909	1.104008
3154	3153	0.655505
3154	3155	0.333333
3155	1659	3.333322
3155	1660	3.999984
3155	2907	1.261623
3155	2908	0.630812
3155	3154	0.333333
3155	3156	0.312500
3156	1659	9.999900
3156	2906	1.191533
3156	2907	0.549938
3156	3155	0.312500
3156	3157	0.351600
3157	2902	11.247095
3157	2905	1.128820
3157	2906	0.338235
3157	3156	0.351600
3157	3158	0.274969
3158	2871	10.723690
3158	2900	1.999996
3158	2901	0.999999
3158	2902	1.165342
3158	2954	19.999600
3158	2955	20.975737
3158	2957	1.666664
3158	3157	0.274969
3158	3159	0.912007
3159	2870	7.498092
3159	2871	3.213482
3159	2872	0.446301
3159	2873	1.311009
3159	2874	2.097613
3159	2899	2.249439
3159	2900	0.466137
3159	2953	21.999516
3159	2954	4.195218
3159	2955	3.666653
3159	3158	0.912007
3159	3160	0.199773
3160	2870	1.261623
3160	2871	21.447151
3160	2873	3.999984
3160	2874	0.999999
3160	2953	20.975737
3160	2954	3.333322
3160	2955	5.244017
3160	3159	0.199773
3160	3161	0.370370
3160	3166	1.398410
3161	2869	1.261623
3161	2870	0.794355
3161	3160	0.370370
3161	3162	0.278540
3161	3164	10.487978
3161	3166	0.395777
3162	2867	1.323201
3162	2868	1.405901
3162	2869	2.090905
3162	3161	0.278540
3162	3163	0.893650
3162	3164	0.899777
3163	2862	10.487978
3163	2865	19.999600
3163	2866	19.999600
3163	3162	0.893650
3163	3164	0.524404
3163	3177	0.408163
3163	3178	3.063935
3164	2862	4.399981
3164	2863	22.493938
3164	2868	2.199995
3164	2869	11.247095
3164	3161	10.487978
3164	3162	0.899777
3164	3163	0.524404
3164	3165	0.687500
3164	3166	1.374998
3164	3167	0.313077
3164	3176	5.623579
3164	3177	1.613549
3165	2892	0.284740
3165	3164	0.687500
3165	3166	0.956521
3165	3172	0.268293
3165	3173	2.622015
3166	2869	22.493938
3166	2870	4.498869
3166	2873	0.699205
3166	2874	20.975737
3166	2892	1.405901
3166	3160	1.398410
3166	3161	0.395777
3166	3164	1.374998
3166	3165	0.956521
3166	3167	0.655505
3167	2868	4.195218
3167	2869	0.893650
3167	2870	1.429839
3167	3164	0.313077
3167	3166	0.655505
3167	3168	0.416666
3167	3176	1.261623
3167	3177	9.999900
3168	2870	21.447151
3168	3167	0.416666
3168	3169	0.389956
3168	3175	1.261623
3168	3176	0.564410
3169	2352	7.498092
3169	3168	0.389956
3169	3170	1.071163
3169	3173	0.329963
3169	3175	0.338235
3170	2314	7.333280
3170	2352	5.499970
3170	3169	1.071163
3170	3171	0.806775
3170	3173	5.244017
3171	2312	19.999600
3171	2313	3.496017
3171	2831	1.649813
3171	3170	0.806775
3171	3172	0.912007
3171	3173	0.370370
3172	2884	0.511237
3172	2885	0.978018
3172	3165	0.268293
3172	3171	0.912007
3172	3173	0.998865
3172	3203	22.493938
3173	2312	6.666622
3173	2313	6.992010
3173	2831	1.261623
3173	3165	2.622015
3173	3169	0.329963
3173	3170	5.244017
3173	3171	0.370370
3173	3172	0.998865
3173	3174	0.839046
3173	3175	21.447151
3174	2312	0.241105
3174	2316	6.992010
3174	2317	2.097613
3174	2831	1.323201
3174	2832	0.305555
3174	3173	0.839046
3174	3175	0.899777
3175	2316	3.574589
3175	2317	3.574589
3175	3168	1.261623
3175	3169	0.338235
3175	3173	21.447151
3175	3174	0.899777
3175	3176	0.261364
3176	3164	5.623579
3176	3167	1.261623
3176	3168	0.564410
3176	3175	0.261364
3176	3177	0.240984
3177	2300	19.999600
3177	3163	0.408163
3177	3164	1.613549
3177	3167	9.999900
3177	3176	0.240984
3177	3178	0.670237
3178	2300	21.447151
3178	2330	5.361874
3178	2331	1.437498
3178	2866	1.340474
3178	2867	0.478605
3178	3163	3.063935
3178	3177	0.670237
3178	3179	0.333333
3179	2258	7.666608
3179	2259	21.447151
3179	2865	1.340474
3179	2866	0.510657
3179	3178	0.333333
3179	3180	0.283951
3180	2259	10.723690
3180	2864	1.340474
3180	2865	0.487445
3180	3179	0.283951
3180	3181	0.274969
3181	2863	1.261623
3181	2864	1.249998
3181	3180	0.274969
3181	3182	0.223413
3182	2860	0.335119
3182	2861	1.183917
3182	2863	1.916663
3182	3181	0.223413
3182	3183	0.657142
3183	2859	5.749967
3183	2860	7.149152
3183	3001	2.874992
3183	3002	22.999471
3183	3182	0.657142
3183	3184	0.264368
3183	3195	1.531970
3183	3196	0.351600
3184	2860	21.447151
3184	3001	1.642854
3184	3002	3.285703
3184	3183	0.264368
3184	3185	0.238307
3184	3193	11.247095
3184	3194	1.261623
3184	3195	0.893650
3184	4219	10.723690
3184	4220	5.361874
3185	3002	7.149152
3185	3184	0.238307
3185	3186	0.306394
3185	3193	1.498296
3185	3194	6.666622
3185	4219	1.249998
3185	4220	4.999975
3186	1694	0.252325
3186	3185	0.306394
3186	3191	3.833319
3186	3192	1.072379
3186	3193	0.591959
3186	3299	22.493938
3186	3300	7.498092
3186	4218	1.769228
3186	4219	2.680944
3187	1694	1.165342
3187	2263	4.498869
3187	3188	0.247191
3187	3238	3.213482
3187	3239	2.097613
3188	1694	3.496017
3188	2262	1.071163
3188	2263	4.498869
3188	3187	0.247191
3188	3189	0.227217
3189	2261	0.899777
3189	2262	1.352939
3189	3188	0.227217
3189	3190	0.702951
3189	3191	0.267442
3190	2260	3.496017
3190	2261	0.709677
3190	2297	3.666653
3190	2298	21.999516
3190	2860	0.466137
3190	3111	1.999996
3190	3189	0.702951
3190	3191	0.865170
3191	1694	1.261623
3191	2261	5.623579
3191	2297	11.247095
3191	2860	3.063935
3191	3186	3.833319
3191	3189	0.267442
3191	3190	0.865170
3191	3192	0.221109
3191	3300	22.493938
3191	3301	4.289504
3192	1694	6.666622
3192	3186	1.072379
3192	3191	0.221109
3192	3193	0.343872
3192	3300	0.953462
3192	3301	1.249998
3193	3184	11.247095
3193	3185	1.498296
3193	3186	0.591959
3193	3192	0.343872
3193	3194	0.238366
3193	3300	2.199995
3193	4218	3.749060
3193	4231	20.975737
3193	4232	1.571426
3194	3184	1.261623
3194	3185	6.666622
3194	3193	0.238366
3194	3195	0.289855
3194	4218	4.289504
3194	4219	0.999999
3194	4220	4.999975
3194	4230	3.063935
3194	4231	1.176469
3194	4232	2.996588
3195	2857	19.999600
3195	2858	19.999600
3195	2859	0.536190
3195	2860	6.666622
3195	3183	1.531970
3195	3184	0.893650
3195	3194	0.289855
3195	3196	0.714285
3195	4219	19.999600
3195	4220	0.952380
3195	4230	7.149152
3196	2858	19.999600
3196	2859	1.128820
3196	2861	20.975737
3196	3183	0.351600
3196	3195	0.714285
3196	3197	0.276002
3197	2859	1.405901
3197	2861	2.444438
3197	2863	2.249439
3197	3196	0.276002
3197	3198	0.210228
3198	2858	1.261623
3198	2859	1.916663
3198	2861	11.247095
3198	2862	22.493938
3198	2863	1.045453
3198	2864	7.149152
3198	3197	0.210228
3198	3199	0.258427
3199	2856	22.999471
3199	2857	1.261623
3199	2858	0.670237
3199	2862	11.247095
3199	2863	2.090905
3199	3198	0.258427
3199	3200	0.228166
3200	2834	1.748012
3200	2856	1.261623
3200	2857	1.333332
3200	2862	10.487978
3200	3199	0.228166
3200	3201	0.564410
3201	2834	1.249690
3201	2835	1.405901
3201	2836	0.865170
3201	2855	1.261623
3201	2856	0.348485
3201	3200	0.564410
3201	3202	0.498781
3202	2832	1.398410
3202	2833	4.999975
3202	2834	0.582671
3202	2835	5.244017
3202	2836	6.992010
3202	3201	0.498781
3202	3203	0.893650
3203	2831	22.999471
3203	2832	3.749060
3203	2848	1.949779
3203	2849	2.680944
3203	2884	11.499868
3203	2885	2.555549
3203	2886	1.340474
3203	2887	1.531970
3203	2888	1.769228
3203	3172	22.493938
3203	3202	0.893650
3203	3204	0.765986
3204	2830	0.666666
3204	2831	2.680944
3204	2832	20.975737
3204	2847	2.622015
3204	2848	19.999600
3204	2885	7.149152
3204	2886	0.571428
3204	3203	0.765986
3204	3205	0.302079
3204	3540	1.191533
3204	3541	0.564410
3205	2847	0.775670
3205	3204	0.302079
3205	3206	0.291139
3205	3539	1.191533
3205	3540	0.403509
3206	2837	22.999471
3206	3205	0.291139
3206	3207	0.244681
3206	3538	1.261623
3206	3539	0.595767
3207	3206	0.244681
3207	3208	0.208282
3207	3537	1.261623
3207	3538	0.549938
3208	3207	0.208282
3208	3209	0.255619
3208	3536	5.499970
3208	3537	1.311009
3208	4340	11.247095
3208	4341	21.999516
3208	4342	20.975737
3209	3208	0.255619
3209	3210	1.071163
3209	3536	22.493938
3209	4340	1.769228
3210	3209	1.071163
3210	3211	0.268293
3210	3536	2.749992
3210	3537	2.996588
3210	3579	1.874533
3210	3580	1.730339
3210	4340	22.493938
3210	4341	0.785714
3211	3210	0.268293
3211	3212	0.188975
3211	3535	7.498092
3211	3536	1.294116
3211	3580	1.730339
3211	3581	20.975737
3212	3211	0.188975
3212	3213	0.350877
3212	3535	1.261623
3212	3536	3.496017
3212	3581	19.999600
3213	3212	0.350877
3213	3214	0.277778
3213	3533	21.447151
3213	3534	1.261623
3213	3535	0.893650
3214	2307	5.361874
3214	2833	19.999600
3214	3213	0.277778
3214	3215	0.256410
3214	3532	20.975737
3214	3533	1.340474
3214	3534	0.857904
3215	2275	1.906922
3215	2306	5.361874
3215	2307	3.063935
3215	3214	0.256410
3215	3216	0.266667
3215	3532	1.398410
3215	3533	1.261623
3216	2275	2.330681
3216	3215	0.266667
3216	3217	0.437706
3216	3531	1.261623
3216	3532	0.676650
3216	4233	6.666622
3217	3216	0.437706
3217	3218	0.249391
3217	3529	22.999471
3217	3530	1.191533
3217	3531	0.323944
3217	4208	4.289504
3217	4209	5.361874
3217	4210	21.447151
3217	4233	7.149152
3217	4234	11.247095
3218	3217	0.249391
3218	3219	0.298507
3218	3529	1.261623
3218	3530	2.499994
3218	4207	21.447151
3218	4208	1.666664
3219	3218	0.298507
3219	3220	0.699205
3219	3523	1.021314
3219	3528	1.261623
3219	3529	0.714920
3219	4207	1.021314
3219	4208	1.999996
3220	3219	0.699205
3220	3221	0.231579
3220	3523	3.749060
3220	3526	20.975737
3220	3527	1.906922
3220	4206	1.730339
3220	4207	2.499376
3220	4247	0.338325
3221	3220	0.231579
3221	3222	0.247192
3221	3523	7.498092
3221	3526	1.498296
3221	3527	2.622015
3222	3221	0.247192
3222	3223	0.315068
3222	3225	2.499376
3222	3523	22.999471
3222	3525	1.261623
3222	3526	0.670237
3223	3222	0.315068
3223	3224	1.071163
3223	3225	4.498869
3223	3521	7.149152
3223	3522	0.412454
3223	3523	2.299995
3223	3524	4.289504
3223	3525	7.149152
3224	3223	1.071163
3224	3225	0.349206
3224	3226	0.874007
3224	3227	20.975737
3224	3230	0.239303
3224	3231	6.992010
3224	3232	1.999996
3224	3233	7.333280
3224	3521	20.975737
3224	3522	1.233891
3224	3524	0.327753
3225	3222	2.499376
3225	3223	4.498869
3225	3224	0.349206
3225	3226	0.616946
3225	3227	5.244017
3225	3524	1.498296
3225	3525	0.699205
3225	4069	22.493938
3225	4070	0.899777
3225	4071	2.499376
3226	3224	0.874007
3226	3225	0.616946
3226	3227	0.198020
3226	3230	2.680944
3226	3524	0.833333
3226	3525	0.909090
3226	4070	3.063935
3226	4071	2.383062
3227	3224	20.975737
3227	3225	5.244017
3227	3226	0.198020
3227	3228	0.833333
3227	3229	0.606060
3227	3230	2.680944
3227	4071	10.723690
3228	3227	0.833333
3228	3229	0.317460
3228	4029	21.447151
3228	4030	7.149152
3228	4074	1.949779
3228	4075	2.857135
3228	4102	21.447151
3228	4103	0.649927
3229	3227	0.606060
3229	3228	0.317460
3229	3230	0.714920
3229	3231	0.999999
3229	4073	19.999600
3230	3224	0.239303
3230	3226	2.680944
3230	3227	2.680944
3230	3229	0.714920
3230	3231	0.893650
3230	3232	3.213482
3230	3233	2.044945
3230	3234	11.499868
3230	3520	1.916663
3230	3521	1.261623
3230	3522	1.531970
3231	2304	21.447151
3231	2305	5.361874
3231	3224	6.992010
3231	3229	0.999999
3231	3230	0.893650
3231	3232	0.230507
3231	3524	2.857135
3232	2304	5.623579
3232	2305	1.323201
3232	3224	1.999996
3232	3230	3.213482
3232	3231	0.230507
3232	3233	0.222222
3232	3524	1.311009
3233	2319	20.975737
3233	3224	7.333280
3233	3230	2.044945
3233	3232	0.222222
3233	3234	0.202653
3233	3522	4.195218
3234	3230	11.499868
3234	3233	0.202653
3234	3235	0.289832
3234	3304	11.499868
3234	3520	3.833319
3234	3521	5.361874
3234	3522	3.063935
3235	3234	0.289832
3235	3236	0.256410
3235	3237	21.447151
3235	3304	0.765986
3235	3520	3.574589
3235	3521	1.818179
3236	3235	0.256410
3236	3237	0.310835
3236	3303	1.128820
3236	3304	0.893650
3237	3235	21.447151
3237	3236	0.310835
3237	3238	0.718749
3237	3255	22.999471
3237	3297	4.289504
3237	3302	0.258557
3237	3303	1.210525
3238	3187	3.213482
3238	3237	0.718749
3238	3239	0.196767
3238	3255	1.916663
3238	3261	3.833319
3238	3262	1.649813
3238	3297	0.278540
3238	3302	3.749060
3239	3187	2.097613
3239	3238	0.196767
3239	3240	0.294118
3239	3261	1.072379
3239	3262	19.999600
3240	3239	0.294118
3240	3241	0.317460
3240	3260	1.072379
3240	3261	0.714920
3241	3240	0.317460
3241	3242	0.322581
3241	3259	1.261623
3241	3260	0.579665
3242	3241	0.322581
3242	3243	0.225764
3242	3258	1.072379
3242	3259	0.579665
3243	3242	0.225764
3243	3244	0.258405
3243	3256	2.499376
3243	3257	1.249690
3243	3258	1.352939
3244	3243	0.258405
3244	3245	0.749149
3244	3254	0.655505
3244	3256	0.676650
3244	3257	0.839046
3245	1471	2.044945
3245	1472	11.247095
3245	3244	0.749149
3245	3246	0.333333
3245	3253	1.323201
3245	3254	1.294116
3245	3256	0.360656
3245	3307	10.487978
3246	1472	22.493938
3246	3245	0.333333
3246	3247	0.211881
3246	3252	22.493938
3246	3253	1.405901
3246	3509	7.333280
3247	3246	0.211881
3247	3248	0.298507
3247	3252	1.261623
3247	3253	1.949779
3247	3508	4.195218
3247	3509	20.975737
3248	3247	0.298507
3248	3249	0.714285
3248	3250	0.454545
3248	3251	1.949779
3248	3252	0.794355
3248	3508	1.498296
3249	3248	0.714285
3249	3250	0.540540
3249	3251	2.383062
3249	3369	1.498296
3249	3507	3.333322
3249	3508	0.499433
3250	3248	0.454545
3250	3249	0.540540
3250	3251	0.329963
3251	3248	1.949779
3251	3249	2.383062
3251	3250	0.329963
3251	3252	0.338235
3251	3508	22.493938
3252	3246	22.493938
3252	3247	1.261623
3252	3248	0.794355
3252	3251	0.338235
3252	3253	0.216981
3252	3508	2.811798
3252	3509	4.498869
3253	3245	1.323201
3253	3246	1.405901
3253	3247	1.949779
3253	3252	0.216981
3253	3254	0.351476
3253	3255	22.999471
3253	3509	1.606743
3253	3510	2.680944
3254	3244	0.655505
3254	3245	1.294116
3254	3253	0.351476
3254	3255	0.775670
3254	3256	0.385965
3255	3237	22.999471
3255	3238	1.916663
3255	3253	22.999471
3255	3254	0.775670
3255	3256	0.749814
3255	3257	5.623579
3255	3303	0.323944
3256	1470	22.493938
3256	1471	11.247095
3256	3243	2.499376
3256	3244	0.676650
3256	3245	0.360656
3256	3254	0.385965
3256	3255	0.749814
3256	3257	0.400000
3256	3305	20.975737
3256	3306	5.244017
3256	3307	5.244017
3257	1470	2.249439
3257	3243	1.249690
3257	3244	0.839046
3257	3255	5.623579
3257	3256	0.400000
3257	3258	0.330801
3257	3303	3.213482
3257	3305	1.748012
3257	3306	20.975737
3258	1469	2.249439
3258	3242	1.072379
3258	3243	1.352939
3258	3257	0.330801
3258	3259	0.252747
3258	3305	7.149152
3259	1430	1.949779
3259	3241	1.261623
3259	3242	0.579665
3259	3258	0.252747
3259	3260	0.264368
3260	1430	4.289504
3260	1431	3.063935
3260	3240	1.072379
3260	3241	0.579665
3260	3259	0.264368
3260	3261	0.264368
3261	3238	3.833319
3261	3239	1.072379
3261	3240	0.714920
3261	3260	0.264368
3261	3262	0.221109
3262	3238	1.649813
3262	3239	19.999600
3262	3261	0.221109
3262	3263	0.893650
3262	3296	3.063935
3262	3297	0.689655
3263	3262	0.893650
3263	3264	0.223413
3263	3290	7.666608
3263	3291	1.072379
3263	3292	1.128820
3263	3296	0.258427
3263	3298	1.642854
3264	3263	0.223413
3264	3265	0.400000
3264	3290	1.261623
3264	3291	3.333322
3264	4378	4.195218
3265	3264	0.400000
3265	3266	0.266667
3265	3289	1.311009
3265	3290	0.564410
3265	4377	1.072379
3265	4378	0.699205
3266	3265	0.266667
3266	3267	0.298507
3266	3288	1.261623
3266	3289	0.953462
3266	4376	1.052630
3266	4377	1.531970
3267	3266	0.298507
3267	3268	0.327869
3267	3287	1.072379
3267	3288	0.549938
3268	3267	0.327869
3268	3269	0.263158
3268	3286	1.261623
3268	3287	0.536190
3269	3268	0.263158
3269	3270	0.739572
3269	3285	1.531970
3269	3286	0.714920
3270	3269	0.739572
3270	3271	0.223301
3270	3284	1.261623
3270	3285	0.306667
3271	3270	0.223301
3271	3272	0.280488
3271	3283	1.531970
3271	3284	0.794355
3272	3271	0.280488
3272	3273	0.291139
3272	3282	1.649813
3272	3283	0.549938
3273	3107	21.447151
3273	3108	4.289504
3273	3272	0.291139
3273	3274	0.233126
3273	3280	22.999471
3273	3281	1.261623
3273	3282	0.893650
3274	3107	2.499994
3274	3108	6.666622
3274	3273	0.233126
3274	3275	0.255329
3274	3279	20.975737
3274	3280	1.429839
3274	3281	2.857135
3275	3107	10.723690
3275	3274	0.255329
3275	3276	0.591959
3275	3277	1.072379
3275	3278	1.352939
3275	3279	1.874533
3275	3280	7.666608
3276	3275	0.591959
3276	3277	0.552004
3276	3278	0.267791
3277	3275	1.072379
3277	3276	0.552004
3277	3278	0.739572
3278	3275	1.352939
3278	3276	0.267791
3278	3277	0.739572
3278	3279	0.227217
3279	3274	20.975737
3279	3275	1.874533
3279	3278	0.227217
3279	3280	0.192260
3280	3106	3.063935
3280	3107	3.574589
3280	3273	22.999471
3280	3274	1.429839
3280	3275	7.666608
3280	3279	0.192260
3280	3281	0.210271
3281	3106	6.666622
3281	3107	1.818179
3281	3273	1.261623
3281	3274	2.857135
3281	3280	0.210271
3281	3282	0.312500
3282	3107	6.666622
3282	3108	9.999900
3282	3272	1.649813
3282	3273	0.893650
3282	3281	0.312500
3282	3283	0.357143
3283	3271	1.531970
3283	3272	0.549938
3283	3282	0.357143
3283	3284	0.322581
3284	3270	1.261623
3284	3271	0.794355
3284	3283	0.322581
3284	3285	0.389956
3285	3269	1.531970
3285	3270	0.306667
3285	3284	0.389956
3285	3286	0.258427
3286	3268	1.261623
3286	3269	0.714920
3286	3285	0.258427
3286	3287	0.255555
3287	3267	1.072379
3287	3268	0.536190
3287	3286	0.255555
3287	3288	0.264368
3288	3266	1.261623
3288	3267	0.549938
3288	3287	0.264368
3288	3289	0.236784
3289	3265	1.311009
3289	3266	0.953462
3289	3288	0.236784
3289	3290	0.346068
3290	3263	7.666608
3290	3264	1.261623
3290	3265	0.564410
3290	3289	0.346068
3290	3291	0.264785
3290	4377	11.499868
3290	4378	1.323201
3291	3263	1.072379
3291	3264	3.333322
3291	3290	0.264785
3291	3292	0.277778
3291	4378	1.613549
3291	4379	1.949779
3292	3263	1.128820
3292	3291	0.277778
3292	3293	0.369786
3292	3296	1.340474
3292	4379	3.063935
3292	4380	2.383062
3293	3292	0.369786
3293	3294	0.857904
3293	3295	0.523126
3293	3296	0.418182
3293	3298	2.555549
3293	4215	22.999471
3294	3293	0.857904
3294	3295	0.241105
3294	4215	21.447151
3294	4237	1.428569
3294	4238	1.021314
3295	3293	0.523126
3295	3294	0.241105
3295	3296	0.937268
3295	3298	3.213482
3295	4215	1.606743
3295	4216	3.496017
3295	4237	1.398410
3296	3262	3.063935
3296	3263	0.258427
3296	3292	1.340474
3296	3293	0.418182
3296	3295	0.937268
3296	3297	0.794355
3296	3298	0.460000
3297	1694	9.999900
3297	3237	4.289504
3297	3238	0.278540
3297	3262	0.689655
3297	3296	0.794355
3297	3298	1.021314
3297	3300	20.975737
3297	3301	6.666622
3297	3302	6.992010
3298	3263	1.642854
3298	3293	2.555549
3298	3295	3.213482
3298	3296	0.460000
3298	3297	1.021314
3298	3299	0.576780
3298	3300	11.247095
3298	4216	0.549938
3298	4217	0.765986
3299	3186	22.493938
3299	3298	0.576780
3299	3300	0.278481
3299	4217	0.776895
3299	4218	2.249439
3299	4232	1.692305
3299	4235	1.183917
3299	4236	1.165342
3300	1694	5.244017
3300	3186	7.498092
3300	3191	22.493938
3300	3192	0.953462
3300	3193	2.199995
3300	3297	20.975737
3300	3298	11.247095
3300	3299	0.278481
3300	3301	0.283462
3300	4232	5.499970
3300	4233	4.195218
3300	4235	7.498092
3300	4236	10.487978
3301	1694	19.999600
3301	3191	4.289504
3301	3192	1.249998
3301	3297	6.666622
3301	3300	0.283462
3301	3302	0.616946
3302	3237	0.258557
3302	3238	3.749060
3302	3297	6.992010
3302	3301	0.616946
3302	3303	0.865170
3303	3236	1.128820
3303	3237	1.210525
3303	3255	0.323944
3303	3257	3.213482
3303	3302	0.865170
3303	3304	0.884615
3303	3305	3.574589
3304	3234	11.499868
3304	3235	0.765986
3304	3236	0.893650
3304	3303	0.884615
3304	3305	0.238307
3304	3519	1.261623
3304	3520	0.433962
3305	3256	20.975737
3305	3257	1.748012
3305	3258	7.149152
3305	3303	3.574589
3305	3304	0.238307
3305	3306	0.344827
3305	3518	1.261623
3305	3519	1.818179
3306	3256	5.244017
3306	3257	20.975737
3306	3305	0.344827
3306	3307	0.298507
3306	3517	1.398410
3306	3518	0.595767
3307	3245	10.487978
3307	3256	5.244017
3307	3306	0.298507
3307	3308	0.277778
3307	3516	1.072379
3307	3517	0.723316
3308	3307	0.277778
3308	3309	0.549938
3308	3489	9.999900
3308	3515	1.531970
3308	3516	0.670237
3309	3308	0.549938
3309	3310	0.291139
3309	3489	1.949779
3309	3490	22.999471
3309	3514	1.191533
3309	3515	0.302631
3310	3309	0.291139
3310	3311	0.228166
3310	3326	3.749060
3310	3469	5.623579
3310	3511	7.666608
3310	3513	1.261623
3310	3514	0.691858
3311	3310	0.228166
3311	3312	0.285968
3311	3326	0.806775
3311	3469	10.487978
3311	3511	1.340474
3311	3513	19.999600
3312	3311	0.285968
3312	3313	0.511237
3312	3314	1.072379
3312	3326	5.623579
3312	3327	3.749060
3312	3329	22.493938
3312	3509	5.623579
3312	3510	1.261623
3312	3511	0.500000
3313	3312	0.511237
3313	3314	0.262202
3313	3330	20.975737
3313	3331	2.749992
3313	3368	5.623579
3313	3369	0.282051
3313	3508	2.199995
3313	3509	1.374998
3314	2292	1.128820
3314	3312	1.072379
3314	3313	0.262202
3314	3315	0.555555
3314	3329	6.992010
3314	3330	2.499994
3314	3331	3.496017
3314	3509	2.330681
3314	3510	1.666664
3315	2292	0.302079
3315	2293	2.857135
3315	2327	1.398410
3315	3314	0.555555
3315	3316	0.369786
3315	3329	5.244017
3315	3330	19.999600
3315	3510	2.222217
3315	3511	5.361874
3316	2323	3.833319
3316	2327	1.730339
3316	2344	0.865170
3316	3315	0.369786
3316	3317	0.274969
3316	3327	22.493938
3316	3328	1.072379
3316	3329	0.535582
3317	2344	0.635641
3317	2345	4.195218
3317	3316	0.274969
3317	3318	0.273973
3317	3327	1.498296
3317	3328	1.333332
3318	2345	4.195218
3318	2346	6.992010
3318	3317	0.273973
3318	3319	0.526316
3318	3324	0.279682
3318	3325	1.398410
3318	3327	1.233891
3319	2346	1.048808
3319	2348	4.289504
3319	3318	0.526316
3319	3320	0.635641
3319	3323	0.368003
3319	3324	1.048808
3319	3325	1.748012
3319	4109	2.144756
3320	2249	1.498296
3320	2250	0.839046
3320	2349	2.996588
3320	2350	6.992010
3320	3319	0.635641
3320	3321	0.476731
3320	3322	2.996588
3320	3323	21.999516
3321	2315	0.349603
3321	2352	2.622015
3321	2353	3.999984
3321	3320	0.476731
3321	3322	0.909090
3321	4130	19.999600
3322	2315	20.975737
3322	3320	2.996588
3322	3321	0.909090
3322	3323	0.776895
3322	4107	1.538459
3322	4108	0.635641
3322	4129	1.128820
3322	4130	0.312500
3323	2303	20.975737
3323	2346	21.999516
3323	3319	0.368003
3323	3320	21.999516
3323	3322	0.776895
3323	3324	0.814814
3323	4108	0.488889
3323	4109	1.071163
3323	4128	1.606743
3323	4129	1.730339
3324	2302	7.498092
3324	2303	1.165342
3324	2304	7.498092
3324	3318	0.279682
3324	3319	1.048808
3324	3323	0.814814
3324	3325	0.523809
3324	3512	7.333280
3324	4128	22.493938
3325	2303	6.992010
3325	2346	21.999516
3325	3318	1.398410
3325	3319	1.748012
3325	3324	0.523809
3325	3326	0.687500
3325	3327	0.297297
3325	3512	2.749992
3325	3513	0.776895
3325	4109	2.044945
3325	4110	3.142847
3326	3310	3.749060
3326	3311	0.806775
3326	3312	5.623579
3326	3325	0.687500
3326	3327	0.578947
3326	3469	0.343750
3326	3511	7.498092
3326	3514	20.975737
3326	4110	21.999516
3326	4126	10.487978
3326	4127	1.613549
3327	2346	3.666653
3327	3312	3.749060
3327	3316	22.493938
3327	3317	1.498296
3327	3318	1.233891
3327	3325	0.297297
3327	3326	0.578947
3327	3328	0.283462
3327	4110	0.879999
3328	2344	1.748012
3328	2345	0.953462
3328	2346	20.975737
3328	3316	1.072379
3328	3317	1.333332
3328	3327	0.283462
3328	3329	0.265521
3328	4111	20.975737
3329	2327	2.444438
3329	2344	1.157893
3329	3312	22.493938
3329	3314	6.992010
3329	3315	5.244017
3329	3316	0.535582
3329	3328	0.265521
3329	3330	0.199773
3329	3368	4.498869
3330	2292	21.447151
3330	2327	5.244017
3330	3313	20.975737
3330	3314	2.499994
3330	3315	19.999600
3330	3329	0.199773
3330	3331	0.255807
3330	3368	0.579665
3331	3313	2.749992
3331	3314	3.496017
3331	3330	0.255807
3331	3332	0.424423
3331	3368	1.124721
3331	3369	1.466665
3332	3331	0.424423
3332	3333	0.306394
3332	3366	22.999471
3332	3367	1.261623
3332	3368	0.958332
3332	3369	22.493938
3332	3370	2.144756
3332	3501	22.493938
3333	783	21.447151
3333	3332	0.306394
3333	3334	0.273973
3333	3366	1.261623
3333	3367	2.499994
3333	3431	1.906922
3333	3501	2.622015
3334	3333	0.273973
3334	3335	0.281690
3334	3365	1.398410
3334	3366	0.974890
3334	3431	0.537850
3335	3334	0.281690
3335	3336	0.298507
3335	3364	1.261623
3335	3365	0.912007
3335	3431	3.496017
3335	3432	2.097613
3336	3335	0.298507
3336	3337	0.312500
3336	3363	1.649813
3336	3364	0.739572
3337	3336	0.312500
3337	3338	0.312500
3337	3343	6.992010
3337	3361	20.975737
3337	3362	1.261623
3337	3363	0.549938
3338	3337	0.312500
3338	3339	0.974890
3338	3340	19.999600
3338	3342	1.165342
3338	3343	1.048808
3338	3359	0.537850
3338	3361	1.233891
3338	3362	0.630812
3339	3338	0.974890
3339	3340	0.487445
3339	3342	3.749060
3339	3358	1.531970
3339	3359	0.316823
3339	4420	10.723690
3339	4430	13.564476
3340	3338	19.999600
3340	3339	0.487445
3340	3341	0.974890
3340	3342	0.338325
3340	3355	10.487978
3340	3357	1.340474
3340	3358	0.625000
3340	3359	4.195218
3340	3361	10.487978
3341	3340	0.974890
3341	3342	0.899777
3341	3732	3.063935
3341	3733	0.857904
3341	3743	22.999471
3342	3338	1.165342
3342	3339	3.749060
3342	3340	0.338325
3342	3341	0.899777
3342	3343	0.220000
3342	3354	1.323201
3342	3355	1.294116
3342	3357	1.730339
3342	3362	1.249690
3343	3337	6.992010
3343	3338	1.048808
3343	3342	0.220000
3343	3344	0.308473
3343	3354	1.323201
3343	3362	1.323201
3343	3363	2.499376
3344	3343	0.308473
3344	3345	0.344827
3344	3353	1.072379
3344	3354	3.574589
3344	3363	4.289504
3345	3344	0.344827
3345	3346	0.338983
3345	3352	1.311009
3345	3353	0.670237
3346	3345	0.338983
3346	3347	0.315406
3346	3351	1.261623
3346	3352	1.165342
3347	3346	0.315406
3347	3348	0.794355
3347	3349	0.511237
3347	3350	1.730339
3347	3351	0.657142
3348	1565	15.491693
3348	2924	1.340474
3348	3347	0.794355
3348	3349	0.265521
3349	2923	1.165342
3349	2924	3.749060
3349	2928	11.247095
3349	2929	2.499376
3349	3347	0.511237
3349	3348	0.265521
3349	3350	0.222222
3350	2922	1.906922
3350	2923	0.998865
3350	2929	1.183917
3350	2930	2.996588
3350	3347	1.730339
3350	3349	0.222222
3350	3351	0.330801
3351	2930	3.574589
3351	3346	1.261623
3351	3347	0.657142
3351	3350	0.330801
3351	3352	0.236784
3352	3345	1.311009
3352	3346	1.165342
3352	3351	0.236784
3352	3353	0.271017
3353	3344	1.072379
3353	3345	0.670237
3353	3352	0.271017
3353	3354	0.239583
3354	3342	1.323201
3354	3343	1.323201
3354	3344	3.574589
3354	3353	0.239583
3354	3355	0.212212
3354	3356	22.999471
3354	3362	3.833319
3355	3340	10.487978
3355	3342	1.294116
3355	3354	0.212212
3355	3356	0.978018
3355	3357	0.258557
3355	3362	2.499376
3356	3354	22.999471
3356	3355	0.978018
3356	3357	0.851851
3357	3340	1.340474
3357	3342	1.730339
3357	3355	0.258557
3357	3356	0.851851
3357	3358	0.268095
3357	3361	5.623579
3357	4421	1.325496
3358	3339	1.531970
3358	3340	0.625000
3358	3357	0.268095
3358	3359	0.839046
3358	3361	2.996588
3358	4420	2.499994
3358	4421	0.390326
3358	4422	1.999996
3359	3338	0.537850
3359	3339	0.316823
3359	3340	4.195218
3359	3358	0.839046
3359	3360	0.953462
3359	3361	0.338461
3359	4420	1.165342
3359	4421	3.111260
3359	4422	1.498296
3360	3359	0.953462
3360	3361	0.806775
3360	4422	3.333322
3360	4423	0.526316
3360	4424	0.993807
3361	3337	20.975737
3361	3338	1.233891
3361	3340	10.487978
3361	3357	5.623579
3361	3358	2.996588
3361	3359	0.338461
3361	3360	0.806775
3361	3362	0.258557
3361	4422	10.487978
3362	3337	1.261623
3362	3338	0.630812
3362	3342	1.249690
3362	3343	1.323201
3362	3354	3.833319
3362	3355	2.499376
3362	3361	0.258557
3362	3363	0.328571
3363	3336	1.649813
3363	3337	0.549938
3363	3343	2.499376
3363	3344	4.289504
3363	3362	0.328571
3363	3364	0.267442
3364	3335	1.261623
3364	3336	0.739572
3364	3363	0.267442
3364	3365	0.264640
3365	3334	1.398410
3365	3335	0.912007
3365	3364	0.264640
3365	3366	0.234317
3366	3332	22.999471
3366	3333	1.261623
3366	3334	0.974890
3366	3365	0.234317
3366	3367	0.204263
3366	3431	11.247095
3366	3501	2.811798
3366	3502	3.749060
3367	3332	1.261623
3367	3333	2.499994
3367	3366	0.204263
3367	3368	0.282205
3367	3501	0.839046
3367	3502	1.048808
3367	3503	2.330681
3368	3313	5.623579
3368	3329	4.498869
3368	3330	0.579665
3368	3331	1.124721
3368	3332	0.958332
3368	3367	0.282205
3368	3369	1.124721
3368	3503	5.623579
3369	3249	1.498296
3369	3313	0.282051
3369	3331	1.466665
3369	3332	22.493938
3369	3368	1.124721
3369	3370	0.180829
3369	3507	5.244017
3369	3508	1.294116
3370	3332	2.144756
3370	3369	0.180829
3370	3371	0.382993
3370	3506	1.261623
3370	3507	6.666622
3371	903	5.361874
3371	3370	0.382993
3371	3372	0.228166
3371	3504	4.599979
3371	3505	1.072379
3371	3506	0.365079
3372	903	3.333322
3372	904	5.244017
3372	3371	0.228166
3372	3373	0.246914
3372	3503	20.975737
3372	3504	1.128820
3373	3372	0.246914
3373	3374	0.253164
3373	3500	1.748012
3373	3501	20.975737
3373	3503	1.498296
3373	3504	0.824907
3374	3373	0.253164
3374	3375	0.714920
3374	3431	5.244017
3374	3500	0.566923
3374	3501	1.398410
3374	3503	0.912007
3375	3374	0.714920
3375	3376	0.249391
3375	3435	22.999471
3375	3436	1.261623
3375	3461	2.090905
3375	3462	0.456332
3375	3500	2.499376
3376	793	1.428569
3376	794	6.666622
3376	3375	0.249391
3376	3377	0.357143
3376	3435	1.191533
3376	3436	1.818179
3376	3459	6.992010
3377	793	19.999600
3377	794	2.857135
3377	3376	0.357143
3377	3378	0.769230
3377	3379	10.723690
3377	3430	0.691858
3377	3434	1.261623
3377	3435	0.670237
3377	3458	1.104008
3377	3459	1.233891
3378	3377	0.769230
3378	3379	0.765986
3378	3380	21.447151
3378	3381	6.666622
3378	3382	21.447151
3378	3429	0.357143
3378	3430	0.340438
3378	3432	1.498296
3378	3458	6.992010
3379	3377	10.723690
3379	3378	0.765986
3379	3380	0.306667
3379	3428	22.999471
3379	3434	22.999471
3379	3458	0.303979
3380	3378	21.447151
3380	3379	0.306667
3380	3381	0.252325
3380	3430	22.999471
3380	3432	22.493938
3380	3433	1.340474
3381	3378	6.666622
3381	3380	0.252325
3381	3382	0.310835
3381	3429	9.999900
3381	3432	1.398410
3381	3433	1.538459
3382	3378	21.447151
3382	3381	0.310835
3382	3383	0.194978
3382	3428	2.874992
3382	3429	1.261623
3382	3432	0.432585
3383	3382	0.194978
3383	3384	0.322581
3383	3428	1.072379
3383	3429	9.999900
3384	3383	0.322581
3384	3385	0.351600
3384	3427	1.261623
3384	3428	0.549938
3385	3384	0.351600
3385	3386	0.247312
3385	3426	1.261623
3385	3427	0.377049
3386	712	2.249439
3386	3385	0.247312
3386	3387	0.899777
3386	3388	5.623579
3386	3424	21.447151
3386	3425	1.128820
3386	3426	0.549938
3387	3386	0.899777
3387	3388	0.916666
3388	712	0.297297
3388	3386	5.623579
3388	3387	0.916666
3388	3389	0.224944
3388	3425	6.992010
3389	3388	0.224944
3389	3390	0.298701
3389	3424	1.261623
3389	3425	2.680944
3390	3389	0.298701
3390	3391	0.198589
3390	3422	7.666608
3390	3423	1.261623
3390	3424	0.579665
3391	3390	0.198589
3391	3392	0.350877
3391	3422	1.649813
3391	3423	3.333322
3392	3391	0.350877
3392	3393	0.723316
3392	3419	3.063935
3392	3420	3.496017
3392	3421	2.330681
3392	3422	2.383062
3393	3392	0.723316
3393	3394	0.244444
3393	3419	7.498092
3393	3420	0.366667
3393	3618	1.183917
3393	3754	1.233891
3393	3755	1.499627
3394	3393	0.244444
3394	3395	0.281180
3394	3419	3.213482
3394	3618	1.405901
3394	3619	4.498869
3394	3753	20.975737
3394	3754	1.233891
3395	3394	0.281180
3395	3396	0.273809
3395	3418	1.340474
3395	3419	1.769228
3395	3619	22.999471
3396	3395	0.273809
3396	3397	0.244681
3396	3417	1.072379
3396	3418	0.595767
3397	3396	0.244681
3397	3398	0.252747
3397	3415	5.623579
3397	3416	2.249439
3397	3417	2.144756
3398	3397	0.252747
3398	3399	0.749814
3398	3400	22.999471
3398	3414	0.377049
3398	3415	1.730339
3398	3416	22.493938
3399	3398	0.749814
3399	3400	0.241876
3399	3414	1.874533
3399	3415	0.268293
3400	3398	22.999471
3400	3399	0.241876
3400	3401	0.264368
3400	3413	1.340474
3400	3414	1.095237
3401	3400	0.264368
3401	3402	0.264368
3401	3412	1.261623
3401	3413	0.649927
3402	3401	0.264368
3402	3403	0.280488
3402	3411	1.340474
3402	3412	0.595767
3403	1977	10.723690
3403	1978	5.361874
3403	3402	0.280488
3403	3404	0.210271
3403	3409	4.599979
3403	3410	1.261623
3403	3411	0.974890
3403	3931	11.499868
3403	3932	1.323201
3404	1978	1.111110
3404	1979	20.975737
3404	3403	0.210271
3404	3405	0.320113
3404	3409	1.649813
3404	3410	9.999900
3404	3930	3.574589
3404	3931	1.531970
3404	3932	2.622015
3405	1978	21.447151
3405	1979	1.874533
3405	3404	0.320113
3405	3406	0.765986
3405	3407	0.591959
3405	3408	1.405901
3405	3409	0.433962
3405	3930	5.749967
3406	3405	0.765986
3406	3407	0.238366
3407	3405	0.591959
3407	3406	0.238366
3407	3408	0.285714
3408	3405	1.405901
3408	3407	0.285714
3408	3409	0.499876
3409	1978	5.361874
3409	1979	7.498092
3409	3403	4.599979
3409	3404	1.649813
3409	3405	0.433962
3409	3408	0.499876
3409	3410	0.228166
3410	1978	1.818179
3410	3403	1.261623
3410	3404	9.999900
3410	3409	0.228166
3410	3411	0.266667
3411	1977	1.176469
3411	1978	3.999984
3411	3402	1.340474
3411	3403	0.974890
3411	3410	0.266667
3411	3412	0.392157
3412	1941	19.999600
3412	3401	1.261623
3412	3402	0.595767
3412	3411	0.392157
3412	3413	0.363636
3413	3400	1.340474
3413	3401	0.649927
3413	3412	0.363636
3413	3414	0.252325
3414	3398	0.377049
3414	3399	1.874533
3414	3400	1.095237
3414	3413	0.252325
3414	3415	0.865170
3415	3397	5.623579
3415	3398	1.730339
3415	3399	0.268293
3415	3414	0.865170
3415	3416	0.278481
3416	3397	2.249439
3416	3398	22.493938
3416	3415	0.278481
3416	3417	0.255807
3417	3396	1.072379
3417	3397	2.144756
3417	3416	0.255807
3417	3418	0.444444
3418	3395	1.340474
3418	3396	0.595767
3418	3417	0.444444
3418	3419	0.345929
3419	3392	3.063935
3419	3393	7.498092
3419	3394	3.213482
3419	3395	1.769228
3419	3418	0.345929
3419	3420	1.124721
3420	3392	3.496017
3420	3393	0.366667
3420	3419	1.124721
3420	3421	0.203704
3420	3617	1.104008
3420	3618	1.124721
3420	3754	6.992010
3420	3755	1.874533
3421	3392	2.330681
3421	3420	0.203704
3421	3422	0.274322
3421	3616	2.996588
3421	3617	1.104008
3421	3755	1.499627
3421	3756	2.044945
3422	3390	7.666608
3422	3391	1.649813
3422	3392	2.383062
3422	3421	0.274322
3422	3423	0.204263
3422	3756	2.090905
3422	3757	7.149152
3423	3390	1.261623
3423	3391	3.333322
3423	3422	0.204263
3423	3424	0.333333
3424	3386	21.447151
3424	3389	1.261623
3424	3390	0.579665
3424	3423	0.333333
3424	3425	0.219780
3425	3386	1.128820
3425	3388	6.992010
3425	3389	2.680944
3425	3424	0.219780
3425	3426	0.408163
3426	712	5.244017
3426	3385	1.261623
3426	3386	0.549938
3426	3425	0.408163
3426	3427	0.310835
3427	3384	1.261623
3427	3385	0.377049
3427	3426	0.310835
3427	3428	0.264368
3428	3379	22.999471
3428	3382	2.874992
3428	3383	1.072379
3428	3384	0.549938
3428	3427	0.264368
3428	3429	0.212353
3429	3378	0.357143
3429	3381	9.999900
3429	3382	1.261623
3429	3383	9.999900
3429	3428	0.212353
3429	3430	0.974890
3429	3432	3.496017
3430	3377	0.691858
3430	3378	0.340438
3430	3380	22.999471
3430	3429	0.974890
3430	3431	0.978018
3430	3432	1.022474
3430	3433	2.680944
3430	3434	0.657142
3431	3333	1.906922
3431	3334	0.537850
3431	3335	3.496017
3431	3366	11.247095
3431	3374	5.244017
3431	3430	0.978018
3431	3432	0.956521
3431	3501	0.360656
3432	3335	2.097613
3432	3378	1.498296
3432	3380	22.493938
3432	3381	1.398410
3432	3382	0.432585
3432	3429	3.496017
3432	3430	1.022474
3432	3431	0.956521
3432	3433	0.349603
3433	3380	1.340474
3433	3381	1.538459
3433	3430	2.680944
3433	3432	0.349603
3433	3434	0.324964
3434	3377	1.261623
3434	3379	22.999471
3434	3430	0.657142
3434	3433	0.324964
3434	3435	0.283951
3434	3458	11.247095
3434	4118	22.999471
3435	3375	22.999471
3435	3376	1.191533
3435	3377	0.670237
3435	3434	0.283951
3435	3436	0.252325
3435	3458	2.811798
3435	3459	1.499627
3436	3375	1.261623
3436	3376	1.818179
3436	3435	0.252325
3436	3437	1.128820
3436	3459	1.748012
3436	3460	1.340474
3436	3461	0.382993
3436	3500	6.992010
3437	3436	1.128820
3437	3438	0.338235
3437	3455	1.072379
3437	3456	0.857904
3437	3460	0.270588
3437	3461	3.285703
3438	3437	0.338235
3438	3439	0.210271
3438	3453	7.666608
3438	3454	1.429839
3438	3455	0.510657
3439	3438	0.210271
3439	3440	0.344827
3439	3453	1.021314
3439	3454	4.999975
3440	3439	0.344827
3440	3441	0.487445
3440	3452	1.261623
3440	3453	0.630812
3441	3440	0.487445
3441	3442	0.223413
3441	3449	22.493938
3441	3451	1.261623
3441	3452	0.319444
3442	3441	0.223413
3442	3443	0.912007
3442	3449	0.349603
3442	3450	5.244017
3442	3451	1.666664
3443	1408	1.498296
3443	1409	0.814814
3443	1490	1.022474
3443	1491	1.233891
3443	3442	0.912007
3443	3444	0.999999
3443	3447	10.999879
3443	3448	1.498296
3443	3449	0.500000
3443	3450	0.709677
3444	132	7.035574
3444	134	1.563469
3444	135	0.953462
3444	176	3.316614
3444	317	7.035574
3444	318	17.549621
3444	1410	3.496017
3444	1488	21.999516
3444	1489	0.209524
3444	1490	2.811798
3444	3443	0.999999
3444	3445	0.874007
3444	3446	20.975737
3445	132	1.677048
3445	307	13.416228
3445	310	3.708085
3445	314	0.674199
3445	1410	4.999975
3445	3444	0.874007
3445	3446	0.224719
3446	132	3.354091
3446	303	13.416228
3446	307	2.683274
3446	1410	2.222217
3446	3444	20.975737
3446	3445	0.224719
3446	3447	0.238366
3447	1409	1.692305
3447	1410	1.906922
3447	3443	10.999879
3447	3446	0.238366
3447	3448	0.205649
3448	1409	10.487978
3448	3443	1.498296
3448	3447	0.205649
3448	3449	0.249716
3449	3441	22.493938
3449	3442	0.349603
3449	3443	0.500000
3449	3448	0.249716
3449	3450	0.550000
3449	3451	1.906922
3450	1407	6.992010
3450	1408	1.233891
3450	1491	1.748012
3450	1492	4.195218
3450	1513	0.978018
3450	3442	5.244017
3450	3443	0.709677
3450	3449	0.550000
3450	3451	0.299660
3451	1492	1.666664
3451	1493	21.447151
3451	1513	0.974890
3451	3441	1.261623
3451	3442	1.666664
3451	3449	1.906922
3451	3450	0.299660
3451	3452	0.456332
3452	3440	1.261623
3452	3441	0.319444
3452	3451	0.456332
3452	3453	0.298701
3453	800	22.493938
3453	3438	7.666608
3453	3439	1.021314
3453	3440	0.630812
3453	3452	0.298701
3453	3454	0.216642
3454	3438	1.429839
3454	3439	4.999975
3454	3453	0.216642
3454	3455	0.384615
3455	3437	1.072379
3455	3438	0.510657
3455	3454	0.384615
3455	3456	0.312500
3456	3437	0.857904
3456	3455	0.312500
3456	3457	0.425532
3456	3460	1.649813
3457	3456	0.425532
3457	3458	0.616946
3457	3459	0.446301
3457	3460	0.487445
3458	3377	1.104008
3458	3378	6.992010
3458	3379	0.303979
3458	3434	11.247095
3458	3435	2.811798
3458	3457	0.616946
3458	3459	0.222222
3459	3376	6.992010
3459	3377	1.233891
3459	3435	1.499627
3459	3436	1.748012
3459	3457	0.446301
3459	3458	0.222222
3459	3460	0.591959
3459	3461	22.493938
3460	3436	1.340474
3460	3437	0.270588
3460	3456	1.649813
3460	3457	0.487445
3460	3459	0.591959
3460	3461	0.851851
3461	3375	2.090905
3461	3436	0.382993
3461	3437	3.285703
3461	3459	22.493938
3461	3460	0.851851
3461	3462	0.649927
3461	3499	0.333333
3461	3500	1.730339
3462	3375	0.456332
3462	3461	0.649927
3462	3463	0.446301
3462	3499	1.021314
3462	3500	1.613549
3463	3462	0.446301
3463	3464	0.192260
3463	3499	1.249690
3463	3500	0.458333
3463	3504	2.811798
3464	3463	0.192260
3464	3465	0.230619
3464	3495	22.999471
3464	3498	1.261623
3464	3499	1.352939
3464	3504	4.599979
3464	3505	1.949779
3465	3464	0.230619
3465	3466	0.335119
3465	3468	20.975737
3465	3495	1.128820
3465	3498	1.818179
3465	3505	1.333332
3465	3506	5.361874
3466	3465	0.335119
3466	3467	0.899777
3466	3468	0.899777
3466	3471	7.149152
3466	3493	0.293803
3466	3495	0.310811
3467	3466	0.899777
3467	3468	0.758620
3467	3471	0.368003
3467	3473	10.487978
3467	3474	1.498296
3467	3476	0.271017
3467	3492	6.992010
3467	3493	1.398410
3468	3465	20.975737
3468	3466	0.899777
3468	3467	0.758620
3468	3469	0.687500
3468	3470	0.291336
3468	3471	6.992010
3468	3495	2.499376
3468	3498	1.748012
3469	3310	5.623579
3469	3311	10.487978
3469	3326	0.343750
3469	3468	0.687500
3469	3470	0.953462
3469	4111	1.099999
3469	4112	4.195218
3469	4125	20.975737
3469	4126	1.498296
3470	3468	0.291336
3470	3469	0.953462
3470	3471	0.833333
3470	3497	10.487978
3470	3498	0.769230
3470	3505	19.999600
3470	4112	1.538459
3470	4113	0.932504
3470	4125	2.857135
3470	4126	6.666622
3471	3466	7.149152
3471	3467	0.368003
3471	3468	6.992010
3471	3470	0.833333
3471	3472	0.571428
3471	3473	6.666622
3471	3474	19.999600
3471	3493	19.999600
3471	3495	3.574589
3471	3496	0.769230
3471	3497	4.195218
3471	4113	21.447151
3471	4124	10.723690
3471	4125	9.999900
3472	275	11.832020
3472	3471	0.571428
3472	3473	0.289855
3472	3474	19.999600
3472	3496	0.317460
3472	4124	21.447151
3473	272	1.972023
3473	274	13.416228
3473	289	12.648951
3473	293	3.708085
3473	3467	10.487978
3473	3471	6.666622
3473	3472	0.289855
3473	3474	0.263158
3474	271	3.944038
3474	272	1.075650
3474	293	2.966471
3474	3467	1.498296
3474	3471	19.999600
3474	3472	19.999600
3474	3473	0.263158
3474	3475	0.571428
3474	3476	0.456332
3475	272	11.832020
3475	3474	0.571428
3475	3476	0.794355
3475	3477	9.999900
3475	3486	0.307692
3475	3487	19.999600
3475	4078	5.361874
3476	3467	0.271017
3476	3474	0.456332
3476	3475	0.794355
3476	3477	0.235688
3476	3491	3.749060
3476	3492	1.340474
3477	3475	9.999900
3477	3476	0.235688
3477	3478	0.263158
3477	3490	21.447151
3477	3491	1.311009
3477	3492	3.999984
3478	1479	1.613549
3478	3477	0.263158
3478	3479	0.324964
3478	3490	1.191533
3478	3491	0.953462
3479	1419	1.405901
3479	1478	22.999471
3479	1479	1.124721
3479	3478	0.324964
3479	3480	0.294872
3479	3489	1.261623
3479	3490	0.343283
3480	1419	4.498869
3480	1420	3.833319
3480	1421	10.723690
3480	3479	0.294872
3480	3481	0.216981
3480	3485	22.999471
3480	3488	1.340474
3480	3489	0.579665
3481	1421	4.289504
3481	3480	0.216981
3481	3482	0.397178
3481	3485	0.793103
3481	3487	4.289504
3481	3488	3.063935
3482	3481	0.397178
3482	3483	0.723316
3482	3484	0.428085
3482	3485	1.128820
3483	3482	0.723316
3483	3484	0.222222
3483	4069	11.247095
3483	4070	7.498092
3483	4081	1.165342
3483	4082	10.999879
3484	3482	0.428085
3484	3483	0.222222
3484	3485	0.978018
3484	4070	1.071163
3484	4071	0.725627
3484	4080	1.748012
3484	4081	0.806775
3485	3480	22.999471
3485	3481	0.793103
3485	3482	1.128820
3485	3484	0.978018
3485	3486	1.021314
3485	3487	0.549938
3485	3488	21.447151
3485	3516	7.666608
3485	3517	1.874533
3485	4071	2.555549
3485	4072	0.893650
3485	4073	21.447151
3486	3475	0.307692
3486	3485	1.021314
3486	3487	0.555555
3486	3488	19.999600
3486	4072	1.428569
3486	4073	0.999999
3486	4075	2.499994
3486	4077	2.499994
3486	4078	5.361874
3487	3475	19.999600
3487	3481	4.289504
3487	3485	0.549938
3487	3486	0.555555
3487	3488	0.263158
3487	3515	21.447151
3487	3516	3.063935
3487	4072	4.999975
3487	4073	1.538459
3488	3480	1.340474
3488	3481	3.063935
3488	3485	21.447151
3488	3486	19.999600
3488	3487	0.263158
3488	3489	0.277778
3488	3515	4.289504
3488	3516	0.824907
3489	1419	6.992010
3489	3308	9.999900
3489	3309	1.949779
3489	3479	1.261623
3489	3480	0.579665
3489	3488	0.277778
3489	3490	0.420541
3490	1418	22.999471
3490	1419	0.702951
3490	1479	1.071163
3490	3309	22.999471
3490	3477	21.447151
3490	3478	1.191533
3490	3479	0.343283
3490	3489	0.420541
3490	3491	0.222717
3491	1479	3.666653
3491	1480	1.748012
3491	3476	3.749060
3491	3477	1.311009
3491	3478	0.953462
3491	3490	0.222717
3491	3492	0.283462
3492	1480	2.499994
3492	1481	1.999996
3492	3467	6.992010
3492	3476	1.340474
3492	3477	3.999984
3492	3491	0.283462
3492	3493	0.512820
3493	3466	0.293803
3493	3467	1.398410
3493	3471	19.999600
3493	3492	0.512820
3493	3494	0.799999
3493	3495	3.574589
3494	3493	0.799999
3494	3495	0.857904
3495	3464	22.999471
3495	3465	1.128820
3495	3466	0.310811
3495	3468	2.499376
3495	3471	3.574589
3495	3493	3.574589
3495	3494	0.857904
3495	3496	0.974890
3495	3497	3.749060
3495	3498	0.446825
3496	3471	0.769230
3496	3472	0.317460
3496	3495	0.974890
3496	3497	0.249716
3496	3498	9.999900
3497	3470	10.487978
3497	3471	4.195218
3497	3495	3.749060
3497	3496	0.249716
3497	3498	0.953462
3497	4113	1.022474
3497	4114	1.311009
3498	3464	1.261623
3498	3465	1.818179
3498	3468	1.748012
3498	3470	0.769230
3498	3495	0.446825
3498	3496	9.999900
3498	3497	0.953462
3498	3499	0.249391
3498	4113	3.574589
3499	3461	0.333333
3499	3462	1.021314
3499	3463	1.249690
3499	3464	1.352939
3499	3498	0.249391
3499	3500	0.642698
3499	3504	2.874992
3499	4113	4.599979
3499	4114	21.447151
3500	3373	1.748012
3500	3374	0.566923
3500	3375	2.499376
3500	3436	6.992010
3500	3461	1.730339
3500	3462	1.613549
3500	3463	0.458333
3500	3499	0.642698
3500	3501	0.999999
3500	3503	1.099999
3500	3504	1.071163
3501	3332	22.493938
3501	3333	2.622015
3501	3366	2.811798
3501	3367	0.839046
3501	3373	20.975737
3501	3374	1.398410
3501	3431	0.360656
3501	3500	0.999999
3501	3502	0.916666
3501	3503	0.305555
3502	3366	3.749060
3502	3367	1.048808
3502	3501	0.916666
3502	3503	0.916666
3503	3367	2.330681
3503	3368	5.623579
3503	3372	20.975737
3503	3373	1.498296
3503	3374	0.912007
3503	3500	1.099999
3503	3501	0.305555
3503	3502	0.916666
3503	3504	0.299926
3503	4112	20.975737
3504	3371	4.599979
3504	3372	1.128820
3504	3373	0.824907
3504	3463	2.811798
3504	3464	4.599979
3504	3499	2.874992
3504	3500	1.071163
3504	3503	0.299926
3504	3505	0.214476
3505	3371	1.072379
3505	3464	1.949779
3505	3465	1.333332
3505	3470	19.999600
3505	3504	0.214476
3505	3506	0.363519
3506	3370	1.261623
3506	3371	0.365079
3506	3465	5.361874
3506	3505	0.363519
3506	3507	0.202336
3507	3249	3.333322
3507	3369	5.244017
3507	3370	6.666622
3507	3506	0.202336
3507	3508	0.511614
3508	3247	4.195218
3508	3248	1.498296
3508	3249	0.499433
3508	3251	22.493938
3508	3252	2.811798
3508	3313	2.199995
3508	3369	1.294116
3508	3507	0.511614
3508	3509	0.222222
3509	3246	7.333280
3509	3247	20.975737
3509	3252	4.498869
3509	3253	1.606743
3509	3312	5.623579
3509	3313	1.374998
3509	3314	2.330681
3509	3508	0.222222
3509	3510	0.230507
3510	3253	2.680944
3510	3312	1.261623
3510	3314	1.666664
3510	3315	2.222217
3510	3509	0.230507
3510	3511	0.412454
3511	3310	7.666608
3511	3311	1.340474
3511	3312	0.500000
3511	3315	5.361874
3511	3326	7.498092
3511	3510	0.412454
3511	3512	0.937268
3511	3513	0.510657
3512	2301	3.749060
3512	2303	0.419523
3512	2321	1.498296
3512	2322	1.071163
3512	3324	7.333280
3512	3325	2.749992
3512	3511	0.937268
3512	3513	0.776895
3513	3310	1.261623
3513	3311	19.999600
3513	3325	0.776895
3513	3511	0.510657
3513	3512	0.776895
3513	3514	0.370370
3513	4127	19.999600
3514	3309	1.191533
3514	3310	0.691858
3514	3326	20.975737
3514	3513	0.370370
3514	3515	0.579665
3514	4127	0.952380
3514	4128	4.289504
3515	3308	1.531970
3515	3309	0.302631
3515	3487	21.447151
3515	3488	4.289504
3515	3514	0.579665
3515	3516	0.319444
3516	3307	1.072379
3516	3308	0.670237
3516	3485	7.666608
3516	3487	3.063935
3516	3488	0.824907
3516	3515	0.319444
3516	3517	0.241876
3517	3306	1.398410
3517	3307	0.723316
3517	3485	1.874533
3517	3516	0.241876
3517	3518	0.261563
3517	4072	20.975737
3518	3305	1.261623
3518	3306	0.595767
3518	3517	0.261563
3518	3519	0.246524
3519	3304	1.261623
3519	3305	1.818179
3519	3518	0.246524
3519	3520	0.293803
3520	3230	1.916663
3520	3234	3.833319
3520	3235	3.574589
3520	3304	0.433962
3520	3519	0.293803
3520	3521	0.246524
3521	3223	7.149152
3521	3224	20.975737
3521	3230	1.261623
3521	3234	5.361874
3521	3235	1.818179
3521	3520	0.246524
3521	3522	0.253164
3522	3223	0.412454
3522	3224	1.233891
3522	3230	1.531970
3522	3233	4.195218
3522	3234	3.063935
3522	3521	0.253164
3522	3523	0.932504
3522	3524	1.818179
3523	3219	1.021314
3523	3220	3.749060
3523	3221	7.498092
3523	3222	22.999471
3523	3223	2.299995
3523	3522	0.932504
3523	3524	1.021314
3523	3525	1.649813
3523	3526	3.574589
3523	3527	1.649813
3523	3528	0.377049
3524	3223	4.289504
3524	3224	0.327753
3524	3225	1.498296
3524	3226	0.833333
3524	3231	2.857135
3524	3232	1.311009
3524	3522	1.818179
3524	3523	1.021314
3524	3525	0.253164
3525	3222	1.261623
3525	3223	7.149152
3525	3225	0.699205
3525	3226	0.909090
3525	3523	1.649813
3525	3524	0.253164
3525	3526	0.500000
3526	3220	20.975737
3526	3221	1.498296
3526	3222	0.670237
3526	3523	3.574589
3526	3525	0.500000
3526	3527	0.224719
3526	3528	10.723690
3527	3220	1.906922
3527	3221	2.622015
3527	3523	1.649813
3527	3526	0.224719
3527	3528	0.404672
3527	4247	4.999975
3528	3219	1.261623
3528	3523	0.377049
3528	3526	10.723690
3528	3527	0.404672
3528	3529	0.277108
3528	4246	11.247095
3529	3217	22.999471
3529	3218	1.261623
3529	3219	0.714920
3529	3528	0.277108
3529	3530	0.225764
3529	4207	3.285703
3529	4208	7.149152
3529	4244	21.447151
3529	4245	0.932504
3529	4246	11.247095
3530	3217	1.191533
3530	3218	2.499994
3530	3529	0.225764
3530	3531	0.345929
3530	4207	5.361874
3530	4208	0.909090
3530	4243	2.680944
3530	4244	1.176469
3530	4245	3.999984
3531	3216	1.261623
3531	3217	0.323944
3531	3530	0.345929
3531	3532	0.292136
3531	4208	7.149152
3531	4209	3.574589
3531	4210	2.680944
3531	4243	5.749967
3532	2275	5.499970
3532	3214	20.975737
3532	3215	1.398410
3532	3216	0.676650
3532	3531	0.292136
3532	3533	0.234317
3532	4210	0.723316
3532	4234	21.999516
3533	2275	2.811798
3533	2833	2.383062
3533	3213	21.447151
3533	3214	1.340474
3533	3215	1.261623
3533	3532	0.234317
3533	3534	0.315068
3534	2833	0.714920
3534	3213	1.261623
3534	3214	0.857904
3534	3533	0.315068
3534	3535	0.255555
3535	2829	11.247095
3535	3211	7.498092
3535	3212	1.261623
3535	3213	0.893650
3535	3534	0.255555
3535	3536	0.214233
3536	2828	21.999516
3536	2829	3.666653
3536	3208	5.499970
3536	3209	22.493938
3536	3210	2.749992
3536	3211	1.294116
3536	3212	3.496017
3536	3535	0.214233
3536	3537	0.437003
3536	3580	5.623579
3537	2828	2.996588
3537	3207	1.261623
3537	3208	1.311009
3537	3210	2.996588
3537	3536	0.437003
3537	3538	0.338983
3537	3579	4.289504
3537	3580	5.361874
3537	4341	0.912007
3537	4342	19.999600
3538	3206	1.261623
3538	3207	0.549938
3538	3537	0.338983
3538	3539	0.357143
3538	3578	9.999900
3538	3579	10.723690
3538	4341	20.975737
3538	4342	1.538459
3539	3205	1.191533
3539	3206	0.595767
3539	3538	0.357143
3539	3540	0.389956
3540	2847	22.493938
3540	3204	1.191533
3540	3205	0.403509
3540	3539	0.389956
3540	3541	0.252747
3541	2829	22.493938
3541	2830	1.191533
3541	2886	1.261623
3541	2887	7.149152
3541	3204	0.564410
3541	3540	0.252747
3541	3542	0.274969
3542	2829	1.498296
3542	2830	3.999984
3542	2885	21.447151
3542	2886	2.499994
3542	3541	0.274969
3542	3543	0.258405
3543	2826	0.450980
3543	2827	0.564410
3543	2828	1.499627
3543	2829	1.405901
3543	2885	5.749967
3543	3542	0.258405
3543	3544	0.803372
3544	2310	5.244017
3544	2825	1.571426
3544	2826	4.498869
3544	2827	1.233891
3544	2828	0.305555
3544	3543	0.803372
3544	3545	0.244444
3544	4134	1.165342
3545	2310	0.998865
3545	2824	1.323201
3545	2825	1.294116
3545	2827	10.487978
3545	3544	0.244444
3545	3546	0.275000
3545	4134	2.330681
3546	2310	20.975737
3546	2824	1.183917
3546	3545	0.275000
3546	3547	0.317821
3546	3588	10.999879
3546	3589	21.999516
3547	2822	6.992010
3547	2823	1.538459
3547	2824	2.680944
3547	3546	0.317821
3547	3548	0.266667
3547	3588	3.496017
3547	3589	2.996588
3547	3590	20.975737
3548	2139	0.579665
3548	2822	1.498296
3548	2823	2.499994
3548	3547	0.266667
3548	3549	0.857904
3548	3550	2.330681
3548	3589	6.992010
3549	2093	1.261623
3549	2123	0.283951
3549	2138	0.607958
3549	2139	2.299995
3549	2140	2.383062
3549	3548	0.857904
3549	3550	0.206371
3549	3566	7.666608
3550	2093	2.622015
3550	2094	4.399981
3550	2139	2.249439
3550	3548	2.330681
3550	3549	0.206371
3550	3551	0.268293
3550	3566	1.606743
3551	2094	0.956521
3551	3550	0.268293
3551	3552	0.635641
3551	3553	0.349603
3551	3565	1.498296
3551	3566	0.775670
3552	2092	0.932504
3552	2094	0.511614
3552	2095	21.447151
3552	3551	0.635641
3552	3553	0.645161
3553	2092	0.564410
3553	3551	0.349603
3553	3552	0.645161
3553	3554	1.191533
3553	3565	0.833333
3553	4137	1.428569
3553	4138	2.499994
3554	2091	0.459070
3554	2092	2.090905
3554	3553	1.191533
3554	3555	0.323944
3554	3565	2.383062
3554	3571	1.261623
3554	3572	0.765986
3554	4138	0.974890
3554	4139	1.769228
3555	2692	21.447151
3555	2693	4.599979
3555	2694	22.493938
3555	3554	0.323944
3555	3556	0.228166
3555	3565	7.149152
3555	3569	5.749967
3555	3570	1.072379
3555	3571	0.649927
3555	4138	10.723690
3555	4139	22.999471
3556	2692	0.952380
3556	2693	1.021314
3556	2694	3.496017
3556	3555	0.228166
3556	3557	0.281690
3556	3568	21.447151
3556	3569	1.261623
3556	3570	3.999984
3557	2692	1.249998
3557	2693	21.447151
3557	2694	20.975737
3557	2695	1.818179
3557	3556	0.281690
3557	3558	0.278540
3557	3568	1.261623
3557	3569	1.072379
3558	2542	5.623579
3558	2543	1.124721
3558	3557	0.278540
3558	3559	0.212353
3558	3564	11.247095
3558	3567	1.429839
3558	3568	0.370968
3559	2543	1.498296
3559	2544	19.999600
3559	3558	0.212353
3559	3560	0.249391
3559	3564	1.104008
3559	3567	3.333322
3560	2132	1.874533
3560	2133	0.999999
3560	2544	3.063935
3560	3559	0.249391
3560	3561	1.071163
3560	3562	0.562361
3560	3563	4.599979
3560	3564	0.511237
3561	2127	10.999879
3561	2128	5.244017
3561	2130	0.303979
3561	2131	0.289474
3561	2133	0.775670
3561	2545	21.999516
3561	3560	1.071163
3561	3562	0.611111
3561	4020	2.996588
3562	2133	2.499376
3562	2522	0.338325
3562	3560	0.562361
3562	3561	0.611111
3562	3563	0.937268
3562	3975	11.247095
3562	3976	0.702951
3562	3977	20.975737
3562	4019	0.566923
3563	2134	7.149152
3563	3560	4.599979
3563	3562	0.937268
3563	3564	1.124721
3563	3586	10.723690
3563	3974	4.498869
3563	3975	0.793103
3563	3976	7.666608
3563	4020	21.447151
3563	4093	0.511237
3564	2122	1.498296
3564	2132	0.846153
3564	2134	2.996588
3564	3558	11.247095
3564	3559	1.104008
3564	3560	0.511237
3564	3563	1.124721
3564	3565	0.839046
3564	3566	2.044945
3564	3567	0.446301
3565	2092	21.447151
3565	2134	3.999984
3565	3551	1.498296
3565	3553	0.833333
3565	3554	2.383062
3565	3555	7.149152
3565	3564	0.839046
3565	3566	0.466252
3566	2093	0.536190
3566	2094	4.498869
3566	2122	10.723690
3566	3549	7.666608
3566	3550	1.606743
3566	3551	0.775670
3566	3564	2.044945
3566	3565	0.466252
3566	3567	0.579665
3567	2092	10.723690
3567	2093	6.666622
3567	2122	0.588235
3567	2543	2.622015
3567	2544	19.999600
3567	3558	1.429839
3567	3559	3.333322
3567	3564	0.446301
3567	3566	0.579665
3567	3568	0.549938
3568	2121	22.999471
3568	2542	1.022474
3568	2543	0.803372
3568	3556	21.447151
3568	3557	1.261623
3568	3558	0.370968
3568	3567	0.549938
3568	3569	0.212963
3569	2542	3.749060
3569	2694	7.498092
3569	2695	4.289504
3569	2697	1.437498
3569	2698	4.599979
3569	3555	5.749967
3569	3556	1.261623
3569	3557	1.072379
3569	3568	0.212963
3569	3570	0.223413
3570	2694	2.097613
3570	2697	10.723690
3570	2698	1.429839
3570	3555	1.072379
3570	3556	3.999984
3570	3569	0.223413
3570	3571	0.303030
3571	2693	1.787298
3571	3554	1.261623
3571	3555	0.649927
3571	3570	0.303030
3571	3572	0.298507
3572	2091	1.398410
3572	3554	0.765986
3572	3571	0.298507
3572	3573	0.299660
3573	2090	0.293333
3573	2091	0.448979
3573	3572	0.299660
3573	3574	0.912007
3573	4298	22.493938
3574	2088	1.311009
3574	2089	0.999999
3574	2090	1.165342
3574	3573	0.912007
3574	3575	0.408163
3574	4146	1.261623
3574	4147	19.999600
3574	4298	0.389956
3574	4300	1.999996
3575	2088	1.498296
3575	3574	0.408163
3575	3576	0.333333
3575	4145	1.072379
3575	4146	0.510657
3576	3575	0.333333
3576	3577	0.420541
3576	4144	1.261623
3576	4145	0.549938
3577	3576	0.420541
3577	3578	0.249391
3577	4142	22.493938
3577	4143	1.191533
3577	4144	0.328571
3578	3538	9.999900
3578	3577	0.249391
3578	3579	0.302079
3578	4142	1.498296
3578	4143	2.499994
3578	4341	1.498296
3578	4342	19.999600
3579	3210	1.874533
3579	3537	4.289504
3579	3538	10.723690
3579	3578	0.302079
3579	3580	0.237113
3579	4141	1.261623
3579	4142	0.468634
3579	4341	0.624845
3580	3210	1.730339
3580	3211	1.730339
3580	3536	5.623579
3580	3537	5.361874
3580	3579	0.237113
3580	3581	0.320113
3580	4139	22.999471
3580	4140	1.072379
3580	4141	0.612788
3581	3211	20.975737
3581	3212	19.999600
3581	3580	0.320113
3581	3582	0.218502
3581	4139	1.191533
3581	4140	1.333332
3582	3581	0.218502
3582	3583	0.642698
3582	3584	22.493938
3582	4098	7.333280
3582	4099	0.702951
3582	4135	0.328358
3582	4138	10.487978
3582	4139	5.623579
3583	3582	0.642698
3583	3584	0.277108
3583	4096	10.723690
3583	4098	22.493938
3583	4099	4.599979
3583	4138	1.191533
3583	4139	0.638888
3584	2134	21.447151
3584	3582	22.493938
3584	3583	0.277108
3584	3585	0.255619
3584	4098	3.213482
3584	4135	5.623579
3584	4137	1.261623
3584	4138	0.549938
3585	2134	1.906922
3585	3584	0.255619
3585	3586	0.511614
3585	3587	1.499627
3585	4093	21.999516
3585	4098	1.999996
3585	4135	10.999879
3585	4136	1.613549
3585	4137	0.676650
3586	2134	0.327869
3586	2135	1.906922
3586	3563	10.723690
3586	3585	0.511614
3586	3587	0.739572
3586	4020	3.999984
3586	4021	3.999984
3586	4025	1.999996
3586	4093	3.496017
3587	3585	1.499627
3587	3586	0.739572
3587	3588	0.299926
3587	4025	3.063935
3587	4098	0.261563
3588	3546	10.999879
3588	3547	3.496017
3588	3587	0.299926
3588	3589	0.200000
3588	4132	1.311009
3589	3546	21.999516
3589	3547	2.996588
3589	3548	6.992010
3589	3588	0.200000
3589	3590	0.314286
3589	4024	21.999516
3589	4026	22.493938
3589	4132	10.487978
3590	3547	20.975737
3590	3589	0.314286
3590	3591	0.999999
3590	4024	0.354839
3591	2370	1.906922
3591	2371	11.247095
3591	2815	0.874007
3591	3590	0.999999
3591	3592	1.183917
3591	3966	1.606743
3591	4023	0.252746
3592	3591	1.183917
3592	3593	0.833127
3592	3594	0.487445
3592	3595	10.723690
3592	3967	11.499868
3592	3968	7.666608
3592	3972	1.730339
3592	4022	0.536190
3592	4023	3.285703
3592	4024	0.408990
3592	4025	21.447151
3593	3592	0.833127
3593	3594	0.723316
3593	3963	20.975737
3593	4024	10.999879
3594	3592	0.487445
3594	3593	0.723316
3594	3595	0.259740
3594	3967	21.447151
3594	3971	1.233891
3594	3972	1.613549
3594	4022	3.333322
3595	3592	10.723690
3595	3594	0.259740
3595	3596	0.263158
3595	3772	4.289504
3595	3966	10.723690
3595	3967	1.261623
3595	3970	19.999600
3595	3971	0.635641
3595	4022	19.999600
3596	3595	0.263158
3596	3597	0.277778
3596	3772	4.289504
3596	3773	1.649813
3596	3965	21.447151
3596	3966	1.261623
3596	3967	1.429839
3596	3970	0.714285
3597	3596	0.277778
3597	3598	0.404672
3597	3770	19.999600
3597	3773	7.149152
3597	3965	1.261623
3597	3966	0.824907
3597	3970	3.333322
3598	2237	11.247095
3598	3597	0.404672
3598	3599	0.824907
3598	3600	0.403509
3598	3964	1.261623
3598	3965	0.450980
3599	1722	4.195218
3599	1723	0.749149
3599	2368	0.564410
3599	2390	0.769230
3599	2391	1.333332
3599	3598	0.824907
3599	3600	1.021314
3599	3951	1.613549
3600	1723	22.493938
3600	2237	5.623579
3600	2238	1.499627
3600	3598	0.403509
3600	3599	1.021314
3600	3601	0.306667
3600	3765	21.447151
3600	3963	1.021314
3600	3964	0.579665
3601	2238	2.811798
3601	2239	1.874533
3601	3600	0.306667
3601	3602	0.197320
3601	3962	1.128820
3601	3963	0.437706
3602	2239	3.142847
3602	2240	2.622015
3602	2355	22.493938
3602	2356	3.666653
3602	3601	0.197320
3602	3603	0.312423
3602	3764	20.975737
3602	3958	20.975737
3602	3959	1.498296
3602	3961	10.487978
3602	3962	1.498296
3603	2240	21.447151
3603	2339	2.874992
3603	2347	2.811798
3603	2355	0.766666
3603	2356	1.606743
3603	3602	0.312423
3603	3604	0.212353
3603	3958	1.429839
3603	3959	0.714920
3603	3961	1.949779
3603	4119	22.493938
3604	2339	10.723690
3604	2347	10.487978
3604	2355	5.361874
3604	2356	5.244017
3604	3603	0.212353
3604	3605	0.392157
3604	3957	1.340474
3604	3958	1.538459
3604	4119	2.097613
3605	3604	0.392157
3605	3606	0.259740
3605	3608	20.975737
3605	3759	21.447151
3605	3956	1.613549
3605	3957	0.649927
3605	4118	1.021314
3605	4119	0.912007
3606	3605	0.259740
3606	3607	0.645161
3606	3608	0.616946
3606	3759	0.340438
3606	3956	1.498296
3606	4117	1.176469
3606	4118	1.531970
3607	3606	0.645161
3607	3608	0.998865
3607	3759	3.063935
3607	4117	0.833333
3608	3605	20.975737
3608	3606	0.616946
3608	3607	0.998865
3608	3609	0.287345
3608	3759	1.323201
3608	3763	7.498092
3608	3764	1.498296
3608	3765	1.613549
3608	3955	1.294116
3608	3956	0.268293
3609	1725	2.330681
3609	3608	0.287345
3609	3610	0.243902
3609	3759	3.574589
3609	3762	20.975737
3609	3763	1.261623
3609	3764	6.666622
3609	3954	2.996588
3609	3955	0.676650
3610	1548	1.854046
3610	1725	4.195218
3610	3609	0.243902
3610	3611	0.302079
3610	3759	21.447151
3610	3762	1.398410
3610	3763	1.191533
3610	3954	2.622015
3611	1548	5.301963
3611	3610	0.302079
3611	3612	0.271489
3611	3761	1.261623
3611	3762	0.416564
3612	1546	9.999900
3612	1560	10.954331
3612	3611	0.271489
3612	3613	0.411297
3612	3758	1.261623
3612	3760	1.261623
3612	3761	1.999996
3613	3612	0.411297
3613	3614	0.218393
3613	3758	1.405901
3613	3760	0.381262
3614	3613	0.218393
3614	3615	0.206227
3614	3756	7.666608
3614	3757	1.261623
3614	3758	1.277776
3615	3614	0.206227
3615	3616	0.350877
3615	3756	1.340474
3615	3757	3.333322
3616	3421	2.996588
3616	3615	0.350877
3616	3617	0.285714
3616	3755	1.340474
3616	3756	0.649927
3617	3420	1.104008
3617	3421	1.104008
3617	3616	0.285714
3617	3618	0.437706
3617	3754	1.428569
3617	3755	0.857904
3618	3393	1.183917
3618	3394	1.405901
3618	3420	1.124721
3618	3617	0.437706
3618	3619	0.252747
3618	3753	1.649813
3618	3754	0.420541
3619	3394	4.498869
3619	3395	22.999471
3619	3618	0.252747
3619	3620	0.196767
3619	3751	22.999471
3619	3752	1.340474
3619	3753	0.739572
3620	1962	10.723690
3620	3619	0.196767
3620	3621	0.549938
3620	3751	1.649813
3620	3752	6.666622
3621	1567	0.968903
3621	1569	14.387288
3621	1586	10.723690
3621	1962	1.437498
3621	1963	5.749967
3621	3620	0.549938
3621	3622	0.252325
3621	3749	22.999471
3621	3750	1.261623
3621	3751	0.328571
3622	1569	0.706126
3622	1589	6.324515
3622	3621	0.252325
3622	3623	0.270270
3622	3749	1.429839
3622	3750	3.999984
3623	3622	0.270270
3623	3624	0.824907
3623	3730	1.748012
3623	3746	0.912007
3623	3747	1.818179
3623	3748	5.244017
3623	3749	7.149152
3624	3623	0.824907
3624	3625	0.359375
3624	3727	1.021314
3624	3728	1.191533
3624	3729	1.874533
3624	3746	0.346068
3625	3624	0.359375
3625	3626	0.255329
3625	3726	1.261623
3625	3727	0.564410
3625	3729	7.498092
3626	3625	0.255329
3626	3627	0.285714
3626	3725	1.340474
3626	3726	2.499994
3627	3626	0.285714
3627	3628	0.350877
3627	3724	1.649813
3627	3725	0.824907
3628	3627	0.350877
3628	3629	0.256410
3628	3723	1.191533
3628	3724	0.595767
3629	3628	0.256410
3629	3630	0.312500
3629	3722	2.144756
3629	3723	1.072379
3630	3629	0.312500
3630	3631	0.549938
3630	3721	1.128820
3630	3722	0.824907
3631	3630	0.549938
3631	3632	0.239583
3631	3719	21.447151
3631	3720	1.787298
3631	3721	0.315068
3632	3631	0.239583
3632	3633	0.223413
3632	3718	7.666608
3632	3719	1.261623
3632	3720	1.072379
3633	3632	0.223413
3633	3634	0.312500
3633	3718	1.649813
3633	3719	3.999984
3634	3633	0.312500
3634	3635	0.302079
3634	3717	1.429839
3634	3718	0.765986
3635	3634	0.302079
3635	3636	0.240984
3635	3715	22.999471
3635	3716	1.531970
3635	3717	0.560975
3636	3635	0.240984
3636	3637	0.282205
3636	3715	1.340474
3636	3716	2.857135
3637	3636	0.282205
3637	3638	0.264785
3637	3713	11.499868
3637	3714	1.340474
3637	3715	0.547619
3638	3637	0.264785
3638	3639	0.303030
3638	3713	1.191533
3638	3714	3.333322
3639	3638	0.303030
3639	3640	0.303030
3639	3681	2.222217
3639	3682	5.361874
3639	3711	19.999600
3639	3712	1.261623
3639	3713	0.893650
3640	3639	0.303030
3640	3641	0.357460
3640	3680	10.723690
3640	3681	4.999975
3640	3710	19.999600
3640	3711	1.333332
3640	3712	0.536190
3641	3640	0.357460
3641	3642	0.974890
3641	3651	0.605263
3641	3676	4.289504
3641	3710	1.072379
3641	3711	0.739572
3642	3641	0.974890
3642	3643	1.021314
3642	3649	0.444444
3642	3651	4.289504
3642	3675	4.999975
3642	3676	0.476190
3642	3678	2.383062
3642	3679	2.383062
3643	3642	1.021314
3643	3644	0.310835
3643	3700	2.811798
3644	3643	0.310835
3644	3645	0.268925
3644	3649	1.333332
3644	3699	7.149152
3644	3700	5.244017
3644	3701	20.975737
3645	3644	0.268925
3645	3646	0.190631
3645	3648	1.466665
3645	3649	2.622015
3645	3650	1.466665
3645	3698	1.748012
3645	3699	0.803372
3645	3701	1.999996
3645	3702	3.666653
3646	3645	0.190631
3646	3647	0.696969
3646	3648	0.459070
3646	3649	2.144756
3646	3650	3.749060
3646	3696	22.999471
3646	3697	0.884615
3646	3698	0.670237
3646	3702	0.899777
3646	3703	0.974890
3647	3646	0.696969
3647	3648	0.299926
3647	3694	10.723690
3647	3696	3.285703
3647	3697	2.555549
3647	3703	1.531970
3648	3645	1.466665
3648	3646	0.459070
3648	3647	0.299926
3648	3649	0.699205
3648	3693	7.498092
3648	3703	0.655505
3649	3642	0.444444
3649	3644	1.333332
3649	3645	2.622015
3649	3646	2.144756
3649	3648	0.699205
3649	3650	0.998865
3649	3651	21.447151
3649	3678	4.289504
3649	3679	1.787298
3650	3645	1.466665
3650	3646	3.749060
3650	3649	0.998865
3650	3651	0.978018
3650	3652	11.247095
3650	3699	2.044945
3650	3701	0.440000
3650	3702	0.666666
3650	3703	2.330681
3651	3641	0.605263
3651	3642	4.289504
3651	3649	21.447151
3651	3650	0.978018
3651	3652	0.277108
3651	3709	1.072379
3651	3710	0.498781
3652	3650	11.247095
3652	3651	0.277108
3652	3653	0.246524
3652	3701	11.247095
3652	3707	2.249439
3652	3708	1.021314
3652	3709	1.072379
3653	3652	0.246524
3653	3654	0.302079
3653	3701	20.975737
3653	3707	1.398410
3654	3653	0.302079
3654	3655	0.277108
3654	3706	1.340474
3654	3707	0.511237
3655	3654	0.277108
3655	3656	0.211009
3655	3705	1.429839
3655	3706	0.932504
3656	3655	0.211009
3656	3657	0.661601
3656	3703	4.289504
3656	3704	2.044945
3656	3705	3.574589
3657	3656	0.661601
3657	3658	0.299926
3657	3693	0.725627
3657	3694	2.097613
3657	3703	5.244017
3657	3704	0.500000
3658	3657	0.299926
3658	3659	0.246524
3658	3692	1.531970
3658	3693	0.365079
3658	3704	0.749814
3659	3658	0.246524
3659	3660	0.666666
3659	3691	1.949779
3659	3692	2.499994
3659	3704	1.048808
3659	3705	1.538459
3660	3659	0.666666
3660	3661	0.243902
3660	3690	1.191533
3660	3691	0.579665
3661	3660	0.243902
3661	3662	0.714920
3661	3663	4.999975
3661	3664	1.128820
3661	3665	1.498296
3661	3689	1.104008
3661	3690	1.191533
3662	3661	0.714920
3662	3663	0.630812
3662	3664	0.460000
3662	3689	0.725627
3663	3661	4.999975
3663	3662	0.630812
3663	3664	1.261623
3664	3661	1.128820
3664	3662	0.460000
3664	3663	1.261623
3664	3665	0.937268
3664	3688	0.469388
3664	3689	1.022474
3665	3661	1.498296
3665	3664	0.937268
3665	3666	0.275000
3665	3687	1.405901
3665	3688	0.865170
3665	3689	0.448979
3665	3690	0.576780
3665	3691	7.498092
3666	3665	0.275000
3666	3667	0.291336
3666	3668	20.975737
3666	3687	1.323201
3666	3688	11.247095
3666	3690	5.623579
3666	3691	1.730339
3666	3692	20.975737
3667	3666	0.291336
3667	3668	0.384615
3667	3686	1.649813
3667	3687	5.361874
3668	3666	20.975737
3668	3667	0.384615
3668	3669	0.444444
3668	3685	1.429839
3668	3686	0.670237
3669	3668	0.444444
3669	3670	0.392157
3669	3684	1.340474
3669	3685	0.476613
3670	3669	0.392157
3670	3671	0.338983
3670	3683	1.340474
3670	3684	0.487445
3671	3670	0.338983
3671	3672	0.523112
3671	3682	1.261623
3671	3683	0.670237
3672	3671	0.523112
3672	3673	0.216642
3672	3681	1.649813
3672	3682	0.433962
3673	3672	0.216642
3673	3674	0.416666
3673	3680	1.787298
3673	3681	4.999975
3674	3673	0.416666
3674	3675	0.307692
3674	3679	1.787298
3674	3680	0.824907
3675	3642	4.999975
3675	3674	0.307692
3675	3676	0.571428
3675	3677	0.999999
3675	3678	0.974890
3675	3679	1.949779
3676	3641	4.289504
3676	3642	0.476190
3676	3675	0.571428
3676	3677	0.425532
3676	3678	1.787298
3677	3675	0.999999
3677	3676	0.425532
3677	3678	0.274969
3678	3642	2.383062
3678	3649	4.289504
3678	3675	0.974890
3678	3676	1.787298
3678	3677	0.274969
3678	3679	0.255555
3679	3642	2.383062
3679	3649	1.787298
3679	3674	1.787298
3679	3675	1.949779
3679	3678	0.255555
3679	3680	0.264368
3680	3640	10.723690
3680	3673	1.787298
3680	3674	0.824907
3680	3679	0.264368
3680	3681	0.240984
3681	3639	2.222217
3681	3640	4.999975
3681	3672	1.649813
3681	3673	4.999975
3681	3680	0.240984
3681	3682	0.412454
3682	3639	5.361874
3682	3671	1.261623
3682	3672	0.433962
3682	3681	0.412454
3682	3683	0.258427
3683	3670	1.340474
3683	3671	0.670237
3683	3682	0.258427
3683	3684	0.403509
3684	3669	1.340474
3684	3670	0.487445
3684	3683	0.403509
3684	3685	0.343283
3685	3668	1.429839
3685	3669	0.476613
3685	3684	0.343283
3685	3686	0.294872
3686	3667	1.649813
3686	3668	0.670237
3686	3685	0.294872
3686	3687	0.294872
3687	3665	1.405901
3687	3666	1.323201
3687	3667	5.361874
3687	3686	0.294872
3687	3688	0.280488
3688	3664	0.469388
3688	3665	0.865170
3688	3666	11.247095
3688	3687	0.280488
3688	3689	0.468634
3689	3661	1.104008
3689	3662	0.725627
3689	3664	1.022474
3689	3665	0.448979
3689	3688	0.468634
3689	3690	0.316823
3690	3660	1.191533
3690	3661	1.191533
3690	3665	0.576780
3690	3666	5.623579
3690	3689	0.316823
3690	3691	0.396552
3691	3659	1.949779
3691	3660	0.579665
3691	3665	7.498092
3691	3666	1.730339
3691	3690	0.396552
3691	3692	0.329963
3691	3704	22.493938
3692	3658	1.531970
3692	3659	2.499994
3692	3666	20.975737
3692	3691	0.329963
3692	3693	0.428952
3692	3704	2.996588
3693	3648	7.498092
3693	3657	0.725627
3693	3658	0.365079
3693	3692	0.428952
3693	3694	0.208229
3693	3703	2.383062
3693	3704	0.681649
3694	3647	10.723690
3694	3657	2.097613
3694	3693	0.208229
3694	3695	0.327869
3694	3697	21.447151
3694	3703	1.333332
3695	3694	0.327869
3695	3696	0.345929
3695	3697	1.429839
3695	3702	10.487978
3695	3703	9.999900
3696	3646	22.999471
3696	3647	3.285703
3696	3695	0.345929
3696	3697	0.227723
3696	3698	2.144756
3697	3646	0.884615
3697	3647	2.555549
3697	3694	21.447151
3697	3695	1.429839
3697	3696	0.227723
3697	3698	0.258405
3697	3702	4.498869
3697	3703	7.149152
3698	3645	1.748012
3698	3646	0.670237
3698	3696	2.144756
3698	3697	0.258405
3698	3699	0.278540
3698	3702	1.398410
3699	3644	7.149152
3699	3645	0.803372
3699	3650	2.044945
3699	3698	0.278540
3699	3700	0.681649
3699	3701	0.281180
3699	3702	0.468634
3700	3643	2.811798
3700	3644	5.244017
3700	3699	0.681649
3700	3701	0.217822
3701	3644	20.975737
3701	3645	1.999996
3701	3650	0.440000
3701	3652	11.247095
3701	3653	20.975737
3701	3699	0.281180
3701	3700	0.217822
3701	3702	0.879999
3702	3645	3.666653
3702	3646	0.899777
3702	3650	0.666666
3702	3695	10.487978
3702	3697	4.498869
3702	3698	1.398410
3702	3699	0.468634
3702	3701	0.879999
3702	3703	0.327753
3703	3646	0.974890
3703	3647	1.531970
3703	3648	0.655505
3703	3650	2.330681
3703	3656	4.289504
3703	3657	5.244017
3703	3693	2.383062
3703	3694	1.333332
3703	3695	9.999900
3703	3697	7.149152
3703	3702	0.327753
3703	3704	0.749149
3704	3656	2.044945
3704	3657	0.500000
3704	3658	0.749814
3704	3659	1.048808
3704	3691	22.493938
3704	3692	2.996588
3704	3693	0.681649
3704	3703	0.749149
3704	3705	0.199773
3705	3655	1.429839
3705	3656	3.574589
3705	3659	1.538459
3705	3704	0.199773
3705	3706	0.416666
3706	3654	1.340474
3706	3655	0.932504
3706	3705	0.416666
3706	3707	0.381385
3707	3652	2.249439
3707	3653	1.398410
3707	3654	0.511237
3707	3706	0.381385
3707	3708	0.246778
3708	3652	1.021314
3708	3707	0.246778
3708	3709	0.312500
3709	3651	1.072379
3709	3652	1.072379
3709	3708	0.312500
3709	3710	0.392157
3710	3640	19.999600
3710	3641	1.072379
3710	3651	0.498781
3710	3709	0.392157
3710	3711	0.285714
3711	1529	1.666664
3711	3639	19.999600
3711	3640	1.333332
3711	3641	0.739572
3711	3710	0.285714
3711	3712	0.274969
3712	1529	5.361874
3712	3639	1.261623
3712	3640	0.536190
3712	3711	0.274969
3712	3713	0.237113
3713	3637	11.499868
3713	3638	1.191533
3713	3639	0.893650
3713	3712	0.237113
3713	3714	0.264785
3714	3637	1.340474
3714	3638	3.333322
3714	3713	0.264785
3714	3715	0.376274
3715	3635	22.999471
3715	3636	1.340474
3715	3637	0.547619
3715	3714	0.376274
3715	3716	0.329963
3716	3635	1.531970
3716	3636	2.857135
3716	3715	0.329963
3716	3717	0.320113
3717	3634	1.429839
3717	3635	0.560975
3717	3716	0.320113
3717	3718	0.261364
3718	3632	7.666608
3718	3633	1.649813
3718	3634	0.765986
3718	3717	0.261364
3718	3719	0.238307
3719	3631	21.447151
3719	3632	1.261623
3719	3633	3.999984
3719	3718	0.238307
3719	3720	0.227273
3720	3631	1.787298
3720	3632	1.072379
3720	3719	0.227273
3720	3721	0.549938
3721	3630	1.128820
3721	3631	0.315068
3721	3720	0.549938
3721	3722	0.250000
3722	3629	2.144756
3722	3630	0.824907
3722	3721	0.250000
3722	3723	0.270588
3723	3628	1.191533
3723	3629	1.072379
3723	3722	0.270588
3723	3724	0.353846
3724	3627	1.649813
3724	3628	0.595767
3724	3723	0.353846
3724	3725	0.232323
3725	3626	1.340474
3725	3627	0.824907
3725	3724	0.232323
3725	3726	0.255329
3726	3625	1.261623
3726	3626	2.499994
3726	3725	0.255329
3726	3727	0.322581
3727	3624	1.021314
3727	3625	0.564410
3727	3726	0.322581
3727	3728	0.377358
3727	3746	10.487978
3728	3624	1.191533
3728	3727	0.377358
3728	3729	0.349603
3728	3745	0.324964
3728	3746	1.233891
3729	3624	1.874533
3729	3625	7.498092
3729	3728	0.349603
3729	3730	0.785714
3729	3745	11.247095
3729	3746	10.999879
3730	3623	1.748012
3730	3729	0.785714
3730	3731	0.174801
3730	3744	7.498092
3730	3745	1.183917
3730	3746	0.323529
3730	3747	2.097613
3730	3748	10.999879
3731	1570	13.416228
3731	1572	1.854046
3731	3730	0.174801
3731	3732	0.350877
3731	3744	1.021314
3731	3745	5.361874
3731	3747	4.999975
3731	3748	1.748012
3731	3749	7.149152
3732	1570	2.236063
3732	1572	14.832177
3732	3341	3.063935
3732	3731	0.350877
3732	3733	0.338983
3732	3743	1.261623
3732	3744	0.612788
3732	3748	20.975737
3733	3341	0.857904
3733	3732	0.338983
3733	3734	0.281690
3733	3742	1.340474
3733	3743	0.630812
3734	3733	0.281690
3734	3735	0.465116
3734	3741	1.128820
3734	3742	0.794355
3735	3734	0.465116
3735	3736	0.893650
3735	3738	0.524404
3735	3740	1.261623
3735	3741	0.549938
3736	3051	0.974890
3736	3735	0.893650
3736	3737	0.638888
3736	3738	3.213482
3737	3736	0.638888
3737	3738	0.303979
3738	3735	0.524404
3738	3736	3.213482
3738	3737	0.303979
3738	3739	0.456004
3738	3740	0.316823
3739	3738	0.456004
3739	3740	0.670237
3740	3735	1.261623
3740	3738	0.316823
3740	3739	0.670237
3740	3741	0.270588
3741	3734	1.128820
3741	3735	0.549938
3741	3740	0.270588
3741	3742	0.242105
3742	3733	1.340474
3742	3734	0.794355
3742	3741	0.242105
3742	3743	0.315068
3743	3341	22.999471
3743	3732	1.261623
3743	3733	0.630812
3743	3742	0.315068
3743	3744	0.247312
3744	3730	7.498092
3744	3731	1.021314
3744	3732	0.612788
3744	3743	0.247312
3744	3745	0.247312
3744	3747	10.723690
3745	3728	0.324964
3745	3729	11.247095
3745	3730	1.183917
3745	3731	5.361874
3745	3744	0.247312
3745	3746	0.624845
3745	3747	0.595767
3746	3623	0.912007
3746	3624	0.346068
3746	3727	10.487978
3746	3728	1.233891
3746	3729	10.999879
3746	3730	0.323529
3746	3745	0.624845
3746	3747	0.476731
3747	3623	1.818179
3747	3730	2.097613
3747	3731	4.999975
3747	3744	10.723690
3747	3745	0.595767
3747	3746	0.476731
3747	3748	0.249716
3748	3623	5.244017
3748	3730	10.999879
3748	3731	1.748012
3748	3732	20.975737
3748	3747	0.249716
3748	3749	0.220534
3749	1569	3.596861
3749	3621	22.999471
3749	3622	1.429839
3749	3623	7.149152
3749	3731	7.149152
3749	3748	0.220534
3749	3750	0.208229
3750	1569	3.354091
3750	3621	1.261623
3750	3622	3.999984
3750	3749	0.208229
3750	3751	0.595767
3751	1565	0.791106
3751	1566	2.114758
3751	1567	0.398960
3751	1568	13.564476
3751	1960	22.999471
3751	1961	2.555549
3751	1962	7.666608
3751	3619	22.999471
3751	3620	1.649813
3751	3621	0.328571
3751	3750	0.595767
3751	3752	0.210271
3752	1562	2.472060
3752	1563	14.832177
3752	1564	3.354091
3752	1565	1.032794
3752	1942	19.999600
3752	1960	5.361874
3752	1961	0.739572
3752	3619	1.340474
3752	3620	6.666622
3752	3751	0.210271
3752	3753	0.273973
3753	1562	1.648041
3753	1564	4.472116
3753	1942	2.499994
3753	1943	1.191533
3753	3394	20.975737
3753	3618	1.649813
3753	3619	0.739572
3753	3752	0.273973
3753	3754	0.476190
3754	1943	21.447151
3754	3393	1.233891
3754	3394	1.233891
3754	3420	6.992010
3754	3617	1.428569
3754	3618	0.420541
3754	3753	0.476190
3754	3755	0.261556
3755	3393	1.499627
3755	3420	1.874533
3755	3421	1.499627
3755	3616	1.340474
3755	3617	0.857904
3755	3754	0.261556
3755	3756	0.232323
3756	3421	2.044945
3756	3422	2.090905
3756	3614	7.666608
3756	3615	1.340474
3756	3616	0.649927
3756	3755	0.232323
3756	3757	0.249391
3757	3422	7.149152
3757	3614	1.261623
3757	3615	3.333322
3757	3756	0.249391
3757	3758	0.238307
3758	3612	1.261623
3758	3613	1.405901
3758	3614	1.277776
3758	3757	0.238307
3758	3759	0.999999
3758	3760	2.299995
3759	3605	21.447151
3759	3606	0.340438
3759	3607	3.063935
3759	3608	1.323201
3759	3609	3.574589
3759	3610	21.447151
3759	3758	0.999999
3759	3760	0.884615
3759	3761	2.383062
3759	3762	11.247095
3760	3612	1.261623
3760	3613	0.381262
3760	3758	2.299995
3760	3759	0.884615
3760	3761	0.235688
3761	2339	21.447151
3761	3611	1.261623
3761	3612	1.999996
3761	3759	2.383062
3761	3760	0.235688
3761	3762	0.487818
3762	2339	2.811798
3762	3609	20.975737
3762	3610	1.398410
3762	3611	0.416564
3762	3759	11.247095
3762	3761	0.487818
3762	3763	0.264640
3763	1725	3.213482
3763	2241	21.447151
3763	3608	7.498092
3763	3609	1.261623
3763	3610	1.191533
3763	3762	0.264640
3763	3764	0.258405
3763	3955	22.493938
3764	1718	6.666622
3764	1724	0.799999
3764	1725	4.195218
3764	3602	20.975737
3764	3608	1.498296
3764	3609	6.666622
3764	3763	0.258405
3764	3765	0.281690
3764	3955	1.906922
3764	3956	20.975737
3765	1723	2.622015
3765	1724	1.999996
3765	3600	21.447151
3765	3608	1.613549
3765	3764	0.281690
3765	3766	0.327869
3765	3951	20.975737
3765	3955	0.599319
3765	3956	1.398410
3765	3957	21.447151
3766	2390	9.999900
3766	3765	0.327869
3766	3767	1.072379
3766	3951	20.975737
3766	3956	0.599319
3766	3957	1.340474
3766	3958	19.999600
3767	2390	1.128820
3767	2391	21.447151
3767	3766	1.072379
3767	3768	0.218393
3767	3778	21.447151
3767	3779	1.261623
3767	3947	0.258557
3768	2391	1.398410
3768	2392	1.374998
3768	3767	0.218393
3768	3769	0.252725
3768	3777	5.623579
3768	3778	1.498296
3768	3779	1.906922
3769	2392	1.048808
3769	3768	0.252725
3769	3770	0.259740
3769	3777	1.021314
3769	3778	19.999600
3769	3796	3.333322
3770	3597	19.999600
3770	3769	0.259740
3770	3771	1.021314
3770	3773	1.128820
3770	3774	1.949779
3770	3776	21.447151
3770	3796	1.818179
3771	2516	21.447151
3771	2523	3.833319
3771	2524	1.531970
3771	3770	1.021314
3771	3772	1.210525
3771	3795	11.247095
3771	3796	1.021314
3771	3797	5.749967
3771	4017	1.340474
3771	4018	2.811798
3772	3595	4.289504
3772	3596	4.289504
3772	3771	1.210525
3772	3773	0.237113
3772	3970	2.144756
3772	3971	0.548645
3773	3596	1.649813
3773	3597	7.149152
3773	3770	1.128820
3773	3772	0.237113
3773	3774	0.239583
3774	3770	1.949779
3774	3773	0.239583
3774	3775	0.210271
3775	3774	0.210271
3775	3776	0.363519
3776	3770	21.447151
3776	3775	0.363519
3776	3777	0.232323
3776	3796	1.261623
3777	3768	5.623579
3777	3769	1.021314
3777	3776	0.232323
3777	3778	0.202336
3777	3796	1.261623
3778	3767	21.447151
3778	3768	1.498296
3778	3769	19.999600
3778	3777	0.202336
3778	3779	0.303030
3779	3767	1.261623
3779	3768	1.906922
3779	3778	0.303030
3779	3780	0.714920
3779	3947	0.635641
3779	3948	1.818179
3780	3779	0.714920
3780	3781	0.274969
3780	3801	22.999471
3780	3802	1.340474
3780	3803	0.621621
3780	3948	0.376274
3780	3949	3.833319
3781	3780	0.274969
3781	3782	0.392157
3781	3801	1.340474
3781	3802	1.666664
3781	3909	2.097613
3782	3781	0.392157
3782	3783	0.363636
3782	3800	1.340474
3782	3801	0.523112
3782	3848	1.748012
3782	3908	6.666622
3782	3909	0.776895
3783	3782	0.363636
3783	3784	0.285714
3783	3799	1.498296
3783	3800	0.630812
3783	3848	2.330681
3783	3849	0.912007
3783	3850	7.149152
3783	3908	2.222217
3784	2473	3.496017
3784	3783	0.285714
3784	3785	0.303030
3784	3798	1.531970
3784	3799	0.874007
3784	3849	6.992010
3784	3850	2.680944
3785	2472	0.998865
3785	2473	0.998865
3785	3784	0.303030
3785	3786	0.253164
3785	3797	1.261623
3785	3798	0.691858
3786	2472	4.195218
3786	2514	10.487978
3786	2515	5.361874
3786	3785	0.253164
3786	3787	0.262202
3786	3788	20.975737
3786	3794	5.244017
3786	3795	6.992010
3786	3797	1.021314
3787	2514	2.199995
3787	3786	0.262202
3787	3788	0.415094
3787	3793	0.635641
3787	3794	1.571426
3788	2423	2.097613
3788	2513	1.874533
3788	2527	1.183917
3788	3786	20.975737
3788	3787	0.415094
3788	3789	0.687500
3788	3792	4.498869
3788	3793	1.498296
3789	2421	0.428085
3789	2422	0.607958
3789	2423	0.349603
3789	2479	1.833330
3789	2480	1.047618
3789	2481	0.368761
3789	3788	0.687500
3789	3790	0.709677
3790	2421	10.487978
3790	2481	4.498869
3790	2482	4.498869
3790	2483	0.702951
3790	3789	0.709677
3790	3791	0.239303
3791	2422	22.999471
3791	3790	0.239303
3791	3792	0.209091
3792	2527	3.285703
3792	2528	7.149152
3792	3788	4.498869
3792	3791	0.209091
3792	3793	0.225764
3793	2526	2.499994
3793	2527	2.144756
3793	3787	0.635641
3793	3788	1.498296
3793	3792	0.225764
3793	3794	0.616946
3794	2514	7.333280
3794	2515	4.498869
3794	2525	0.953462
3794	2526	0.599319
3794	3786	5.244017
3794	3787	1.571426
3794	3793	0.616946
3794	3795	0.293333
3795	2515	1.249690
3795	2516	10.487978
3795	2525	4.195218
3795	3771	11.247095
3795	3786	6.992010
3795	3794	0.293333
3795	3796	0.582671
3795	3797	0.387835
3796	3769	3.333322
3796	3770	1.818179
3796	3771	1.021314
3796	3776	1.261623
3796	3777	1.261623
3796	3795	0.582671
3796	3797	0.893650
3797	2472	11.247095
3797	2515	4.599979
3797	2516	7.149152
3797	3771	5.749967
3797	3785	1.261623
3797	3786	1.021314
3797	3795	0.387835
3797	3796	0.893650
3797	3798	0.306667
3798	2472	1.323201
3798	2473	1.606743
3798	3784	1.531970
3798	3785	0.691858
3798	3797	0.306667
3798	3799	0.261563
3799	2473	21.999516
3799	3783	1.498296
3799	3784	0.874007
3799	3798	0.261563
3799	3800	0.288390
3800	3782	1.340474
3800	3783	0.630812
3800	3799	0.288390
3800	3801	0.273809
3800	3848	2.044945
3801	3780	22.999471
3801	3781	1.340474
3801	3782	0.523112
3801	3800	0.273809
3801	3802	0.271489
3801	3848	1.183917
3801	3909	1.499627
3802	3780	1.340474
3802	3781	1.666664
3802	3801	0.271489
3802	3803	0.476613
3802	3909	0.998865
3802	3910	2.680944
3803	3780	0.621621
3803	3802	0.476613
3803	3804	0.466252
3803	3910	1.769228
3803	3911	1.072379
3803	3946	0.381262
3803	3948	1.191533
3804	3803	0.466252
3804	3805	0.250000
3804	3846	1.429839
3804	3910	0.278540
3804	3911	4.999975
3805	3804	0.250000
3805	3806	0.400000
3805	3809	1.498296
3805	3846	1.787298
3805	3905	1.261623
3806	3805	0.400000
3806	3807	0.874007
3806	3808	6.992010
3806	3809	0.419523
3806	3867	2.622015
3806	3904	1.340474
3806	3905	0.824907
3807	3806	0.874007
3807	3808	0.271605
3807	3865	3.496017
3807	3867	0.956521
3808	3806	6.992010
3808	3807	0.271605
3808	3809	0.709677
3808	3810	0.277709
3808	3865	1.498296
3808	3867	2.444438
3808	3904	22.493938
3809	3805	1.498296
3809	3806	0.419523
3809	3808	0.709677
3809	3810	0.937268
3809	3846	1.022474
3809	3904	22.493938
3809	3905	11.247095
3810	3808	0.277709
3810	3809	0.937268
3810	3811	0.365079
3810	3864	1.340474
3810	3865	1.429839
3810	3867	3.213482
3810	3904	1.277776
3810	3905	2.299995
3810	3906	10.723690
3811	3810	0.365079
3811	3812	0.233126
3811	3862	7.666608
3811	3863	1.261623
3811	3864	0.857904
3811	3866	22.999471
3811	3867	4.498869
3811	3894	11.499868
3811	3895	7.149152
3811	3901	21.447151
3811	3902	1.261623
3811	3904	7.666608
3811	3905	11.499868
3811	3906	21.447151
3812	3811	0.233126
3812	3813	0.289855
3812	3861	10.723690
3812	3862	1.649813
3812	3863	6.666622
3812	3894	7.149152
3812	3895	1.111110
3812	3896	21.447151
3812	3900	7.149152
3812	3901	1.538459
3812	3902	2.499994
3813	3812	0.289855
3813	3814	0.285714
3813	3861	1.021314
3813	3862	0.794355
3813	3895	3.333322
3813	3896	0.893650
3813	3898	20.975737
3813	3899	6.992010
3813	3900	3.574589
3814	3813	0.285714
3814	3815	0.273973
3814	3860	1.340474
3814	3861	0.691858
3814	3897	20.975737
3814	3898	5.244017
3815	3814	0.273973
3815	3816	0.266667
3815	3859	1.261623
3815	3860	0.612788
3816	3815	0.266667
3816	3817	0.392157
3816	3858	1.191533
3816	3859	0.579665
3817	3816	0.392157
3817	3818	0.714285
3817	3854	0.912007
3817	3856	1.398410
3817	3858	0.670237
3818	3817	0.714285
3818	3819	0.313077
3818	3839	3.063935
3818	3841	2.996588
3818	3842	1.429839
3818	3843	0.998865
3818	3854	0.839046
3819	3818	0.313077
3819	3820	0.264640
3819	3839	1.249690
3819	3842	0.387835
3819	3843	1.466665
3820	3819	0.264640
3820	3821	0.261364
3820	3837	21.447151
3820	3838	1.261623
3820	3839	0.793103
3821	3820	0.261364
3821	3822	0.268095
3821	3836	22.999471
3821	3837	1.261623
3821	3838	0.691858
3822	3821	0.268095
3822	3823	0.345929
3822	3836	1.191533
3822	3837	3.999984
3823	3822	0.345929
3823	3824	0.273809
3823	3835	1.261623
3823	3836	0.343283
3824	3823	0.273809
3824	3825	0.270588
3824	3834	1.191533
3824	3835	0.564410
3825	3824	0.270588
3825	3826	0.899777
3825	3828	2.090905
3825	3833	1.021314
3825	3834	0.612788
3826	3825	0.899777
3826	3827	0.395777
3827	3826	0.395777
3827	3828	0.306394
3827	3829	3.063935
3827	3832	2.622015
3828	3825	2.090905
3828	3827	0.306394
3828	3829	0.176923
3828	3832	1.499627
3828	3833	4.289504
3829	3827	3.063935
3829	3828	0.176923
3829	3830	0.978018
3829	3831	1.183917
3830	3829	0.978018
3830	3831	0.201835
3831	3829	1.183917
3831	3830	0.201835
3831	3832	0.846153
3832	3827	2.622015
3832	3828	1.499627
3832	3831	0.846153
3832	3833	0.476731
3833	3825	1.021314
3833	3828	4.289504
3833	3832	0.476731
3833	3834	0.500000
3834	3824	1.191533
3834	3825	0.612788
3834	3833	0.500000
3834	3835	0.338983
3835	3823	1.261623
3835	3824	0.564410
3835	3834	0.338983
3835	3836	0.376274
3836	3821	22.999471
3836	3822	1.191533
3836	3823	0.343283
3836	3835	0.376274
3836	3837	0.216642
3837	3820	21.447151
3837	3821	1.261623
3837	3822	3.999984
3837	3836	0.216642
3837	3838	0.344827
3838	3820	1.261623
3838	3821	0.691858
3838	3837	0.344827
3838	3839	0.261556
3839	3818	3.063935
3839	3819	1.249690
3839	3820	0.793103
3839	3838	0.261556
3839	3840	0.919999
3840	3839	0.919999
3840	3841	0.234317
3840	3842	7.666608
3840	3854	22.493938
3840	3855	1.642854
3841	3818	2.996588
3841	3840	0.234317
3841	3842	0.661601
3841	3843	10.999879
3841	3854	0.268293
3841	3855	11.247095
3842	3818	1.429839
3842	3819	0.387835
3842	3840	7.666608
3842	3841	0.661601
3842	3843	0.803372
3842	3853	21.447151
3842	3854	22.493938
3843	3818	0.998865
3843	3819	1.466665
3843	3841	10.999879
3843	3842	0.803372
3843	3844	0.220534
3843	3853	20.975737
3843	3854	0.758620
3843	3856	1.999996
3843	3858	11.247095
3844	3843	0.220534
3844	3845	0.214476
3844	3852	2.874992
3844	3853	1.531970
3844	3856	3.749060
3844	3857	7.498092
3844	3858	0.958332
3844	3859	11.499868
3845	3844	0.214476
3845	3846	0.857904
3845	3847	19.999600
3845	3851	21.447151
3845	3852	1.261623
3845	3857	6.992010
3845	3858	1.787298
3845	3859	21.447151
3845	3906	0.999999
3846	3804	1.429839
3846	3805	1.787298
3846	3809	1.022474
3846	3845	0.857904
3846	3847	0.240984
3846	3905	11.499868
3846	3910	1.437498
3847	3845	19.999600
3847	3846	0.240984
3847	3848	1.104008
3847	3909	5.244017
3847	3910	1.531970
3848	3782	1.748012
3848	3783	2.330681
3848	3800	2.044945
3848	3801	1.183917
3848	3847	1.104008
3848	3849	0.209524
3848	3908	5.244017
3848	3909	0.500000
3849	3783	0.912007
3849	3784	6.992010
3849	3848	0.209524
3849	3850	0.252746
3849	3907	6.992010
3849	3908	1.498296
3850	3783	7.149152
3850	3784	2.680944
3850	3849	0.252746
3850	3851	0.247312
3850	3906	21.447151
3850	3907	1.261623
3850	3908	1.949779
3851	3845	21.447151
3851	3850	0.247312
3851	3852	0.237113
3851	3906	1.191533
3851	3907	1.261623
3852	3844	2.874992
3852	3845	1.261623
3852	3851	0.237113
3852	3853	0.225764
3852	3857	1.499627
3852	3906	0.932504
3853	3842	21.447151
3853	3843	20.975737
3853	3844	1.531970
3853	3852	0.225764
3853	3854	0.953462
3853	3856	2.996588
3853	3857	0.998865
3854	3817	0.912007
3854	3818	0.839046
3854	3840	22.493938
3854	3841	0.268293
3854	3842	22.493938
3854	3843	0.758620
3854	3853	0.953462
3854	3855	1.071163
3854	3856	0.333333
3855	3840	1.642854
3855	3841	11.247095
3855	3854	1.071163
3855	3856	0.899777
3856	3817	1.398410
3856	3843	1.999996
3856	3844	3.749060
3856	3853	2.996588
3856	3854	0.333333
3856	3855	0.899777
3856	3857	0.578947
3856	3858	0.346068
3857	3844	7.498092
3857	3845	6.992010
3857	3852	1.499627
3857	3853	0.998865
3857	3856	0.578947
3857	3858	0.661601
3857	3906	1.233891
3858	3816	1.191533
3858	3817	0.670237
3858	3843	11.247095
3858	3844	0.958332
3858	3845	1.787298
3858	3856	0.346068
3858	3857	0.661601
3858	3859	0.294872
3858	3906	10.723690
3859	3815	1.261623
3859	3816	0.579665
3859	3844	11.499868
3859	3845	21.447151
3859	3858	0.294872
3859	3860	0.270588
3860	3814	1.340474
3860	3815	0.612788
3860	3859	0.270588
3860	3861	0.242105
3861	3812	10.723690
3861	3813	1.021314
3861	3814	0.691858
3861	3860	0.242105
3861	3862	0.294872
3862	3811	7.666608
3862	3812	1.649813
3862	3813	0.794355
3862	3861	0.294872
3862	3863	0.210271
3862	3895	2.680944
3862	3896	7.666608
3863	3811	1.261623
3863	3812	6.666622
3863	3862	0.210271
3863	3864	0.281690
3863	3895	1.249998
3864	3810	1.340474
3864	3811	0.857904
3864	3863	0.281690
3864	3865	0.392157
3864	3894	1.128820
3864	3895	6.666622
3865	3807	3.496017
3865	3808	1.498296
3865	3810	1.429839
3865	3864	0.392157
3865	3866	0.932504
3865	3894	3.574589
3866	3811	22.999471
3866	3865	0.932504
3866	3867	1.071163
3866	3868	0.382993
3866	3891	11.499868
3866	3892	1.533331
3866	3893	0.657142
3866	3902	0.282205
3866	3903	0.884615
3867	3806	2.622015
3867	3807	0.956521
3867	3808	2.444438
3867	3810	3.213482
3867	3811	4.498869
3867	3866	1.071163
3867	3868	1.165342
3867	3902	10.487978
3867	3904	0.244505
3868	3866	0.382993
3868	3867	1.165342
3868	3869	0.344827
3868	3890	20.975737
3868	3891	1.340474
3868	3892	5.361874
3868	3903	0.691858
3869	3868	0.344827
3869	3870	0.335119
3869	3890	1.498296
3869	3891	0.714920
3869	3903	1.191533
3870	2203	21.447151
3870	2204	1.277776
3870	2205	22.493938
3870	2206	1.183917
3870	2208	3.749060
3870	3869	0.335119
3870	3871	0.258405
3870	3889	1.072379
3870	3890	0.489009
3870	3903	1.916663
3871	2203	2.857135
3871	2204	21.447151
3871	2208	20.975737
3871	2209	1.261623
3871	3870	0.258405
3871	3872	0.230619
3871	3888	1.021314
3871	3889	3.333322
3871	3903	1.531970
3872	2209	2.874992
3872	2210	0.919999
3872	3871	0.230619
3872	3873	0.803372
3872	3886	0.511111
3872	3887	2.044945
3872	3888	2.874992
3873	2210	2.249439
3873	3872	0.803372
3873	3874	0.312423
3873	3886	2.044945
3873	3887	0.385965
3874	3873	0.312423
3874	3875	0.258427
3874	3885	1.261623
3874	3886	0.793103
3875	3874	0.258427
3875	3876	0.252325
3875	3884	1.261623
3875	3885	0.649927
3876	3875	0.252325
3876	3877	0.219780
3876	3883	1.340474
3876	3884	1.428569
3877	3876	0.219780
3877	3878	0.377358
3877	3882	4.195218
3877	3883	1.261623
3878	3877	0.377358
3878	3879	0.974890
3878	3880	2.499994
3878	3881	20.975737
3878	3882	10.487978
3879	2386	3.285703
3879	2387	0.978018
3879	2388	10.723690
3879	2397	0.714920
3879	2398	1.124721
3879	3878	0.974890
3879	3880	0.218853
3879	3949	11.499868
3880	2387	20.975737
3880	2397	19.999600
3880	3878	2.499994
3880	3879	0.218853
3880	3881	0.218502
3880	3949	1.340474
3881	3878	20.975737
3881	3880	0.218502
3881	3882	0.255814
3881	3949	1.606743
3882	3877	4.195218
3882	3878	10.487978
3882	3881	0.255814
3882	3883	0.316823
3883	3876	1.340474
3883	3877	1.261623
3883	3882	0.316823
3883	3884	0.282205
3884	3875	1.261623
3884	3876	1.428569
3884	3883	0.282205
3884	3885	0.392157
3885	3874	1.261623
3885	3875	0.649927
3885	3884	0.392157
3885	3886	0.297883
3886	3872	0.511111
3886	3873	2.044945
3886	3874	0.793103
3886	3885	0.297883
3886	3887	0.661601
3887	3872	2.044945
3887	3873	0.385965
3887	3886	0.661601
3887	3888	0.214233
3888	2209	22.999471
3888	3871	1.021314
3888	3872	2.874992
3888	3887	0.214233
3888	3889	0.293803
3888	3903	22.999471
3889	2208	2.330681
3889	3870	1.072379
3889	3871	3.333322
3889	3888	0.293803
3889	3890	0.338325
3889	3903	5.361874
3890	2205	1.692305
3890	2206	1.294116
3890	3868	20.975737
3890	3869	1.498296
3890	3870	0.489009
3890	3889	0.338325
3890	3891	0.247192
3890	3903	7.498092
3891	2205	5.623579
3891	3866	11.499868
3891	3868	1.340474
3891	3869	0.714920
3891	3890	0.247192
3891	3892	0.205357
3892	3866	1.533331
3892	3868	5.361874
3892	3891	0.205357
3892	3893	0.283951
3893	3866	0.657142
3893	3892	0.283951
3893	3894	0.306667
3893	3902	1.261623
3894	3811	11.499868
3894	3812	7.149152
3894	3864	1.128820
3894	3865	3.574589
3894	3893	0.306667
3894	3895	0.233126
3894	3900	7.666608
3894	3901	1.261623
3894	3902	0.739572
3895	3811	7.149152
3895	3812	1.111110
3895	3813	3.333322
3895	3862	2.680944
3895	3863	1.249998
3895	3864	6.666622
3895	3894	0.233126
3895	3896	0.389956
3895	3900	1.261623
3895	3901	4.999975
3896	3812	21.447151
3896	3813	0.893650
3896	3862	7.666608
3896	3895	0.389956
3896	3897	0.899777
3896	3898	0.607958
3896	3899	2.249439
3896	3900	0.522727
3897	3814	20.975737
3897	3896	0.899777
3897	3898	0.201835
3898	3813	20.975737
3898	3814	5.244017
3898	3896	0.607958
3898	3897	0.201835
3898	3899	0.222222
3899	3813	6.992010
3899	3896	2.249439
3899	3898	0.222222
3899	3900	0.351476
3900	3812	7.149152
3900	3813	3.574589
3900	3894	7.666608
3900	3895	1.261623
3900	3896	0.522727
3900	3899	0.351476
3900	3901	0.233126
3901	3811	21.447151
3901	3812	1.538459
3901	3894	1.261623
3901	3895	4.999975
3901	3900	0.233126
3901	3902	0.370370
3902	3811	1.261623
3902	3812	2.499994
3902	3866	0.282205
3902	3867	10.487978
3902	3893	1.261623
3902	3894	0.739572
3902	3901	0.370370
3902	3903	1.072379
3903	3866	0.884615
3903	3868	0.691858
3903	3869	1.191533
3903	3870	1.916663
3903	3871	1.531970
3903	3888	22.999471
3903	3889	5.361874
3903	3890	7.498092
3903	3902	1.072379
3903	3904	1.095237
3904	3806	1.340474
3904	3808	22.493938
3904	3809	22.493938
3904	3810	1.277776
3904	3811	7.666608
3904	3867	0.244505
3904	3903	1.095237
3904	3905	0.234694
3905	3805	1.261623
3905	3806	0.824907
3905	3809	11.247095
3905	3810	2.299995
3905	3811	11.499868
3905	3846	11.499868
3905	3904	0.234694
3905	3906	1.072379
3905	3907	1.340474
3906	3810	10.723690
3906	3811	21.447151
3906	3845	0.999999
3906	3850	21.447151
3906	3851	1.191533
3906	3852	0.932504
3906	3857	1.233891
3906	3858	10.723690
3906	3905	1.072379
3906	3907	0.289855
3907	3849	6.992010
3907	3850	1.261623
3907	3851	1.261623
3907	3905	1.340474
3907	3906	0.289855
3907	3908	0.294118
3908	3782	6.666622
3908	3783	2.222217
3908	3848	5.244017
3908	3849	1.498296
3908	3850	1.949779
3908	3907	0.294118
3908	3909	0.953462
3909	3781	2.097613
3909	3782	0.776895
3909	3801	1.499627
3909	3802	0.998865
3909	3847	5.244017
3909	3848	0.500000
3909	3908	0.953462
3909	3910	0.408990
3910	3802	2.680944
3910	3803	1.769228
3910	3804	0.278540
3910	3846	1.437498
3910	3847	1.531970
3910	3909	0.408990
3910	3911	0.487445
3911	3803	1.072379
3911	3804	4.999975
3911	3910	0.487445
3911	3912	0.630812
3911	3946	5.244017
3911	3948	19.999600
3912	3911	0.630812
3912	3913	0.978018
3912	3943	3.749060
3912	3945	0.523112
3912	3946	1.499627
3912	3948	0.714920
3912	3950	1.210525
3913	3912	0.978018
3913	3914	0.229167
3913	3943	4.399981
3913	3945	1.613549
3913	3950	0.284740
3914	3913	0.229167
3914	3915	0.209762
3914	3943	3.666653
3914	3945	6.992010
3915	1775	2.222217
3915	1776	7.149152
3915	3914	0.209762
3915	3916	0.298507
3915	3943	5.244017
3916	1553	2.981415
3916	1554	6.708159
3916	1775	4.999975
3916	3915	0.298507
3916	3917	0.285968
3916	3942	1.261623
3917	1552	2.537709
3917	1553	1.065739
3917	3916	0.285968
3917	3918	0.365079
3917	3941	1.261623
3917	3942	0.418182
3918	1552	6.344249
3918	3917	0.365079
3918	3919	0.246524
3918	3939	4.498869
3918	3940	1.649813
3918	3941	0.579665
3919	3918	0.246524
3919	3920	0.369786
3919	3939	1.311009
3919	3940	9.999900
3920	3919	0.369786
3920	3921	0.225490
3920	3938	1.021314
3920	3939	0.523126
3921	3920	0.225490
3921	3922	0.200445
3921	3936	5.749967
3921	3937	1.261623
3921	3938	0.579665
3922	3921	0.200445
3922	3923	0.869564
3922	3924	4.999975
3922	3936	1.649813
3922	3937	19.999600
3923	2193	20.975737
3923	2194	4.195218
3923	2195	5.244017
3923	2203	2.222217
3923	2204	10.723690
3923	3922	0.869564
3923	3924	0.625000
3924	2193	2.097613
3924	2194	0.874007
3924	2195	0.806775
3924	3922	4.999975
3924	3923	0.625000
3924	3925	0.400000
3924	3935	1.128820
3924	3936	0.510657
3925	2194	6.992010
3925	2195	1.311009
3925	3924	0.400000
3925	3926	0.289832
3925	3934	1.021314
3925	3935	0.630812
3926	3925	0.289832
3926	3927	1.072379
3926	3932	1.499627
3926	3933	1.249690
3926	3934	1.095237
3927	1975	1.531970
3927	3926	1.072379
3927	3928	0.974890
3927	3929	4.999975
3927	3931	21.447151
3927	3932	5.244017
3928	1753	0.661601
3928	1974	0.589743
3928	1975	2.555549
3928	1979	22.493938
3928	1980	1.072379
3928	1981	0.824907
3928	3927	0.974890
3928	3929	0.261556
3929	1979	1.233891
3929	1980	2.499994
3929	3927	4.999975
3929	3928	0.261556
3929	3930	0.382993
3930	1978	1.261623
3930	1979	0.624845
3930	3404	3.574589
3930	3405	5.749967
3930	3929	0.382993
3930	3931	0.227723
3931	1977	1.340474
3931	1978	0.794355
3931	3403	11.499868
3931	3404	1.531970
3931	3927	21.447151
3931	3930	0.227723
3931	3932	0.236784
3932	1976	1.466665
3932	1977	2.622015
3932	3403	1.323201
3932	3404	2.622015
3932	3926	1.499627
3932	3927	5.244017
3932	3931	0.236784
3932	3933	0.293333
3933	1953	1.124721
3933	1976	0.879999
3933	3926	1.249690
3933	3932	0.293333
3933	3934	0.236784
3934	1953	1.642854
3934	3925	1.021314
3934	3926	1.095237
3934	3933	0.236784
3934	3935	0.232323
3935	3924	1.128820
3935	3925	0.630812
3935	3934	0.232323
3935	3936	0.255555
3936	2193	1.022474
3936	3921	5.749967
3936	3922	1.649813
3936	3924	0.510657
3936	3935	0.255555
3936	3937	0.198589
3937	2193	0.912007
3937	3921	1.261623
3937	3922	19.999600
3937	3936	0.198589
3937	3938	0.363636
3938	3920	1.021314
3938	3921	0.579665
3938	3937	0.363636
3938	3939	0.327753
3939	3918	4.498869
3939	3919	1.311009
3939	3920	0.523126
3939	3938	0.327753
3939	3940	0.209762
3940	3918	1.649813
3940	3919	9.999900
3940	3939	0.209762
3940	3941	0.377358
3941	3917	1.261623
3941	3918	0.579665
3941	3940	0.377358
3941	3942	0.595767
3942	3916	1.261623
3942	3917	0.418182
3942	3941	0.595767
3942	3943	1.022474
3943	3912	3.749060
3943	3913	4.399981
3943	3914	3.666653
3943	3915	5.244017
3943	3942	1.022474
3943	3944	0.699205
3943	3945	0.343872
3944	3943	0.699205
3944	3945	0.833333
3944	3946	0.322710
3945	3912	0.523112
3945	3913	1.613549
3945	3914	6.992010
3945	3943	0.343872
3945	3944	0.833333
3945	3946	0.749149
3945	3950	1.072379
3946	3803	0.381262
3946	3911	5.244017
3946	3912	1.499627
3946	3944	0.322710
3946	3945	0.749149
3946	3947	0.733333
3946	3948	0.327753
3946	3950	3.213482
3947	2390	6.992010
3947	3767	0.258557
3947	3779	0.635641
3947	3946	0.733333
3947	3948	0.839046
3947	3950	22.493938
3948	2389	19.999600
3948	2390	19.999600
3948	3779	1.818179
3948	3780	0.376274
3948	3803	1.191533
3948	3911	19.999600
3948	3912	0.714920
3948	3946	0.327753
3948	3947	0.839046
3948	3949	0.739572
3948	3950	3.063935
3949	2387	22.493938
3949	2388	0.794355
3949	2389	1.128820
3949	3780	3.833319
3949	3879	11.499868
3949	3880	1.340474
3949	3881	1.606743
3949	3948	0.739572
3949	3950	0.348485
3950	2389	2.680944
3950	2390	3.063935
3950	3912	1.210525
3950	3913	0.284740
3950	3945	1.072379
3950	3946	3.213482
3950	3947	22.493938
3950	3948	3.063935
3950	3949	0.348485
3950	3951	0.725627
3951	1723	0.305555
3951	2390	0.395777
3951	3599	1.613549
3951	3765	20.975737
3951	3766	20.975737
3951	3950	0.725627
3951	3952	0.676650
3952	1723	2.330681
3952	1724	19.999600
3952	1725	1.906922
3952	1774	0.794355
3952	3951	0.676650
3952	3953	0.616946
3952	3954	0.476731
3952	3955	2.996588
3953	1554	2.814242
3953	1556	0.477295
3953	1557	1.772807
3953	1725	21.999516
3953	1726	10.487978
3953	1774	3.749060
3953	1775	20.975737
3953	3952	0.616946
3953	3954	0.196429
3954	1725	0.261905
3954	1774	22.493938
3954	3609	2.996588
3954	3610	2.622015
3954	3952	0.476731
3954	3953	0.196429
3954	3955	0.956521
3955	1723	21.999516
3955	1724	3.496017
3955	1725	0.415094
3955	3608	1.294116
3955	3609	0.676650
3955	3763	22.493938
3955	3764	1.906922
3955	3765	0.599319
3955	3952	2.996588
3955	3954	0.956521
3955	3956	0.758620
3956	3605	1.613549
3956	3606	1.498296
3956	3608	0.268293
3956	3764	20.975737
3956	3765	1.398410
3956	3766	0.599319
3956	3955	0.758620
3956	3957	0.288390
3956	4118	22.493938
3957	3604	1.340474
3957	3605	0.649927
3957	3765	21.447151
3957	3766	1.340474
3957	3956	0.288390
3957	3958	0.240984
3957	4118	3.833319
3957	4119	1.405901
3958	3602	20.975737
3958	3603	1.429839
3958	3604	1.538459
3958	3766	19.999600
3958	3957	0.240984
3958	3959	0.333333
3958	4119	1.613549
3958	4120	1.787298
3958	4121	20.975737
3959	3602	1.498296
3959	3603	0.714920
3959	3958	0.333333
3959	3960	0.655505
3959	3961	1.249998
3959	3962	0.769230
3959	4120	2.680944
3959	4121	1.906922
3960	3959	0.655505
3960	3961	0.806775
3960	3962	2.996588
3960	4106	20.975737
3960	4107	0.839046
3960	4108	1.692305
3960	4121	1.999996
3961	2355	0.264785
3961	3602	10.487978
3961	3603	1.949779
3961	3959	1.249998
3961	3960	0.806775
3961	3962	0.400000
3961	4107	19.999600
3961	4108	2.097613
3961	4109	21.447151
3961	4120	10.723690
3961	4121	20.975737
3962	3601	1.128820
3962	3602	1.498296
3962	3959	0.769230
3962	3960	2.996588
3962	3961	0.400000
3962	3963	0.465116
3962	4107	4.999975
3962	4108	4.195218
3963	2238	1.906922
3963	3593	20.975737
3963	3600	1.021314
3963	3601	0.437706
3963	3962	0.465116
3963	3964	0.408163
3964	2237	0.998865
3964	2238	0.806775
3964	3598	1.261623
3964	3600	0.579665
3964	3963	0.408163
3964	3965	0.351600
3965	2236	4.599979
3965	2237	2.811798
3965	2367	7.498092
3965	2369	2.680944
3965	3596	21.447151
3965	3597	1.261623
3965	3598	0.450980
3965	3964	0.351600
3965	3966	0.255555
3966	2236	5.749967
3966	2369	1.429839
3966	2370	0.691858
3966	2393	5.749967
3966	3591	1.606743
3966	3595	10.723690
3966	3596	1.261623
3966	3597	0.824907
3966	3965	0.255555
3966	3967	0.261364
3966	3970	7.149152
3967	2370	3.063935
3967	2393	1.149999
3967	3592	11.499868
3967	3594	21.447151
3967	3595	1.261623
3967	3596	1.429839
3967	3966	0.261364
3967	3968	0.657142
3967	3969	1.323201
3967	3970	2.680944
3967	4022	0.476613
3967	4023	11.499868
3968	2127	22.493938
3968	3592	7.666608
3968	3967	0.657142
3968	3969	0.725627
3968	3971	3.749060
3968	3972	5.623579
3968	3973	4.289504
3968	4019	21.447151
3968	4020	2.383062
3968	4021	0.389956
3968	4022	0.252325
3968	4025	3.574589
3969	2129	20.975737
3969	2130	7.498092
3969	2370	20.975737
3969	2393	0.239303
3969	2506	0.314286
3969	3967	1.323201
3969	3968	0.725627
3969	3970	0.776895
3969	4019	6.992010
3969	4020	2.330681
3969	4021	20.975737
3970	2393	5.361874
3970	3595	19.999600
3970	3596	0.714285
3970	3597	3.333322
3970	3772	2.144756
3970	3966	7.149152
3970	3967	2.680944
3970	3969	0.776895
3970	3971	0.839046
3970	4018	6.992010
3970	4019	19.999600
3970	4022	9.999900
3971	3594	1.233891
3971	3595	0.635641
3971	3772	0.548645
3971	3968	3.749060
3971	3970	0.839046
3971	3972	0.252873
3971	4018	1.571426
3971	4022	1.498296
3972	251	7.035574
3972	252	9.380744
3972	3592	1.730339
3972	3594	1.613549
3972	3968	5.623579
3972	3971	0.252873
3972	3973	0.487818
3972	4018	2.199995
3972	4022	6.992010
3973	251	1.032030
3973	255	1.690306
3973	256	11.832020
3973	3968	4.289504
3973	3972	0.487818
3973	3974	0.235687
3973	4021	19.999600
3973	4025	1.333332
3974	255	1.772807
3974	3563	4.498869
3974	3973	0.235687
3974	3975	0.624845
3974	4020	4.195218
3974	4021	1.233891
3974	4025	1.498296
3974	4093	1.833330
3974	4094	6.992010
3975	3562	11.247095
3975	3563	0.793103
3975	3974	0.624845
3975	3976	0.247312
3975	4018	22.493938
3975	4019	1.261623
3975	4020	1.021314
3975	4092	21.447151
3975	4093	22.493938
3975	4094	21.447151
3976	2522	7.149152
3976	3562	0.702951
3976	3563	7.666608
3976	3975	0.247312
3976	3977	0.221109
3976	4016	4.599979
3976	4017	1.261623
3976	4019	0.824907
3977	2521	2.622015
3977	2522	3.333322
3977	3562	20.975737
3977	3976	0.221109
3977	3978	0.317460
3977	4016	1.072379
3977	4017	2.857135
3978	2518	20.975737
3978	2520	1.165342
3978	2521	1.233891
3978	3977	0.317460
3978	3979	0.297883
3978	4015	1.429839
3978	4016	1.072379
3979	2518	3.749060
3979	2520	7.498092
3979	3978	0.297883
3979	3980	0.576780
3979	3981	2.144756
3979	3982	21.447151
3979	4010	7.666608
3979	4011	0.273809
3979	4013	7.149152
3979	4014	5.361874
3979	4015	5.749967
3980	2518	0.785714
3980	3979	0.576780
3980	3981	0.220802
3980	3982	20.975737
3980	4014	1.498296
3980	4015	0.681649
3981	3979	2.144756
3981	3980	0.220802
3981	3982	0.303030
3981	4011	4.289504
3981	4013	1.538459
3981	4014	1.111110
3982	283	13.416228
3982	3979	21.447151
3982	3980	20.975737
3982	3981	0.303030
3982	3983	0.259740
3982	4009	10.487978
3982	4010	1.128820
3982	4011	3.063935
3982	4012	19.999600
3982	4013	1.176469
3983	3982	0.259740
3983	3984	0.270270
3983	4008	21.447151
3983	4009	1.498296
3983	4010	0.932504
3983	4012	1.428569
3984	2689	1.613549
3984	3983	0.270270
3984	3985	0.384615
3984	4008	1.261623
3984	4009	0.998865
3984	4039	5.244017
3985	2688	10.487978
3985	2689	20.975737
3985	3984	0.384615
3985	3986	0.273973
3985	4007	1.261623
3985	4008	0.579665
3986	2591	2.330681
3986	2687	21.447151
3986	3985	0.273973
3986	3987	0.434782
3986	4006	1.261623
3986	4007	0.691858
3987	2591	2.622015
3987	2592	1.531970
3987	3986	0.434782
3987	3988	0.303030
3987	4005	1.340474
3987	4006	0.476613
3988	2592	21.447151
3988	3987	0.303030
3988	3989	0.285968
3988	3998	19.999600
3988	4004	3.999984
3988	4005	1.128820
3989	3988	0.285968
3989	3990	0.607958
3989	3997	2.044945
3989	4002	0.287500
3989	4003	2.299995
3989	4004	7.149152
3990	3989	0.607958
3990	3991	0.234317
3990	3997	3.666653
3990	4002	1.183917
3990	4003	0.330801
3991	3990	0.234317
3991	3992	0.293803
3991	3997	5.623579
3991	4001	1.128820
3991	4002	1.149999
3992	3991	0.293803
3992	3993	0.243723
3992	3997	4.195218
3992	4000	1.261623
3992	4001	0.999999
3993	3992	0.243723
3993	3994	1.021314
3993	3995	5.361874
3993	3996	0.369786
3993	3997	2.811798
3993	3998	1.949779
3993	3999	1.323201
3993	4000	1.277776
3993	4050	1.916663
3994	3993	1.021314
3994	3995	0.307692
3994	3996	2.857135
3994	4050	5.361874
3995	2635	20.975737
3995	3993	5.361874
3995	3994	0.307692
3995	3996	0.259740
3995	4050	7.149152
3996	2635	10.487978
3996	2636	10.723690
3996	3993	0.369786
3996	3994	2.857135
3996	3995	0.259740
3996	3997	0.874007
3996	3998	2.222217
3996	4050	1.787298
3997	3989	2.044945
3997	3990	3.666653
3997	3991	5.623579
3997	3992	4.195218
3997	3993	2.811798
3997	3996	0.874007
3997	3998	0.419523
3997	4000	22.493938
3997	4001	10.487978
3997	4002	5.623579
3998	3988	19.999600
3998	3993	1.949779
3998	3996	2.222217
3998	3997	0.419523
3998	3999	0.839046
3998	4000	2.144756
3998	4001	1.999996
3998	4002	2.680944
3999	3993	1.323201
3999	3998	0.839046
3999	4000	0.229535
3999	4048	20.975737
3999	4049	1.613549
3999	4050	0.274322
3999	4051	10.999879
3999	4057	7.498092
4000	3992	1.261623
4000	3993	1.277776
4000	3997	22.493938
4000	3998	2.144756
4000	3999	0.229535
4000	4001	0.261556
4000	4057	11.499868
4000	4058	1.649813
4001	3991	1.128820
4001	3992	0.999999
4001	3997	10.487978
4001	3998	1.999996
4001	4000	0.261556
4001	4002	0.363519
4001	4058	2.857135
4002	3989	0.287500
4002	3990	1.183917
4002	3991	1.149999
4002	3997	5.623579
4002	3998	2.680944
4002	4001	0.363519
4002	4003	0.718749
4003	3989	2.299995
4003	3990	0.330801
4003	4002	0.718749
4003	4004	0.225764
4003	4005	22.999471
4004	3988	3.999984
4004	3989	7.149152
4004	4003	0.225764
4004	4005	0.274969
4005	3987	1.340474
4005	3988	1.128820
4005	4003	22.999471
4005	4004	0.274969
4005	4006	0.323944
4006	2591	7.498092
4006	3986	1.261623
4006	3987	0.476613
4006	4005	0.323944
4006	4007	0.287500
4007	2590	0.978018
4007	2591	1.071163
4007	3985	1.261623
4007	3986	0.691858
4007	4006	0.287500
4007	4008	0.258427
4008	2589	4.498869
4008	2590	0.749814
4008	2689	22.493938
4008	3983	21.447151
4008	3984	1.261623
4008	3985	0.579665
4008	4007	0.258427
4008	4009	0.239303
4009	2589	2.444438
4009	2689	1.571426
4009	3982	10.487978
4009	3983	1.498296
4009	3984	0.998865
4009	4008	0.239303
4009	4010	0.239303
4010	2689	7.498092
4010	2690	2.249439
4010	3979	7.666608
4010	3982	1.128820
4010	3983	0.932504
4010	4009	0.239303
4010	4011	0.261364
4010	4012	4.289504
4010	4039	2.499376
4011	2690	2.811798
4011	2691	11.247095
4011	3979	0.273809
4011	3981	4.289504
4011	3982	3.063935
4011	4010	0.261364
4011	4012	0.765986
4011	4013	7.149152
4012	2691	3.496017
4012	3982	19.999600
4012	3983	1.428569
4012	4010	4.289504
4012	4011	0.765986
4012	4013	0.799999
4012	4090	2.680944
4012	4091	1.261623
4012	4092	19.999600
4012	4094	19.999600
4013	242	3.944038
4013	257	0.790569
4013	279	2.236063
4013	3979	7.149152
4013	3981	1.538459
4013	3982	1.176469
4013	4011	7.149152
4013	4012	0.799999
4013	4014	0.317460
4013	4094	6.666622
4014	255	11.832020
4014	256	2.366426
4014	257	0.843273
4014	278	10.954331
4014	279	0.670820
4014	280	1.581136
4014	3979	5.361874
4014	3980	1.498296
4014	3981	1.111110
4014	4013	0.317460
4014	4015	0.293803
4014	4094	9.999900
4015	256	6.344249
4015	277	15.905721
4015	2518	11.247095
4015	2520	7.498092
4015	3978	1.429839
4015	3979	5.749967
4015	3980	0.681649
4015	4014	0.293803
4015	4016	0.270588
4016	2520	2.249439
4016	2521	1.499627
4016	3976	4.599979
4016	3977	1.072379
4016	3978	1.072379
4016	4015	0.270588
4016	4017	0.238307
4017	2521	2.996588
4017	2523	1.949779
4017	3771	1.340474
4017	3976	1.261623
4017	3977	2.857135
4017	4016	0.238307
4017	4018	0.395777
4017	4019	19.999600
4018	2523	7.498092
4018	2524	6.992010
4018	3771	2.811798
4018	3970	6.992010
4018	3971	1.571426
4018	3972	2.199995
4018	3975	22.493938
4018	4017	0.395777
4018	4019	0.582671
4019	2129	2.499994
4019	2130	1.531970
4019	3562	0.566923
4019	3968	21.447151
4019	3969	6.992010
4019	3970	19.999600
4019	3975	1.261623
4019	3976	0.824907
4019	4017	19.999600
4019	4018	0.582671
4019	4020	0.540540
4020	2129	9.999900
4020	2130	1.787298
4020	2131	1.906922
4020	2135	2.996588
4020	3561	2.996588
4020	3563	21.447151
4020	3586	3.999984
4020	3968	2.383062
4020	3969	2.330681
4020	3974	4.195218
4020	3975	1.021314
4020	4019	0.540540
4020	4021	0.277778
4021	2131	6.992010
4021	2135	1.165342
4021	3586	3.999984
4021	3968	0.389956
4021	3969	20.975737
4021	3973	19.999600
4021	3974	1.233891
4021	4020	0.277778
4021	4022	0.833333
4021	4025	0.714285
4022	2135	5.244017
4022	2136	19.999600
4022	3592	0.536190
4022	3594	3.333322
4022	3595	19.999600
4022	3967	0.476613
4022	3968	0.252325
4022	3970	9.999900
4022	3971	1.498296
4022	3972	6.992010
4022	4021	0.833333
4022	4023	1.072379
4022	4024	6.992010
4022	4025	6.666622
4023	2136	1.072379
4023	2137	1.277776
4023	2370	21.447151
4023	2371	7.666608
4023	2815	1.949779
4023	3591	0.252746
4023	3592	3.285703
4023	3967	11.499868
4023	4022	1.072379
4023	4024	0.899777
4024	2136	6.992010
4024	3589	21.999516
4024	3590	0.354839
4024	3592	0.408990
4024	3593	10.999879
4024	4022	6.992010
4024	4023	0.899777
4024	4025	0.749149
4024	4026	2.811798
4025	3586	1.999996
4025	3587	3.063935
4025	3592	21.447151
4025	3968	3.574589
4025	3973	1.333332
4025	3974	1.498296
4025	4021	0.714285
4025	4022	6.666622
4025	4024	0.749149
4025	4026	0.974890
4025	4093	3.496017
4026	3589	22.493938
4026	4024	2.811798
4026	4025	0.974890
4026	4027	0.523112
4026	4097	0.283951
4026	4098	22.493938
4026	4131	1.531970
4027	251	0.609836
4027	254	3.162268
4027	255	5.916045
4027	4026	0.523112
4027	4028	0.833333
4027	4093	20.975737
4027	4097	1.429839
4027	4106	0.909090
4028	244	1.483237
4028	254	0.632455
4028	255	3.944038
4028	4027	0.833333
4028	4029	0.255329
4028	4074	3.574589
4028	4094	19.999600
4028	4102	21.447151
4028	4103	1.261623
4028	4104	0.487445
4029	244	1.767327
4029	3228	21.447151
4029	4028	0.255329
4029	4030	0.223301
4029	4075	2.144756
4029	4076	1.531970
4029	4094	21.447151
4029	4101	1.429839
4029	4103	0.741935
4030	3228	7.149152
4030	4029	0.223301
4030	4031	0.246524
4030	4076	5.361874
4030	4100	1.261623
4030	4101	0.714920
4031	4030	0.246524
4031	4032	0.253164
4031	4096	4.999975
4031	4099	1.261623
4031	4100	1.333332
4032	4031	0.253164
4032	4033	0.266667
4032	4095	21.447151
4032	4096	1.666664
4032	4099	0.932504
4033	4032	0.266667
4033	4034	0.420541
4033	4095	1.261623
4033	4096	2.857135
4034	4033	0.420541
4034	4035	0.210271
4034	4091	3.285703
4034	4092	1.261623
4034	4095	0.522727
4035	4034	0.210271
4035	4036	0.294118
4035	4090	21.447151
4035	4091	1.128820
4035	4092	6.666622
4036	2691	1.498296
4036	2692	1.666664
4036	2693	2.383062
4036	4035	0.294118
4036	4037	0.420541
4036	4090	1.021314
4036	4091	0.612788
4037	2690	0.978018
4037	2691	0.865170
4037	4036	0.420541
4037	4038	0.235688
4037	4088	3.285703
4037	4089	1.261623
4037	4090	0.377049
4038	2689	10.487978
4038	2690	5.244017
4038	4037	0.235688
4038	4039	0.749149
4038	4040	3.999984
4038	4063	0.487818
4038	4088	1.021314
4038	4089	9.999900
4039	2689	0.261905
4039	2690	0.550000
4039	3984	5.244017
4039	4010	2.499376
4039	4038	0.749149
4039	4040	0.806775
4040	4038	3.999984
4040	4039	0.806775
4040	4041	0.714285
4040	4042	3.999984
4040	4043	19.999600
4040	4062	0.361658
4040	4063	0.446301
4041	4040	0.714285
4041	4042	0.344827
4041	4063	10.487978
4041	4066	1.191533
4041	4067	3.333322
4041	4086	2.097613
4041	4087	20.975737
4041	4088	0.345929
4042	4040	3.999984
4042	4041	0.344827
4042	4043	0.243902
4042	4063	20.975737
4042	4064	21.447151
4042	4065	1.021314
4042	4066	0.765986
4042	4085	1.104008
4042	4086	1.398410
4043	4040	19.999600
4043	4042	0.243902
4043	4044	0.649927
4043	4062	10.487978
4043	4064	1.429839
4043	4065	1.949779
4043	4085	5.244017
4043	4167	19.999600
4043	4168	0.869564
4043	4169	3.999984
4043	4286	1.233891
4044	4043	0.649927
4044	4045	0.270588
4044	4061	1.128820
4044	4062	1.022474
4044	4261	11.247095
4044	4285	0.899777
4044	4286	0.394639
4045	4044	0.270588
4045	4046	0.287500
4045	4060	1.340474
4045	4061	0.476613
4045	4261	2.811798
4045	4262	1.405901
4045	4284	22.999471
4045	4285	1.606743
4046	4045	0.287500
4046	4047	0.348485
4046	4058	21.447151
4046	4059	1.261623
4046	4060	0.670237
4046	4262	3.213482
4046	4263	1.949779
4047	4046	0.348485
4047	4048	0.218853
4047	4057	11.499868
4047	4058	1.429839
4047	4059	0.824907
4047	4263	2.144756
4047	4264	2.680944
4048	3999	20.975737
4048	4047	0.218853
4048	4049	0.294118
4048	4057	1.340474
4048	4058	6.666622
4049	3999	1.613549
4049	4048	0.294118
4049	4050	0.670237
4049	4051	0.272418
4049	4056	1.649813
4049	4057	1.261623
4050	3993	1.916663
4050	3994	5.361874
4050	3995	7.149152
4050	3996	1.787298
4050	3999	0.274322
4050	4049	0.670237
4050	4051	0.642698
4051	3999	10.999879
4051	4049	0.272418
4051	4050	0.642698
4051	4052	0.956521
4051	4053	2.499376
4051	4055	7.333280
4051	4056	2.249439
4052	4051	0.956521
4052	4053	0.206371
4052	4179	1.233891
4052	4180	0.865170
4052	4182	5.623579
4052	4183	2.199995
4052	4184	7.498092
4053	4051	2.499376
4053	4052	0.206371
4053	4054	0.210228
4053	4178	1.874533
4053	4179	3.574589
4053	4183	1.730339
4053	4184	1.149999
4053	4185	4.599979
4053	4186	11.247095
4054	4053	0.210228
4054	4055	0.220000
4054	4185	0.978018
4054	4186	2.749992
4055	4051	7.333280
4055	4054	0.220000
4055	4056	0.244505
4056	4049	1.649813
4056	4051	2.249439
4056	4055	0.244505
4056	4057	0.261364
4057	3999	7.498092
4057	4000	11.499868
4057	4047	11.499868
4057	4048	1.340474
4057	4049	1.261623
4057	4056	0.261364
4057	4058	0.221109
4058	4000	1.649813
4058	4001	2.857135
4058	4046	21.447151
4058	4047	1.429839
4058	4048	6.666622
4058	4057	0.221109
4058	4059	0.256410
4059	4046	1.261623
4059	4047	0.824907
4059	4058	0.256410
4059	4060	0.317460
4060	4045	1.340474
4060	4046	0.670237
4060	4059	0.317460
4060	4061	0.392157
4060	4262	1.906922
4061	4044	1.128820
4061	4045	0.476613
4061	4060	0.392157
4061	4062	0.228002
4061	4261	0.998865
4061	4262	1.613549
4061	4285	10.487978
4062	4040	0.361658
4062	4043	10.487978
4062	4044	1.022474
4062	4061	0.228002
4062	4063	0.846153
4062	4261	21.999516
4062	4285	1.692305
4062	4286	1.374998
4062	4287	7.498092
4063	4038	0.487818
4063	4040	0.446301
4063	4041	10.487978
4063	4042	20.975737
4063	4062	0.846153
4063	4064	0.591959
4063	4065	2.499376
4063	4066	22.493938
4063	4088	4.498869
4063	4287	22.493938
4064	4042	21.447151
4064	4043	1.429839
4064	4063	0.591959
4064	4065	0.200000
4064	4166	1.095237
4064	4167	5.361874
4064	4168	10.723690
4064	4286	0.424423
4064	4287	2.299995
4064	4288	5.361874
4065	4042	1.021314
4065	4043	1.949779
4065	4063	2.499376
4065	4064	0.200000
4065	4066	0.242105
4065	4166	1.437498
4065	4167	1.429839
4066	4041	1.191533
4066	4042	0.765986
4066	4063	22.493938
4066	4065	0.242105
4066	4067	0.212353
4066	4085	5.623579
4066	4086	1.249690
4066	4088	7.666608
4066	4167	2.680944
4067	4041	3.333322
4067	4066	0.212353
4067	4068	0.769230
4067	4086	1.748012
4067	4087	1.311009
4067	4088	1.787298
4067	4196	20.975737
4068	4067	0.769230
4068	4069	0.487445
4068	4082	1.613549
4068	4083	1.818179
4068	4087	0.295439
4068	4088	21.447151
4069	3225	22.493938
4069	3483	11.247095
4069	4068	0.487445
4069	4070	0.258427
4069	4081	1.261623
4069	4082	0.468634
4070	3225	0.899777
4070	3226	3.063935
4070	3483	7.498092
4070	3484	1.071163
4070	4069	0.258427
4070	4071	0.328571
4070	4080	1.191533
4070	4081	0.670237
4071	3225	2.499376
4071	3226	2.383062
4071	3227	10.723690
4071	3484	0.725627
4071	3485	2.555549
4071	4070	0.328571
4071	4072	0.249391
4071	4078	11.499868
4071	4079	1.261623
4071	4080	0.670237
4072	3485	0.893650
4072	3486	1.428569
4072	3487	4.999975
4072	3517	20.975737
4072	4071	0.249391
4072	4073	0.298507
4072	4078	1.191533
4072	4079	6.666622
4073	3229	19.999600
4073	3485	21.447151
4073	3486	0.999999
4073	3487	1.538459
4073	4072	0.298507
4073	4074	0.932504
4073	4075	0.434782
4073	4076	9.999900
4073	4077	4.999975
4074	246	2.936826
4074	247	9.591571
4074	3228	1.949779
4074	4028	3.574589
4074	4073	0.932504
4074	4075	0.306394
4074	4103	0.793103
4074	4104	0.696969
4075	246	2.738605
4075	3228	2.857135
4075	3486	2.499994
4075	4029	2.144756
4075	4073	0.434782
4075	4074	0.306394
4075	4076	0.322581
4075	4077	19.999600
4076	243	1.405455
4076	244	0.706304
4076	4029	1.531970
4076	4030	5.361874
4076	4073	9.999900
4076	4075	0.322581
4076	4077	0.281690
4077	241	4.216352
4077	242	11.832020
4077	243	1.581136
4077	261	1.348398
4077	3486	2.499994
4077	4073	4.999975
4077	4075	19.999600
4077	4076	0.281690
4077	4078	0.261556
4078	239	5.301963
4078	241	6.782284
4078	261	0.883664
4078	3475	5.361874
4078	3486	5.361874
4078	4071	11.499868
4078	4072	1.191533
4078	4077	0.261556
4078	4079	0.258405
4079	239	7.416143
4079	4071	1.261623
4079	4072	6.666622
4079	4078	0.258405
4079	4080	0.298507
4080	3484	1.748012
4080	4070	1.191533
4080	4071	0.670237
4080	4079	0.298507
4080	4081	0.434782
4081	3483	1.165342
4081	3484	0.806775
4081	4069	1.261623
4081	4070	0.670237
4081	4080	0.434782
4081	4082	0.304002
4082	3483	10.999879
4082	4068	1.613549
4082	4069	0.468634
4082	4081	0.304002
4082	4083	0.246778
4083	4068	1.818179
4083	4082	0.246778
4083	4084	0.377358
4083	4087	1.498296
4084	4083	0.377358
4084	4085	0.655505
4084	4086	0.446301
4084	4087	0.582671
4085	4042	1.104008
4085	4043	5.244017
4085	4066	5.623579
4085	4084	0.655505
4085	4086	0.234042
4085	4167	2.330681
4085	4168	0.456004
4085	4169	0.874007
4085	4195	22.493938
4086	4041	2.097613
4086	4042	1.398410
4086	4066	1.249690
4086	4067	1.748012
4086	4084	0.446301
4086	4085	0.234042
4086	4087	0.392857
4087	4041	20.975737
4087	4067	1.311009
4087	4068	0.295439
4087	4083	1.498296
4087	4084	0.582671
4087	4086	0.392857
4087	4088	1.124721
4088	4037	3.285703
4088	4038	1.021314
4088	4041	0.345929
4088	4063	4.498869
4088	4066	7.666608
4088	4067	1.787298
4088	4068	21.447151
4088	4087	1.124721
4088	4089	0.218853
4089	4037	1.261623
4089	4038	9.999900
4089	4088	0.218853
4089	4090	0.315406
4090	2691	1.249690
4090	4012	2.680944
4090	4035	21.447151
4090	4036	1.021314
4090	4037	0.377049
4090	4089	0.315406
4090	4091	0.280488
4091	2691	0.499876
4091	2692	7.149152
4091	4012	1.261623
4091	4034	3.285703
4091	4035	1.128820
4091	4036	0.612788
4091	4090	0.280488
4091	4092	0.193222
4091	4094	21.447151
4092	3975	21.447151
4092	4012	19.999600
4092	4034	1.261623
4092	4035	6.666622
4092	4091	0.193222
4092	4093	0.839046
4092	4094	4.999975
4092	4095	0.523112
4093	3563	0.511237
4093	3585	21.999516
4093	3586	3.496017
4093	3974	1.833330
4093	3975	22.493938
4093	4025	3.496017
4093	4027	20.975737
4093	4092	0.839046
4093	4094	0.953462
4093	4095	1.249690
4093	4096	2.996588
4094	244	0.872493
4094	255	1.479018
4094	256	5.916045
4094	257	1.807013
4094	3974	6.992010
4094	3975	21.447151
4094	4012	19.999600
4094	4013	6.666622
4094	4014	9.999900
4094	4028	19.999600
4094	4029	21.447151
4094	4091	21.447151
4094	4092	4.999975
4094	4093	0.953462
4094	4095	0.691858
4094	4096	4.999975
4095	4032	21.447151
4095	4033	1.261623
4095	4034	0.522727
4095	4092	0.523112
4095	4093	1.249690
4095	4094	0.691858
4095	4096	0.196767
4096	3583	10.723690
4096	4031	4.999975
4096	4032	1.666664
4096	4033	2.857135
4096	4093	2.996588
4096	4094	4.999975
4096	4095	0.196767
4096	4097	0.794355
4096	4099	1.340474
4097	4026	0.283951
4097	4027	1.429839
4097	4096	0.794355
4097	4098	0.978018
4097	4099	4.599979
4097	4100	1.072379
4097	4101	3.574589
4097	4102	4.599979
4097	4131	21.447151
4098	3582	7.333280
4098	3583	22.493938
4098	3584	3.213482
4098	3585	1.999996
4098	3587	0.261563
4098	4026	22.493938
4098	4097	0.978018
4098	4099	0.833127
4098	4100	20.975737
4098	4135	0.647058
4098	4136	20.975737
4099	3582	0.702951
4099	3583	4.599979
4099	4031	1.261623
4099	4032	0.932504
4099	4096	1.340474
4099	4097	4.599979
4099	4098	0.833127
4099	4100	0.264785
4099	4135	4.498869
4100	4030	1.261623
4100	4031	1.333332
4100	4097	1.072379
4100	4098	20.975737
4100	4099	0.264785
4100	4101	0.281690
4101	4029	1.429839
4101	4030	0.714920
4101	4097	3.574589
4101	4100	0.281690
4101	4102	0.214476
4101	4103	21.447151
4101	4131	6.666622
4102	3228	21.447151
4102	4028	21.447151
4102	4097	4.599979
4102	4101	0.214476
4102	4103	0.741935
4102	4104	22.999471
4102	4131	0.282205
4103	3228	0.649927
4103	4028	1.261623
4103	4029	0.741935
4103	4074	0.793103
4103	4101	21.447151
4103	4102	0.741935
4103	4104	0.287500
4104	254	2.260772
4104	4028	0.487445
4104	4074	0.696969
4104	4102	22.999471
4104	4103	0.287500
4104	4105	0.210271
4105	247	1.788851
4105	248	3.944038
4105	249	8.944192
4105	250	0.745355
4105	251	13.416228
4105	253	11.832020
4105	254	1.807013
4105	4104	0.210271
4105	4106	0.384615
4106	248	2.366426
4106	249	2.236063
4106	250	0.993807
4106	251	1.916626
4106	254	6.324515
4106	3960	20.975737
4106	4027	0.909090
4106	4105	0.384615
4106	4107	0.689655
4107	3322	1.538459
4107	3960	0.839046
4107	3961	19.999600
4107	3962	4.999975
4107	4106	0.689655
4107	4108	0.291336
4107	4129	0.932504
4108	2348	22.493938
4108	3322	0.635641
4108	3323	0.488889
4108	3960	1.692305
4108	3961	2.097613
4108	3962	4.195218
4108	4107	0.291336
4108	4109	1.022474
4108	4128	5.623579
4108	4129	1.183917
4109	2346	1.606743
4109	2347	2.249439
4109	3319	2.144756
4109	3323	1.071163
4109	3325	2.044945
4109	3961	21.447151
4109	4108	1.022474
4109	4110	0.214233
4109	4127	1.261623
4109	4128	0.442307
4110	2346	2.749992
4110	2347	2.444438
4110	3325	3.142847
4110	3326	21.999516
4110	3327	0.879999
4110	4109	0.214233
4110	4111	0.293333
4110	4126	1.748012
4110	4127	1.233891
4111	3328	20.975737
4111	3469	1.099999
4111	4110	0.293333
4111	4112	0.317821
4111	4125	1.398410
4111	4126	0.616946
4112	3469	4.195218
4112	3470	1.538459
4112	3503	20.975737
4112	4111	0.317821
4112	4113	0.289832
4112	4124	1.261623
4112	4125	1.538459
4113	3470	0.932504
4113	3471	21.447151
4113	3497	1.022474
4113	3498	3.574589
4113	3499	4.599979
4113	4112	0.289832
4113	4114	0.221109
4113	4121	7.498092
4113	4122	1.261623
4113	4124	0.479166
4114	3497	1.311009
4114	3499	21.447151
4114	4113	0.221109
4114	4115	0.333333
4114	4121	1.048808
4114	4122	2.857135
4115	4114	0.333333
4115	4116	0.278540
4115	4120	1.261623
4115	4121	0.806775
4116	4115	0.278540
4116	4117	0.893650
4116	4118	0.560975
4116	4119	2.044945
4116	4120	0.479166
4117	3606	1.176469
4117	3607	0.833333
4117	4116	0.893650
4117	4118	0.285968
4118	3434	22.999471
4118	3605	1.021314
4118	3606	1.531970
4118	3956	22.493938
4118	3957	3.833319
4118	4116	0.560975
4118	4117	0.285968
4118	4119	0.252746
4119	3603	22.493938
4119	3604	2.097613
4119	3605	0.912007
4119	3957	1.405901
4119	3958	1.613549
4119	4116	2.044945
4119	4118	0.252746
4119	4120	0.449889
4120	3958	1.787298
4120	3959	2.680944
4120	3961	10.723690
4120	4115	1.261623
4120	4116	0.479166
4120	4119	0.449889
4120	4121	0.236784
4121	3958	20.975737
4121	3959	1.906922
4121	3960	1.999996
4121	3961	20.975737
4121	4113	7.498092
4121	4114	1.048808
4121	4115	0.806775
4121	4120	0.236784
4121	4122	0.332955
4122	4113	1.261623
4122	4114	2.857135
4122	4121	0.332955
4122	4123	1.104008
4122	4124	0.536190
4123	245	3.496017
4123	248	0.477295
4123	249	0.625388
4123	252	1.876163
4123	253	0.775604
4123	256	3.102409
4123	258	1.914851
4123	275	3.102409
4123	276	3.102409
4123	277	0.486136
4123	4122	1.104008
4123	4124	0.749814
4124	248	6.344249
4124	275	12.688417
4124	3471	10.723690
4124	3472	21.447151
4124	4112	1.261623
4124	4113	0.479166
4124	4122	0.536190
4124	4123	0.749814
4124	4125	0.268095
4125	247	8.944192
4125	248	1.314683
4125	3469	20.975737
4125	3470	2.857135
4125	3471	9.999900
4125	4111	1.398410
4125	4112	1.538459
4125	4124	0.268095
4125	4126	0.307692
4126	3326	10.487978
4126	3469	1.498296
4126	3470	6.666622
4126	4110	1.748012
4126	4111	0.616946
4126	4125	0.307692
4126	4127	0.400000
4127	3326	1.613549
4127	3513	19.999600
4127	3514	0.952380
4127	4109	1.261623
4127	4110	1.233891
4127	4126	0.400000
4127	4128	0.363519
4128	3323	1.606743
4128	3324	22.493938
4128	3514	4.289504
4128	4108	5.623579
4128	4109	0.442307
4128	4127	0.363519
4128	4129	0.214953
4129	3322	1.128820
4129	3323	1.730339
4129	4107	0.932504
4129	4108	1.183917
4129	4128	0.214953
4129	4130	1.128820
4130	2315	1.498296
4130	3321	19.999600
4130	3322	0.312500
4130	4129	1.128820
4130	4131	0.645161
4131	2309	4.195218
4131	4026	1.531970
4131	4097	21.447151
4131	4101	6.666622
4131	4102	0.282205
4131	4130	0.645161
4131	4132	0.869564
4132	2309	1.048808
4132	2310	19.999600
4132	3588	1.311009
4132	3589	10.487978
4132	4131	0.869564
4132	4133	0.799999
4133	2309	0.582671
4133	2310	2.857135
4133	2311	3.063935
4133	4132	0.799999
4133	4134	0.588235
4134	2310	0.606060
4134	2311	21.447151
4134	2828	1.165342
4134	3544	1.165342
4134	3545	2.330681
4134	4133	0.588235
4134	4135	0.776895
4135	3582	0.328358
4135	3584	5.623579
4135	3585	10.999879
4135	4098	0.647058
4135	4099	4.498869
4135	4134	0.776895
4135	4136	0.582671
4135	4137	10.487978
4136	2824	3.574589
4136	2825	2.330681
4136	3585	1.613549
4136	4098	20.975737
4136	4135	0.582671
4136	4137	0.344827
4137	3553	1.428569
4137	3584	1.261623
4137	3585	0.676650
4137	4135	10.487978
4137	4136	0.344827
4137	4138	0.338983
4138	3553	2.499994
4138	3554	0.974890
4138	3555	10.723690
4138	3582	10.487978
4138	3583	1.191533
4138	3584	0.549938
4138	4137	0.338983
4138	4139	0.258405
4139	3554	1.769228
4139	3555	22.999471
4139	3580	22.999471
4139	3581	1.191533
4139	3582	5.623579
4139	3583	0.638888
4139	4138	0.258405
4139	4140	0.214476
4140	3580	1.072379
4140	3581	1.333332
4140	4139	0.214476
4140	4141	0.392157
4141	3579	1.261623
4141	3580	0.612788
4141	4140	0.392157
4141	4142	0.304002
4142	3577	22.493938
4142	3578	1.498296
4142	3579	0.468634
4142	4141	0.304002
4142	4143	0.249716
4143	3577	1.191533
4143	3578	2.499994
4143	4142	0.249716
4143	4144	0.446825
4143	4342	2.857135
4143	4343	4.999975
4144	3576	1.261623
4144	3577	0.328571
4144	4143	0.446825
4144	4145	0.287500
4144	4343	1.787298
4144	4344	0.899777
4145	3575	1.072379
4145	3576	0.549938
4145	4144	0.287500
4145	4146	0.280488
4145	4343	7.149152
4145	4344	3.749060
4146	2088	1.183917
4146	3574	1.261623
4146	3575	0.510657
4146	4145	0.280488
4146	4147	0.210271
4146	4298	3.833319
4147	2088	0.998865
4147	3574	19.999600
4147	4146	0.210271
4147	4148	0.274969
4147	4298	1.072379
4148	4147	0.274969
4148	4149	0.243723
4148	4298	0.418182
4148	4302	1.730339
4149	4148	0.243723
4149	4150	0.912007
4149	4302	0.456004
4149	4303	5.361874
4150	4149	0.912007
4150	4151	0.899777
4150	4303	22.493938
4150	4412	1.398410
4151	4150	0.899777
4151	4152	0.270588
4151	4308	21.447151
4151	4309	1.072379
4151	4310	5.361874
4151	4327	11.247095
4151	4409	1.499627
4151	4411	0.389830
4152	4151	0.270588
4152	4153	0.261563
4152	4308	1.340474
4152	4309	0.974890
4152	4327	2.811798
4152	4328	1.183917
4152	4408	11.499868
4152	4409	1.730339
4153	4152	0.261563
4153	4154	0.394639
4153	4306	20.975737
4153	4307	1.311009
4153	4308	0.998865
4153	4328	1.999996
4153	4329	1.730339
4154	4153	0.394639
4154	4155	0.223301
4154	4306	1.261623
4154	4307	0.932504
4154	4329	2.555549
4154	4330	3.285703
4155	4154	0.223301
4155	4156	0.221109
4155	4304	7.666608
4155	4305	1.261623
4155	4306	0.794355
4156	4155	0.221109
4156	4157	0.350877
4156	4304	1.128820
4156	4305	3.999984
4157	4156	0.350877
4157	4158	0.416666
4157	4303	1.429839
4157	4304	0.670237
4158	4157	0.416666
4158	4159	0.235688
4158	4297	1.311009
4158	4299	10.487978
4158	4303	0.564410
4159	4158	0.235688
4159	4160	0.661601
4159	4161	22.999471
4159	4296	0.335738
4159	4297	1.071163
4159	4299	1.499627
4160	4159	0.661601
4160	4161	0.249938
4160	4296	1.692305
4160	4299	0.301370
4161	4159	22.999471
4161	4160	0.249938
4161	4162	0.277108
4161	4295	1.340474
4161	4296	1.249690
4162	4161	0.277108
4162	4163	0.242105
4162	4294	1.261623
4162	4295	0.564410
4163	4162	0.242105
4163	4164	0.267442
4163	4292	21.447151
4163	4293	1.261623
4163	4294	0.612788
4164	4163	0.267442
4164	4165	0.242105
4164	4292	1.340474
4164	4293	0.932504
4165	4164	0.242105
4165	4166	0.214953
4165	4253	22.999471
4165	4291	4.599979
4165	4292	21.447151
4166	4064	1.095237
4166	4065	1.437498
4166	4165	0.214953
4166	4167	0.794355
4166	4253	2.555549
4166	4254	2.249439
4166	4286	7.498092
4166	4287	7.666608
4166	4288	5.361874
4167	4043	19.999600
4167	4064	5.361874
4167	4065	1.429839
4167	4066	2.680944
4167	4085	2.330681
4167	4166	0.794355
4167	4168	0.273973
4167	4195	1.191533
4167	4196	2.330681
4167	4253	0.691858
4167	4254	2.330681
4167	4286	10.487978
4168	4043	0.869564
4168	4064	10.723690
4168	4085	0.456004
4168	4167	0.273973
4168	4169	0.425532
4168	4194	1.649813
4168	4195	1.261623
4168	4286	20.975737
4169	4043	3.999984
4169	4085	0.874007
4169	4168	0.425532
4169	4170	0.307692
4169	4193	1.191533
4169	4194	0.765986
4170	4169	0.307692
4170	4171	0.263158
4170	4191	20.975737
4170	4192	1.233891
4170	4193	0.857904
4171	4170	0.263158
4171	4172	0.344827
4171	4191	1.498296
4171	4192	1.104008
4172	4171	0.344827
4172	4173	0.357143
4172	4190	1.340474
4172	4191	0.776895
4173	4172	0.357143
4173	4174	0.273973
4173	4189	1.429839
4173	4190	0.630812
4174	4173	0.273973
4174	4175	0.238366
4174	4176	3.574589
4174	4188	1.818179
4174	4189	1.429839
4175	4174	0.238366
4175	4176	0.803372
4175	4177	0.291336
4175	4186	1.999996
4175	4187	2.622015
4175	4188	5.244017
4176	4174	3.574589
4176	4175	0.803372
4176	4177	0.691858
4176	4185	0.511111
4176	4186	5.623579
4177	4175	0.291336
4177	4176	0.691858
4177	4178	0.437003
4177	4179	19.999600
4177	4185	0.824907
4177	4186	1.498296
4178	4053	1.874533
4178	4177	0.437003
4178	4179	0.258965
4178	4184	22.493938
4178	4185	1.323201
4178	4186	0.323529
4179	4052	1.233891
4179	4053	3.574589
4179	4177	19.999600
4179	4178	0.258965
4179	4180	0.285968
4179	4184	1.261623
4179	4185	1.949779
4180	4052	0.865170
4180	4179	0.285968
4180	4181	0.803372
4180	4182	0.821428
4180	4183	1.405901
4180	4184	0.999999
4181	4180	0.803372
4181	4182	0.220534
4182	4052	5.623579
4182	4180	0.821428
4182	4181	0.220534
4182	4183	0.222717
4183	4052	2.199995
4183	4053	1.730339
4183	4180	1.405901
4183	4182	0.222717
4183	4184	0.288390
4184	4052	7.498092
4184	4053	1.149999
4184	4178	22.493938
4184	4179	1.261623
4184	4180	0.999999
4184	4183	0.288390
4184	4185	0.198276
4185	4053	4.599979
4185	4054	0.978018
4185	4176	0.511111
4185	4177	0.824907
4185	4178	1.323201
4185	4179	1.949779
4185	4184	0.198276
4185	4186	0.576780
4186	4053	11.247095
4186	4054	2.749992
4186	4175	1.999996
4186	4176	5.623579
4186	4177	1.498296
4186	4178	0.323529
4186	4185	0.576780
4186	4187	0.322710
4187	4175	2.622015
4187	4186	0.322710
4187	4188	0.227273
4188	4174	1.818179
4188	4175	5.244017
4188	4187	0.227273
4188	4189	0.243723
4189	4173	1.429839
4189	4174	1.429839
4189	4188	0.243723
4189	4190	0.298701
4190	4172	1.340474
4190	4173	0.630812
4190	4189	0.298701
4190	4191	0.292136
4191	4170	20.975737
4191	4171	1.498296
4191	4172	0.776895
4191	4190	0.292136
4191	4192	0.268293
4192	4170	1.233891
4192	4171	1.104008
4192	4191	0.268293
4192	4193	0.247192
4193	4169	1.191533
4193	4170	0.857904
4193	4192	0.247192
4193	4194	0.333333
4194	4168	1.649813
4194	4169	0.765986
4194	4193	0.333333
4194	4195	0.315068
4195	4085	22.493938
4195	4167	1.191533
4195	4168	1.261623
4195	4194	0.315068
4195	4196	0.218393
4195	4253	22.999471
4196	4067	20.975737
4196	4167	2.330681
4196	4195	0.218393
4196	4197	0.233069
4196	4252	22.493938
4196	4253	1.606743
4197	4196	0.233069
4197	4198	0.329963
4197	4252	1.072379
4197	4253	1.949779
4198	4197	0.329963
4198	4199	0.285968
4198	4250	7.666608
4198	4251	1.261623
4198	4252	0.389830
4199	4198	0.285968
4199	4200	0.287345
4199	4250	1.261623
4199	4251	3.333322
4200	4199	0.287345
4200	4201	0.223151
4200	4248	4.498869
4200	4249	1.233891
4200	4250	0.511237
4201	4200	0.223151
4201	4202	0.370370
4201	4203	19.999600
4201	4246	20.975737
4201	4248	1.261623
4201	4249	4.999975
4202	4201	0.370370
4202	4203	0.625000
4202	4204	6.666622
4202	4205	19.999600
4202	4243	7.149152
4202	4244	9.999900
4202	4245	0.714285
4202	4246	1.906922
4202	4248	1.340474
4203	4201	19.999600
4203	4202	0.625000
4203	4204	0.312500
4203	4242	6.992010
4203	4243	10.723690
4203	4248	5.361874
4203	4249	1.666664
4204	4202	6.666622
4204	4203	0.312500
4204	4205	0.281690
4204	4246	20.975737
4204	4248	1.429839
4204	4249	9.999900
4205	4202	19.999600
4205	4204	0.281690
4205	4206	0.246524
4205	4245	19.999600
4205	4246	1.498296
4205	4247	19.999600
4205	4248	1.531970
4206	3220	1.730339
4206	4205	0.246524
4206	4207	0.333333
4206	4245	1.261623
4206	4246	0.865170
4206	4247	3.574589
4207	3218	21.447151
4207	3219	1.021314
4207	3220	2.499376
4207	3529	3.285703
4207	3530	5.361874
4207	4206	0.333333
4207	4208	0.225764
4207	4243	3.285703
4207	4244	1.261623
4207	4245	0.739572
4207	4247	7.149152
4208	3217	4.289504
4208	3218	1.666664
4208	3219	1.999996
4208	3529	7.149152
4208	3530	0.909090
4208	3531	7.149152
4208	4207	0.225764
4208	4209	0.281690
4208	4241	6.666622
4208	4243	1.649813
4208	4244	19.999600
4209	3217	5.361874
4209	3531	3.574589
4209	4208	0.281690
4209	4210	0.952380
4209	4234	4.195218
4209	4240	0.428952
4209	4241	2.222217
4209	4242	2.622015
4209	4243	21.447151
4209	4391	6.992010
4210	2275	20.975737
4210	3217	21.447151
4210	3531	2.680944
4210	3532	0.723316
4210	4209	0.952380
4210	4211	0.465116
4210	4212	1.999996
4210	4234	0.287345
4210	4240	2.144756
4210	4390	2.680944
4210	4391	20.975737
4211	4210	0.465116
4211	4212	0.769230
4211	4213	9.999900
4211	4234	2.097613
4211	4235	21.447151
4211	4390	3.063935
4212	4210	1.999996
4212	4211	0.769230
4212	4213	0.357143
4212	4239	1.340474
4212	4240	0.893650
4212	4364	5.361874
4212	4389	1.999996
4212	4390	0.446825
4213	4211	9.999900
4213	4212	0.357143
4213	4214	0.304002
4213	4238	1.261623
4213	4239	0.714920
4213	4364	3.574589
4213	4365	0.869564
4213	4387	4.289504
4213	4388	2.222217
4213	4389	2.857135
4214	4213	0.304002
4214	4215	0.277709
4214	4236	20.975737
4214	4237	1.398410
4214	4238	0.432585
4214	4365	6.992010
4214	4366	5.623579
4214	4387	7.498092
4215	3293	22.999471
4215	3294	21.447151
4215	3295	1.606743
4215	4214	0.277709
4215	4216	0.240984
4215	4235	22.999471
4215	4236	1.072379
4215	4237	0.691858
4216	3295	3.496017
4216	3298	0.549938
4216	4215	0.240984
4216	4217	0.370370
4216	4235	1.261623
4216	4236	1.999996
4217	3298	0.765986
4217	3299	0.776895
4217	4216	0.370370
4217	4218	0.351600
4217	4232	1.498296
4217	4235	1.340474
4218	3186	1.769228
4218	3193	3.749060
4218	3194	4.289504
4218	3299	2.249439
4218	4217	0.351600
4218	4219	0.223413
4218	4230	4.599979
4218	4231	1.261623
4218	4232	0.562361
4219	3184	10.723690
4219	3185	1.249998
4219	3186	2.680944
4219	3194	0.999999
4219	3195	19.999600
4219	4218	0.223413
4219	4220	0.259740
4219	4229	21.447151
4219	4230	1.128820
4219	4231	9.999900
4220	3184	5.361874
4220	3185	4.999975
4220	3194	4.999975
4220	3195	0.952380
4220	4219	0.259740
4220	4221	0.266667
4220	4228	21.447151
4220	4229	1.191533
4220	4230	0.857904
4221	4220	0.266667
4221	4222	0.444444
4221	4228	1.261623
4221	4229	0.932504
4222	4221	0.444444
4222	4223	0.392157
4222	4224	19.999600
4222	4227	1.261623
4222	4228	0.794355
4223	3012	0.552004
4223	3013	1.538459
4223	4222	0.392157
4223	4224	0.487805
4223	4225	4.999975
4223	4226	4.195218
4224	3012	2.330681
4224	3015	1.340474
4224	3016	0.776895
4224	3020	7.149152
4224	3021	1.538459
4224	4222	19.999600
4224	4223	0.487805
4224	4225	0.350877
4225	3014	1.261623
4225	3015	0.549938
4225	4223	4.999975
4225	4224	0.350877
4225	4226	0.238366
4226	3013	10.487978
4226	3014	1.405901
4226	4223	4.195218
4226	4225	0.238366
4226	4227	0.261563
4226	4370	4.498869
4227	3013	21.447151
4227	4222	1.261623
4227	4226	0.261563
4227	4228	0.234694
4227	4369	7.498092
4227	4370	3.285703
4228	4220	21.447151
4228	4221	1.261623
4228	4222	0.794355
4228	4227	0.234694
4228	4229	0.306667
4229	4219	21.447151
4229	4220	1.191533
4229	4221	0.932504
4229	4228	0.306667
4229	4230	0.283951
4230	2856	1.916663
4230	2857	21.447151
4230	3194	3.063935
4230	3195	7.149152
4230	4218	4.599979
4230	4219	1.128820
4230	4220	0.857904
4230	4229	0.283951
4230	4231	0.240984
4231	2275	20.975737
4231	2856	21.447151
4231	2857	2.222217
4231	3193	20.975737
4231	3194	1.176469
4231	4218	1.261623
4231	4219	9.999900
4231	4230	0.240984
4231	4232	0.283462
4232	2275	1.999996
4232	2857	10.487978
4232	3193	1.571426
4232	3194	2.996588
4232	3299	1.692305
4232	3300	5.499970
4232	4217	1.498296
4232	4218	0.562361
4232	4231	0.283462
4232	4233	0.582671
4232	4235	0.335738
4233	2275	0.403388
4233	3216	6.666622
4233	3217	7.149152
4233	3300	4.195218
4233	4232	0.582671
4233	4234	1.498296
4233	4235	0.974890
4233	4236	6.666622
4234	2275	0.879999
4234	3217	11.247095
4234	3532	21.999516
4234	4209	4.195218
4234	4210	0.287345
4234	4211	2.097613
4234	4233	1.498296
4234	4235	0.937268
4234	4236	3.496017
4235	2275	7.498092
4235	3299	1.183917
4235	3300	7.498092
4235	4211	21.447151
4235	4215	22.999471
4235	4216	1.261623
4235	4217	1.340474
4235	4232	0.335738
4235	4233	0.974890
4235	4234	0.937268
4235	4236	0.243723
4236	3299	1.165342
4236	3300	10.487978
4236	4214	20.975737
4236	4215	1.072379
4236	4216	1.999996
4236	4233	6.666622
4236	4234	3.496017
4236	4235	0.243723
4236	4237	0.285714
4237	3294	1.428569
4237	3295	1.398410
4237	4214	1.398410
4237	4215	0.691858
4237	4236	0.285714
4237	4238	0.397178
4238	3294	1.021314
4238	4213	1.261623
4238	4214	0.432585
4238	4237	0.397178
4238	4239	0.230000
4238	4365	4.289504
4238	4366	4.599979
4239	4212	1.340474
4239	4213	0.714920
4239	4238	0.230000
4239	4240	0.237113
4239	4364	11.499868
4239	4365	1.949779
4240	4209	0.428952
4240	4210	2.144756
4240	4212	0.893650
4240	4239	0.237113
4240	4241	0.794355
4240	4364	1.916663
4240	4365	3.574589
4240	4390	4.599979
4241	4208	6.666622
4241	4209	2.222217
4241	4240	0.794355
4241	4242	0.272418
4241	4362	10.723690
4241	4363	3.063935
4241	4364	21.447151
4241	4390	0.893650
4241	4391	1.165342
4242	4203	6.992010
4242	4209	2.622015
4242	4241	0.272418
4242	4243	0.231901
4242	4391	0.523809
4242	4392	2.622015
4243	3530	2.680944
4243	3531	5.749967
4243	4202	7.149152
4243	4203	10.723690
4243	4207	3.285703
4243	4208	1.649813
4243	4209	21.447151
4243	4242	0.231901
4243	4244	0.204263
4243	4338	1.730339
4244	3529	21.447151
4244	3530	1.176469
4244	4202	9.999900
4244	4207	1.261623
4244	4208	19.999600
4244	4243	0.204263
4244	4245	0.333333
4244	4338	4.195218
4245	3529	0.932504
4245	3530	3.999984
4245	4202	0.714285
4245	4205	19.999600
4245	4206	1.261623
4245	4207	0.739572
4245	4244	0.333333
4245	4246	0.676650
4246	3528	11.247095
4246	3529	11.247095
4246	4201	20.975737
4246	4202	1.906922
4246	4204	20.975737
4246	4205	1.498296
4246	4206	0.865170
4246	4245	0.676650
4246	4247	0.499433
4246	4248	0.308143
4247	3220	0.338325
4247	3527	4.999975
4247	4205	19.999600
4247	4206	3.574589
4247	4207	7.149152
4247	4246	0.499433
4247	4248	0.649927
4248	4200	4.498869
4248	4201	1.261623
4248	4202	1.340474
4248	4203	5.361874
4248	4204	1.429839
4248	4205	1.531970
4248	4246	0.308143
4248	4247	0.649927
4248	4249	0.264785
4249	4200	1.233891
4249	4201	4.999975
4249	4203	1.666664
4249	4204	9.999900
4249	4248	0.264785
4249	4250	0.324964
4250	4198	7.666608
4250	4199	1.261623
4250	4200	0.511237
4250	4249	0.324964
4250	4251	0.206227
4251	4198	1.261623
4251	4199	3.333322
4251	4250	0.206227
4251	4252	0.466252
4252	4196	22.493938
4252	4197	1.072379
4252	4198	0.389830
4252	4251	0.466252
4252	4253	0.250000
4253	4165	22.999471
4253	4166	2.555549
4253	4167	0.691858
4253	4195	22.999471
4253	4196	1.606743
4253	4197	1.949779
4253	4252	0.250000
4253	4254	0.562361
4254	4166	2.249439
4254	4167	2.330681
4254	4253	0.562361
4254	4255	0.211538
4254	4291	5.623579
4254	4292	20.975737
4255	4254	0.211538
4255	4256	0.241876
4255	4291	1.323201
4256	4255	0.241876
4256	4257	0.270588
4256	4290	1.072379
4256	4291	0.999999
4257	4256	0.270588
4257	4258	0.273809
4257	4289	1.340474
4257	4290	0.824907
4258	4257	0.273809
4258	4259	0.234317
4258	4288	1.340474
4258	4289	0.824907
4259	4258	0.234317
4259	4260	0.276002
4259	4287	1.606743
4259	4288	0.998865
4260	4259	0.276002
4260	4261	0.655505
4260	4284	0.893650
4260	4285	1.398410
4260	4287	1.340474
4261	4044	11.247095
4261	4045	2.811798
4261	4061	0.998865
4261	4062	21.999516
4261	4260	0.655505
4261	4262	0.215686
4261	4263	20.975737
4261	4283	22.493938
4261	4284	1.323201
4261	4285	0.297297
4262	4045	1.405901
4262	4046	3.213482
4262	4060	1.906922
4262	4061	1.613549
4262	4261	0.215686
4262	4263	0.255807
4262	4284	1.071163
4263	4046	1.949779
4263	4047	2.144756
4263	4261	20.975737
4263	4262	0.255807
4263	4264	0.425532
4263	4283	1.072379
4263	4284	1.531970
4264	4047	2.680944
4264	4263	0.425532
4264	4265	0.357460
4264	4276	1.428569
4264	4282	1.429839
4264	4283	0.691858
4265	4264	0.357460
4265	4266	0.310835
4265	4276	0.649927
4265	4281	1.261623
4265	4282	0.389830
4266	4265	0.310835
4266	4267	0.232558
4266	4276	1.999996
4266	4277	19.999600
4266	4280	1.261623
4266	4281	1.052630
4267	4266	0.232558
4267	4268	0.363519
4267	4276	6.666622
4267	4277	1.538459
4267	4279	4.195218
4267	4280	1.531970
4268	4267	0.363519
4268	4269	0.468634
4268	4275	0.420541
4268	4276	1.340474
4268	4277	0.536190
4268	4278	1.323201
4268	4279	11.247095
4269	4268	0.468634
4269	4270	0.201835
4269	4274	10.999879
4269	4275	1.233891
4269	4277	20.975737
4269	4278	0.366667
4270	4269	0.201835
4270	4271	0.198198
4270	4272	22.493938
4270	4274	1.571426
4270	4275	5.244017
4271	2595	0.676650
4271	2675	20.975737
4271	4270	0.198198
4271	4272	0.899777
4271	4273	2.097613
4271	4274	1.999996
4272	2610	22.493938
4272	2611	1.429839
4272	2612	0.387835
4272	2613	11.499868
4272	2675	21.447151
4272	4270	22.493938
4272	4271	0.899777
4272	4273	0.595767
4273	2612	4.195218
4273	2613	2.383062
4273	4271	2.097613
4273	4272	0.595767
4273	4274	0.268925
4274	4269	10.999879
4274	4270	1.571426
4274	4271	1.999996
4274	4273	0.268925
4274	4275	0.249716
4275	4268	0.420541
4275	4269	1.233891
4275	4270	5.244017
4275	4274	0.249716
4275	4276	0.571428
4275	4277	1.818179
4276	4264	1.428569
4276	4265	0.649927
4276	4266	1.999996
4276	4267	6.666622
4276	4268	1.340474
4276	4275	0.571428
4276	4277	0.625000
4276	4280	21.447151
4277	4266	19.999600
4277	4267	1.538459
4277	4268	0.536190
4277	4269	20.975737
4277	4275	1.818179
4277	4276	0.625000
4277	4278	0.313077
4277	4279	1.398410
4277	4280	1.128820
4278	4268	1.323201
4278	4269	0.366667
4278	4277	0.313077
4278	4279	0.666666
4279	4267	4.195218
4279	4268	11.247095
4279	4277	1.398410
4279	4278	0.666666
4279	4280	0.252746
4280	4266	1.261623
4280	4267	1.531970
4280	4276	21.447151
4280	4277	1.128820
4280	4279	0.252746
4280	4281	0.289832
4281	4265	1.261623
4281	4266	1.052630
4281	4280	0.289832
4281	4282	0.456332
4282	4264	1.429839
4282	4265	0.389830
4282	4281	0.456332
4282	4283	0.270588
4283	4261	22.493938
4283	4263	1.072379
4283	4264	0.691858
4283	4282	0.270588
4283	4284	0.234694
4284	4045	22.999471
4284	4260	0.893650
4284	4261	1.323201
4284	4262	1.071163
4284	4263	1.531970
4284	4283	0.234694
4284	4285	1.022474
4285	4044	0.899777
4285	4045	1.606743
4285	4061	10.487978
4285	4062	1.692305
4285	4260	1.398410
4285	4261	0.297297
4285	4284	1.022474
4285	4286	0.733333
4285	4287	0.288390
4286	4043	1.233891
4286	4044	0.394639
4286	4062	1.374998
4286	4064	0.424423
4286	4166	7.498092
4286	4167	10.487978
4286	4168	20.975737
4286	4285	0.733333
4286	4287	0.548645
4287	4062	7.498092
4287	4063	22.493938
4287	4064	2.299995
4287	4166	7.666608
4287	4259	1.606743
4287	4260	1.340474
4287	4285	0.288390
4287	4286	0.548645
4287	4288	0.261556
4288	4064	5.361874
4288	4166	5.361874
4288	4258	1.340474
4288	4259	0.998865
4288	4287	0.261556
4288	4289	0.312500
4289	4257	1.340474
4289	4258	0.824907
4289	4288	0.312500
4289	4290	0.281690
4290	4256	1.072379
4290	4257	0.824907
4290	4289	0.281690
4290	4291	0.240984
4291	4165	4.599979
4291	4254	5.623579
4291	4255	1.323201
4291	4256	0.999999
4291	4290	0.240984
4291	4292	0.476613
4292	4163	21.447151
4292	4164	1.340474
4292	4165	21.447151
4292	4254	20.975737
4292	4291	0.476613
4292	4293	0.322581
4293	4163	1.261623
4293	4164	0.932504
4293	4292	0.322581
4293	4294	0.363636
4294	4162	1.261623
4294	4163	0.612788
4294	4293	0.363636
4294	4295	0.384615
4295	4161	1.340474
4295	4162	0.564410
4295	4294	0.384615
4295	4296	0.230507
4296	4159	0.335738
4296	4160	1.692305
4296	4161	1.249690
4296	4295	0.230507
4296	4297	1.047618
4296	4299	21.999516
4297	4158	1.311009
4297	4159	1.071163
4297	4296	1.047618
4297	4298	1.022474
4297	4299	0.241758
4297	4302	2.199995
4297	4303	0.416564
4298	2089	5.361874
4298	3573	22.493938
4298	3574	0.389956
4298	4146	3.833319
4298	4147	1.072379
4298	4148	0.418182
4298	4297	1.022474
4298	4299	0.899777
4298	4300	1.787298
4298	4302	4.498869
4299	4158	10.487978
4299	4159	1.499627
4299	4160	0.301370
4299	4296	21.999516
4299	4297	0.241758
4299	4298	0.899777
4299	4300	0.874007
4299	4301	2.499376
4299	4302	21.999516
4300	2088	6.992010
4300	2089	0.294118
4300	3574	1.999996
4300	4298	1.787298
4300	4299	0.874007
4300	4301	0.564410
4300	4302	0.368003
4301	4299	2.499376
4301	4300	0.564410
4301	4302	0.978018
4302	4148	1.730339
4302	4149	0.456004
4302	4297	2.199995
4302	4298	4.498869
4302	4299	21.999516
4302	4300	0.368003
4302	4301	0.978018
4302	4303	0.642698
4303	4149	5.361874
4303	4150	22.493938
4303	4157	1.429839
4303	4158	0.564410
4303	4297	0.416564
4303	4302	0.642698
4303	4304	0.273809
4304	4155	7.666608
4304	4156	1.128820
4304	4157	0.670237
4304	4303	0.273809
4304	4305	0.230619
4305	4155	1.261623
4305	4156	3.999984
4305	4304	0.230619
4305	4306	0.363636
4306	4153	20.975737
4306	4154	1.261623
4306	4155	0.794355
4306	4305	0.363636
4306	4307	0.250000
4307	4153	1.311009
4307	4154	0.932504
4307	4306	0.250000
4307	4308	0.363636
4308	4151	21.447151
4308	4152	1.340474
4308	4153	0.998865
4308	4307	0.363636
4308	4309	0.350877
4308	4328	1.906922
4309	4151	1.072379
4309	4152	0.974890
4309	4308	0.350877
4309	4310	0.259740
4309	4327	1.048808
4309	4328	1.048808
4309	4409	4.195218
4310	4151	5.361874
4310	4309	0.259740
4310	4311	0.582671
4310	4409	1.748012
4310	4411	1.261623
4311	4310	0.582671
4311	4312	0.388448
4311	4410	0.803372
4311	4411	3.749060
4312	4311	0.388448
4312	4313	0.404672
4312	4314	1.649813
4312	4322	19.999600
4312	4410	1.128820
4313	4312	0.404672
4313	4314	0.333333
4313	4323	1.340474
4313	4324	0.534883
4313	4325	0.999999
4314	4312	1.649813
4314	4313	0.333333
4314	4315	0.306394
4314	4322	1.191533
4314	4323	0.487445
4315	4314	0.306394
4315	4316	0.476613
4315	4321	1.340474
4315	4322	1.333332
4316	4315	0.476613
4316	4317	0.691858
4316	4318	0.932504
4316	4319	3.213482
4316	4320	1.606743
4316	4321	0.575000
4317	4316	0.691858
4317	4318	0.322581
4317	4319	4.195218
4318	4316	0.932504
4318	4317	0.322581
4318	4319	0.308473
4318	4320	6.992010
4319	4316	3.213482
4319	4317	4.195218
4319	4318	0.308473
4319	4320	0.289474
4320	4316	1.606743
4320	4318	6.992010
4320	4319	0.289474
4320	4321	0.368761
4320	4412	2.996588
4320	4413	20.975737
4321	4315	1.340474
4321	4316	0.575000
4321	4320	0.368761
4321	4322	0.243723
4322	4312	19.999600
4322	4314	1.191533
4322	4315	1.333332
4322	4321	0.243723
4322	4323	0.377358
4323	4313	1.340474
4323	4314	0.487445
4323	4322	0.377358
4323	4324	0.302079
4324	4313	0.534883
4324	4323	0.302079
4324	4325	0.264368
4325	4313	0.999999
4325	4324	0.264368
4325	4326	0.404672
4325	4407	10.723690
4325	4410	0.958332
4326	4325	0.404672
4326	4327	0.456004
4326	4408	0.932504
4326	4409	0.912007
4326	4410	1.072379
4327	4151	11.247095
4327	4152	2.811798
4327	4309	1.048808
4327	4326	0.456004
4327	4328	0.224490
4327	4408	1.124721
4327	4409	0.293333
4328	4152	1.183917
4328	4153	1.999996
4328	4308	1.906922
4328	4309	1.048808
4328	4327	0.224490
4328	4329	0.351476
4328	4408	1.730339
4329	4153	1.730339
4329	4154	2.555549
4329	4328	0.351476
4329	4330	0.264368
4329	4407	1.429839
4329	4408	0.884615
4330	4154	3.285703
4330	4329	0.264368
4330	4331	0.229535
4330	4406	1.261623
4330	4407	0.691858
4331	4330	0.229535
4331	4332	0.225550
4331	4404	22.493938
4331	4405	1.498296
4331	4406	0.874007
4332	4331	0.225550
4332	4333	0.285714
4332	4404	1.340474
4332	4405	4.999975
4333	4332	0.285714
4333	4334	0.273973
4333	4348	21.447151
4333	4349	1.191533
4334	4333	0.273973
4334	4335	0.412454
4334	4348	1.128820
4334	4349	0.974890
4334	4401	1.613549
4335	4334	0.412454
4335	4336	0.258427
4335	4347	1.021314
4335	4348	0.425926
4335	4354	1.261623
4335	4355	3.285703
4335	4400	11.247095
4335	4401	2.499376
4336	4335	0.258427
4336	4337	0.270588
4336	4346	1.261623
4336	4347	0.714920
4336	4354	2.383062
4336	4355	0.676470
4337	4336	0.270588
4337	4338	1.022474
4337	4339	0.261563
4337	4344	11.247095
4337	4345	1.340474
4337	4346	0.932504
4337	4355	3.833319
4338	4243	1.730339
4338	4244	4.195218
4338	4337	1.022474
4338	4339	0.814814
4338	4340	22.493938
4338	4393	20.975737
4339	4337	0.261563
4339	4338	0.814814
4339	4340	0.239303
4339	4344	2.199995
4339	4345	3.496017
4340	3208	11.247095
4340	3209	1.769228
4340	3210	22.493938
4340	4338	22.493938
4340	4339	0.239303
4340	4341	0.978018
4340	4342	1.340474
4340	4343	2.383062
4340	4344	2.499376
4341	3208	21.999516
4341	3210	0.785714
4341	3537	0.912007
4341	3538	20.975737
4341	3578	1.498296
4341	3579	0.624845
4341	4340	0.978018
4341	4342	0.216249
4342	3208	20.975737
4342	3537	19.999600
4342	3538	1.538459
4342	3578	19.999600
4342	4143	2.857135
4342	4340	1.340474
4342	4341	0.216249
4342	4343	0.235294
4343	4143	4.999975
4343	4144	1.787298
4343	4145	7.149152
4343	4340	2.383062
4343	4342	0.235294
4343	4344	0.255807
4344	4144	0.899777
4344	4145	3.749060
4344	4337	11.247095
4344	4339	2.199995
4344	4340	2.499376
4344	4343	0.255807
4344	4345	0.223151
4345	4337	1.340474
4345	4339	3.496017
4345	4344	0.223151
4345	4346	0.298507
4346	4336	1.261623
4346	4337	0.932504
4346	4345	0.298507
4346	4347	0.444444
4347	4335	1.021314
4347	4336	0.714920
4347	4346	0.444444
4347	4348	0.293803
4347	4354	19.999600
4348	4333	21.447151
4348	4334	1.128820
4348	4335	0.425926
4348	4347	0.293803
4348	4349	0.244681
4348	4352	11.499868
4348	4354	3.063935
4348	4401	1.606743
4349	4333	1.191533
4349	4334	0.974890
4349	4348	0.244681
4349	4350	0.765986
4349	4352	2.090905
4349	4401	0.562361
4349	4402	1.787298
4350	4349	0.765986
4350	4351	0.739572
4350	4352	0.335119
4350	4401	1.906922
4350	4402	2.499994
4350	4403	19.999600
4351	4350	0.739572
4351	4352	0.919999
4352	4348	11.499868
4352	4349	2.090905
4352	4350	0.335119
4352	4351	0.919999
4352	4353	0.749814
4352	4354	5.361874
4352	4397	0.382993
4352	4400	3.749060
4352	4401	1.249690
4353	4352	0.749814
4353	4354	0.806775
4353	4355	7.498092
4353	4356	22.493938
4353	4396	0.537850
4353	4397	0.276002
4353	4398	5.244017
4353	4399	10.487978
4354	4335	1.261623
4354	4336	2.383062
4354	4347	19.999600
4354	4348	3.063935
4354	4352	5.361874
4354	4353	0.806775
4354	4355	0.320113
4354	4397	6.666622
4354	4400	1.311009
4354	4401	0.456004
4355	4335	3.285703
4355	4336	0.676470
4355	4337	3.833319
4355	4353	7.498092
4355	4354	0.320113
4355	4356	0.280488
4355	4399	1.261623
4355	4400	0.548645
4356	4353	22.493938
4356	4355	0.280488
4356	4357	0.225490
4356	4398	1.261623
4356	4399	0.476613
4357	4356	0.225490
4357	4358	0.198589
4357	4395	4.599979
4357	4396	1.649813
4357	4398	0.765986
4358	4357	0.198589
4358	4359	0.322581
4358	4394	21.447151
4358	4395	1.072379
4358	4396	9.999900
4359	4358	0.322581
4359	4360	0.324964
4359	4394	1.191533
4359	4395	0.739572
4360	4359	0.324964
4360	4361	0.244681
4360	4393	1.191533
4360	4394	0.343283
4361	4360	0.244681
4361	4362	0.261364
4361	4392	1.261623
4361	4393	0.630812
4362	4241	10.723690
4362	4361	0.261364
4362	4363	0.209091
4362	4392	0.932504
4363	4241	3.063935
4363	4362	0.209091
4363	4364	0.270588
4363	4389	1.649813
4364	4212	5.361874
4364	4213	3.574589
4364	4239	11.499868
4364	4240	1.916663
4364	4241	21.447151
4364	4363	0.270588
4364	4365	0.230619
4364	4387	4.599979
4364	4388	1.261623
4364	4389	1.429839
4365	4213	0.869564
4365	4214	6.992010
4365	4238	4.289504
4365	4239	1.949779
4365	4240	3.574589
4365	4364	0.230619
4365	4366	0.302079
4365	4386	6.992010
4365	4387	1.649813
4365	4388	19.999600
4366	4214	5.623579
4366	4238	4.599979
4366	4365	0.302079
4366	4367	0.974890
4366	4385	0.270588
4366	4386	2.044945
4367	4366	0.974890
4367	4368	0.998865
4367	4384	1.176469
4367	4385	0.523112
4367	4386	0.699205
4368	4367	0.998865
4368	4369	0.207547
4368	4383	10.487978
4368	4384	2.097613
4368	4386	1.047618
4368	4387	0.548645
4369	4227	7.498092
4369	4368	0.207547
4369	4370	0.202653
4369	4383	6.992010
4369	4384	3.496017
4370	3014	1.916663
4370	4226	4.498869
4370	4227	3.285703
4370	4369	0.202653
4370	4371	0.206227
4370	4382	11.499868
4370	4383	1.531970
4370	4384	7.149152
4371	3014	2.383062
4371	3015	21.447151
4371	4370	0.206227
4371	4372	0.335119
4371	4382	1.261623
4372	4371	0.335119
4372	4373	0.233126
4372	4381	1.191533
4372	4382	0.396552
4373	4372	0.233126
4373	4374	0.357143
4373	4380	1.191533
4373	4381	1.428569
4374	4373	0.357143
4374	4375	0.335119
4374	4379	1.072379
4374	4380	0.595767
4375	4374	0.335119
4375	4376	0.765986
4375	4377	0.403509
4375	4378	2.044945
4375	4379	0.460000
4376	3266	1.052630
4376	4375	0.765986
4376	4377	0.297883
4377	3265	1.072379
4377	3266	1.531970
4377	3290	11.499868
4377	4375	0.403509
4377	4376	0.297883
4377	4378	0.292136
4378	3264	4.195218
4378	3265	0.699205
4378	3290	1.323201
4378	3291	1.613549
4378	4375	2.044945
4378	4377	0.292136
4378	4379	0.459070
4379	3291	1.949779
4379	3292	3.063935
4379	4374	1.072379
4379	4375	0.460000
4379	4378	0.459070
4379	4380	0.225490
4380	3292	2.383062
4380	4373	1.191533
4380	4374	0.595767
4380	4379	0.225490
4380	4381	0.261556
4381	1444	5.361874
4381	4372	1.191533
4381	4373	1.428569
4381	4380	0.261556
4381	4382	0.389956
4382	1444	4.599979
4382	4370	11.499868
4382	4371	1.261623
4382	4372	0.396552
4382	4381	0.389956
4382	4383	0.214476
4383	4368	10.487978
4383	4369	6.992010
4383	4370	1.531970
4383	4382	0.214476
4383	4384	0.303030
4383	4385	7.149152
4384	4367	1.176469
4384	4368	2.097613
4384	4369	3.496017
4384	4370	7.149152
4384	4383	0.303030
4384	4385	0.824907
4384	4386	0.699205
4385	4366	0.270588
4385	4367	0.523112
4385	4383	7.149152
4385	4384	0.824907
4385	4386	0.865170
4386	4365	6.992010
4386	4366	2.044945
4386	4367	0.699205
4386	4368	1.047618
4386	4384	0.699205
4386	4385	0.865170
4386	4387	0.216293
4387	4213	4.289504
4387	4214	7.498092
4387	4364	4.599979
4387	4365	1.649813
4387	4368	0.548645
4387	4386	0.216293
4387	4388	0.202336
4388	4213	2.222217
4388	4364	1.261623
4388	4365	19.999600
4388	4387	0.202336
4388	4389	0.222222
4389	4212	1.999996
4389	4213	2.857135
4389	4363	1.649813
4389	4364	1.429839
4389	4388	0.222222
4389	4390	0.794355
4390	4210	2.680944
4390	4211	3.063935
4390	4212	0.446825
4390	4240	4.599979
4390	4241	0.893650
4390	4389	0.794355
4390	4391	0.288390
4391	4209	6.992010
4391	4210	20.975737
4391	4241	1.165342
4391	4242	0.523809
4391	4390	0.288390
4391	4392	0.524404
4392	4242	2.622015
4392	4361	1.261623
4392	4362	0.932504
4392	4391	0.524404
4392	4393	0.400000
4393	4338	20.975737
4393	4360	1.191533
4393	4361	0.630812
4393	4392	0.400000
4393	4394	0.310835
4394	4358	21.447151
4394	4359	1.191533
4394	4360	0.343283
4394	4393	0.310835
4394	4395	0.287500
4395	4357	4.599979
4395	4358	1.072379
4395	4359	0.739572
4395	4394	0.287500
4395	4396	0.230619
4396	4353	0.537850
4396	4357	1.649813
4396	4358	9.999900
4396	4395	0.230619
4396	4397	1.111110
4396	4398	4.999975
4397	4352	0.382993
4397	4353	0.276002
4397	4354	6.666622
4397	4396	1.111110
4397	4398	0.645161
4397	4399	3.999984
4397	4400	4.195218
4397	4401	20.975737
4398	4353	5.244017
4398	4356	1.261623
4398	4357	0.765986
4398	4396	4.999975
4398	4397	0.645161
4398	4399	0.338983
4399	4353	10.487978
4399	4355	1.261623
4399	4356	0.476613
4399	4397	3.999984
4399	4398	0.338983
4399	4400	0.262202
4400	4335	11.247095
4400	4352	3.749060
4400	4354	1.311009
4400	4355	0.548645
4400	4397	4.195218
4400	4399	0.262202
4400	4401	0.415094
4401	4334	1.613549
4401	4335	2.499376
4401	4348	1.606743
4401	4349	0.562361
4401	4350	1.906922
4401	4352	1.249690
4401	4354	0.456004
4401	4397	20.975737
4401	4400	0.415094
4401	4402	0.776895
4402	4349	1.787298
4402	4350	2.499994
4402	4401	0.776895
4402	4403	0.246914
4403	4350	19.999600
4403	4402	0.246914
4403	4404	0.315406
4404	4331	22.493938
4404	4332	1.340474
4404	4403	0.315406
4404	4405	0.228166
4405	4331	1.498296
4405	4332	4.999975
4405	4404	0.228166
4405	4406	0.303030
4406	4330	1.261623
4406	4331	0.874007
4406	4405	0.303030
4406	4407	0.285714
4407	4325	10.723690
4407	4329	1.429839
4407	4330	0.691858
4407	4406	0.285714
4407	4408	0.230619
4408	4152	11.499868
4408	4326	0.932504
4408	4327	1.124721
4408	4328	1.730339
4408	4329	0.884615
4408	4407	0.230619
4408	4409	0.937268
4409	4151	1.499627
4409	4152	1.730339
4409	4309	4.195218
4409	4310	1.748012
4409	4326	0.912007
4409	4327	0.293333
4409	4408	0.937268
4409	4410	0.292136
4409	4411	5.623579
4410	4311	0.803372
4410	4312	1.128820
4410	4325	0.958332
4410	4326	1.072379
4410	4409	0.292136
4410	4411	0.489361
4411	4151	0.389830
4411	4310	1.261623
4411	4311	3.749060
4411	4409	5.623579
4411	4410	0.489361
4411	4412	1.021314
4412	4150	1.398410
4412	4320	2.996588
4412	4411	1.021314
4412	4413	0.246914
4413	4320	20.975737
4413	4412	0.246914
4413	4414	0.408163
4414	4413	0.408163
4415	4416	0.212212
4416	2519	1.906922
4416	4415	0.212212
4417	2425	2.874992
4417	2426	0.865170
4417	2427	2.874992
4417	2477	1.649813
4417	2478	7.666608
4418	4427	2.924980
4420	3339	10.723690
4420	3358	2.499994
4420	3359	1.165342
4420	4421	0.463512
4420	4422	1.666664
4421	3357	1.325496
4421	3358	0.390326
4421	3359	3.111260
4421	4420	0.463512
4421	4422	0.412011
4421	4423	3.708085
4422	3358	1.999996
4422	3359	1.498296
4422	3360	3.333322
4422	3361	10.487978
4422	4420	1.666664
4422	4421	0.412011
4422	4423	0.277778
4422	4424	1.118033
4423	3360	0.526316
4423	4421	3.708085
4423	4422	0.277778
4423	4424	0.372678
4424	3360	0.993807
4424	4422	1.118033
4424	4423	0.372678
4425	722	4.690394
4425	723	3.596861
4425	4426	0.428571
4426	4425	0.428571
4426	4427	0.368514
4426	4428	2.999991
4427	4418	2.924980
4427	4426	0.368514
4427	4428	0.552770
4428	4426	2.999991
4428	4427	0.552770
4428	4429	0.315789
4429	4428	0.315789
4430	3339	13.564476
